order_id,injected_anomaly_type
ORD_1001,NONE
ORD_1002,NONE
ORD_1003,NONE
ORD_1004,TIMING_MISMATCH
ORD_1005,PARTIAL_REFUND
ORD_1006,NONE
ORD_1007,NONE
ORD_1008,NONE
ORD_1009,NONE
ORD_1010,NONE
ORD_1011,NONE
ORD_1012,NONE
ORD_1013,NONE
ORD_1014,SPLIT_SETTLEMENT
ORD_1015,NONE
ORD_1016,NONE
ORD_1017,NONE
ORD_1018,DUPLICATE_PAYMENT
ORD_1019,NONE
ORD_1020,NONE
ORD_1021,NONE
ORD_1022,NONE
ORD_1023,NONE
ORD_1024,NONE
ORD_1025,NONE
ORD_1026,NONE
ORD_1027,MISSING_RECORD
ORD_1028,NONE
ORD_1029,NONE
ORD_1030,FEE_DISCREPANCY
ORD_1031,NONE
ORD_1032,NONE
ORD_1033,NONE
ORD_1034,NONE
ORD_1035,NONE
ORD_1036,NONE
ORD_1037,NONE
ORD_1038,NONE
ORD_1039,NONE
ORD_1040,NONE
ORD_1041,NONE
ORD_1042,NONE
ORD_1043,NONE
ORD_1044,NONE
ORD_1045,NONE
ORD_1046,NONE
ORD_1047,NONE
ORD_1048,NONE
ORD_1049,NONE
ORD_1050,NONE
ORD_1051,NONE
ORD_1052,NONE
ORD_1053,NONE
ORD_1054,TIMING_MISMATCH
ORD_1055,NONE
ORD_1056,NONE
ORD_1057,NONE
ORD_1058,NONE
ORD_1059,PARTIAL_REFUND
ORD_1060,NONE
ORD_1061,NONE
ORD_1062,NONE
ORD_1063,NONE
ORD_1064,NONE
ORD_1065,SPLIT_SETTLEMENT
ORD_1066,NONE
ORD_1067,NONE
ORD_1068,NONE
ORD_1069,NONE
ORD_1070,NONE
ORD_1071,NONE
ORD_1072,NONE
ORD_1073,NONE
ORD_1074,NONE
ORD_1075,NONE
ORD_1076,NONE
ORD_1077,DUPLICATE_PAYMENT
ORD_1078,NONE
ORD_1079,NONE
ORD_1080,MISSING_RECORD
ORD_1081,NONE
ORD_1082,NONE
ORD_1083,NONE
ORD_1084,NONE
ORD_1085,NONE
ORD_1086,NONE
ORD_1087,NONE
ORD_1088,NONE
ORD_1089,NONE
ORD_1090,NONE
ORD_1091,NONE
ORD_1092,NONE
ORD_1093,NONE
ORD_1094,NONE
ORD_1095,FEE_DISCREPANCY
ORD_1096,NONE
ORD_1097,NONE
ORD_1098,NONE
ORD_1099,NONE
ORD_1100,NONE
ORD_1101,NONE
ORD_1102,NONE
ORD_1103,NONE
ORD_1104,NONE
ORD_1105,NONE
ORD_1106,NONE
ORD_1107,NONE
ORD_1108,NONE
ORD_1109,NONE
ORD_1110,NONE
ORD_1111,NONE
ORD_1112,NONE
ORD_1113,NONE
ORD_1114,NONE
ORD_1115,NONE
ORD_1116,NONE
ORD_1117,NONE
ORD_1118,NONE
ORD_1119,NONE
ORD_1120,NONE
ORD_1121,TIMING_MISMATCH
ORD_1122,NONE
ORD_1123,NONE
ORD_1124,NONE
ORD_1125,NONE
ORD_1126,NONE
ORD_1127,NONE
ORD_1128,NONE
ORD_1129,NONE
ORD_1130,NONE
ORD_1131,NONE
ORD_1132,NONE
ORD_1133,NONE
ORD_1134,NONE
ORD_1135,NONE
ORD_1136,NONE
ORD_1137,NONE
ORD_1138,NONE
ORD_1139,NONE
ORD_1140,NONE
ORD_1141,NONE
ORD_1142,NONE
ORD_1143,NONE
ORD_1144,NONE
ORD_1145,NONE
ORD_1146,NONE
ORD_1147,NONE
ORD_1148,NONE
ORD_1149,NONE
ORD_1150,NONE
ORD_1151,NONE
ORD_1152,NONE
ORD_1153,NONE
ORD_1154,NONE
ORD_1155,NONE
ORD_1156,NONE
ORD_1157,NONE
ORD_1158,NONE
ORD_1159,NONE
ORD_1160,PARTIAL_REFUND
ORD_1161,NONE
ORD_1162,NONE
ORD_1163,NONE
ORD_1164,NONE
ORD_1165,NONE
ORD_1166,NONE
ORD_1167,NONE
ORD_1168,NONE
ORD_1169,NONE
ORD_1170,NONE
ORD_1171,NONE
ORD_1172,NONE
ORD_1173,SPLIT_SETTLEMENT
ORD_1174,NONE
ORD_1175,NONE
ORD_1176,NONE
ORD_1177,NONE
ORD_1178,NONE
ORD_1179,NONE
ORD_1180,NONE
ORD_1181,NONE
ORD_1182,NONE
ORD_1183,NONE
ORD_1184,NONE
ORD_1185,NONE
ORD_1186,NONE
ORD_1187,NONE
ORD_1188,NONE
ORD_1189,NONE
ORD_1190,NONE
ORD_1191,NONE
ORD_1192,NONE
ORD_1193,NONE
ORD_1194,DUPLICATE_PAYMENT
ORD_1195,NONE
ORD_1196,NONE
ORD_1197,NONE
ORD_1198,NONE
ORD_1199,NONE
ORD_1200,NONE
ORD_1201,MISSING_RECORD
ORD_1202,NONE
ORD_1203,NONE
ORD_1204,FEE_DISCREPANCY
ORD_1205,TIMING_MISMATCH
ORD_1206,NONE
ORD_1207,NONE
ORD_1208,NONE
ORD_1209,NONE
ORD_1210,NONE
ORD_1211,NONE
ORD_1212,NONE
ORD_1213,NONE
ORD_1214,NONE
ORD_1215,NONE
ORD_1216,NONE
ORD_1217,NONE
ORD_1218,PARTIAL_REFUND
ORD_1219,NONE
ORD_1220,NONE
ORD_1221,NONE
ORD_1222,NONE
ORD_1223,NONE
ORD_1224,NONE
ORD_1225,NONE
ORD_1226,NONE
ORD_1227,SPLIT_SETTLEMENT
ORD_1228,NONE
ORD_1229,NONE
ORD_1230,NONE
ORD_1231,NONE
ORD_1232,NONE
ORD_1233,NONE
ORD_1234,NONE
ORD_1235,NONE
ORD_1236,NONE
ORD_1237,NONE
ORD_1238,NONE
ORD_1239,NONE
ORD_1240,NONE
ORD_1241,NONE
ORD_1242,NONE
ORD_1243,NONE
ORD_1244,NONE
ORD_1245,DUPLICATE_PAYMENT
ORD_1246,NONE
ORD_1247,NONE
ORD_1248,NONE
ORD_1249,NONE
ORD_1250,NONE
ORD_1251,NONE
ORD_1252,NONE
ORD_1253,NONE
ORD_1254,NONE
ORD_1255,NONE
ORD_1256,NONE
ORD_1257,NONE
ORD_1258,MISSING_RECORD
ORD_1259,NONE
ORD_1260,NONE
ORD_1261,FEE_DISCREPANCY
ORD_1262,NONE
ORD_1263,TIMING_MISMATCH
ORD_1264,NONE
ORD_1265,NONE
ORD_1266,NONE
ORD_1267,NONE
ORD_1268,NONE
ORD_1269,NONE
ORD_1270,NONE
ORD_1271,NONE
ORD_1272,NONE
ORD_1273,NONE
ORD_1274,NONE
ORD_1275,NONE
ORD_1276,NONE
ORD_1277,NONE
ORD_1278,NONE
ORD_1279,NONE
ORD_1280,NONE
ORD_1281,NONE
ORD_1282,NONE
ORD_1283,NONE
ORD_1284,NONE
ORD_1285,NONE
ORD_1286,NONE
ORD_1287,NONE
ORD_1288,NONE
ORD_1289,NONE
ORD_1290,NONE
ORD_1291,NONE
ORD_1292,NONE
ORD_1293,NONE
ORD_1294,NONE
ORD_1295,NONE
ORD_1296,PARTIAL_REFUND
ORD_1297,NONE
ORD_1298,NONE
ORD_1299,NONE
ORD_1300,NONE
ORD_1301,NONE
ORD_1302,NONE
ORD_1303,NONE
ORD_1304,NONE
ORD_1305,NONE
ORD_1306,NONE
ORD_1307,NONE
ORD_1308,NONE
ORD_1309,NONE
ORD_1310,NONE
ORD_1311,NONE
ORD_1312,NONE
ORD_1313,NONE
ORD_1314,SPLIT_SETTLEMENT
ORD_1315,NONE
ORD_1316,NONE
ORD_1317,NONE
ORD_1318,DUPLICATE_PAYMENT
ORD_1319,NONE
ORD_1320,NONE
ORD_1321,NONE
ORD_1322,NONE
ORD_1323,NONE
ORD_1324,NONE
ORD_1325,NONE
ORD_1326,MISSING_RECORD
ORD_1327,FEE_DISCREPANCY
ORD_1328,NONE
ORD_1329,NONE
ORD_1330,NONE
ORD_1331,NONE
ORD_1332,NONE
ORD_1333,NONE
ORD_1334,NONE
ORD_1335,NONE
ORD_1336,NONE
ORD_1337,NONE
ORD_1338,NONE
ORD_1339,NONE
ORD_1340,NONE
ORD_1341,NONE
ORD_1342,NONE
ORD_1343,TIMING_MISMATCH
ORD_1344,NONE
ORD_1345,NONE
ORD_1346,NONE
ORD_1347,NONE
ORD_1348,NONE
ORD_1349,NONE
ORD_1350,NONE
ORD_1351,NONE
ORD_1352,NONE
ORD_1353,NONE
ORD_1354,NONE
ORD_1355,NONE
ORD_1356,PARTIAL_REFUND
ORD_1357,NONE
ORD_1358,NONE
ORD_1359,NONE
ORD_1360,NONE
ORD_1361,NONE
ORD_1362,SPLIT_SETTLEMENT
ORD_1363,NONE
ORD_1364,DUPLICATE_PAYMENT
ORD_1365,NONE
ORD_1366,NONE
ORD_1367,NONE
ORD_1368,NONE
ORD_1369,NONE
ORD_1370,NONE
ORD_1371,NONE
ORD_1372,NONE
ORD_1373,NONE
ORD_1374,NONE
ORD_1375,NONE
ORD_1376,MISSING_RECORD
ORD_1377,NONE
ORD_1378,NONE
ORD_1379,FEE_DISCREPANCY
ORD_1380,NONE
ORD_1381,NONE
ORD_1382,NONE
ORD_1383,NONE
ORD_1384,NONE
ORD_1385,NONE
ORD_1386,TIMING_MISMATCH
ORD_1387,NONE
ORD_1388,NONE
ORD_1389,NONE
ORD_1390,NONE
ORD_1391,NONE
ORD_1392,NONE
ORD_1393,NONE
ORD_1394,NONE
ORD_1395,NONE
ORD_1396,NONE
ORD_1397,NONE
ORD_1398,NONE
ORD_1399,NONE
ORD_1400,NONE
ORD_1401,NONE
ORD_1402,NONE
ORD_1403,NONE
ORD_1404,NONE
ORD_1405,NONE
ORD_1406,NONE
ORD_1407,NONE
ORD_1408,NONE
ORD_1409,NONE
ORD_1410,NONE
ORD_1411,PARTIAL_REFUND
ORD_1412,NONE
ORD_1413,NONE
ORD_1414,NONE
ORD_1415,SPLIT_SETTLEMENT
ORD_1416,NONE
ORD_1417,DUPLICATE_PAYMENT
ORD_1418,NONE
ORD_1419,NONE
ORD_1420,NONE
ORD_1421,NONE
ORD_1422,NONE
ORD_1423,NONE
ORD_1424,NONE
ORD_1425,NONE
ORD_1426,NONE
ORD_1427,NONE
ORD_1428,NONE
ORD_1429,NONE
ORD_1430,NONE
ORD_1431,NONE
ORD_1432,NONE
ORD_1433,NONE
ORD_1434,NONE
ORD_1435,NONE
ORD_1436,NONE
ORD_1437,NONE
ORD_1438,NONE
ORD_1439,NONE
ORD_1440,NONE
ORD_1441,NONE
ORD_1442,NONE
ORD_1443,NONE
ORD_1444,MISSING_RECORD
ORD_1445,NONE
ORD_1446,NONE
ORD_1447,NONE
ORD_1448,NONE
ORD_1449,NONE
ORD_1450,NONE
ORD_1451,NONE
ORD_1452,NONE
ORD_1453,NONE
ORD_1454,NONE
ORD_1455,NONE
ORD_1456,NONE
ORD_1457,NONE
ORD_1458,NONE
ORD_1459,FEE_DISCREPANCY
ORD_1460,NONE
ORD_1461,NONE
ORD_1462,NONE
ORD_1463,NONE
ORD_1464,NONE
ORD_1465,NONE
ORD_1466,TIMING_MISMATCH
ORD_1467,NONE
ORD_1468,NONE
ORD_1469,PARTIAL_REFUND
ORD_1470,NONE
ORD_1471,NONE
ORD_1472,NONE
ORD_1473,NONE
ORD_1474,NONE
ORD_1475,SPLIT_SETTLEMENT
ORD_1476,NONE
ORD_1477,NONE
ORD_1478,NONE
ORD_1479,NONE
ORD_1480,DUPLICATE_PAYMENT
ORD_1481,MISSING_RECORD
ORD_1482,NONE
ORD_1483,FEE_DISCREPANCY
ORD_1484,NONE
ORD_1485,NONE
ORD_1486,NONE
ORD_1487,NONE
ORD_1488,NONE
ORD_1489,NONE
ORD_1490,NONE
ORD_1491,NONE
ORD_1492,NONE
ORD_1493,NONE
ORD_1494,NONE
ORD_1495,NONE
ORD_1496,NONE
ORD_1497,TIMING_MISMATCH
ORD_1498,NONE
ORD_1499,NONE
ORD_1500,PARTIAL_REFUND
ORD_1501,NONE
ORD_1502,NONE
ORD_1503,NONE
ORD_1504,NONE
ORD_1505,NONE
ORD_1506,NONE
ORD_1507,NONE
ORD_1508,NONE
ORD_1509,NONE
ORD_1510,NONE
ORD_1511,NONE
ORD_1512,NONE
ORD_1513,NONE
ORD_1514,NONE
ORD_1515,NONE
ORD_1516,NONE
ORD_1517,NONE
ORD_1518,NONE
ORD_1519,NONE
ORD_1520,NONE
ORD_1521,SPLIT_SETTLEMENT
ORD_1522,NONE
ORD_1523,NONE
ORD_1524,NONE
ORD_1525,DUPLICATE_PAYMENT
ORD_1526,NONE
ORD_1527,NONE
ORD_1528,NONE
ORD_1529,NONE
ORD_1530,NONE
ORD_1531,NONE
ORD_1532,NONE
ORD_1533,NONE
ORD_1534,NONE
ORD_1535,NONE
ORD_1536,NONE
ORD_1537,NONE
ORD_1538,NONE
ORD_1539,NONE
ORD_1540,NONE
ORD_1541,NONE
ORD_1542,NONE
ORD_1543,MISSING_RECORD
ORD_1544,NONE
ORD_1545,NONE
ORD_1546,NONE
ORD_1547,NONE
ORD_1548,NONE
ORD_1549,NONE
ORD_1550,NONE
ORD_1551,NONE
ORD_1552,NONE
ORD_1553,FEE_DISCREPANCY
ORD_1554,NONE
ORD_1555,NONE
ORD_1556,NONE
ORD_1557,TIMING_MISMATCH
ORD_1558,NONE
ORD_1559,NONE
ORD_1560,NONE
ORD_1561,NONE
ORD_1562,PARTIAL_REFUND
ORD_1563,NONE
ORD_1564,SPLIT_SETTLEMENT
ORD_1565,NONE
ORD_1566,NONE
ORD_1567,DUPLICATE_PAYMENT
ORD_1568,NONE
ORD_1569,MISSING_RECORD
ORD_1570,FEE_DISCREPANCY
ORD_1571,NONE
ORD_1572,NONE
ORD_1573,NONE
ORD_1574,TIMING_MISMATCH
ORD_1575,NONE
ORD_1576,NONE
ORD_1577,NONE
ORD_1578,NONE
ORD_1579,NONE
ORD_1580,NONE
ORD_1581,PARTIAL_REFUND
ORD_1582,SPLIT_SETTLEMENT
ORD_1583,NONE
ORD_1584,NONE
ORD_1585,DUPLICATE_PAYMENT
ORD_1586,NONE
ORD_1587,NONE
ORD_1588,NONE
ORD_1589,NONE
ORD_1590,NONE
ORD_1591,NONE
ORD_1592,NONE
ORD_1593,NONE
ORD_1594,NONE
ORD_1595,MISSING_RECORD
ORD_1596,NONE
ORD_1597,FEE_DISCREPANCY
ORD_1598,NONE
ORD_1599,NONE
ORD_1600,NONE
ORD_1601,TIMING_MISMATCH
ORD_1602,NONE
ORD_1603,NONE
ORD_1604,NONE
ORD_1605,NONE
ORD_1606,NONE
ORD_1607,NONE
ORD_1608,NONE
ORD_1609,NONE
ORD_1610,NONE
ORD_1611,NONE
ORD_1612,NONE
ORD_1613,NONE
ORD_1614,NONE
ORD_1615,NONE
ORD_1616,NONE
ORD_1617,PARTIAL_REFUND
ORD_1618,SPLIT_SETTLEMENT
ORD_1619,NONE
ORD_1620,NONE
ORD_1621,NONE
ORD_1622,NONE
ORD_1623,NONE
ORD_1624,NONE
ORD_1625,NONE
ORD_1626,NONE
ORD_1627,NONE
ORD_1628,NONE
ORD_1629,NONE
ORD_1630,NONE
ORD_1631,NONE
ORD_1632,NONE
ORD_1633,NONE
ORD_1634,NONE
ORD_1635,NONE
ORD_1636,NONE
ORD_1637,NONE
ORD_1638,NONE
ORD_1639,NONE
ORD_1640,NONE
ORD_1641,NONE
ORD_1642,NONE
ORD_1643,NONE
ORD_1644,NONE
ORD_1645,NONE
ORD_1646,DUPLICATE_PAYMENT
ORD_1647,NONE
ORD_1648,NONE
ORD_1649,NONE
ORD_1650,NONE
ORD_1651,NONE
ORD_1652,NONE
ORD_1653,NONE
ORD_1654,MISSING_RECORD
ORD_1655,NONE
ORD_1656,NONE
ORD_1657,FEE_DISCREPANCY
ORD_1658,NONE
ORD_1659,NONE
ORD_1660,NONE
ORD_1661,NONE
ORD_1662,NONE
ORD_1663,NONE
ORD_1664,NONE
ORD_1665,NONE
ORD_1666,NONE
ORD_1667,NONE
ORD_1668,NONE
ORD_1669,NONE
ORD_1670,NONE
ORD_1671,NONE
ORD_1672,TIMING_MISMATCH
ORD_1673,NONE
ORD_1674,NONE
ORD_1675,NONE
ORD_1676,NONE
ORD_1677,NONE
ORD_1678,NONE
ORD_1679,NONE
ORD_1680,NONE
ORD_1681,NONE
ORD_1682,NONE
ORD_1683,NONE
ORD_1684,NONE
ORD_1685,NONE
ORD_1686,NONE
ORD_1687,NONE
ORD_1688,NONE
ORD_1689,NONE
ORD_1690,NONE
ORD_1691,NONE
ORD_1692,NONE
ORD_1693,NONE
ORD_1694,NONE
ORD_1695,PARTIAL_REFUND
ORD_1696,NONE
ORD_1697,NONE
ORD_1698,NONE
ORD_1699,NONE
ORD_1700,NONE
ORD_1701,NONE
ORD_1702,SPLIT_SETTLEMENT
ORD_1703,NONE
ORD_1704,NONE
ORD_1705,NONE
ORD_1706,NONE
ORD_1707,NONE
ORD_1708,NONE
ORD_1709,NONE
ORD_1710,NONE
ORD_1711,NONE
ORD_1712,NONE
ORD_1713,DUPLICATE_PAYMENT
ORD_1714,NONE
ORD_1715,NONE
ORD_1716,NONE
ORD_1717,NONE
ORD_1718,NONE
ORD_1719,NONE
ORD_1720,NONE
ORD_1721,NONE
ORD_1722,NONE
ORD_1723,NONE
ORD_1724,NONE
ORD_1725,NONE
ORD_1726,NONE
ORD_1727,NONE
ORD_1728,NONE
ORD_1729,NONE
ORD_1730,NONE
ORD_1731,NONE
ORD_1732,NONE
ORD_1733,NONE
ORD_1734,NONE
ORD_1735,NONE
ORD_1736,NONE
ORD_1737,NONE
ORD_1738,NONE
ORD_1739,NONE
ORD_1740,NONE
ORD_1741,NONE
ORD_1742,NONE
ORD_1743,NONE
ORD_1744,NONE
ORD_1745,MISSING_RECORD
ORD_1746,NONE
ORD_1747,NONE
ORD_1748,NONE
ORD_1749,NONE
ORD_1750,NONE
ORD_1751,NONE
ORD_1752,NONE
ORD_1753,NONE
ORD_1754,NONE
ORD_1755,NONE
ORD_1756,NONE
ORD_1757,FEE_DISCREPANCY
ORD_1758,NONE
ORD_1759,NONE
ORD_1760,TIMING_MISMATCH
ORD_1761,NONE
ORD_1762,NONE
ORD_1763,NONE
ORD_1764,NONE
ORD_1765,PARTIAL_REFUND
ORD_1766,SPLIT_SETTLEMENT
ORD_1767,NONE
ORD_1768,DUPLICATE_PAYMENT
ORD_1769,NONE
ORD_1770,NONE
ORD_1771,NONE
ORD_1772,NONE
ORD_1773,MISSING_RECORD
ORD_1774,NONE
ORD_1775,NONE
ORD_1776,NONE
ORD_1777,NONE
ORD_1778,NONE
ORD_1779,NONE
ORD_1780,NONE
ORD_1781,NONE
ORD_1782,NONE
ORD_1783,NONE
ORD_1784,NONE
ORD_1785,NONE
ORD_1786,NONE
ORD_1787,NONE
ORD_1788,NONE
ORD_1789,NONE
ORD_1790,NONE
ORD_1791,NONE
ORD_1792,NONE
ORD_1793,FEE_DISCREPANCY
ORD_1794,NONE
ORD_1795,TIMING_MISMATCH
ORD_1796,NONE
ORD_1797,NONE
ORD_1798,NONE
ORD_1799,NONE
ORD_1800,NONE
ORD_1801,NONE
ORD_1802,NONE
ORD_1803,PARTIAL_REFUND
ORD_1804,NONE
ORD_1805,NONE
ORD_1806,NONE
ORD_1807,SPLIT_SETTLEMENT
ORD_1808,NONE
ORD_1809,NONE
ORD_1810,NONE
ORD_1811,NONE
ORD_1812,NONE
ORD_1813,NONE
ORD_1814,NONE
ORD_1815,NONE
ORD_1816,NONE
ORD_1817,NONE
ORD_1818,NONE
ORD_1819,NONE
ORD_1820,DUPLICATE_PAYMENT
ORD_1821,NONE
ORD_1822,NONE
ORD_1823,NONE
ORD_1824,NONE
ORD_1825,NONE
ORD_1826,NONE
ORD_1827,NONE
ORD_1828,MISSING_RECORD
ORD_1829,NONE
ORD_1830,NONE
ORD_1831,NONE
ORD_1832,NONE
ORD_1833,NONE
ORD_1834,NONE
ORD_1835,NONE
ORD_1836,NONE
ORD_1837,NONE
ORD_1838,FEE_DISCREPANCY
ORD_1839,NONE
ORD_1840,TIMING_MISMATCH
ORD_1841,NONE
ORD_1842,NONE
ORD_1843,PARTIAL_REFUND
ORD_1844,NONE
ORD_1845,NONE
ORD_1846,NONE
ORD_1847,NONE
ORD_1848,NONE
ORD_1849,SPLIT_SETTLEMENT
ORD_1850,NONE
ORD_1851,NONE
ORD_1852,NONE
ORD_1853,NONE
ORD_1854,NONE
ORD_1855,NONE
ORD_1856,NONE
ORD_1857,NONE
ORD_1858,NONE
ORD_1859,NONE
ORD_1860,NONE
ORD_1861,NONE
ORD_1862,NONE
ORD_1863,NONE
ORD_1864,NONE
ORD_1865,NONE
ORD_1866,NONE
ORD_1867,NONE
ORD_1868,NONE
ORD_1869,NONE
ORD_1870,NONE
ORD_1871,NONE
ORD_1872,DUPLICATE_PAYMENT
ORD_1873,NONE
ORD_1874,NONE
ORD_1875,NONE
ORD_1876,NONE
ORD_1877,MISSING_RECORD
ORD_1878,NONE
ORD_1879,NONE
ORD_1880,NONE
ORD_1881,NONE
ORD_1882,NONE
ORD_1883,NONE
ORD_1884,NONE
ORD_1885,NONE
ORD_1886,FEE_DISCREPANCY
ORD_1887,NONE
ORD_1888,NONE
ORD_1889,TIMING_MISMATCH
ORD_1890,NONE
ORD_1891,NONE
ORD_1892,NONE
ORD_1893,NONE
ORD_1894,NONE
ORD_1895,NONE
ORD_1896,PARTIAL_REFUND
ORD_1897,NONE
ORD_1898,NONE
ORD_1899,SPLIT_SETTLEMENT
ORD_1900,NONE
ORD_1901,NONE
ORD_1902,NONE
ORD_1903,NONE
ORD_1904,NONE
ORD_1905,NONE
ORD_1906,NONE
ORD_1907,NONE
ORD_1908,NONE
ORD_1909,NONE
ORD_1910,NONE
ORD_1911,NONE
ORD_1912,NONE
ORD_1913,DUPLICATE_PAYMENT
ORD_1914,MISSING_RECORD
ORD_1915,NONE
ORD_1916,NONE
ORD_1917,FEE_DISCREPANCY
ORD_1918,NONE
ORD_1919,NONE
ORD_1920,NONE
ORD_1921,NONE
ORD_1922,NONE
ORD_1923,NONE
ORD_1924,NONE
ORD_1925,NONE
ORD_1926,NONE
ORD_1927,NONE
ORD_1928,NONE
ORD_1929,NONE
ORD_1930,NONE
ORD_1931,NONE
ORD_1932,NONE
ORD_1933,NONE
ORD_1934,NONE
ORD_1935,NONE
ORD_1936,NONE
ORD_1937,NONE
ORD_1938,NONE
ORD_1939,TIMING_MISMATCH
ORD_1940,NONE
ORD_1941,NONE
ORD_1942,NONE
ORD_1943,NONE
ORD_1944,NONE
ORD_1945,PARTIAL_REFUND
ORD_1946,SPLIT_SETTLEMENT
ORD_1947,NONE
ORD_1948,DUPLICATE_PAYMENT
ORD_1949,NONE
ORD_1950,NONE
ORD_1951,NONE
ORD_1952,NONE
ORD_1953,NONE
ORD_1954,NONE
ORD_1955,NONE
ORD_1956,NONE
ORD_1957,NONE
ORD_1958,NONE
ORD_1959,NONE
ORD_1960,NONE
ORD_1961,NONE
ORD_1962,NONE
ORD_1963,NONE
ORD_1964,NONE
ORD_1965,NONE
ORD_1966,NONE
ORD_1967,NONE
ORD_1968,NONE
ORD_1969,NONE
ORD_1970,NONE
ORD_1971,NONE
ORD_1972,NONE
ORD_1973,NONE
ORD_1974,NONE
ORD_1975,NONE
ORD_1976,NONE
ORD_1977,NONE
ORD_1978,NONE
ORD_1979,NONE
ORD_1980,NONE
ORD_1981,NONE
ORD_1982,NONE
ORD_1983,MISSING_RECORD
ORD_1984,NONE
ORD_1985,NONE
ORD_1986,NONE
ORD_1987,NONE
ORD_1988,NONE
ORD_1989,NONE
ORD_1990,NONE
ORD_1991,NONE
ORD_1992,FEE_DISCREPANCY
ORD_1993,NONE
ORD_1994,NONE
ORD_1995,NONE
ORD_1996,NONE
ORD_1997,NONE
ORD_1998,NONE
ORD_1999,NONE
ORD_2000,NONE
ORD_2001,NONE
ORD_2002,NONE
ORD_2003,NONE
ORD_2004,NONE
ORD_2005,NONE
ORD_2006,NONE
ORD_2007,NONE
ORD_2008,NONE
ORD_2009,NONE
ORD_2010,NONE
ORD_2011,NONE
ORD_2012,NONE
ORD_2013,NONE
ORD_2014,NONE
ORD_2015,NONE
ORD_2016,NONE
ORD_2017,NONE
ORD_2018,NONE
ORD_2019,NONE
ORD_2020,NONE
ORD_2021,TIMING_MISMATCH
ORD_2022,NONE
ORD_2023,PARTIAL_REFUND
ORD_2024,NONE
ORD_2025,NONE
ORD_2026,NONE
ORD_2027,NONE
ORD_2028,NONE
ORD_2029,NONE
ORD_2030,NONE
ORD_2031,SPLIT_SETTLEMENT
ORD_2032,NONE
ORD_2033,NONE
ORD_2034,NONE
ORD_2035,NONE
ORD_2036,NONE
ORD_2037,NONE
ORD_2038,NONE
ORD_2039,NONE
ORD_2040,NONE
ORD_2041,NONE
ORD_2042,NONE
ORD_2043,DUPLICATE_PAYMENT
ORD_2044,NONE
ORD_2045,MISSING_RECORD
ORD_2046,NONE
ORD_2047,NONE
ORD_2048,NONE
ORD_2049,NONE
ORD_2050,NONE
ORD_2051,NONE
ORD_2052,FEE_DISCREPANCY
ORD_2053,NONE
ORD_2054,NONE
ORD_2055,NONE
ORD_2056,NONE
ORD_2057,NONE
ORD_2058,NONE
ORD_2059,NONE
ORD_2060,NONE
ORD_2061,NONE
ORD_2062,NONE
ORD_2063,NONE
ORD_2064,NONE
ORD_2065,NONE
ORD_2066,NONE
ORD_2067,NONE
ORD_2068,NONE
ORD_2069,NONE
ORD_2070,NONE
ORD_2071,NONE
ORD_2072,TIMING_MISMATCH
ORD_2073,PARTIAL_REFUND
ORD_2074,NONE
ORD_2075,NONE
ORD_2076,NONE
ORD_2077,NONE
ORD_2078,NONE
ORD_2079,NONE
ORD_2080,NONE
ORD_2081,NONE
ORD_2082,NONE
ORD_2083,NONE
ORD_2084,SPLIT_SETTLEMENT
ORD_2085,NONE
ORD_2086,DUPLICATE_PAYMENT
ORD_2087,NONE
ORD_2088,NONE
ORD_2089,NONE
ORD_2090,NONE
ORD_2091,NONE
ORD_2092,NONE
ORD_2093,NONE
ORD_2094,NONE
ORD_2095,NONE
ORD_2096,NONE
ORD_2097,NONE
ORD_2098,NONE
ORD_2099,NONE
ORD_2100,NONE
ORD_2101,MISSING_RECORD
ORD_2102,NONE
ORD_2103,NONE
ORD_2104,NONE
ORD_2105,NONE
ORD_2106,NONE
ORD_2107,NONE
ORD_2108,NONE
ORD_2109,NONE
ORD_2110,NONE
ORD_2111,NONE
ORD_2112,NONE
ORD_2113,NONE
ORD_2114,NONE
ORD_2115,NONE
ORD_2116,NONE
ORD_2117,NONE
ORD_2118,NONE
ORD_2119,NONE
ORD_2120,NONE
ORD_2121,NONE
ORD_2122,NONE
ORD_2123,NONE
ORD_2124,NONE
ORD_2125,NONE
ORD_2126,NONE
ORD_2127,NONE
ORD_2128,NONE
ORD_2129,NONE
ORD_2130,NONE
ORD_2131,NONE
ORD_2132,NONE
ORD_2133,NONE
ORD_2134,FEE_DISCREPANCY
ORD_2135,NONE
ORD_2136,NONE
ORD_2137,NONE
ORD_2138,NONE
ORD_2139,NONE
ORD_2140,NONE
ORD_2141,NONE
ORD_2142,NONE
ORD_2143,NONE
ORD_2144,TIMING_MISMATCH
ORD_2145,NONE
ORD_2146,NONE
ORD_2147,NONE
ORD_2148,NONE
ORD_2149,PARTIAL_REFUND
ORD_2150,NONE
ORD_2151,NONE
ORD_2152,NONE
ORD_2153,NONE
ORD_2154,NONE
ORD_2155,NONE
ORD_2156,NONE
ORD_2157,NONE
ORD_2158,NONE
ORD_2159,NONE
ORD_2160,NONE
ORD_2161,NONE
ORD_2162,NONE
ORD_2163,NONE
ORD_2164,NONE
ORD_2165,NONE
ORD_2166,NONE
ORD_2167,NONE
ORD_2168,NONE
ORD_2169,NONE
ORD_2170,NONE
ORD_2171,SPLIT_SETTLEMENT
ORD_2172,NONE
ORD_2173,NONE
ORD_2174,NONE
ORD_2175,NONE
ORD_2176,NONE
ORD_2177,NONE
ORD_2178,NONE
ORD_2179,NONE
ORD_2180,NONE
ORD_2181,NONE
ORD_2182,NONE
ORD_2183,NONE
ORD_2184,NONE
ORD_2185,NONE
ORD_2186,NONE
ORD_2187,NONE
ORD_2188,NONE
ORD_2189,NONE
ORD_2190,NONE
ORD_2191,NONE
ORD_2192,NONE
ORD_2193,NONE
ORD_2194,NONE
ORD_2195,NONE
ORD_2196,NONE
ORD_2197,NONE
ORD_2198,NONE
ORD_2199,NONE
ORD_2200,NONE
ORD_2201,NONE
ORD_2202,NONE
ORD_2203,NONE
ORD_2204,NONE
ORD_2205,NONE
ORD_2206,NONE
ORD_2207,NONE
ORD_2208,DUPLICATE_PAYMENT
ORD_2209,MISSING_RECORD
ORD_2210,NONE
ORD_2211,NONE
ORD_2212,NONE
ORD_2213,NONE
ORD_2214,FEE_DISCREPANCY
ORD_2215,NONE
ORD_2216,NONE
ORD_2217,NONE
ORD_2218,NONE
ORD_2219,NONE
ORD_2220,NONE
ORD_2221,NONE
ORD_2222,TIMING_MISMATCH
ORD_2223,NONE
ORD_2224,NONE
ORD_2225,NONE
ORD_2226,NONE
ORD_2227,NONE
ORD_2228,NONE
ORD_2229,NONE
ORD_2230,NONE
ORD_2231,NONE
ORD_2232,NONE
ORD_2233,NONE
ORD_2234,NONE
ORD_2235,NONE
ORD_2236,NONE
ORD_2237,NONE
ORD_2238,NONE
ORD_2239,NONE
ORD_2240,NONE
ORD_2241,NONE
ORD_2242,NONE
ORD_2243,NONE
ORD_2244,NONE
ORD_2245,NONE
ORD_2246,NONE
ORD_2247,NONE
ORD_2248,NONE
ORD_2249,NONE
ORD_2250,NONE
ORD_2251,NONE
ORD_2252,NONE
ORD_2253,PARTIAL_REFUND
ORD_2254,NONE
ORD_2255,NONE
ORD_2256,NONE
ORD_2257,NONE
ORD_2258,NONE
ORD_2259,NONE
ORD_2260,NONE
ORD_2261,NONE
ORD_2262,NONE
ORD_2263,NONE
ORD_2264,NONE
ORD_2265,NONE
ORD_2266,NONE
ORD_2267,SPLIT_SETTLEMENT
ORD_2268,NONE
ORD_2269,DUPLICATE_PAYMENT
ORD_2270,NONE
ORD_2271,NONE
ORD_2272,NONE
ORD_2273,NONE
ORD_2274,MISSING_RECORD
ORD_2275,NONE
ORD_2276,NONE
ORD_2277,NONE
ORD_2278,NONE
ORD_2279,NONE
ORD_2280,NONE
ORD_2281,NONE
ORD_2282,NONE
ORD_2283,NONE
ORD_2284,NONE
ORD_2285,NONE
ORD_2286,NONE
ORD_2287,NONE
ORD_2288,NONE
ORD_2289,NONE
ORD_2290,FEE_DISCREPANCY
ORD_2291,NONE
ORD_2292,NONE
ORD_2293,TIMING_MISMATCH
ORD_2294,NONE
ORD_2295,NONE
ORD_2296,PARTIAL_REFUND
ORD_2297,NONE
ORD_2298,NONE
ORD_2299,NONE
ORD_2300,NONE
ORD_2301,NONE
ORD_2302,NONE
ORD_2303,NONE
ORD_2304,NONE
ORD_2305,SPLIT_SETTLEMENT
ORD_2306,NONE
ORD_2307,NONE
ORD_2308,DUPLICATE_PAYMENT
ORD_2309,NONE
ORD_2310,NONE
ORD_2311,MISSING_RECORD
ORD_2312,NONE
ORD_2313,NONE
ORD_2314,NONE
ORD_2315,NONE
ORD_2316,NONE
ORD_2317,NONE
ORD_2318,NONE
ORD_2319,NONE
ORD_2320,NONE
ORD_2321,NONE
ORD_2322,NONE
ORD_2323,NONE
ORD_2324,FEE_DISCREPANCY
ORD_2325,NONE
ORD_2326,NONE
ORD_2327,NONE
ORD_2328,NONE
ORD_2329,NONE
ORD_2330,NONE
ORD_2331,NONE
ORD_2332,TIMING_MISMATCH
ORD_2333,PARTIAL_REFUND
ORD_2334,NONE
ORD_2335,NONE
ORD_2336,NONE
ORD_2337,NONE
ORD_2338,NONE
ORD_2339,SPLIT_SETTLEMENT
ORD_2340,NONE
ORD_2341,NONE
ORD_2342,NONE
ORD_2343,NONE
ORD_2344,NONE
ORD_2345,NONE
ORD_2346,NONE
ORD_2347,NONE
ORD_2348,NONE
ORD_2349,DUPLICATE_PAYMENT
ORD_2350,NONE
ORD_2351,NONE
ORD_2352,NONE
ORD_2353,MISSING_RECORD
ORD_2354,NONE
ORD_2355,NONE
ORD_2356,NONE
ORD_2357,NONE
ORD_2358,NONE
ORD_2359,NONE
ORD_2360,NONE
ORD_2361,NONE
ORD_2362,NONE
ORD_2363,FEE_DISCREPANCY
ORD_2364,NONE
ORD_2365,NONE
ORD_2366,NONE
ORD_2367,NONE
ORD_2368,NONE
ORD_2369,NONE
ORD_2370,NONE
ORD_2371,NONE
ORD_2372,NONE
ORD_2373,NONE
ORD_2374,NONE
ORD_2375,NONE
ORD_2376,NONE
ORD_2377,NONE
ORD_2378,NONE
ORD_2379,NONE
ORD_2380,NONE
ORD_2381,NONE
ORD_2382,NONE
ORD_2383,NONE
ORD_2384,NONE
ORD_2385,NONE
ORD_2386,NONE
ORD_2387,NONE
ORD_2388,NONE
ORD_2389,NONE
ORD_2390,NONE
ORD_2391,TIMING_MISMATCH
ORD_2392,NONE
ORD_2393,NONE
ORD_2394,NONE
ORD_2395,NONE
ORD_2396,NONE
ORD_2397,NONE
ORD_2398,NONE
ORD_2399,NONE
ORD_2400,NONE
ORD_2401,NONE
ORD_2402,PARTIAL_REFUND
ORD_2403,NONE
ORD_2404,NONE
ORD_2405,NONE
ORD_2406,NONE
ORD_2407,NONE
ORD_2408,NONE
ORD_2409,NONE
ORD_2410,NONE
ORD_2411,NONE
ORD_2412,NONE
ORD_2413,NONE
ORD_2414,NONE
ORD_2415,NONE
ORD_2416,NONE
ORD_2417,NONE
ORD_2418,NONE
ORD_2419,NONE
ORD_2420,NONE
ORD_2421,NONE
ORD_2422,NONE
ORD_2423,NONE
ORD_2424,NONE
ORD_2425,NONE
ORD_2426,SPLIT_SETTLEMENT
ORD_2427,NONE
ORD_2428,NONE
ORD_2429,NONE
ORD_2430,NONE
ORD_2431,NONE
ORD_2432,NONE
ORD_2433,NONE
ORD_2434,NONE
ORD_2435,NONE
ORD_2436,NONE
ORD_2437,NONE
ORD_2438,NONE
ORD_2439,NONE
ORD_2440,NONE
ORD_2441,NONE
ORD_2442,NONE
ORD_2443,NONE
ORD_2444,NONE
ORD_2445,NONE
ORD_2446,NONE
ORD_2447,NONE
ORD_2448,NONE
ORD_2449,NONE
ORD_2450,NONE
ORD_2451,DUPLICATE_PAYMENT
ORD_2452,NONE
ORD_2453,NONE
ORD_2454,NONE
ORD_2455,NONE
ORD_2456,NONE
ORD_2457,NONE
ORD_2458,NONE
ORD_2459,NONE
ORD_2460,NONE
ORD_2461,NONE
ORD_2462,NONE
ORD_2463,MISSING_RECORD
ORD_2464,FEE_DISCREPANCY
ORD_2465,NONE
ORD_2466,NONE
ORD_2467,NONE
ORD_2468,NONE
ORD_2469,NONE
ORD_2470,TIMING_MISMATCH
ORD_2471,NONE
ORD_2472,NONE
ORD_2473,NONE
ORD_2474,NONE
ORD_2475,NONE
ORD_2476,NONE
ORD_2477,NONE
ORD_2478,NONE
ORD_2479,NONE
ORD_2480,NONE
ORD_2481,NONE
ORD_2482,NONE
ORD_2483,NONE
ORD_2484,NONE
ORD_2485,NONE
ORD_2486,NONE
ORD_2487,NONE
ORD_2488,NONE
ORD_2489,NONE
ORD_2490,NONE
ORD_2491,NONE
ORD_2492,NONE
ORD_2493,NONE
ORD_2494,NONE
ORD_2495,NONE
ORD_2496,NONE
ORD_2497,NONE
ORD_2498,NONE
ORD_2499,NONE
ORD_2500,NONE
ORD_2501,NONE
ORD_2502,NONE
ORD_2503,NONE
ORD_2504,PARTIAL_REFUND
ORD_2505,NONE
ORD_2506,NONE
ORD_2507,NONE
ORD_2508,NONE
ORD_2509,NONE
ORD_2510,NONE
ORD_2511,NONE
ORD_2512,NONE
ORD_2513,NONE
ORD_2514,NONE
ORD_2515,NONE
ORD_2516,NONE
ORD_2517,NONE
ORD_2518,NONE
ORD_2519,NONE
ORD_2520,NONE
ORD_2521,NONE
ORD_2522,NONE
ORD_2523,SPLIT_SETTLEMENT
ORD_2524,NONE
ORD_2525,NONE
ORD_2526,NONE
ORD_2527,NONE
ORD_2528,NONE
ORD_2529,NONE
ORD_2530,NONE
ORD_2531,NONE
ORD_2532,NONE
ORD_2533,NONE
ORD_2534,NONE
ORD_2535,NONE
ORD_2536,NONE
ORD_2537,NONE
ORD_2538,NONE
ORD_2539,NONE
ORD_2540,NONE
ORD_2541,NONE
ORD_2542,NONE
ORD_2543,NONE
ORD_2544,NONE
ORD_2545,NONE
ORD_2546,NONE
ORD_2547,NONE
ORD_2548,NONE
ORD_2549,NONE
ORD_2550,NONE
ORD_2551,NONE
ORD_2552,NONE
ORD_2553,NONE
ORD_2554,NONE
ORD_2555,NONE
ORD_2556,DUPLICATE_PAYMENT
ORD_2557,NONE
ORD_2558,MISSING_RECORD
ORD_2559,FEE_DISCREPANCY
ORD_2560,TIMING_MISMATCH
ORD_2561,NONE
ORD_2562,NONE
ORD_2563,NONE
ORD_2564,NONE
ORD_2565,NONE
ORD_2566,NONE
ORD_2567,NONE
ORD_2568,NONE
ORD_2569,NONE
ORD_2570,PARTIAL_REFUND
ORD_2571,NONE
ORD_2572,SPLIT_SETTLEMENT
ORD_2573,NONE
ORD_2574,NONE
ORD_2575,NONE
ORD_2576,DUPLICATE_PAYMENT
ORD_2577,NONE
ORD_2578,NONE
ORD_2579,NONE
ORD_2580,NONE
ORD_2581,NONE
ORD_2582,NONE
ORD_2583,MISSING_RECORD
ORD_2584,NONE
ORD_2585,NONE
ORD_2586,NONE
ORD_2587,NONE
ORD_2588,NONE
ORD_2589,NONE
ORD_2590,NONE
ORD_2591,NONE
ORD_2592,NONE
ORD_2593,FEE_DISCREPANCY
ORD_2594,NONE
ORD_2595,NONE
ORD_2596,NONE
ORD_2597,NONE
ORD_2598,NONE
ORD_2599,NONE
ORD_2600,NONE
ORD_2601,NONE
ORD_2602,NONE
ORD_2603,NONE
ORD_2604,NONE
ORD_2605,NONE
ORD_2606,NONE
ORD_2607,NONE
ORD_2608,NONE
ORD_2609,NONE
ORD_2610,NONE
ORD_2611,NONE
ORD_2612,NONE
ORD_2613,NONE
ORD_2614,NONE
ORD_2615,TIMING_MISMATCH
ORD_2616,NONE
ORD_2617,NONE
ORD_2618,NONE
ORD_2619,NONE
ORD_2620,NONE
ORD_2621,NONE
ORD_2622,NONE
ORD_2623,NONE
ORD_2624,NONE
ORD_2625,NONE
ORD_2626,NONE
ORD_2627,NONE
ORD_2628,NONE
ORD_2629,PARTIAL_REFUND
ORD_2630,SPLIT_SETTLEMENT
ORD_2631,NONE
ORD_2632,DUPLICATE_PAYMENT
ORD_2633,NONE
ORD_2634,NONE
ORD_2635,MISSING_RECORD
ORD_2636,NONE
ORD_2637,NONE
ORD_2638,NONE
ORD_2639,NONE
ORD_2640,NONE
ORD_2641,NONE
ORD_2642,NONE
ORD_2643,NONE
ORD_2644,NONE
ORD_2645,NONE
ORD_2646,NONE
ORD_2647,NONE
ORD_2648,FEE_DISCREPANCY
ORD_2649,NONE
ORD_2650,NONE
ORD_2651,NONE
ORD_2652,NONE
ORD_2653,NONE
ORD_2654,NONE
ORD_2655,NONE
ORD_2656,NONE
ORD_2657,NONE
ORD_2658,NONE
ORD_2659,NONE
ORD_2660,NONE
ORD_2661,NONE
ORD_2662,NONE
ORD_2663,NONE
ORD_2664,NONE
ORD_2665,NONE
ORD_2666,NONE
ORD_2667,NONE
ORD_2668,TIMING_MISMATCH
ORD_2669,NONE
ORD_2670,NONE
ORD_2671,NONE
ORD_2672,NONE
ORD_2673,NONE
ORD_2674,PARTIAL_REFUND
ORD_2675,NONE
ORD_2676,NONE
ORD_2677,NONE
ORD_2678,NONE
ORD_2679,NONE
ORD_2680,NONE
ORD_2681,NONE
ORD_2682,NONE
ORD_2683,NONE
ORD_2684,NONE
ORD_2685,NONE
ORD_2686,NONE
ORD_2687,NONE
ORD_2688,NONE
ORD_2689,NONE
ORD_2690,NONE
ORD_2691,NONE
ORD_2692,NONE
ORD_2693,NONE
ORD_2694,NONE
ORD_2695,NONE
ORD_2696,NONE
ORD_2697,NONE
ORD_2698,NONE
ORD_2699,NONE
ORD_2700,NONE
ORD_2701,NONE
ORD_2702,NONE
ORD_2703,NONE
ORD_2704,NONE
ORD_2705,NONE
ORD_2706,NONE
ORD_2707,NONE
ORD_2708,NONE
ORD_2709,NONE
ORD_2710,NONE
ORD_2711,NONE
ORD_2712,NONE
ORD_2713,NONE
ORD_2714,NONE
ORD_2715,NONE
ORD_2716,NONE
ORD_2717,SPLIT_SETTLEMENT
ORD_2718,NONE
ORD_2719,NONE
ORD_2720,NONE
ORD_2721,DUPLICATE_PAYMENT
ORD_2722,MISSING_RECORD
ORD_2723,NONE
ORD_2724,NONE
ORD_2725,NONE
ORD_2726,FEE_DISCREPANCY
ORD_2727,NONE
ORD_2728,NONE
ORD_2729,TIMING_MISMATCH
ORD_2730,NONE
ORD_2731,NONE
ORD_2732,NONE
ORD_2733,NONE
ORD_2734,NONE
ORD_2735,NONE
ORD_2736,PARTIAL_REFUND
ORD_2737,NONE
ORD_2738,NONE
ORD_2739,NONE
ORD_2740,NONE
ORD_2741,NONE
ORD_2742,SPLIT_SETTLEMENT
ORD_2743,NONE
ORD_2744,NONE
ORD_2745,NONE
ORD_2746,NONE
ORD_2747,DUPLICATE_PAYMENT
ORD_2748,NONE
ORD_2749,NONE
ORD_2750,NONE
ORD_2751,MISSING_RECORD
ORD_2752,FEE_DISCREPANCY
ORD_2753,NONE
ORD_2754,NONE
ORD_2755,NONE
ORD_2756,TIMING_MISMATCH
ORD_2757,NONE
ORD_2758,NONE
ORD_2759,NONE
ORD_2760,NONE
ORD_2761,NONE
ORD_2762,NONE
ORD_2763,NONE
ORD_2764,PARTIAL_REFUND
ORD_2765,NONE
ORD_2766,NONE
ORD_2767,NONE
ORD_2768,NONE
ORD_2769,NONE
ORD_2770,NONE
ORD_2771,NONE
ORD_2772,NONE
ORD_2773,NONE
ORD_2774,NONE
ORD_2775,NONE
ORD_2776,NONE
ORD_2777,NONE
ORD_2778,NONE
ORD_2779,NONE
ORD_2780,NONE
ORD_2781,NONE
ORD_2782,NONE
ORD_2783,NONE
ORD_2784,SPLIT_SETTLEMENT
ORD_2785,NONE
ORD_2786,NONE
ORD_2787,NONE
ORD_2788,NONE
ORD_2789,NONE
ORD_2790,NONE
ORD_2791,NONE
ORD_2792,DUPLICATE_PAYMENT
ORD_2793,NONE
ORD_2794,NONE
ORD_2795,NONE
ORD_2796,NONE
ORD_2797,MISSING_RECORD
ORD_2798,NONE
ORD_2799,NONE
ORD_2800,FEE_DISCREPANCY
ORD_2801,NONE
ORD_2802,NONE
ORD_2803,NONE
ORD_2804,NONE
ORD_2805,TIMING_MISMATCH
ORD_2806,PARTIAL_REFUND
ORD_2807,NONE
ORD_2808,NONE
ORD_2809,NONE
ORD_2810,NONE
ORD_2811,NONE
ORD_2812,NONE
ORD_2813,NONE
ORD_2814,NONE
ORD_2815,NONE
ORD_2816,NONE
ORD_2817,NONE
ORD_2818,NONE
ORD_2819,NONE
ORD_2820,NONE
ORD_2821,NONE
ORD_2822,NONE
ORD_2823,SPLIT_SETTLEMENT
ORD_2824,NONE
ORD_2825,NONE
ORD_2826,NONE
ORD_2827,DUPLICATE_PAYMENT
ORD_2828,NONE
ORD_2829,MISSING_RECORD
ORD_2830,NONE
ORD_2831,NONE
ORD_2832,NONE
ORD_2833,NONE
ORD_2834,NONE
ORD_2835,NONE
ORD_2836,NONE
ORD_2837,NONE
ORD_2838,NONE
ORD_2839,NONE
ORD_2840,NONE
ORD_2841,FEE_DISCREPANCY
ORD_2842,NONE
ORD_2843,NONE
ORD_2844,NONE
ORD_2845,NONE
ORD_2846,NONE
ORD_2847,NONE
ORD_2848,NONE
ORD_2849,NONE
ORD_2850,NONE
ORD_2851,NONE
ORD_2852,NONE
ORD_2853,NONE
ORD_2854,NONE
ORD_2855,NONE
ORD_2856,NONE
ORD_2857,NONE
ORD_2858,NONE
ORD_2859,NONE
ORD_2860,NONE
ORD_2861,NONE
ORD_2862,NONE
ORD_2863,NONE
ORD_2864,NONE
ORD_2865,TIMING_MISMATCH
ORD_2866,NONE
ORD_2867,PARTIAL_REFUND
ORD_2868,NONE
ORD_2869,NONE
ORD_2870,NONE
ORD_2871,NONE
ORD_2872,NONE
ORD_2873,NONE
ORD_2874,NONE
ORD_2875,NONE
ORD_2876,SPLIT_SETTLEMENT
ORD_2877,DUPLICATE_PAYMENT
ORD_2878,NONE
ORD_2879,NONE
ORD_2880,NONE
ORD_2881,NONE
ORD_2882,NONE
ORD_2883,NONE
ORD_2884,NONE
ORD_2885,NONE
ORD_2886,MISSING_RECORD
ORD_2887,NONE
ORD_2888,NONE
ORD_2889,NONE
ORD_2890,NONE
ORD_2891,NONE
ORD_2892,NONE
ORD_2893,NONE
ORD_2894,NONE
ORD_2895,NONE
ORD_2896,NONE
ORD_2897,NONE
ORD_2898,NONE
ORD_2899,NONE
ORD_2900,NONE
ORD_2901,NONE
ORD_2902,NONE
ORD_2903,NONE
ORD_2904,NONE
ORD_2905,NONE
ORD_2906,FEE_DISCREPANCY
ORD_2907,NONE
ORD_2908,TIMING_MISMATCH
ORD_2909,NONE
ORD_2910,NONE
ORD_2911,NONE
ORD_2912,NONE
ORD_2913,NONE
ORD_2914,NONE
ORD_2915,NONE
ORD_2916,NONE
ORD_2917,NONE
ORD_2918,NONE
ORD_2919,NONE
ORD_2920,NONE
ORD_2921,NONE
ORD_2922,NONE
ORD_2923,NONE
ORD_2924,NONE
ORD_2925,PARTIAL_REFUND
ORD_2926,NONE
ORD_2927,SPLIT_SETTLEMENT
ORD_2928,NONE
ORD_2929,NONE
ORD_2930,NONE
ORD_2931,NONE
ORD_2932,NONE
ORD_2933,NONE
ORD_2934,NONE
ORD_2935,NONE
ORD_2936,NONE
ORD_2937,DUPLICATE_PAYMENT
ORD_2938,NONE
ORD_2939,NONE
ORD_2940,MISSING_RECORD
ORD_2941,NONE
ORD_2942,NONE
ORD_2943,NONE
ORD_2944,NONE
ORD_2945,NONE
ORD_2946,NONE
ORD_2947,NONE
ORD_2948,NONE
ORD_2949,NONE
ORD_2950,FEE_DISCREPANCY
ORD_2951,NONE
ORD_2952,NONE
ORD_2953,NONE
ORD_2954,NONE
ORD_2955,NONE
ORD_2956,TIMING_MISMATCH
ORD_2957,NONE
ORD_2958,NONE
ORD_2959,NONE
ORD_2960,NONE
ORD_2961,NONE
ORD_2962,PARTIAL_REFUND
ORD_2963,NONE
ORD_2964,NONE
ORD_2965,NONE
ORD_2966,NONE
ORD_2967,NONE
ORD_2968,NONE
ORD_2969,NONE
ORD_2970,NONE
ORD_2971,NONE
ORD_2972,NONE
ORD_2973,NONE
ORD_2974,SPLIT_SETTLEMENT
ORD_2975,NONE
ORD_2976,NONE
ORD_2977,NONE
ORD_2978,NONE
ORD_2979,NONE
ORD_2980,NONE
ORD_2981,NONE
ORD_2982,NONE
ORD_2983,NONE
ORD_2984,NONE
ORD_2985,NONE
ORD_2986,NONE
ORD_2987,NONE
ORD_2988,NONE
ORD_2989,NONE
ORD_2990,NONE
ORD_2991,DUPLICATE_PAYMENT
ORD_2992,NONE
ORD_2993,NONE
ORD_2994,NONE
ORD_2995,NONE
ORD_2996,NONE
ORD_2997,NONE
ORD_2998,NONE
ORD_2999,MISSING_RECORD
ORD_3000,NONE
ORD_3001,NONE
ORD_3002,FEE_DISCREPANCY
ORD_3003,NONE
ORD_3004,NONE
ORD_3005,NONE
ORD_3006,TIMING_MISMATCH
ORD_3007,PARTIAL_REFUND
ORD_3008,NONE
ORD_3009,NONE
ORD_3010,NONE
ORD_3011,NONE
ORD_3012,NONE
ORD_3013,NONE
ORD_3014,NONE
ORD_3015,NONE
ORD_3016,NONE
ORD_3017,SPLIT_SETTLEMENT
ORD_3018,NONE
ORD_3019,NONE
ORD_3020,NONE
ORD_3021,DUPLICATE_PAYMENT
ORD_3022,NONE
ORD_3023,NONE
ORD_3024,NONE
ORD_3025,NONE
ORD_3026,NONE
ORD_3027,NONE
ORD_3028,NONE
ORD_3029,NONE
ORD_3030,NONE
ORD_3031,MISSING_RECORD
ORD_3032,NONE
ORD_3033,FEE_DISCREPANCY
ORD_3034,NONE
ORD_3035,NONE
ORD_3036,NONE
ORD_3037,TIMING_MISMATCH
ORD_3038,NONE
ORD_3039,NONE
ORD_3040,NONE
ORD_3041,NONE
ORD_3042,NONE
ORD_3043,NONE
ORD_3044,NONE
ORD_3045,PARTIAL_REFUND
ORD_3046,NONE
ORD_3047,SPLIT_SETTLEMENT
ORD_3048,NONE
ORD_3049,NONE
ORD_3050,NONE
ORD_3051,NONE
ORD_3052,NONE
ORD_3053,NONE
ORD_3054,NONE
ORD_3055,NONE
ORD_3056,NONE
ORD_3057,NONE
ORD_3058,DUPLICATE_PAYMENT
ORD_3059,NONE
ORD_3060,MISSING_RECORD
ORD_3061,NONE
ORD_3062,NONE
ORD_3063,NONE
ORD_3064,NONE
ORD_3065,NONE
ORD_3066,NONE
ORD_3067,NONE
ORD_3068,NONE
ORD_3069,NONE
ORD_3070,NONE
ORD_3071,NONE
ORD_3072,NONE
ORD_3073,NONE
ORD_3074,NONE
ORD_3075,NONE
ORD_3076,NONE
ORD_3077,NONE
ORD_3078,NONE
ORD_3079,NONE
ORD_3080,NONE
ORD_3081,NONE
ORD_3082,NONE
ORD_3083,NONE
ORD_3084,NONE
ORD_3085,NONE
ORD_3086,NONE
ORD_3087,FEE_DISCREPANCY
ORD_3088,NONE
ORD_3089,NONE
ORD_3090,NONE
ORD_3091,NONE
ORD_3092,NONE
ORD_3093,NONE
ORD_3094,NONE
ORD_3095,NONE
ORD_3096,NONE
ORD_3097,NONE
ORD_3098,NONE
ORD_3099,NONE
ORD_3100,NONE
ORD_3101,NONE
ORD_3102,NONE
ORD_3103,NONE
ORD_3104,NONE
ORD_3105,NONE
ORD_3106,NONE
ORD_3107,NONE
ORD_3108,NONE
ORD_3109,NONE
ORD_3110,NONE
ORD_3111,NONE
ORD_3112,NONE
ORD_3113,NONE
ORD_3114,NONE
ORD_3115,NONE
ORD_3116,NONE
ORD_3117,NONE
ORD_3118,NONE
ORD_3119,NONE
ORD_3120,NONE
ORD_3121,NONE
ORD_3122,NONE
ORD_3123,NONE
ORD_3124,NONE
ORD_3125,NONE
ORD_3126,NONE
ORD_3127,NONE
ORD_3128,NONE
ORD_3129,NONE
ORD_3130,NONE
ORD_3131,NONE
ORD_3132,NONE
ORD_3133,NONE
ORD_3134,NONE
ORD_3135,NONE
ORD_3136,NONE
ORD_3137,TIMING_MISMATCH
ORD_3138,NONE
ORD_3139,NONE
ORD_3140,PARTIAL_REFUND
ORD_3141,NONE
ORD_3142,NONE
ORD_3143,NONE
ORD_3144,NONE
ORD_3145,NONE
ORD_3146,SPLIT_SETTLEMENT
ORD_3147,NONE
ORD_3148,NONE
ORD_3149,NONE
ORD_3150,NONE
ORD_3151,NONE
ORD_3152,NONE
ORD_3153,DUPLICATE_PAYMENT
ORD_3154,NONE
ORD_3155,NONE
ORD_3156,NONE
ORD_3157,NONE
ORD_3158,MISSING_RECORD
ORD_3159,NONE
ORD_3160,NONE
ORD_3161,NONE
ORD_3162,NONE
ORD_3163,FEE_DISCREPANCY
ORD_3164,NONE
ORD_3165,NONE
ORD_3166,NONE
ORD_3167,TIMING_MISMATCH
ORD_3168,NONE
ORD_3169,NONE
ORD_3170,PARTIAL_REFUND
ORD_3171,NONE
ORD_3172,SPLIT_SETTLEMENT
ORD_3173,DUPLICATE_PAYMENT
ORD_3174,NONE
ORD_3175,MISSING_RECORD
ORD_3176,FEE_DISCREPANCY
ORD_3177,NONE
ORD_3178,NONE
ORD_3179,NONE
ORD_3180,NONE
ORD_3181,NONE
ORD_3182,NONE
ORD_3183,NONE
ORD_3184,NONE
ORD_3185,NONE
ORD_3186,TIMING_MISMATCH
ORD_3187,NONE
ORD_3188,PARTIAL_REFUND
ORD_3189,NONE
ORD_3190,NONE
ORD_3191,NONE
ORD_3192,NONE
ORD_3193,NONE
ORD_3194,SPLIT_SETTLEMENT
ORD_3195,NONE
ORD_3196,NONE
ORD_3197,NONE
ORD_3198,NONE
ORD_3199,NONE
ORD_3200,NONE
ORD_3201,NONE
ORD_3202,NONE
ORD_3203,NONE
ORD_3204,NONE
ORD_3205,NONE
ORD_3206,NONE
ORD_3207,NONE
ORD_3208,NONE
ORD_3209,NONE
ORD_3210,NONE
ORD_3211,NONE
ORD_3212,DUPLICATE_PAYMENT
ORD_3213,NONE
ORD_3214,NONE
ORD_3215,NONE
ORD_3216,NONE
ORD_3217,NONE
ORD_3218,NONE
ORD_3219,NONE
ORD_3220,NONE
ORD_3221,NONE
ORD_3222,NONE
ORD_3223,NONE
ORD_3224,NONE
ORD_3225,NONE
ORD_3226,NONE
ORD_3227,NONE
ORD_3228,NONE
ORD_3229,NONE
ORD_3230,NONE
ORD_3231,NONE
ORD_3232,MISSING_RECORD
ORD_3233,NONE
ORD_3234,NONE
ORD_3235,NONE
ORD_3236,NONE
ORD_3237,NONE
ORD_3238,NONE
ORD_3239,NONE
ORD_3240,NONE
ORD_3241,NONE
ORD_3242,NONE
ORD_3243,NONE
ORD_3244,NONE
ORD_3245,NONE
ORD_3246,NONE
ORD_3247,NONE
ORD_3248,NONE
ORD_3249,NONE
ORD_3250,NONE
ORD_3251,NONE
ORD_3252,NONE
ORD_3253,NONE
ORD_3254,FEE_DISCREPANCY
ORD_3255,NONE
ORD_3256,NONE
ORD_3257,NONE
ORD_3258,NONE
ORD_3259,NONE
ORD_3260,NONE
ORD_3261,NONE
ORD_3262,NONE
ORD_3263,NONE
ORD_3264,NONE
ORD_3265,NONE
ORD_3266,NONE
ORD_3267,TIMING_MISMATCH
ORD_3268,NONE
ORD_3269,NONE
ORD_3270,NONE
ORD_3271,NONE
ORD_3272,NONE
ORD_3273,NONE
ORD_3274,NONE
ORD_3275,NONE
ORD_3276,NONE
ORD_3277,PARTIAL_REFUND
ORD_3278,SPLIT_SETTLEMENT
ORD_3279,DUPLICATE_PAYMENT
ORD_3280,NONE
ORD_3281,NONE
ORD_3282,MISSING_RECORD
ORD_3283,FEE_DISCREPANCY
ORD_3284,NONE
ORD_3285,NONE
ORD_3286,NONE
ORD_3287,TIMING_MISMATCH
ORD_3288,NONE
ORD_3289,NONE
ORD_3290,NONE
ORD_3291,NONE
ORD_3292,NONE
ORD_3293,NONE
ORD_3294,NONE
ORD_3295,NONE
ORD_3296,NONE
ORD_3297,NONE
ORD_3298,NONE
ORD_3299,NONE
ORD_3300,NONE
ORD_3301,NONE
ORD_3302,NONE
ORD_3303,NONE
ORD_3304,NONE
ORD_3305,NONE
ORD_3306,NONE
ORD_3307,NONE
ORD_3308,NONE
ORD_3309,PARTIAL_REFUND
ORD_3310,NONE
ORD_3311,NONE
ORD_3312,NONE
ORD_3313,NONE
ORD_3314,NONE
ORD_3315,NONE
ORD_3316,NONE
ORD_3317,NONE
ORD_3318,NONE
ORD_3319,NONE
ORD_3320,NONE
ORD_3321,NONE
ORD_3322,NONE
ORD_3323,NONE
ORD_3324,NONE
ORD_3325,SPLIT_SETTLEMENT
ORD_3326,NONE
ORD_3327,NONE
ORD_3328,NONE
ORD_3329,NONE
ORD_3330,NONE
ORD_3331,NONE
ORD_3332,NONE
ORD_3333,NONE
ORD_3334,NONE
ORD_3335,DUPLICATE_PAYMENT
ORD_3336,NONE
ORD_3337,MISSING_RECORD
ORD_3338,NONE
ORD_3339,NONE
ORD_3340,NONE
ORD_3341,NONE
ORD_3342,NONE
ORD_3343,NONE
ORD_3344,NONE
ORD_3345,NONE
ORD_3346,NONE
ORD_3347,NONE
ORD_3348,NONE
ORD_3349,NONE
ORD_3350,NONE
ORD_3351,FEE_DISCREPANCY
ORD_3352,NONE
ORD_3353,NONE
ORD_3354,NONE
ORD_3355,NONE
ORD_3356,NONE
ORD_3357,NONE
ORD_3358,NONE
ORD_3359,NONE
ORD_3360,NONE
ORD_3361,NONE
ORD_3362,NONE
ORD_3363,NONE
ORD_3364,NONE
ORD_3365,NONE
ORD_3366,NONE
ORD_3367,NONE
ORD_3368,NONE
ORD_3369,NONE
ORD_3370,NONE
ORD_3371,TIMING_MISMATCH
ORD_3372,NONE
ORD_3373,NONE
ORD_3374,NONE
ORD_3375,NONE
ORD_3376,NONE
ORD_3377,NONE
ORD_3378,NONE
ORD_3379,NONE
ORD_3380,NONE
ORD_3381,NONE
ORD_3382,NONE
ORD_3383,NONE
ORD_3384,NONE
ORD_3385,NONE
ORD_3386,NONE
ORD_3387,NONE
ORD_3388,NONE
ORD_3389,NONE
ORD_3390,NONE
ORD_3391,NONE
ORD_3392,NONE
ORD_3393,NONE
ORD_3394,NONE
ORD_3395,NONE
ORD_3396,NONE
ORD_3397,NONE
ORD_3398,NONE
ORD_3399,NONE
ORD_3400,NONE
ORD_3401,NONE
ORD_3402,PARTIAL_REFUND
ORD_3403,NONE
ORD_3404,NONE
ORD_3405,SPLIT_SETTLEMENT
ORD_3406,NONE
ORD_3407,NONE
ORD_3408,NONE
ORD_3409,NONE
ORD_3410,NONE
ORD_3411,NONE
ORD_3412,NONE
ORD_3413,NONE
ORD_3414,NONE
ORD_3415,NONE
ORD_3416,NONE
ORD_3417,NONE
ORD_3418,NONE
ORD_3419,NONE
ORD_3420,NONE
ORD_3421,NONE
ORD_3422,NONE
ORD_3423,DUPLICATE_PAYMENT
ORD_3424,NONE
ORD_3425,NONE
ORD_3426,NONE
ORD_3427,NONE
ORD_3428,NONE
ORD_3429,NONE
ORD_3430,NONE
ORD_3431,MISSING_RECORD
ORD_3432,NONE
ORD_3433,NONE
ORD_3434,NONE
ORD_3435,NONE
ORD_3436,NONE
ORD_3437,NONE
ORD_3438,NONE
ORD_3439,NONE
ORD_3440,NONE
ORD_3441,NONE
ORD_3442,NONE
ORD_3443,NONE
ORD_3444,NONE
ORD_3445,FEE_DISCREPANCY
ORD_3446,NONE
ORD_3447,NONE
ORD_3448,NONE
ORD_3449,NONE
ORD_3450,NONE
ORD_3451,NONE
ORD_3452,NONE
ORD_3453,TIMING_MISMATCH
ORD_3454,NONE
ORD_3455,NONE
ORD_3456,NONE
ORD_3457,NONE
ORD_3458,PARTIAL_REFUND
ORD_3459,NONE
ORD_3460,NONE
ORD_3461,SPLIT_SETTLEMENT
ORD_3462,NONE
ORD_3463,NONE
ORD_3464,NONE
ORD_3465,NONE
ORD_3466,DUPLICATE_PAYMENT
ORD_3467,NONE
ORD_3468,NONE
ORD_3469,NONE
ORD_3470,NONE
ORD_3471,NONE
ORD_3472,NONE
ORD_3473,NONE
ORD_3474,NONE
ORD_3475,NONE
ORD_3476,NONE
ORD_3477,NONE
ORD_3478,NONE
ORD_3479,MISSING_RECORD
ORD_3480,NONE
ORD_3481,NONE
ORD_3482,NONE
ORD_3483,NONE
ORD_3484,NONE
ORD_3485,NONE
ORD_3486,NONE
ORD_3487,NONE
ORD_3488,NONE
ORD_3489,NONE
ORD_3490,FEE_DISCREPANCY
ORD_3491,NONE
ORD_3492,NONE
ORD_3493,NONE
ORD_3494,NONE
ORD_3495,NONE
ORD_3496,NONE
ORD_3497,NONE
ORD_3498,NONE
ORD_3499,NONE
ORD_3500,NONE
ORD_3501,TIMING_MISMATCH
ORD_3502,NONE
ORD_3503,NONE
ORD_3504,NONE
ORD_3505,NONE
ORD_3506,NONE
ORD_3507,NONE
ORD_3508,NONE
ORD_3509,NONE
ORD_3510,NONE
ORD_3511,NONE
ORD_3512,NONE
ORD_3513,NONE
ORD_3514,NONE
ORD_3515,NONE
ORD_3516,NONE
ORD_3517,NONE
ORD_3518,NONE
ORD_3519,NONE
ORD_3520,PARTIAL_REFUND
ORD_3521,NONE
ORD_3522,NONE
ORD_3523,NONE
ORD_3524,NONE
ORD_3525,NONE
ORD_3526,SPLIT_SETTLEMENT
ORD_3527,NONE
ORD_3528,NONE
ORD_3529,NONE
ORD_3530,NONE
ORD_3531,NONE
ORD_3532,NONE
ORD_3533,NONE
ORD_3534,DUPLICATE_PAYMENT
ORD_3535,NONE
ORD_3536,NONE
ORD_3537,NONE
ORD_3538,NONE
ORD_3539,NONE
ORD_3540,NONE
ORD_3541,NONE
ORD_3542,NONE
ORD_3543,MISSING_RECORD
ORD_3544,NONE
ORD_3545,NONE
ORD_3546,NONE
ORD_3547,NONE
ORD_3548,NONE
ORD_3549,NONE
ORD_3550,NONE
ORD_3551,NONE
ORD_3552,NONE
ORD_3553,NONE
ORD_3554,FEE_DISCREPANCY
ORD_3555,NONE
ORD_3556,NONE
ORD_3557,NONE
ORD_3558,NONE
ORD_3559,NONE
ORD_3560,NONE
ORD_3561,NONE
ORD_3562,NONE
ORD_3563,NONE
ORD_3564,NONE
ORD_3565,NONE
ORD_3566,NONE
ORD_3567,NONE
ORD_3568,NONE
ORD_3569,NONE
ORD_3570,TIMING_MISMATCH
ORD_3571,NONE
ORD_3572,PARTIAL_REFUND
ORD_3573,NONE
ORD_3574,SPLIT_SETTLEMENT
ORD_3575,NONE
ORD_3576,NONE
ORD_3577,NONE
ORD_3578,DUPLICATE_PAYMENT
ORD_3579,NONE
ORD_3580,NONE
ORD_3581,NONE
ORD_3582,NONE
ORD_3583,NONE
ORD_3584,NONE
ORD_3585,MISSING_RECORD
ORD_3586,NONE
ORD_3587,NONE
ORD_3588,NONE
ORD_3589,NONE
ORD_3590,NONE
ORD_3591,FEE_DISCREPANCY
ORD_3592,TIMING_MISMATCH
ORD_3593,NONE
ORD_3594,NONE
ORD_3595,NONE
ORD_3596,NONE
ORD_3597,NONE
ORD_3598,NONE
ORD_3599,NONE
ORD_3600,NONE
ORD_3601,NONE
ORD_3602,NONE
ORD_3603,NONE
ORD_3604,NONE
ORD_3605,NONE
ORD_3606,NONE
ORD_3607,NONE
ORD_3608,NONE
ORD_3609,NONE
ORD_3610,NONE
ORD_3611,NONE
ORD_3612,NONE
ORD_3613,NONE
ORD_3614,NONE
ORD_3615,NONE
ORD_3616,NONE
ORD_3617,NONE
ORD_3618,NONE
ORD_3619,NONE
ORD_3620,NONE
ORD_3621,NONE
ORD_3622,NONE
ORD_3623,NONE
ORD_3624,NONE
ORD_3625,NONE
ORD_3626,NONE
ORD_3627,NONE
ORD_3628,NONE
ORD_3629,NONE
ORD_3630,NONE
ORD_3631,NONE
ORD_3632,NONE
ORD_3633,NONE
ORD_3634,NONE
ORD_3635,NONE
ORD_3636,NONE
ORD_3637,NONE
ORD_3638,NONE
ORD_3639,NONE
ORD_3640,PARTIAL_REFUND
ORD_3641,NONE
ORD_3642,NONE
ORD_3643,NONE
ORD_3644,NONE
ORD_3645,NONE
ORD_3646,NONE
ORD_3647,NONE
ORD_3648,NONE
ORD_3649,NONE
ORD_3650,NONE
ORD_3651,NONE
ORD_3652,NONE
ORD_3653,NONE
ORD_3654,NONE
ORD_3655,NONE
ORD_3656,SPLIT_SETTLEMENT
ORD_3657,DUPLICATE_PAYMENT
ORD_3658,NONE
ORD_3659,NONE
ORD_3660,NONE
ORD_3661,NONE
ORD_3662,NONE
ORD_3663,NONE
ORD_3664,NONE
ORD_3665,NONE
ORD_3666,NONE
ORD_3667,NONE
ORD_3668,NONE
ORD_3669,NONE
ORD_3670,NONE
ORD_3671,NONE
ORD_3672,NONE
ORD_3673,MISSING_RECORD
ORD_3674,NONE
ORD_3675,NONE
ORD_3676,NONE
ORD_3677,NONE
ORD_3678,NONE
ORD_3679,NONE
ORD_3680,NONE
ORD_3681,NONE
ORD_3682,NONE
ORD_3683,NONE
ORD_3684,NONE
ORD_3685,NONE
ORD_3686,NONE
ORD_3687,NONE
ORD_3688,NONE
ORD_3689,NONE
ORD_3690,FEE_DISCREPANCY
ORD_3691,NONE
ORD_3692,NONE
ORD_3693,NONE
ORD_3694,NONE
ORD_3695,NONE
ORD_3696,NONE
ORD_3697,NONE
ORD_3698,NONE
ORD_3699,NONE
ORD_3700,NONE
ORD_3701,NONE
ORD_3702,NONE
ORD_3703,NONE
ORD_3704,NONE
ORD_3705,TIMING_MISMATCH
ORD_3706,NONE
ORD_3707,PARTIAL_REFUND
ORD_3708,NONE
ORD_3709,NONE
ORD_3710,NONE
ORD_3711,NONE
ORD_3712,NONE
ORD_3713,SPLIT_SETTLEMENT
ORD_3714,NONE
ORD_3715,NONE
ORD_3716,NONE
ORD_3717,NONE
ORD_3718,NONE
ORD_3719,NONE
ORD_3720,NONE
ORD_3721,NONE
ORD_3722,DUPLICATE_PAYMENT
ORD_3723,NONE
ORD_3724,NONE
ORD_3725,NONE
ORD_3726,NONE
ORD_3727,NONE
ORD_3728,NONE
ORD_3729,NONE
ORD_3730,NONE
ORD_3731,NONE
ORD_3732,NONE
ORD_3733,MISSING_RECORD
ORD_3734,NONE
ORD_3735,NONE
ORD_3736,NONE
ORD_3737,NONE
ORD_3738,NONE
ORD_3739,NONE
ORD_3740,NONE
ORD_3741,NONE
ORD_3742,NONE
ORD_3743,NONE
ORD_3744,NONE
ORD_3745,NONE
ORD_3746,FEE_DISCREPANCY
ORD_3747,NONE
ORD_3748,NONE
ORD_3749,NONE
ORD_3750,NONE
ORD_3751,NONE
ORD_3752,NONE
ORD_3753,NONE
ORD_3754,NONE
ORD_3755,NONE
ORD_3756,NONE
ORD_3757,NONE
ORD_3758,TIMING_MISMATCH
ORD_3759,NONE
ORD_3760,NONE
ORD_3761,NONE
ORD_3762,NONE
ORD_3763,NONE
ORD_3764,NONE
ORD_3765,NONE
ORD_3766,NONE
ORD_3767,NONE
ORD_3768,NONE
ORD_3769,NONE
ORD_3770,PARTIAL_REFUND
ORD_3771,NONE
ORD_3772,NONE
ORD_3773,NONE
ORD_3774,NONE
ORD_3775,NONE
ORD_3776,NONE
ORD_3777,NONE
ORD_3778,NONE
ORD_3779,NONE
ORD_3780,SPLIT_SETTLEMENT
ORD_3781,NONE
ORD_3782,NONE
ORD_3783,NONE
ORD_3784,NONE
ORD_3785,NONE
ORD_3786,NONE
ORD_3787,DUPLICATE_PAYMENT
ORD_3788,MISSING_RECORD
ORD_3789,NONE
ORD_3790,NONE
ORD_3791,NONE
ORD_3792,NONE
ORD_3793,NONE
ORD_3794,NONE
ORD_3795,NONE
ORD_3796,NONE
ORD_3797,NONE
ORD_3798,NONE
ORD_3799,NONE
ORD_3800,NONE
ORD_3801,NONE
ORD_3802,NONE
ORD_3803,NONE
ORD_3804,NONE
ORD_3805,NONE
ORD_3806,NONE
ORD_3807,NONE
ORD_3808,NONE
ORD_3809,FEE_DISCREPANCY
ORD_3810,NONE
ORD_3811,NONE
ORD_3812,NONE
ORD_3813,NONE
ORD_3814,NONE
ORD_3815,NONE
ORD_3816,NONE
ORD_3817,NONE
ORD_3818,TIMING_MISMATCH
ORD_3819,NONE
ORD_3820,NONE
ORD_3821,NONE
ORD_3822,NONE
ORD_3823,NONE
ORD_3824,NONE
ORD_3825,NONE
ORD_3826,NONE
ORD_3827,NONE
ORD_3828,NONE
ORD_3829,NONE
ORD_3830,NONE
ORD_3831,NONE
ORD_3832,PARTIAL_REFUND
ORD_3833,NONE
ORD_3834,NONE
ORD_3835,NONE
ORD_3836,NONE
ORD_3837,NONE
ORD_3838,NONE
ORD_3839,NONE
ORD_3840,NONE
ORD_3841,NONE
ORD_3842,NONE
ORD_3843,NONE
ORD_3844,NONE
ORD_3845,NONE
ORD_3846,NONE
ORD_3847,NONE
ORD_3848,NONE
ORD_3849,NONE
ORD_3850,NONE
ORD_3851,NONE
ORD_3852,NONE
ORD_3853,NONE
ORD_3854,NONE
ORD_3855,NONE
ORD_3856,NONE
ORD_3857,NONE
ORD_3858,NONE
ORD_3859,NONE
ORD_3860,SPLIT_SETTLEMENT
ORD_3861,NONE
ORD_3862,NONE
ORD_3863,NONE
ORD_3864,NONE
ORD_3865,DUPLICATE_PAYMENT
ORD_3866,NONE
ORD_3867,NONE
ORD_3868,NONE
ORD_3869,NONE
ORD_3870,NONE
ORD_3871,NONE
ORD_3872,NONE
ORD_3873,NONE
ORD_3874,NONE
ORD_3875,NONE
ORD_3876,NONE
ORD_3877,MISSING_RECORD
ORD_3878,NONE
ORD_3879,NONE
ORD_3880,NONE
ORD_3881,NONE
ORD_3882,NONE
ORD_3883,NONE
ORD_3884,NONE
ORD_3885,NONE
ORD_3886,NONE
ORD_3887,NONE
ORD_3888,NONE
ORD_3889,NONE
ORD_3890,NONE
ORD_3891,NONE
ORD_3892,NONE
ORD_3893,NONE
ORD_3894,NONE
ORD_3895,NONE
ORD_3896,NONE
ORD_3897,NONE
ORD_3898,FEE_DISCREPANCY
ORD_3899,NONE
ORD_3900,NONE
ORD_3901,NONE
ORD_3902,NONE
ORD_3903,TIMING_MISMATCH
ORD_3904,NONE
ORD_3905,NONE
ORD_3906,NONE
ORD_3907,NONE
ORD_3908,NONE
ORD_3909,NONE
ORD_3910,NONE
ORD_3911,PARTIAL_REFUND
ORD_3912,NONE
ORD_3913,NONE
ORD_3914,NONE
ORD_3915,NONE
ORD_3916,NONE
ORD_3917,NONE
ORD_3918,NONE
ORD_3919,NONE
ORD_3920,NONE
ORD_3921,NONE
ORD_3922,NONE
ORD_3923,NONE
ORD_3924,NONE
ORD_3925,NONE
ORD_3926,NONE
ORD_3927,NONE
ORD_3928,NONE
ORD_3929,NONE
ORD_3930,NONE
ORD_3931,NONE
ORD_3932,SPLIT_SETTLEMENT
ORD_3933,NONE
ORD_3934,NONE
ORD_3935,NONE
ORD_3936,NONE
ORD_3937,NONE
ORD_3938,NONE
ORD_3939,NONE
ORD_3940,NONE
ORD_3941,DUPLICATE_PAYMENT
ORD_3942,NONE
ORD_3943,NONE
ORD_3944,NONE
ORD_3945,NONE
ORD_3946,NONE
ORD_3947,NONE
ORD_3948,NONE
ORD_3949,NONE
ORD_3950,NONE
ORD_3951,NONE
ORD_3952,NONE
ORD_3953,NONE
ORD_3954,NONE
ORD_3955,NONE
ORD_3956,NONE
ORD_3957,NONE
ORD_3958,NONE
ORD_3959,NONE
ORD_3960,NONE
ORD_3961,NONE
ORD_3962,NONE
ORD_3963,MISSING_RECORD
ORD_3964,NONE
ORD_3965,NONE
ORD_3966,FEE_DISCREPANCY
ORD_3967,NONE
ORD_3968,NONE
ORD_3969,NONE
ORD_3970,NONE
ORD_3971,NONE
ORD_3972,NONE
ORD_3973,NONE
ORD_3974,TIMING_MISMATCH
ORD_3975,NONE
ORD_3976,NONE
ORD_3977,NONE
ORD_3978,NONE
ORD_3979,NONE
ORD_3980,NONE
ORD_3981,NONE
ORD_3982,NONE
ORD_3983,NONE
ORD_3984,PARTIAL_REFUND
ORD_3985,NONE
ORD_3986,NONE
ORD_3987,NONE
ORD_3988,SPLIT_SETTLEMENT
ORD_3989,DUPLICATE_PAYMENT
ORD_3990,NONE
ORD_3991,NONE
ORD_3992,NONE
ORD_3993,NONE
ORD_3994,NONE
ORD_3995,NONE
ORD_3996,NONE
ORD_3997,NONE
ORD_3998,NONE
ORD_3999,NONE
ORD_4000,NONE
ORD_4001,NONE
ORD_4002,NONE
ORD_4003,NONE
ORD_4004,NONE
ORD_4005,NONE
ORD_4006,NONE
ORD_4007,NONE
ORD_4008,NONE
ORD_4009,NONE
ORD_4010,NONE
ORD_4011,NONE
ORD_4012,NONE
ORD_4013,NONE
ORD_4014,NONE
ORD_4015,NONE
ORD_4016,NONE
ORD_4017,NONE
ORD_4018,NONE
ORD_4019,NONE
ORD_4020,NONE
ORD_4021,NONE
ORD_4022,NONE
ORD_4023,NONE
ORD_4024,NONE
ORD_4025,MISSING_RECORD
ORD_4026,NONE
ORD_4027,NONE
ORD_4028,FEE_DISCREPANCY
ORD_4029,NONE
ORD_4030,NONE
ORD_4031,NONE
ORD_4032,NONE
ORD_4033,TIMING_MISMATCH
ORD_4034,NONE
ORD_4035,NONE
ORD_4036,NONE
ORD_4037,NONE
ORD_4038,NONE
ORD_4039,NONE
ORD_4040,NONE
ORD_4041,NONE
ORD_4042,NONE
ORD_4043,NONE
ORD_4044,NONE
ORD_4045,NONE
ORD_4046,NONE
ORD_4047,NONE
ORD_4048,NONE
ORD_4049,NONE
ORD_4050,NONE
ORD_4051,NONE
ORD_4052,NONE
ORD_4053,NONE
ORD_4054,NONE
ORD_4055,NONE
ORD_4056,NONE
ORD_4057,NONE
ORD_4058,NONE
ORD_4059,NONE
ORD_4060,PARTIAL_REFUND
ORD_4061,NONE
ORD_4062,NONE
ORD_4063,NONE
ORD_4064,SPLIT_SETTLEMENT
ORD_4065,NONE
ORD_4066,NONE
ORD_4067,NONE
ORD_4068,NONE
ORD_4069,NONE
ORD_4070,NONE
ORD_4071,NONE
ORD_4072,NONE
ORD_4073,NONE
ORD_4074,NONE
ORD_4075,NONE
ORD_4076,NONE
ORD_4077,NONE
ORD_4078,NONE
ORD_4079,NONE
ORD_4080,NONE
ORD_4081,NONE
ORD_4082,NONE
ORD_4083,NONE
ORD_4084,NONE
ORD_4085,NONE
ORD_4086,NONE
ORD_4087,NONE
ORD_4088,NONE
ORD_4089,NONE
ORD_4090,NONE
ORD_4091,NONE
ORD_4092,NONE
ORD_4093,NONE
ORD_4094,NONE
ORD_4095,NONE
ORD_4096,NONE
ORD_4097,NONE
ORD_4098,NONE
ORD_4099,NONE
ORD_4100,NONE
ORD_4101,DUPLICATE_PAYMENT
ORD_4102,NONE
ORD_4103,NONE
ORD_4104,NONE
ORD_4105,MISSING_RECORD
ORD_4106,FEE_DISCREPANCY
ORD_4107,NONE
ORD_4108,NONE
ORD_4109,TIMING_MISMATCH
ORD_4110,NONE
ORD_4111,NONE
ORD_4112,NONE
ORD_4113,PARTIAL_REFUND
ORD_4114,SPLIT_SETTLEMENT
ORD_4115,NONE
ORD_4116,NONE
ORD_4117,NONE
ORD_4118,NONE
ORD_4119,NONE
ORD_4120,NONE
ORD_4121,NONE
ORD_4122,NONE
ORD_4123,NONE
ORD_4124,NONE
ORD_4125,NONE
ORD_4126,NONE
ORD_4127,DUPLICATE_PAYMENT
ORD_4128,NONE
ORD_4129,NONE
ORD_4130,NONE
ORD_4131,NONE
ORD_4132,NONE
ORD_4133,NONE
ORD_4134,MISSING_RECORD
ORD_4135,NONE
ORD_4136,NONE
ORD_4137,NONE
ORD_4138,NONE
ORD_4139,NONE
ORD_4140,NONE
ORD_4141,NONE
ORD_4142,NONE
ORD_4143,NONE
ORD_4144,NONE
ORD_4145,NONE
ORD_4146,FEE_DISCREPANCY
ORD_4147,NONE
ORD_4148,NONE
ORD_4149,NONE
ORD_4150,NONE
ORD_4151,NONE
ORD_4152,NONE
ORD_4153,TIMING_MISMATCH
ORD_4154,NONE
ORD_4155,NONE
ORD_4156,PARTIAL_REFUND
ORD_4157,NONE
ORD_4158,NONE
ORD_4159,NONE
ORD_4160,NONE
ORD_4161,NONE
ORD_4162,NONE
ORD_4163,NONE
ORD_4164,NONE
ORD_4165,NONE
ORD_4166,NONE
ORD_4167,NONE
ORD_4168,NONE
ORD_4169,NONE
ORD_4170,NONE
ORD_4171,NONE
ORD_4172,NONE
ORD_4173,NONE
ORD_4174,NONE
ORD_4175,NONE
ORD_4176,NONE
ORD_4177,NONE
ORD_4178,NONE
ORD_4179,NONE
ORD_4180,NONE
ORD_4181,NONE
ORD_4182,NONE
ORD_4183,NONE
ORD_4184,NONE
ORD_4185,NONE
ORD_4186,NONE
ORD_4187,NONE
ORD_4188,NONE
ORD_4189,NONE
ORD_4190,NONE
ORD_4191,NONE
ORD_4192,NONE
ORD_4193,NONE
ORD_4194,NONE
ORD_4195,NONE
ORD_4196,NONE
ORD_4197,NONE
ORD_4198,NONE
ORD_4199,SPLIT_SETTLEMENT
ORD_4200,NONE
ORD_4201,NONE
ORD_4202,NONE
ORD_4203,NONE
ORD_4204,NONE
ORD_4205,NONE
ORD_4206,NONE
ORD_4207,NONE
ORD_4208,NONE
ORD_4209,NONE
ORD_4210,NONE
ORD_4211,NONE
ORD_4212,NONE
ORD_4213,NONE
ORD_4214,NONE
ORD_4215,NONE
ORD_4216,NONE
ORD_4217,NONE
ORD_4218,NONE
ORD_4219,NONE
ORD_4220,NONE
ORD_4221,NONE
ORD_4222,NONE
ORD_4223,NONE
ORD_4224,NONE
ORD_4225,NONE
ORD_4226,NONE
ORD_4227,NONE
ORD_4228,NONE
ORD_4229,NONE
ORD_4230,NONE
ORD_4231,NONE
ORD_4232,NONE
ORD_4233,NONE
ORD_4234,NONE
ORD_4235,NONE
ORD_4236,NONE
ORD_4237,NONE
ORD_4238,NONE
ORD_4239,NONE
ORD_4240,NONE
ORD_4241,NONE
ORD_4242,DUPLICATE_PAYMENT
ORD_4243,MISSING_RECORD
ORD_4244,NONE
ORD_4245,NONE
ORD_4246,NONE
ORD_4247,NONE
ORD_4248,NONE
ORD_4249,NONE
ORD_4250,NONE
ORD_4251,NONE
ORD_4252,NONE
ORD_4253,NONE
ORD_4254,NONE
ORD_4255,NONE
ORD_4256,NONE
ORD_4257,NONE
ORD_4258,NONE
ORD_4259,NONE
ORD_4260,NONE
ORD_4261,NONE
ORD_4262,NONE
ORD_4263,NONE
ORD_4264,NONE
ORD_4265,FEE_DISCREPANCY
ORD_4266,NONE
ORD_4267,NONE
ORD_4268,NONE
ORD_4269,TIMING_MISMATCH
ORD_4270,NONE
ORD_4271,NONE
ORD_4272,PARTIAL_REFUND
ORD_4273,NONE
ORD_4274,SPLIT_SETTLEMENT
ORD_4275,DUPLICATE_PAYMENT
ORD_4276,NONE
ORD_4277,NONE
ORD_4278,NONE
ORD_4279,NONE
ORD_4280,NONE
ORD_4281,NONE
ORD_4282,NONE
ORD_4283,NONE
ORD_4284,NONE
ORD_4285,NONE
ORD_4286,MISSING_RECORD
ORD_4287,FEE_DISCREPANCY
ORD_4288,NONE
ORD_4289,NONE
ORD_4290,NONE
ORD_4291,NONE
ORD_4292,NONE
ORD_4293,NONE
ORD_4294,NONE
ORD_4295,NONE
ORD_4296,NONE
ORD_4297,TIMING_MISMATCH
ORD_4298,NONE
ORD_4299,PARTIAL_REFUND
ORD_4300,NONE
ORD_4301,NONE
ORD_4302,NONE
ORD_4303,NONE
ORD_4304,NONE
ORD_4305,NONE
ORD_4306,NONE
ORD_4307,NONE
ORD_4308,SPLIT_SETTLEMENT
ORD_4309,NONE
ORD_4310,NONE
ORD_4311,NONE
ORD_4312,NONE
ORD_4313,NONE
ORD_4314,NONE
ORD_4315,NONE
ORD_4316,NONE
ORD_4317,NONE
ORD_4318,NONE
ORD_4319,NONE
ORD_4320,NONE
ORD_4321,NONE
ORD_4322,NONE
ORD_4323,NONE
ORD_4324,NONE
ORD_4325,NONE
ORD_4326,NONE
ORD_4327,DUPLICATE_PAYMENT
ORD_4328,NONE
ORD_4329,NONE
ORD_4330,MISSING_RECORD
ORD_4331,NONE
ORD_4332,NONE
ORD_4333,NONE
ORD_4334,NONE
ORD_4335,FEE_DISCREPANCY
ORD_4336,NONE
ORD_4337,NONE
ORD_4338,NONE
ORD_4339,NONE
ORD_4340,NONE
ORD_4341,NONE
ORD_4342,NONE
ORD_4343,NONE
ORD_4344,NONE
ORD_4345,NONE
ORD_4346,TIMING_MISMATCH
ORD_4347,NONE
ORD_4348,NONE
ORD_4349,NONE
ORD_4350,NONE
ORD_4351,NONE
ORD_4352,NONE
ORD_4353,NONE
ORD_4354,NONE
ORD_4355,NONE
ORD_4356,NONE
ORD_4357,NONE
ORD_4358,NONE
ORD_4359,NONE
ORD_4360,NONE
ORD_4361,NONE
ORD_4362,NONE
ORD_4363,NONE
ORD_4364,NONE
ORD_4365,NONE
ORD_4366,NONE
ORD_4367,NONE
ORD_4368,PARTIAL_REFUND
ORD_4369,NONE
ORD_4370,NONE
ORD_4371,NONE
ORD_4372,NONE
ORD_4373,SPLIT_SETTLEMENT
ORD_4374,NONE
ORD_4375,NONE
ORD_4376,NONE
ORD_4377,NONE
ORD_4378,DUPLICATE_PAYMENT
ORD_4379,NONE
ORD_4380,NONE
ORD_4381,NONE
ORD_4382,NONE
ORD_4383,NONE
ORD_4384,NONE
ORD_4385,NONE
ORD_4386,NONE
ORD_4387,NONE
ORD_4388,NONE
ORD_4389,NONE
ORD_4390,NONE
ORD_4391,NONE
ORD_4392,NONE
ORD_4393,NONE
ORD_4394,NONE
ORD_4395,NONE
ORD_4396,MISSING_RECORD
ORD_4397,NONE
ORD_4398,NONE
ORD_4399,NONE
ORD_4400,NONE
ORD_4401,NONE
ORD_4402,NONE
ORD_4403,NONE
ORD_4404,NONE
ORD_4405,NONE
ORD_4406,NONE
ORD_4407,NONE
ORD_4408,NONE
ORD_4409,NONE
ORD_4410,NONE
ORD_4411,NONE
ORD_4412,NONE
ORD_4413,NONE
ORD_4414,NONE
ORD_4415,NONE
ORD_4416,NONE
ORD_4417,NONE
ORD_4418,NONE
ORD_4419,NONE
ORD_4420,NONE
ORD_4421,NONE
ORD_4422,NONE
ORD_4423,NONE
ORD_4424,NONE
ORD_4425,NONE
ORD_4426,NONE
ORD_4427,NONE
ORD_4428,NONE
ORD_4429,NONE
ORD_4430,NONE
ORD_4431,NONE
ORD_4432,NONE
ORD_4433,NONE
ORD_4434,NONE
ORD_4435,FEE_DISCREPANCY
ORD_4436,NONE
ORD_4437,TIMING_MISMATCH
ORD_4438,NONE
ORD_4439,NONE
ORD_4440,NONE
ORD_4441,NONE
ORD_4442,NONE
ORD_4443,NONE
ORD_4444,NONE
ORD_4445,PARTIAL_REFUND
ORD_4446,NONE
ORD_4447,NONE
ORD_4448,NONE
ORD_4449,NONE
ORD_4450,NONE
ORD_4451,NONE
ORD_4452,NONE
ORD_4453,NONE
ORD_4454,NONE
ORD_4455,NONE
ORD_4456,NONE
ORD_4457,SPLIT_SETTLEMENT
ORD_4458,NONE
ORD_4459,DUPLICATE_PAYMENT
ORD_4460,NONE
ORD_4461,NONE
ORD_4462,NONE
ORD_4463,MISSING_RECORD
ORD_4464,NONE
ORD_4465,NONE
ORD_4466,FEE_DISCREPANCY
ORD_4467,TIMING_MISMATCH
ORD_4468,NONE
ORD_4469,NONE
ORD_4470,PARTIAL_REFUND
ORD_4471,NONE
ORD_4472,NONE
ORD_4473,NONE
ORD_4474,NONE
ORD_4475,NONE
ORD_4476,NONE
ORD_4477,NONE
ORD_4478,NONE
ORD_4479,NONE
ORD_4480,NONE
ORD_4481,NONE
ORD_4482,NONE
ORD_4483,NONE
ORD_4484,NONE
ORD_4485,NONE
ORD_4486,NONE
ORD_4487,NONE
ORD_4488,NONE
ORD_4489,NONE
ORD_4490,NONE
ORD_4491,NONE
ORD_4492,NONE
ORD_4493,NONE
ORD_4494,NONE
ORD_4495,NONE
ORD_4496,NONE
ORD_4497,NONE
ORD_4498,NONE
ORD_4499,NONE
ORD_4500,NONE
ORD_4501,NONE
ORD_4502,NONE
ORD_4503,NONE
ORD_4504,SPLIT_SETTLEMENT
ORD_4505,NONE
ORD_4506,NONE
ORD_4507,NONE
ORD_4508,NONE
ORD_4509,NONE
ORD_4510,DUPLICATE_PAYMENT
ORD_4511,NONE
ORD_4512,NONE
ORD_4513,NONE
ORD_4514,NONE
ORD_4515,NONE
ORD_4516,NONE
ORD_4517,NONE
ORD_4518,NONE
ORD_4519,NONE
ORD_4520,NONE
ORD_4521,MISSING_RECORD
ORD_4522,FEE_DISCREPANCY
ORD_4523,NONE
ORD_4524,NONE
ORD_4525,NONE
ORD_4526,NONE
ORD_4527,NONE
ORD_4528,NONE
ORD_4529,NONE
ORD_4530,NONE
ORD_4531,NONE
ORD_4532,TIMING_MISMATCH
ORD_4533,NONE
ORD_4534,PARTIAL_REFUND
ORD_4535,NONE
ORD_4536,NONE
ORD_4537,NONE
ORD_4538,NONE
ORD_4539,NONE
ORD_4540,NONE
ORD_4541,NONE
ORD_4542,NONE
ORD_4543,NONE
ORD_4544,NONE
ORD_4545,NONE
ORD_4546,NONE
ORD_4547,NONE
ORD_4548,NONE
ORD_4549,NONE
ORD_4550,NONE
ORD_4551,NONE
ORD_4552,NONE
ORD_4553,NONE
ORD_4554,NONE
ORD_4555,NONE
ORD_4556,NONE
ORD_4557,NONE
ORD_4558,NONE
ORD_4559,NONE
ORD_4560,SPLIT_SETTLEMENT
ORD_4561,NONE
ORD_4562,DUPLICATE_PAYMENT
ORD_4563,NONE
ORD_4564,NONE
ORD_4565,NONE
ORD_4566,NONE
ORD_4567,NONE
ORD_4568,NONE
ORD_4569,NONE
ORD_4570,NONE
ORD_4571,NONE
ORD_4572,NONE
ORD_4573,MISSING_RECORD
ORD_4574,NONE
ORD_4575,FEE_DISCREPANCY
ORD_4576,NONE
ORD_4577,NONE
ORD_4578,NONE
ORD_4579,NONE
ORD_4580,NONE
ORD_4581,NONE
ORD_4582,NONE
ORD_4583,NONE
ORD_4584,NONE
ORD_4585,NONE
ORD_4586,NONE
ORD_4587,NONE
ORD_4588,NONE
ORD_4589,TIMING_MISMATCH
ORD_4590,PARTIAL_REFUND
ORD_4591,NONE
ORD_4592,NONE
ORD_4593,NONE
ORD_4594,NONE
ORD_4595,NONE
ORD_4596,NONE
ORD_4597,NONE
ORD_4598,NONE
ORD_4599,NONE
ORD_4600,NONE
ORD_4601,NONE
ORD_4602,NONE
ORD_4603,NONE
ORD_4604,NONE
ORD_4605,NONE
ORD_4606,NONE
ORD_4607,NONE
ORD_4608,NONE
ORD_4609,NONE
ORD_4610,NONE
ORD_4611,NONE
ORD_4612,NONE
ORD_4613,NONE
ORD_4614,NONE
ORD_4615,NONE
ORD_4616,NONE
ORD_4617,NONE
ORD_4618,NONE
ORD_4619,NONE
ORD_4620,SPLIT_SETTLEMENT
ORD_4621,NONE
ORD_4622,NONE
ORD_4623,DUPLICATE_PAYMENT
ORD_4624,NONE
ORD_4625,NONE
ORD_4626,NONE
ORD_4627,NONE
ORD_4628,NONE
ORD_4629,NONE
ORD_4630,NONE
ORD_4631,MISSING_RECORD
ORD_4632,NONE
ORD_4633,NONE
ORD_4634,NONE
ORD_4635,NONE
ORD_4636,NONE
ORD_4637,NONE
ORD_4638,NONE
ORD_4639,NONE
ORD_4640,NONE
ORD_4641,NONE
ORD_4642,NONE
ORD_4643,NONE
ORD_4644,NONE
ORD_4645,NONE
ORD_4646,NONE
ORD_4647,NONE
ORD_4648,NONE
ORD_4649,NONE
ORD_4650,NONE
ORD_4651,NONE
ORD_4652,NONE
ORD_4653,NONE
ORD_4654,NONE
ORD_4655,NONE
ORD_4656,NONE
ORD_4657,NONE
ORD_4658,NONE
ORD_4659,NONE
ORD_4660,NONE
ORD_4661,NONE
ORD_4662,NONE
ORD_4663,NONE
ORD_4664,NONE
ORD_4665,NONE
ORD_4666,NONE
ORD_4667,NONE
ORD_4668,NONE
ORD_4669,NONE
ORD_4670,NONE
ORD_4671,NONE
ORD_4672,NONE
ORD_4673,NONE
ORD_4674,NONE
ORD_4675,NONE
ORD_4676,FEE_DISCREPANCY
ORD_4677,NONE
ORD_4678,NONE
ORD_4679,NONE
ORD_4680,TIMING_MISMATCH
ORD_4681,NONE
ORD_4682,NONE
ORD_4683,NONE
ORD_4684,NONE
ORD_4685,NONE
ORD_4686,NONE
ORD_4687,NONE
ORD_4688,NONE
ORD_4689,NONE
ORD_4690,NONE
ORD_4691,NONE
ORD_4692,NONE
ORD_4693,NONE
ORD_4694,NONE
ORD_4695,NONE
ORD_4696,NONE
ORD_4697,NONE
ORD_4698,NONE
ORD_4699,PARTIAL_REFUND
ORD_4700,NONE
ORD_4701,NONE
ORD_4702,NONE
ORD_4703,NONE
ORD_4704,NONE
ORD_4705,NONE
ORD_4706,NONE
ORD_4707,NONE
ORD_4708,NONE
ORD_4709,NONE
ORD_4710,NONE
ORD_4711,NONE
ORD_4712,NONE
ORD_4713,NONE
ORD_4714,NONE
ORD_4715,SPLIT_SETTLEMENT
ORD_4716,NONE
ORD_4717,DUPLICATE_PAYMENT
ORD_4718,NONE
ORD_4719,NONE
ORD_4720,NONE
ORD_4721,NONE
ORD_4722,NONE
ORD_4723,NONE
ORD_4724,NONE
ORD_4725,NONE
ORD_4726,NONE
ORD_4727,NONE
ORD_4728,MISSING_RECORD
ORD_4729,NONE
ORD_4730,NONE
ORD_4731,FEE_DISCREPANCY
ORD_4732,NONE
ORD_4733,NONE
ORD_4734,NONE
ORD_4735,NONE
ORD_4736,NONE
ORD_4737,NONE
ORD_4738,NONE
ORD_4739,NONE
ORD_4740,NONE
ORD_4741,NONE
ORD_4742,NONE
ORD_4743,NONE
ORD_4744,NONE
ORD_4745,NONE
ORD_4746,TIMING_MISMATCH
ORD_4747,NONE
ORD_4748,NONE
ORD_4749,NONE
ORD_4750,NONE
ORD_4751,NONE
ORD_4752,NONE
ORD_4753,NONE
ORD_4754,NONE
ORD_4755,PARTIAL_REFUND
ORD_4756,NONE
ORD_4757,NONE
ORD_4758,NONE
ORD_4759,SPLIT_SETTLEMENT
ORD_4760,NONE
ORD_4761,NONE
ORD_4762,NONE
ORD_4763,NONE
ORD_4764,DUPLICATE_PAYMENT
ORD_4765,NONE
ORD_4766,NONE
ORD_4767,NONE
ORD_4768,NONE
ORD_4769,NONE
ORD_4770,NONE
ORD_4771,MISSING_RECORD
ORD_4772,NONE
ORD_4773,NONE
ORD_4774,NONE
ORD_4775,NONE
ORD_4776,NONE
ORD_4777,NONE
ORD_4778,NONE
ORD_4779,NONE
ORD_4780,NONE
ORD_4781,NONE
ORD_4782,NONE
ORD_4783,NONE
ORD_4784,NONE
ORD_4785,NONE
ORD_4786,NONE
ORD_4787,FEE_DISCREPANCY
ORD_4788,NONE
ORD_4789,NONE
ORD_4790,TIMING_MISMATCH
ORD_4791,NONE
ORD_4792,NONE
ORD_4793,NONE
ORD_4794,NONE
ORD_4795,NONE
ORD_4796,NONE
ORD_4797,NONE
ORD_4798,NONE
ORD_4799,NONE
ORD_4800,NONE
ORD_4801,NONE
ORD_4802,NONE
ORD_4803,NONE
ORD_4804,NONE
ORD_4805,NONE
ORD_4806,NONE
ORD_4807,NONE
ORD_4808,NONE
ORD_4809,NONE
ORD_4810,PARTIAL_REFUND
ORD_4811,NONE
ORD_4812,NONE
ORD_4813,NONE
ORD_4814,NONE
ORD_4815,NONE
ORD_4816,NONE
ORD_4817,NONE
ORD_4818,NONE
ORD_4819,NONE
ORD_4820,NONE
ORD_4821,NONE
ORD_4822,NONE
ORD_4823,NONE
ORD_4824,NONE
ORD_4825,NONE
ORD_4826,SPLIT_SETTLEMENT
ORD_4827,NONE
ORD_4828,NONE
ORD_4829,NONE
ORD_4830,NONE
ORD_4831,NONE
ORD_4832,NONE
ORD_4833,NONE
ORD_4834,NONE
ORD_4835,DUPLICATE_PAYMENT
ORD_4836,NONE
ORD_4837,NONE
ORD_4838,NONE
ORD_4839,NONE
ORD_4840,NONE
ORD_4841,NONE
ORD_4842,NONE
ORD_4843,NONE
ORD_4844,NONE
ORD_4845,NONE
ORD_4846,NONE
ORD_4847,NONE
ORD_4848,NONE
ORD_4849,NONE
ORD_4850,NONE
ORD_4851,NONE
ORD_4852,NONE
ORD_4853,NONE
ORD_4854,NONE
ORD_4855,NONE
ORD_4856,MISSING_RECORD
ORD_4857,NONE
ORD_4858,NONE
ORD_4859,NONE
ORD_4860,NONE
ORD_4861,NONE
ORD_4862,NONE
ORD_4863,NONE
ORD_4864,NONE
ORD_4865,NONE
ORD_4866,NONE
ORD_4867,NONE
ORD_4868,NONE
ORD_4869,NONE
ORD_4870,NONE
ORD_4871,NONE
ORD_4872,NONE
ORD_4873,FEE_DISCREPANCY
ORD_4874,NONE
ORD_4875,TIMING_MISMATCH
ORD_4876,NONE
ORD_4877,PARTIAL_REFUND
ORD_4878,NONE
ORD_4879,NONE
ORD_4880,NONE
ORD_4881,NONE
ORD_4882,NONE
ORD_4883,NONE
ORD_4884,NONE
ORD_4885,NONE
ORD_4886,NONE
ORD_4887,NONE
ORD_4888,NONE
ORD_4889,NONE
ORD_4890,NONE
ORD_4891,NONE
ORD_4892,NONE
ORD_4893,SPLIT_SETTLEMENT
ORD_4894,DUPLICATE_PAYMENT
ORD_4895,NONE
ORD_4896,NONE
ORD_4897,NONE
ORD_4898,NONE
ORD_4899,NONE
ORD_4900,NONE
ORD_4901,NONE
ORD_4902,NONE
ORD_4903,NONE
ORD_4904,NONE
ORD_4905,NONE
ORD_4906,MISSING_RECORD
ORD_4907,NONE
ORD_4908,NONE
ORD_4909,NONE
ORD_4910,NONE
ORD_4911,NONE
ORD_4912,NONE
ORD_4913,NONE
ORD_4914,NONE
ORD_4915,NONE
ORD_4916,NONE
ORD_4917,NONE
ORD_4918,NONE
ORD_4919,NONE
ORD_4920,NONE
ORD_4921,NONE
ORD_4922,NONE
ORD_4923,NONE
ORD_4924,NONE
ORD_4925,NONE
ORD_4926,NONE
ORD_4927,NONE
ORD_4928,NONE
ORD_4929,NONE
ORD_4930,NONE
ORD_4931,NONE
ORD_4932,NONE
ORD_4933,NONE
ORD_4934,NONE
ORD_4935,NONE
ORD_4936,NONE
ORD_4937,NONE
ORD_4938,NONE
ORD_4939,NONE
ORD_4940,NONE
ORD_4941,NONE
ORD_4942,NONE
ORD_4943,NONE
ORD_4944,FEE_DISCREPANCY
ORD_4945,NONE
ORD_4946,NONE
ORD_4947,NONE
ORD_4948,NONE
ORD_4949,NONE
ORD_4950,NONE
ORD_4951,NONE
ORD_4952,NONE
ORD_4953,NONE
ORD_4954,NONE
ORD_4955,NONE
ORD_4956,NONE
ORD_4957,NONE
ORD_4958,NONE
ORD_4959,NONE
ORD_4960,NONE
ORD_4961,NONE
ORD_4962,NONE
ORD_4963,NONE
ORD_4964,NONE
ORD_4965,NONE
ORD_4966,NONE
ORD_4967,NONE
ORD_4968,NONE
ORD_4969,NONE
ORD_4970,NONE
ORD_4971,NONE
ORD_4972,NONE
ORD_4973,NONE
ORD_4974,NONE
ORD_4975,NONE
ORD_4976,NONE
ORD_4977,TIMING_MISMATCH
ORD_4978,NONE
ORD_4979,PARTIAL_REFUND
ORD_4980,NONE
ORD_4981,NONE
ORD_4982,SPLIT_SETTLEMENT
ORD_4983,NONE
ORD_4984,NONE
ORD_4985,NONE
ORD_4986,NONE
ORD_4987,DUPLICATE_PAYMENT
ORD_4988,NONE
ORD_4989,NONE
ORD_4990,NONE
ORD_4991,NONE
ORD_4992,NONE
ORD_4993,NONE
ORD_4994,NONE
ORD_4995,NONE
ORD_4996,NONE
ORD_4997,NONE
ORD_4998,NONE
ORD_4999,NONE
ORD_5000,NONE
ORD_5001,NONE
ORD_5002,NONE
ORD_5003,MISSING_RECORD
ORD_5004,NONE
ORD_5005,NONE
ORD_5006,NONE
ORD_5007,NONE
ORD_5008,NONE
ORD_5009,NONE
ORD_5010,NONE
ORD_5011,NONE
ORD_5012,NONE
ORD_5013,NONE
ORD_5014,NONE
ORD_5015,NONE
ORD_5016,NONE
ORD_5017,NONE
ORD_5018,NONE
ORD_5019,NONE
ORD_5020,NONE
ORD_5021,NONE
ORD_5022,NONE
ORD_5023,NONE
ORD_5024,NONE
ORD_5025,NONE
ORD_5026,NONE
ORD_5027,NONE
ORD_5028,NONE
ORD_5029,NONE
ORD_5030,NONE
ORD_5031,NONE
ORD_5032,NONE
ORD_5033,NONE
ORD_5034,NONE
ORD_5035,NONE
ORD_5036,NONE
ORD_5037,NONE
ORD_5038,NONE
ORD_5039,NONE
ORD_5040,NONE
ORD_5041,NONE
ORD_5042,NONE
ORD_5043,FEE_DISCREPANCY
ORD_5044,NONE
ORD_5045,NONE
ORD_5046,NONE
ORD_5047,NONE
ORD_5048,NONE
ORD_5049,NONE
ORD_5050,TIMING_MISMATCH
ORD_5051,NONE
ORD_5052,NONE
ORD_5053,NONE
ORD_5054,NONE
ORD_5055,NONE
ORD_5056,NONE
ORD_5057,NONE
ORD_5058,NONE
ORD_5059,NONE
ORD_5060,NONE
ORD_5061,NONE
ORD_5062,NONE
ORD_5063,NONE
ORD_5064,NONE
ORD_5065,NONE
ORD_5066,NONE
ORD_5067,NONE
ORD_5068,NONE
ORD_5069,NONE
ORD_5070,NONE
ORD_5071,NONE
ORD_5072,NONE
ORD_5073,NONE
ORD_5074,NONE
ORD_5075,NONE
ORD_5076,NONE
ORD_5077,NONE
ORD_5078,NONE
ORD_5079,NONE
ORD_5080,NONE
ORD_5081,NONE
ORD_5082,NONE
ORD_5083,NONE
ORD_5084,NONE
ORD_5085,NONE
ORD_5086,NONE
ORD_5087,NONE
ORD_5088,NONE
ORD_5089,NONE
ORD_5090,PARTIAL_REFUND
ORD_5091,NONE
ORD_5092,NONE
ORD_5093,NONE
ORD_5094,NONE
ORD_5095,NONE
ORD_5096,NONE
ORD_5097,NONE
ORD_5098,NONE
ORD_5099,NONE
ORD_5100,NONE
ORD_5101,SPLIT_SETTLEMENT
ORD_5102,NONE
ORD_5103,NONE
ORD_5104,NONE
ORD_5105,NONE
ORD_5106,NONE
ORD_5107,NONE
ORD_5108,NONE
ORD_5109,NONE
ORD_5110,NONE
ORD_5111,NONE
ORD_5112,NONE
ORD_5113,NONE
ORD_5114,NONE
ORD_5115,NONE
ORD_5116,NONE
ORD_5117,NONE
ORD_5118,NONE
ORD_5119,NONE
ORD_5120,DUPLICATE_PAYMENT
ORD_5121,NONE
ORD_5122,NONE
ORD_5123,NONE
ORD_5124,NONE
ORD_5125,NONE
ORD_5126,NONE
ORD_5127,NONE
ORD_5128,NONE
ORD_5129,NONE
ORD_5130,NONE
ORD_5131,NONE
ORD_5132,NONE
ORD_5133,NONE
ORD_5134,NONE
ORD_5135,NONE
ORD_5136,NONE
ORD_5137,NONE
ORD_5138,NONE
ORD_5139,NONE
ORD_5140,MISSING_RECORD
ORD_5141,FEE_DISCREPANCY
ORD_5142,NONE
ORD_5143,NONE
ORD_5144,NONE
ORD_5145,TIMING_MISMATCH
ORD_5146,NONE
ORD_5147,NONE
ORD_5148,NONE
ORD_5149,NONE
ORD_5150,NONE
ORD_5151,NONE
ORD_5152,NONE
ORD_5153,NONE
ORD_5154,NONE
ORD_5155,PARTIAL_REFUND
ORD_5156,NONE
ORD_5157,NONE
ORD_5158,NONE
ORD_5159,SPLIT_SETTLEMENT
ORD_5160,NONE
ORD_5161,DUPLICATE_PAYMENT
ORD_5162,NONE
ORD_5163,NONE
ORD_5164,NONE
ORD_5165,NONE
ORD_5166,NONE
ORD_5167,NONE
ORD_5168,NONE
ORD_5169,NONE
ORD_5170,NONE
ORD_5171,NONE
ORD_5172,NONE
ORD_5173,NONE
ORD_5174,MISSING_RECORD
ORD_5175,FEE_DISCREPANCY
ORD_5176,NONE
ORD_5177,NONE
ORD_5178,NONE
ORD_5179,NONE
ORD_5180,NONE
ORD_5181,NONE
ORD_5182,NONE
ORD_5183,NONE
ORD_5184,NONE
ORD_5185,NONE
ORD_5186,NONE
ORD_5187,NONE
ORD_5188,TIMING_MISMATCH
ORD_5189,NONE
ORD_5190,PARTIAL_REFUND
ORD_5191,NONE
ORD_5192,NONE
ORD_5193,NONE
ORD_5194,NONE
ORD_5195,NONE
ORD_5196,NONE
ORD_5197,NONE
ORD_5198,NONE
ORD_5199,NONE
ORD_5200,NONE
ORD_5201,NONE
ORD_5202,NONE
ORD_5203,NONE
ORD_5204,NONE
ORD_5205,NONE
ORD_5206,NONE
ORD_5207,NONE
ORD_5208,NONE
ORD_5209,NONE
ORD_5210,NONE
ORD_5211,NONE
ORD_5212,SPLIT_SETTLEMENT
ORD_5213,NONE
ORD_5214,NONE
ORD_5215,NONE
ORD_5216,NONE
ORD_5217,NONE
ORD_5218,NONE
ORD_5219,NONE
ORD_5220,NONE
ORD_5221,NONE
ORD_5222,NONE
ORD_5223,DUPLICATE_PAYMENT
ORD_5224,NONE
ORD_5225,NONE
ORD_5226,NONE
ORD_5227,NONE
ORD_5228,NONE
ORD_5229,NONE
ORD_5230,NONE
ORD_5231,NONE
ORD_5232,NONE
ORD_5233,NONE
ORD_5234,NONE
ORD_5235,NONE
ORD_5236,NONE
ORD_5237,NONE
ORD_5238,NONE
ORD_5239,NONE
ORD_5240,MISSING_RECORD
ORD_5241,NONE
ORD_5242,NONE
ORD_5243,NONE
ORD_5244,NONE
ORD_5245,NONE
ORD_5246,NONE
ORD_5247,NONE
ORD_5248,NONE
ORD_5249,NONE
ORD_5250,NONE
ORD_5251,NONE
ORD_5252,NONE
ORD_5253,NONE
ORD_5254,NONE
ORD_5255,NONE
ORD_5256,NONE
ORD_5257,NONE
ORD_5258,NONE
ORD_5259,NONE
ORD_5260,FEE_DISCREPANCY
ORD_5261,NONE
ORD_5262,NONE
ORD_5263,NONE
ORD_5264,NONE
ORD_5265,NONE
ORD_5266,NONE
ORD_5267,NONE
ORD_5268,NONE
ORD_5269,NONE
ORD_5270,NONE
ORD_5271,NONE
ORD_5272,NONE
ORD_5273,NONE
ORD_5274,NONE
ORD_5275,NONE
ORD_5276,NONE
ORD_5277,NONE
ORD_5278,NONE
ORD_5279,NONE
ORD_5280,NONE
ORD_5281,NONE
ORD_5282,NONE
ORD_5283,TIMING_MISMATCH
ORD_5284,NONE
ORD_5285,NONE
ORD_5286,NONE
ORD_5287,NONE
ORD_5288,NONE
ORD_5289,NONE
ORD_5290,NONE
ORD_5291,NONE
ORD_5292,NONE
ORD_5293,NONE
ORD_5294,NONE
ORD_5295,NONE
ORD_5296,NONE
ORD_5297,NONE
ORD_5298,NONE
ORD_5299,NONE
ORD_5300,NONE
ORD_5301,NONE
ORD_5302,NONE
ORD_5303,NONE
ORD_5304,NONE
ORD_5305,NONE
ORD_5306,NONE
ORD_5307,NONE
ORD_5308,NONE
ORD_5309,NONE
ORD_5310,NONE
ORD_5311,NONE
ORD_5312,NONE
ORD_5313,NONE
ORD_5314,NONE
ORD_5315,NONE
ORD_5316,NONE
ORD_5317,NONE
ORD_5318,NONE
ORD_5319,NONE
ORD_5320,NONE
ORD_5321,NONE
ORD_5322,NONE
ORD_5323,PARTIAL_REFUND
ORD_5324,NONE
ORD_5325,NONE
ORD_5326,NONE
ORD_5327,NONE
ORD_5328,NONE
ORD_5329,NONE
ORD_5330,NONE
ORD_5331,NONE
ORD_5332,NONE
ORD_5333,NONE
ORD_5334,SPLIT_SETTLEMENT
ORD_5335,DUPLICATE_PAYMENT
ORD_5336,NONE
ORD_5337,NONE
ORD_5338,NONE
ORD_5339,NONE
ORD_5340,NONE
ORD_5341,NONE
ORD_5342,NONE
ORD_5343,NONE
ORD_5344,NONE
ORD_5345,MISSING_RECORD
ORD_5346,NONE
ORD_5347,NONE
ORD_5348,NONE
ORD_5349,NONE
ORD_5350,NONE
ORD_5351,FEE_DISCREPANCY
ORD_5352,NONE
ORD_5353,NONE
ORD_5354,NONE
ORD_5355,NONE
ORD_5356,NONE
ORD_5357,NONE
ORD_5358,NONE
ORD_5359,NONE
ORD_5360,NONE
ORD_5361,NONE
ORD_5362,NONE
ORD_5363,NONE
ORD_5364,TIMING_MISMATCH
ORD_5365,NONE
ORD_5366,NONE
ORD_5367,NONE
ORD_5368,NONE
ORD_5369,NONE
ORD_5370,NONE
ORD_5371,NONE
ORD_5372,NONE
ORD_5373,NONE
ORD_5374,NONE
ORD_5375,NONE
ORD_5376,PARTIAL_REFUND
ORD_5377,NONE
ORD_5378,NONE
ORD_5379,NONE
ORD_5380,NONE
ORD_5381,NONE
ORD_5382,NONE
ORD_5383,NONE
ORD_5384,NONE
ORD_5385,NONE
ORD_5386,NONE
ORD_5387,NONE
ORD_5388,NONE
ORD_5389,NONE
ORD_5390,NONE
ORD_5391,NONE
ORD_5392,NONE
ORD_5393,SPLIT_SETTLEMENT
ORD_5394,DUPLICATE_PAYMENT
ORD_5395,NONE
ORD_5396,NONE
ORD_5397,NONE
ORD_5398,NONE
ORD_5399,MISSING_RECORD
ORD_5400,NONE
ORD_5401,NONE
ORD_5402,NONE
ORD_5403,NONE
ORD_5404,NONE
ORD_5405,FEE_DISCREPANCY
ORD_5406,NONE
ORD_5407,NONE
ORD_5408,NONE
ORD_5409,NONE
ORD_5410,NONE
ORD_5411,TIMING_MISMATCH
ORD_5412,NONE
ORD_5413,NONE
ORD_5414,NONE
ORD_5415,NONE
ORD_5416,PARTIAL_REFUND
ORD_5417,NONE
ORD_5418,SPLIT_SETTLEMENT
ORD_5419,DUPLICATE_PAYMENT
ORD_5420,NONE
ORD_5421,NONE
ORD_5422,NONE
ORD_5423,NONE
ORD_5424,NONE
ORD_5425,NONE
ORD_5426,NONE
ORD_5427,NONE
ORD_5428,NONE
ORD_5429,MISSING_RECORD
ORD_5430,NONE
ORD_5431,NONE
ORD_5432,NONE
ORD_5433,NONE
ORD_5434,NONE
ORD_5435,NONE
ORD_5436,NONE
ORD_5437,NONE
ORD_5438,NONE
ORD_5439,NONE
ORD_5440,NONE
ORD_5441,NONE
ORD_5442,FEE_DISCREPANCY
ORD_5443,NONE
ORD_5444,NONE
ORD_5445,NONE
ORD_5446,NONE
ORD_5447,NONE
ORD_5448,NONE
ORD_5449,NONE
ORD_5450,NONE
ORD_5451,TIMING_MISMATCH
ORD_5452,NONE
ORD_5453,NONE
ORD_5454,NONE
ORD_5455,NONE
ORD_5456,NONE
ORD_5457,NONE
ORD_5458,NONE
ORD_5459,NONE
ORD_5460,NONE
ORD_5461,NONE
ORD_5462,NONE
ORD_5463,NONE
ORD_5464,NONE
ORD_5465,PARTIAL_REFUND
ORD_5466,NONE
ORD_5467,NONE
ORD_5468,SPLIT_SETTLEMENT
ORD_5469,NONE
ORD_5470,DUPLICATE_PAYMENT
ORD_5471,NONE
ORD_5472,NONE
ORD_5473,NONE
ORD_5474,NONE
ORD_5475,NONE
ORD_5476,NONE
ORD_5477,NONE
ORD_5478,NONE
ORD_5479,NONE
ORD_5480,NONE
ORD_5481,NONE
ORD_5482,NONE
ORD_5483,NONE
ORD_5484,NONE
ORD_5485,NONE
ORD_5486,NONE
ORD_5487,NONE
ORD_5488,NONE
ORD_5489,MISSING_RECORD
ORD_5490,NONE
ORD_5491,NONE
ORD_5492,NONE
ORD_5493,NONE
ORD_5494,NONE
ORD_5495,NONE
ORD_5496,NONE
ORD_5497,NONE
ORD_5498,NONE
ORD_5499,NONE
ORD_5500,NONE
ORD_5501,NONE
ORD_5502,NONE
ORD_5503,NONE
ORD_5504,FEE_DISCREPANCY
ORD_5505,NONE
ORD_5506,NONE
ORD_5507,NONE
ORD_5508,NONE
ORD_5509,TIMING_MISMATCH
ORD_5510,NONE
ORD_5511,NONE
ORD_5512,NONE
ORD_5513,NONE
ORD_5514,NONE
ORD_5515,NONE
ORD_5516,NONE
ORD_5517,NONE
ORD_5518,NONE
ORD_5519,NONE
ORD_5520,PARTIAL_REFUND
ORD_5521,NONE
ORD_5522,NONE
ORD_5523,SPLIT_SETTLEMENT
ORD_5524,NONE
ORD_5525,NONE
ORD_5526,NONE
ORD_5527,DUPLICATE_PAYMENT
ORD_5528,NONE
ORD_5529,NONE
ORD_5530,NONE
ORD_5531,NONE
ORD_5532,NONE
ORD_5533,MISSING_RECORD
ORD_5534,NONE
ORD_5535,NONE
ORD_5536,NONE
ORD_5537,NONE
ORD_5538,FEE_DISCREPANCY
ORD_5539,NONE
ORD_5540,NONE
ORD_5541,NONE
ORD_5542,TIMING_MISMATCH
ORD_5543,NONE
ORD_5544,PARTIAL_REFUND
ORD_5545,NONE
ORD_5546,NONE
ORD_5547,NONE
ORD_5548,NONE
ORD_5549,NONE
ORD_5550,NONE
ORD_5551,NONE
ORD_5552,NONE
ORD_5553,SPLIT_SETTLEMENT
ORD_5554,NONE
ORD_5555,NONE
ORD_5556,NONE
ORD_5557,NONE
ORD_5558,NONE
ORD_5559,NONE
ORD_5560,NONE
ORD_5561,NONE
ORD_5562,NONE
ORD_5563,DUPLICATE_PAYMENT
ORD_5564,NONE
ORD_5565,NONE
ORD_5566,NONE
ORD_5567,NONE
ORD_5568,NONE
ORD_5569,NONE
ORD_5570,NONE
ORD_5571,NONE
ORD_5572,NONE
ORD_5573,NONE
ORD_5574,NONE
ORD_5575,NONE
ORD_5576,NONE
ORD_5577,NONE
ORD_5578,NONE
ORD_5579,NONE
ORD_5580,NONE
ORD_5581,NONE
ORD_5582,NONE
ORD_5583,NONE
ORD_5584,NONE
ORD_5585,NONE
ORD_5586,NONE
ORD_5587,MISSING_RECORD
ORD_5588,NONE
ORD_5589,NONE
ORD_5590,NONE
ORD_5591,NONE
ORD_5592,NONE
ORD_5593,NONE
ORD_5594,NONE
ORD_5595,FEE_DISCREPANCY
ORD_5596,NONE
ORD_5597,NONE
ORD_5598,TIMING_MISMATCH
ORD_5599,PARTIAL_REFUND
ORD_5600,NONE
ORD_5601,NONE
ORD_5602,NONE
ORD_5603,NONE
ORD_5604,NONE
ORD_5605,NONE
ORD_5606,NONE
ORD_5607,NONE
ORD_5608,NONE
ORD_5609,NONE
ORD_5610,NONE
ORD_5611,NONE
ORD_5612,NONE
ORD_5613,SPLIT_SETTLEMENT
ORD_5614,NONE
ORD_5615,NONE
ORD_5616,NONE
ORD_5617,NONE
ORD_5618,NONE
ORD_5619,NONE
ORD_5620,NONE
ORD_5621,NONE
ORD_5622,NONE
ORD_5623,NONE
ORD_5624,NONE
ORD_5625,NONE
ORD_5626,NONE
ORD_5627,NONE
ORD_5628,NONE
ORD_5629,NONE
ORD_5630,NONE
ORD_5631,DUPLICATE_PAYMENT
ORD_5632,NONE
ORD_5633,NONE
ORD_5634,NONE
ORD_5635,NONE
ORD_5636,NONE
ORD_5637,NONE
ORD_5638,NONE
ORD_5639,NONE
ORD_5640,NONE
ORD_5641,NONE
ORD_5642,NONE
ORD_5643,NONE
ORD_5644,NONE
ORD_5645,NONE
ORD_5646,NONE
ORD_5647,MISSING_RECORD
ORD_5648,FEE_DISCREPANCY
ORD_5649,NONE
ORD_5650,NONE
ORD_5651,NONE
ORD_5652,NONE
ORD_5653,NONE
ORD_5654,NONE
ORD_5655,NONE
ORD_5656,NONE
ORD_5657,NONE
ORD_5658,NONE
ORD_5659,NONE
ORD_5660,NONE
ORD_5661,NONE
ORD_5662,NONE
ORD_5663,TIMING_MISMATCH
ORD_5664,NONE
ORD_5665,NONE
ORD_5666,NONE
ORD_5667,PARTIAL_REFUND
ORD_5668,NONE
ORD_5669,NONE
ORD_5670,NONE
ORD_5671,NONE
ORD_5672,NONE
ORD_5673,NONE
ORD_5674,NONE
ORD_5675,NONE
ORD_5676,NONE
ORD_5677,NONE
ORD_5678,SPLIT_SETTLEMENT
ORD_5679,NONE
ORD_5680,NONE
ORD_5681,NONE
ORD_5682,NONE
ORD_5683,NONE
ORD_5684,NONE
ORD_5685,NONE
ORD_5686,NONE
ORD_5687,NONE
ORD_5688,NONE
ORD_5689,NONE
ORD_5690,NONE
ORD_5691,NONE
ORD_5692,NONE
ORD_5693,NONE
ORD_5694,NONE
ORD_5695,NONE
ORD_5696,NONE
ORD_5697,NONE
ORD_5698,NONE
ORD_5699,NONE
ORD_5700,NONE
ORD_5701,NONE
ORD_5702,NONE
ORD_5703,NONE
ORD_5704,NONE
ORD_5705,NONE
ORD_5706,NONE
ORD_5707,NONE
ORD_5708,NONE
ORD_5709,NONE
ORD_5710,NONE
ORD_5711,NONE
ORD_5712,NONE
ORD_5713,NONE
ORD_5714,NONE
ORD_5715,NONE
ORD_5716,DUPLICATE_PAYMENT
ORD_5717,NONE
ORD_5718,NONE
ORD_5719,NONE
ORD_5720,NONE
ORD_5721,MISSING_RECORD
ORD_5722,NONE
ORD_5723,NONE
ORD_5724,FEE_DISCREPANCY
ORD_5725,NONE
ORD_5726,NONE
ORD_5727,NONE
ORD_5728,NONE
ORD_5729,NONE
ORD_5730,TIMING_MISMATCH
ORD_5731,NONE
ORD_5732,NONE
ORD_5733,NONE
ORD_5734,NONE
ORD_5735,NONE
ORD_5736,NONE
ORD_5737,NONE
ORD_5738,NONE
ORD_5739,NONE
ORD_5740,NONE
ORD_5741,NONE
ORD_5742,NONE
ORD_5743,PARTIAL_REFUND
ORD_5744,NONE
ORD_5745,SPLIT_SETTLEMENT
ORD_5746,NONE
ORD_5747,NONE
ORD_5748,NONE
ORD_5749,NONE
ORD_5750,NONE
ORD_5751,NONE
ORD_5752,DUPLICATE_PAYMENT
ORD_5753,NONE
ORD_5754,NONE
ORD_5755,NONE
ORD_5756,NONE
ORD_5757,MISSING_RECORD
ORD_5758,NONE
ORD_5759,NONE
ORD_5760,NONE
ORD_5761,NONE
ORD_5762,NONE
ORD_5763,NONE
ORD_5764,NONE
ORD_5765,NONE
ORD_5766,NONE
ORD_5767,NONE
ORD_5768,NONE
ORD_5769,NONE
ORD_5770,NONE
ORD_5771,NONE
ORD_5772,FEE_DISCREPANCY
ORD_5773,NONE
ORD_5774,NONE
ORD_5775,NONE
ORD_5776,NONE
ORD_5777,NONE
ORD_5778,NONE
ORD_5779,NONE
ORD_5780,NONE
ORD_5781,TIMING_MISMATCH
ORD_5782,PARTIAL_REFUND
ORD_5783,NONE
ORD_5784,NONE
ORD_5785,NONE
ORD_5786,SPLIT_SETTLEMENT
ORD_5787,NONE
ORD_5788,NONE
ORD_5789,DUPLICATE_PAYMENT
ORD_5790,NONE
ORD_5791,NONE
ORD_5792,NONE
ORD_5793,NONE
ORD_5794,NONE
ORD_5795,NONE
ORD_5796,NONE
ORD_5797,NONE
ORD_5798,NONE
ORD_5799,NONE
ORD_5800,NONE
ORD_5801,NONE
ORD_5802,NONE
ORD_5803,NONE
ORD_5804,NONE
ORD_5805,NONE
ORD_5806,NONE
ORD_5807,NONE
ORD_5808,NONE
ORD_5809,NONE
ORD_5810,NONE
ORD_5811,NONE
ORD_5812,NONE
ORD_5813,NONE
ORD_5814,NONE
ORD_5815,NONE
ORD_5816,NONE
ORD_5817,NONE
ORD_5818,NONE
ORD_5819,NONE
ORD_5820,MISSING_RECORD
ORD_5821,FEE_DISCREPANCY
ORD_5822,NONE
ORD_5823,NONE
ORD_5824,NONE
ORD_5825,NONE
ORD_5826,NONE
ORD_5827,NONE
ORD_5828,TIMING_MISMATCH
ORD_5829,NONE
ORD_5830,NONE
ORD_5831,NONE
ORD_5832,NONE
ORD_5833,NONE
ORD_5834,NONE
ORD_5835,NONE
ORD_5836,NONE
ORD_5837,NONE
ORD_5838,PARTIAL_REFUND
ORD_5839,NONE
ORD_5840,NONE
ORD_5841,NONE
ORD_5842,NONE
ORD_5843,NONE
ORD_5844,NONE
ORD_5845,NONE
ORD_5846,NONE
ORD_5847,NONE
ORD_5848,NONE
ORD_5849,NONE
ORD_5850,NONE
ORD_5851,NONE
ORD_5852,NONE
ORD_5853,NONE
ORD_5854,NONE
ORD_5855,NONE
ORD_5856,NONE
ORD_5857,NONE
ORD_5858,NONE
ORD_5859,NONE
ORD_5860,NONE
ORD_5861,NONE
ORD_5862,NONE
ORD_5863,NONE
ORD_5864,NONE
ORD_5865,NONE
ORD_5866,NONE
ORD_5867,NONE
ORD_5868,NONE
ORD_5869,NONE
ORD_5870,NONE
ORD_5871,SPLIT_SETTLEMENT
ORD_5872,NONE
ORD_5873,NONE
ORD_5874,NONE
ORD_5875,DUPLICATE_PAYMENT
ORD_5876,NONE
ORD_5877,NONE
ORD_5878,NONE
ORD_5879,NONE
ORD_5880,NONE
ORD_5881,NONE
ORD_5882,MISSING_RECORD
ORD_5883,NONE
ORD_5884,NONE
ORD_5885,NONE
ORD_5886,FEE_DISCREPANCY
ORD_5887,NONE
ORD_5888,TIMING_MISMATCH
ORD_5889,NONE
ORD_5890,NONE
ORD_5891,NONE
ORD_5892,NONE
ORD_5893,NONE
ORD_5894,NONE
ORD_5895,NONE
ORD_5896,NONE
ORD_5897,NONE
ORD_5898,NONE
ORD_5899,NONE
ORD_5900,NONE
ORD_5901,NONE
ORD_5902,NONE
ORD_5903,NONE
ORD_5904,NONE
ORD_5905,NONE
ORD_5906,NONE
ORD_5907,PARTIAL_REFUND
ORD_5908,NONE
ORD_5909,NONE
ORD_5910,NONE
ORD_5911,NONE
ORD_5912,NONE
ORD_5913,NONE
ORD_5914,NONE
ORD_5915,NONE
ORD_5916,NONE
ORD_5917,NONE
ORD_5918,NONE
ORD_5919,NONE
ORD_5920,NONE
ORD_5921,NONE
ORD_5922,NONE
ORD_5923,NONE
ORD_5924,NONE
ORD_5925,NONE
ORD_5926,NONE
ORD_5927,NONE
ORD_5928,NONE
ORD_5929,NONE
ORD_5930,NONE
ORD_5931,NONE
ORD_5932,SPLIT_SETTLEMENT
ORD_5933,NONE
ORD_5934,NONE
ORD_5935,NONE
ORD_5936,NONE
ORD_5937,NONE
ORD_5938,NONE
ORD_5939,NONE
ORD_5940,NONE
ORD_5941,NONE
ORD_5942,NONE
ORD_5943,NONE
ORD_5944,NONE
ORD_5945,NONE
ORD_5946,DUPLICATE_PAYMENT
ORD_5947,NONE
ORD_5948,NONE
ORD_5949,NONE
ORD_5950,NONE
ORD_5951,NONE
ORD_5952,NONE
ORD_5953,NONE
ORD_5954,NONE
ORD_5955,MISSING_RECORD
ORD_5956,NONE
ORD_5957,NONE
ORD_5958,NONE
ORD_5959,NONE
ORD_5960,NONE
ORD_5961,NONE
ORD_5962,NONE
ORD_5963,NONE
ORD_5964,NONE
ORD_5965,NONE
ORD_5966,NONE
ORD_5967,FEE_DISCREPANCY
ORD_5968,NONE
ORD_5969,NONE
ORD_5970,TIMING_MISMATCH
ORD_5971,NONE
ORD_5972,NONE
ORD_5973,NONE
ORD_5974,NONE
ORD_5975,NONE
ORD_5976,NONE
ORD_5977,NONE
ORD_5978,NONE
ORD_5979,NONE
ORD_5980,NONE
ORD_5981,NONE
ORD_5982,NONE
ORD_5983,NONE
ORD_5984,NONE
ORD_5985,NONE
ORD_5986,NONE
ORD_5987,NONE
ORD_5988,NONE
ORD_5989,PARTIAL_REFUND
ORD_5990,NONE
ORD_5991,SPLIT_SETTLEMENT
ORD_5992,NONE
ORD_5993,NONE
ORD_5994,NONE
ORD_5995,NONE
ORD_5996,NONE
ORD_5997,NONE
ORD_5998,NONE
ORD_5999,NONE
ORD_6000,NONE
ORD_6001,NONE
ORD_6002,NONE
ORD_6003,NONE
ORD_6004,NONE
ORD_6005,NONE
ORD_6006,NONE
ORD_6007,NONE
ORD_6008,DUPLICATE_PAYMENT
ORD_6009,NONE
ORD_6010,NONE
ORD_6011,MISSING_RECORD
ORD_6012,NONE
ORD_6013,NONE
ORD_6014,NONE
ORD_6015,NONE
ORD_6016,NONE
ORD_6017,NONE
ORD_6018,NONE
ORD_6019,NONE
ORD_6020,NONE
ORD_6021,NONE
ORD_6022,NONE
ORD_6023,NONE
ORD_6024,NONE
ORD_6025,NONE
ORD_6026,NONE
ORD_6027,NONE
ORD_6028,NONE
ORD_6029,NONE
ORD_6030,NONE
ORD_6031,NONE
ORD_6032,NONE
ORD_6033,NONE
ORD_6034,NONE
ORD_6035,NONE
ORD_6036,NONE
ORD_6037,NONE
ORD_6038,NONE
ORD_6039,NONE
ORD_6040,NONE
ORD_6041,NONE
ORD_6042,NONE
ORD_6043,FEE_DISCREPANCY
ORD_6044,NONE
ORD_6045,NONE
ORD_6046,NONE
ORD_6047,NONE
ORD_6048,NONE
ORD_6049,NONE
ORD_6050,NONE
ORD_6051,NONE
ORD_6052,NONE
ORD_6053,NONE
ORD_6054,NONE
ORD_6055,NONE
ORD_6056,NONE
ORD_6057,NONE
ORD_6058,NONE
ORD_6059,NONE
ORD_6060,NONE
ORD_6061,NONE
ORD_6062,NONE
ORD_6063,NONE
ORD_6064,NONE
ORD_6065,NONE
ORD_6066,NONE
ORD_6067,TIMING_MISMATCH
ORD_6068,NONE
ORD_6069,NONE
ORD_6070,NONE
ORD_6071,NONE
ORD_6072,NONE
ORD_6073,PARTIAL_REFUND
ORD_6074,SPLIT_SETTLEMENT
ORD_6075,NONE
ORD_6076,NONE
ORD_6077,NONE
ORD_6078,NONE
ORD_6079,NONE
ORD_6080,NONE
ORD_6081,NONE
ORD_6082,NONE
ORD_6083,NONE
ORD_6084,NONE
ORD_6085,DUPLICATE_PAYMENT
ORD_6086,NONE
ORD_6087,NONE
ORD_6088,NONE
ORD_6089,MISSING_RECORD
ORD_6090,NONE
ORD_6091,NONE
ORD_6092,NONE
ORD_6093,NONE
ORD_6094,NONE
ORD_6095,NONE
ORD_6096,NONE
ORD_6097,NONE
ORD_6098,NONE
ORD_6099,NONE
ORD_6100,NONE
ORD_6101,NONE
ORD_6102,NONE
ORD_6103,NONE
ORD_6104,NONE
ORD_6105,FEE_DISCREPANCY
ORD_6106,NONE
ORD_6107,NONE
ORD_6108,NONE
ORD_6109,NONE
ORD_6110,NONE
ORD_6111,NONE
ORD_6112,NONE
ORD_6113,NONE
ORD_6114,NONE
ORD_6115,NONE
ORD_6116,NONE
ORD_6117,NONE
ORD_6118,NONE
ORD_6119,NONE
ORD_6120,NONE
ORD_6121,NONE
ORD_6122,NONE
ORD_6123,TIMING_MISMATCH
ORD_6124,NONE
ORD_6125,NONE
ORD_6126,NONE
ORD_6127,NONE
ORD_6128,NONE
ORD_6129,NONE
ORD_6130,NONE
ORD_6131,NONE
ORD_6132,NONE
ORD_6133,NONE
ORD_6134,NONE
ORD_6135,NONE
ORD_6136,NONE
ORD_6137,NONE
ORD_6138,NONE
ORD_6139,NONE
ORD_6140,NONE
ORD_6141,PARTIAL_REFUND
ORD_6142,NONE
ORD_6143,NONE
ORD_6144,NONE
ORD_6145,NONE
ORD_6146,NONE
ORD_6147,NONE
ORD_6148,NONE
ORD_6149,NONE
ORD_6150,SPLIT_SETTLEMENT
ORD_6151,NONE
ORD_6152,NONE
ORD_6153,NONE
ORD_6154,NONE
ORD_6155,NONE
ORD_6156,NONE
ORD_6157,NONE
ORD_6158,NONE
ORD_6159,NONE
ORD_6160,DUPLICATE_PAYMENT
ORD_6161,NONE
ORD_6162,NONE
ORD_6163,NONE
ORD_6164,NONE
ORD_6165,NONE
ORD_6166,NONE
ORD_6167,NONE
ORD_6168,NONE
ORD_6169,NONE
ORD_6170,MISSING_RECORD
ORD_6171,NONE
ORD_6172,NONE
ORD_6173,NONE
ORD_6174,NONE
ORD_6175,NONE
ORD_6176,NONE
ORD_6177,NONE
ORD_6178,NONE
ORD_6179,NONE
ORD_6180,NONE
ORD_6181,NONE
ORD_6182,NONE
ORD_6183,NONE
ORD_6184,NONE
ORD_6185,NONE
ORD_6186,FEE_DISCREPANCY
ORD_6187,NONE
ORD_6188,NONE
ORD_6189,NONE
ORD_6190,NONE
ORD_6191,NONE
ORD_6192,NONE
ORD_6193,NONE
ORD_6194,NONE
ORD_6195,NONE
ORD_6196,TIMING_MISMATCH
ORD_6197,PARTIAL_REFUND
ORD_6198,NONE
ORD_6199,NONE
ORD_6200,NONE
ORD_6201,NONE
ORD_6202,SPLIT_SETTLEMENT
ORD_6203,NONE
ORD_6204,NONE
ORD_6205,NONE
ORD_6206,NONE
ORD_6207,NONE
ORD_6208,DUPLICATE_PAYMENT
ORD_6209,NONE
ORD_6210,NONE
ORD_6211,NONE
ORD_6212,NONE
ORD_6213,NONE
ORD_6214,NONE
ORD_6215,NONE
ORD_6216,NONE
ORD_6217,NONE
ORD_6218,NONE
ORD_6219,NONE
ORD_6220,MISSING_RECORD
ORD_6221,NONE
ORD_6222,NONE
ORD_6223,NONE
ORD_6224,NONE
ORD_6225,NONE
ORD_6226,NONE
ORD_6227,NONE
ORD_6228,NONE
ORD_6229,NONE
ORD_6230,NONE
ORD_6231,NONE
ORD_6232,NONE
ORD_6233,NONE
ORD_6234,NONE
ORD_6235,FEE_DISCREPANCY
ORD_6236,NONE
ORD_6237,NONE
ORD_6238,NONE
ORD_6239,TIMING_MISMATCH
ORD_6240,NONE
ORD_6241,NONE
ORD_6242,NONE
ORD_6243,PARTIAL_REFUND
ORD_6244,NONE
ORD_6245,NONE
ORD_6246,NONE
ORD_6247,NONE
ORD_6248,NONE
ORD_6249,NONE
ORD_6250,NONE
ORD_6251,SPLIT_SETTLEMENT
ORD_6252,NONE
ORD_6253,NONE
ORD_6254,NONE
ORD_6255,NONE
ORD_6256,DUPLICATE_PAYMENT
ORD_6257,NONE
ORD_6258,NONE
ORD_6259,NONE
ORD_6260,NONE
ORD_6261,NONE
ORD_6262,NONE
ORD_6263,NONE
ORD_6264,NONE
ORD_6265,NONE
ORD_6266,NONE
ORD_6267,MISSING_RECORD
ORD_6268,NONE
ORD_6269,NONE
ORD_6270,NONE
ORD_6271,NONE
ORD_6272,NONE
ORD_6273,NONE
ORD_6274,NONE
ORD_6275,NONE
ORD_6276,NONE
ORD_6277,NONE
ORD_6278,NONE
ORD_6279,NONE
ORD_6280,NONE
ORD_6281,NONE
ORD_6282,NONE
ORD_6283,NONE
ORD_6284,NONE
ORD_6285,NONE
ORD_6286,NONE
ORD_6287,NONE
ORD_6288,FEE_DISCREPANCY
ORD_6289,NONE
ORD_6290,NONE
ORD_6291,NONE
ORD_6292,NONE
ORD_6293,NONE
ORD_6294,TIMING_MISMATCH
ORD_6295,NONE
ORD_6296,NONE
ORD_6297,NONE
ORD_6298,NONE
ORD_6299,NONE
ORD_6300,NONE
ORD_6301,NONE
ORD_6302,NONE
ORD_6303,NONE
ORD_6304,NONE
ORD_6305,NONE
ORD_6306,NONE
ORD_6307,NONE
ORD_6308,NONE
ORD_6309,PARTIAL_REFUND
ORD_6310,NONE
ORD_6311,NONE
ORD_6312,NONE
ORD_6313,NONE
ORD_6314,NONE
ORD_6315,NONE
ORD_6316,NONE
ORD_6317,NONE
ORD_6318,NONE
ORD_6319,NONE
ORD_6320,NONE
ORD_6321,NONE
ORD_6322,NONE
ORD_6323,NONE
ORD_6324,SPLIT_SETTLEMENT
ORD_6325,NONE
ORD_6326,NONE
ORD_6327,NONE
ORD_6328,NONE
ORD_6329,NONE
ORD_6330,NONE
ORD_6331,NONE
ORD_6332,NONE
ORD_6333,NONE
ORD_6334,NONE
ORD_6335,NONE
ORD_6336,NONE
ORD_6337,NONE
ORD_6338,NONE
ORD_6339,NONE
ORD_6340,NONE
ORD_6341,NONE
ORD_6342,NONE
ORD_6343,DUPLICATE_PAYMENT
ORD_6344,NONE
ORD_6345,NONE
ORD_6346,NONE
ORD_6347,NONE
ORD_6348,NONE
ORD_6349,NONE
ORD_6350,NONE
ORD_6351,NONE
ORD_6352,NONE
ORD_6353,NONE
ORD_6354,MISSING_RECORD
ORD_6355,NONE
ORD_6356,NONE
ORD_6357,NONE
ORD_6358,FEE_DISCREPANCY
ORD_6359,NONE
ORD_6360,NONE
ORD_6361,NONE
ORD_6362,NONE
ORD_6363,NONE
ORD_6364,TIMING_MISMATCH
ORD_6365,NONE
ORD_6366,NONE
ORD_6367,NONE
ORD_6368,NONE
ORD_6369,NONE
ORD_6370,PARTIAL_REFUND
ORD_6371,NONE
ORD_6372,NONE
ORD_6373,NONE
ORD_6374,NONE
ORD_6375,SPLIT_SETTLEMENT
ORD_6376,NONE
ORD_6377,NONE
ORD_6378,NONE
ORD_6379,NONE
ORD_6380,NONE
ORD_6381,NONE
ORD_6382,NONE
ORD_6383,NONE
ORD_6384,NONE
ORD_6385,NONE
ORD_6386,DUPLICATE_PAYMENT
ORD_6387,NONE
ORD_6388,NONE
ORD_6389,NONE
ORD_6390,NONE
ORD_6391,NONE
ORD_6392,NONE
ORD_6393,NONE
ORD_6394,NONE
ORD_6395,NONE
ORD_6396,NONE
ORD_6397,NONE
ORD_6398,MISSING_RECORD
ORD_6399,FEE_DISCREPANCY
ORD_6400,NONE
ORD_6401,NONE
ORD_6402,NONE
ORD_6403,NONE
ORD_6404,NONE
ORD_6405,TIMING_MISMATCH
ORD_6406,NONE
ORD_6407,PARTIAL_REFUND
ORD_6408,NONE
ORD_6409,NONE
ORD_6410,NONE
ORD_6411,NONE
ORD_6412,NONE
ORD_6413,NONE
ORD_6414,NONE
ORD_6415,NONE
ORD_6416,NONE
ORD_6417,NONE
ORD_6418,SPLIT_SETTLEMENT
ORD_6419,NONE
ORD_6420,NONE
ORD_6421,NONE
ORD_6422,NONE
ORD_6423,DUPLICATE_PAYMENT
ORD_6424,NONE
ORD_6425,NONE
ORD_6426,NONE
ORD_6427,NONE
ORD_6428,NONE
ORD_6429,NONE
ORD_6430,NONE
ORD_6431,NONE
ORD_6432,NONE
ORD_6433,NONE
ORD_6434,NONE
ORD_6435,MISSING_RECORD
ORD_6436,NONE
ORD_6437,NONE
ORD_6438,NONE
ORD_6439,FEE_DISCREPANCY
ORD_6440,NONE
ORD_6441,NONE
ORD_6442,TIMING_MISMATCH
ORD_6443,NONE
ORD_6444,NONE
ORD_6445,NONE
ORD_6446,NONE
ORD_6447,NONE
ORD_6448,PARTIAL_REFUND
ORD_6449,NONE
ORD_6450,NONE
ORD_6451,NONE
ORD_6452,NONE
ORD_6453,NONE
ORD_6454,NONE
ORD_6455,NONE
ORD_6456,NONE
ORD_6457,NONE
ORD_6458,NONE
ORD_6459,NONE
ORD_6460,NONE
ORD_6461,NONE
ORD_6462,NONE
ORD_6463,NONE
ORD_6464,SPLIT_SETTLEMENT
ORD_6465,NONE
ORD_6466,NONE
ORD_6467,NONE
ORD_6468,NONE
ORD_6469,NONE
ORD_6470,NONE
ORD_6471,NONE
ORD_6472,DUPLICATE_PAYMENT
ORD_6473,NONE
ORD_6474,NONE
ORD_6475,NONE
ORD_6476,NONE
ORD_6477,NONE
ORD_6478,NONE
ORD_6479,NONE
ORD_6480,NONE
ORD_6481,MISSING_RECORD
ORD_6482,NONE
ORD_6483,NONE
ORD_6484,NONE
ORD_6485,NONE
ORD_6486,NONE
ORD_6487,FEE_DISCREPANCY
ORD_6488,TIMING_MISMATCH
ORD_6489,NONE
ORD_6490,NONE
ORD_6491,PARTIAL_REFUND
ORD_6492,NONE
ORD_6493,NONE
ORD_6494,SPLIT_SETTLEMENT
ORD_6495,NONE
ORD_6496,NONE
ORD_6497,NONE
ORD_6498,NONE
ORD_6499,NONE
ORD_6500,NONE
ORD_6501,NONE
ORD_6502,NONE
ORD_6503,DUPLICATE_PAYMENT
ORD_6504,NONE
ORD_6505,NONE
ORD_6506,NONE
ORD_6507,NONE
ORD_6508,NONE
ORD_6509,NONE
ORD_6510,NONE
ORD_6511,NONE
ORD_6512,MISSING_RECORD
ORD_6513,NONE
ORD_6514,NONE
ORD_6515,NONE
ORD_6516,NONE
ORD_6517,FEE_DISCREPANCY
ORD_6518,NONE
ORD_6519,NONE
ORD_6520,NONE
ORD_6521,NONE
ORD_6522,NONE
ORD_6523,NONE
ORD_6524,NONE
ORD_6525,NONE
ORD_6526,NONE
ORD_6527,NONE
ORD_6528,NONE
ORD_6529,NONE
ORD_6530,NONE
ORD_6531,NONE
ORD_6532,TIMING_MISMATCH
ORD_6533,NONE
ORD_6534,NONE
ORD_6535,PARTIAL_REFUND
ORD_6536,NONE
ORD_6537,NONE
ORD_6538,NONE
ORD_6539,NONE
ORD_6540,NONE
ORD_6541,NONE
ORD_6542,NONE
ORD_6543,NONE
ORD_6544,SPLIT_SETTLEMENT
ORD_6545,NONE
ORD_6546,NONE
ORD_6547,NONE
ORD_6548,NONE
ORD_6549,DUPLICATE_PAYMENT
ORD_6550,NONE
ORD_6551,NONE
ORD_6552,NONE
ORD_6553,NONE
ORD_6554,NONE
ORD_6555,NONE
ORD_6556,NONE
ORD_6557,NONE
ORD_6558,NONE
ORD_6559,NONE
ORD_6560,NONE
ORD_6561,NONE
ORD_6562,NONE
ORD_6563,NONE
ORD_6564,NONE
ORD_6565,NONE
ORD_6566,NONE
ORD_6567,MISSING_RECORD
ORD_6568,NONE
ORD_6569,NONE
ORD_6570,NONE
ORD_6571,NONE
ORD_6572,NONE
ORD_6573,FEE_DISCREPANCY
ORD_6574,NONE
ORD_6575,TIMING_MISMATCH
ORD_6576,NONE
ORD_6577,NONE
ORD_6578,NONE
ORD_6579,NONE
ORD_6580,NONE
ORD_6581,NONE
ORD_6582,NONE
ORD_6583,NONE
ORD_6584,NONE
ORD_6585,PARTIAL_REFUND
ORD_6586,NONE
ORD_6587,NONE
ORD_6588,SPLIT_SETTLEMENT
ORD_6589,NONE
ORD_6590,NONE
ORD_6591,NONE
ORD_6592,NONE
ORD_6593,NONE
ORD_6594,NONE
ORD_6595,NONE
ORD_6596,NONE
ORD_6597,NONE
ORD_6598,NONE
ORD_6599,NONE
ORD_6600,DUPLICATE_PAYMENT
ORD_6601,NONE
ORD_6602,NONE
ORD_6603,NONE
ORD_6604,NONE
ORD_6605,NONE
ORD_6606,NONE
ORD_6607,NONE
ORD_6608,NONE
ORD_6609,MISSING_RECORD
ORD_6610,NONE
ORD_6611,NONE
ORD_6612,NONE
ORD_6613,NONE
ORD_6614,NONE
ORD_6615,NONE
ORD_6616,NONE
ORD_6617,NONE
ORD_6618,NONE
ORD_6619,NONE
ORD_6620,NONE
ORD_6621,NONE
ORD_6622,NONE
ORD_6623,NONE
ORD_6624,NONE
ORD_6625,NONE
ORD_6626,NONE
ORD_6627,FEE_DISCREPANCY
ORD_6628,NONE
ORD_6629,NONE
ORD_6630,NONE
ORD_6631,NONE
ORD_6632,TIMING_MISMATCH
ORD_6633,NONE
ORD_6634,NONE
ORD_6635,NONE
ORD_6636,NONE
ORD_6637,NONE
ORD_6638,PARTIAL_REFUND
ORD_6639,NONE
ORD_6640,NONE
ORD_6641,NONE
ORD_6642,NONE
ORD_6643,NONE
ORD_6644,NONE
ORD_6645,NONE
ORD_6646,NONE
ORD_6647,NONE
ORD_6648,NONE
ORD_6649,NONE
ORD_6650,NONE
ORD_6651,NONE
ORD_6652,SPLIT_SETTLEMENT
ORD_6653,NONE
ORD_6654,NONE
ORD_6655,NONE
ORD_6656,NONE
ORD_6657,NONE
ORD_6658,NONE
ORD_6659,NONE
ORD_6660,NONE
ORD_6661,DUPLICATE_PAYMENT
ORD_6662,NONE
ORD_6663,NONE
ORD_6664,NONE
ORD_6665,NONE
ORD_6666,NONE
ORD_6667,NONE
ORD_6668,NONE
ORD_6669,NONE
ORD_6670,NONE
ORD_6671,NONE
ORD_6672,NONE
ORD_6673,NONE
ORD_6674,NONE
ORD_6675,NONE
ORD_6676,NONE
ORD_6677,NONE
ORD_6678,NONE
ORD_6679,NONE
ORD_6680,NONE
ORD_6681,NONE
ORD_6682,NONE
ORD_6683,NONE
ORD_6684,NONE
ORD_6685,NONE
ORD_6686,NONE
ORD_6687,NONE
ORD_6688,NONE
ORD_6689,NONE
ORD_6690,NONE
ORD_6691,NONE
ORD_6692,NONE
ORD_6693,NONE
ORD_6694,NONE
ORD_6695,NONE
ORD_6696,NONE
ORD_6697,NONE
ORD_6698,NONE
ORD_6699,NONE
ORD_6700,NONE
ORD_6701,NONE
ORD_6702,NONE
ORD_6703,NONE
ORD_6704,NONE
ORD_6705,MISSING_RECORD
ORD_6706,NONE
ORD_6707,FEE_DISCREPANCY
ORD_6708,NONE
ORD_6709,NONE
ORD_6710,NONE
ORD_6711,NONE
ORD_6712,TIMING_MISMATCH
ORD_6713,NONE
ORD_6714,NONE
ORD_6715,NONE
ORD_6716,NONE
ORD_6717,NONE
ORD_6718,NONE
ORD_6719,NONE
ORD_6720,PARTIAL_REFUND
ORD_6721,NONE
ORD_6722,NONE
ORD_6723,NONE
ORD_6724,NONE
ORD_6725,NONE
ORD_6726,NONE
ORD_6727,NONE
ORD_6728,NONE
ORD_6729,NONE
ORD_6730,NONE
ORD_6731,NONE
ORD_6732,NONE
ORD_6733,NONE
ORD_6734,NONE
ORD_6735,NONE
ORD_6736,NONE
ORD_6737,NONE
ORD_6738,NONE
ORD_6739,NONE
ORD_6740,NONE
ORD_6741,NONE
ORD_6742,NONE
ORD_6743,NONE
ORD_6744,NONE
ORD_6745,SPLIT_SETTLEMENT
ORD_6746,DUPLICATE_PAYMENT
ORD_6747,NONE
ORD_6748,NONE
ORD_6749,NONE
ORD_6750,MISSING_RECORD
ORD_6751,NONE
ORD_6752,NONE
ORD_6753,NONE
ORD_6754,NONE
ORD_6755,NONE
ORD_6756,NONE
ORD_6757,NONE
ORD_6758,NONE
ORD_6759,NONE
ORD_6760,NONE
ORD_6761,NONE
ORD_6762,NONE
ORD_6763,NONE
ORD_6764,FEE_DISCREPANCY
ORD_6765,NONE
ORD_6766,NONE
ORD_6767,NONE
ORD_6768,NONE
ORD_6769,NONE
ORD_6770,NONE
ORD_6771,NONE
ORD_6772,TIMING_MISMATCH
ORD_6773,NONE
ORD_6774,NONE
ORD_6775,NONE
ORD_6776,NONE
ORD_6777,NONE
ORD_6778,NONE
ORD_6779,NONE
ORD_6780,NONE
ORD_6781,PARTIAL_REFUND
ORD_6782,NONE
ORD_6783,NONE
ORD_6784,NONE
ORD_6785,NONE
ORD_6786,NONE
ORD_6787,NONE
ORD_6788,NONE
ORD_6789,NONE
ORD_6790,NONE
ORD_6791,NONE
ORD_6792,NONE
ORD_6793,NONE
ORD_6794,NONE
ORD_6795,NONE
ORD_6796,NONE
ORD_6797,NONE
ORD_6798,NONE
ORD_6799,SPLIT_SETTLEMENT
ORD_6800,NONE
ORD_6801,NONE
ORD_6802,NONE
ORD_6803,NONE
ORD_6804,NONE
ORD_6805,NONE
ORD_6806,NONE
ORD_6807,DUPLICATE_PAYMENT
ORD_6808,NONE
ORD_6809,NONE
ORD_6810,NONE
ORD_6811,NONE
ORD_6812,NONE
ORD_6813,NONE
ORD_6814,NONE
ORD_6815,NONE
ORD_6816,NONE
ORD_6817,NONE
ORD_6818,NONE
ORD_6819,NONE
ORD_6820,NONE
ORD_6821,NONE
ORD_6822,NONE
ORD_6823,NONE
ORD_6824,NONE
ORD_6825,NONE
ORD_6826,NONE
ORD_6827,NONE
ORD_6828,NONE
ORD_6829,NONE
ORD_6830,NONE
ORD_6831,NONE
ORD_6832,NONE
ORD_6833,NONE
ORD_6834,NONE
ORD_6835,NONE
ORD_6836,NONE
ORD_6837,NONE
ORD_6838,NONE
ORD_6839,NONE
ORD_6840,NONE
ORD_6841,MISSING_RECORD
ORD_6842,NONE
ORD_6843,NONE
ORD_6844,NONE
ORD_6845,NONE
ORD_6846,NONE
ORD_6847,NONE
ORD_6848,NONE
ORD_6849,NONE
ORD_6850,NONE
ORD_6851,NONE
ORD_6852,NONE
ORD_6853,NONE
ORD_6854,NONE
ORD_6855,NONE
ORD_6856,NONE
ORD_6857,NONE
ORD_6858,NONE
ORD_6859,NONE
ORD_6860,NONE
ORD_6861,NONE
ORD_6862,NONE
ORD_6863,NONE
ORD_6864,NONE
ORD_6865,NONE
ORD_6866,FEE_DISCREPANCY
ORD_6867,NONE
ORD_6868,TIMING_MISMATCH
ORD_6869,NONE
ORD_6870,NONE
ORD_6871,NONE
ORD_6872,NONE
ORD_6873,NONE
ORD_6874,NONE
ORD_6875,NONE
ORD_6876,NONE
ORD_6877,NONE
ORD_6878,NONE
ORD_6879,PARTIAL_REFUND
ORD_6880,NONE
ORD_6881,NONE
ORD_6882,SPLIT_SETTLEMENT
ORD_6883,NONE
ORD_6884,NONE
ORD_6885,DUPLICATE_PAYMENT
ORD_6886,MISSING_RECORD
ORD_6887,NONE
ORD_6888,NONE
ORD_6889,NONE
ORD_6890,NONE
ORD_6891,NONE
ORD_6892,NONE
ORD_6893,NONE
ORD_6894,FEE_DISCREPANCY
ORD_6895,NONE
ORD_6896,TIMING_MISMATCH
ORD_6897,PARTIAL_REFUND
ORD_6898,NONE
ORD_6899,NONE
ORD_6900,NONE
ORD_6901,NONE
ORD_6902,NONE
ORD_6903,NONE
ORD_6904,NONE
ORD_6905,SPLIT_SETTLEMENT
ORD_6906,NONE
ORD_6907,NONE
ORD_6908,NONE
ORD_6909,NONE
ORD_6910,NONE
ORD_6911,NONE
ORD_6912,NONE
ORD_6913,NONE
ORD_6914,NONE
ORD_6915,NONE
ORD_6916,DUPLICATE_PAYMENT
ORD_6917,NONE
ORD_6918,NONE
ORD_6919,NONE
ORD_6920,NONE
ORD_6921,NONE
ORD_6922,NONE
ORD_6923,NONE
ORD_6924,NONE
ORD_6925,NONE
ORD_6926,MISSING_RECORD
ORD_6927,NONE
ORD_6928,NONE
ORD_6929,NONE
ORD_6930,NONE
ORD_6931,NONE
ORD_6932,NONE
ORD_6933,NONE
ORD_6934,NONE
ORD_6935,NONE
ORD_6936,NONE
ORD_6937,NONE
ORD_6938,NONE
ORD_6939,NONE
ORD_6940,NONE
ORD_6941,NONE
ORD_6942,NONE
ORD_6943,NONE
ORD_6944,NONE
ORD_6945,NONE
ORD_6946,NONE
ORD_6947,NONE
ORD_6948,NONE
ORD_6949,NONE
ORD_6950,NONE
ORD_6951,NONE
ORD_6952,NONE
ORD_6953,NONE
ORD_6954,NONE
ORD_6955,NONE
ORD_6956,NONE
ORD_6957,NONE
ORD_6958,NONE
ORD_6959,NONE
ORD_6960,NONE
ORD_6961,NONE
ORD_6962,NONE
ORD_6963,NONE
ORD_6964,NONE
ORD_6965,NONE
ORD_6966,FEE_DISCREPANCY
ORD_6967,NONE
ORD_6968,NONE
ORD_6969,TIMING_MISMATCH
ORD_6970,NONE
ORD_6971,NONE
ORD_6972,NONE
ORD_6973,PARTIAL_REFUND
ORD_6974,SPLIT_SETTLEMENT
ORD_6975,NONE
ORD_6976,NONE
ORD_6977,NONE
ORD_6978,DUPLICATE_PAYMENT
ORD_6979,NONE
ORD_6980,MISSING_RECORD
ORD_6981,NONE
ORD_6982,NONE
ORD_6983,NONE
ORD_6984,NONE
ORD_6985,FEE_DISCREPANCY
ORD_6986,NONE
ORD_6987,NONE
ORD_6988,NONE
ORD_6989,NONE
ORD_6990,NONE
ORD_6991,NONE
ORD_6992,NONE
ORD_6993,NONE
ORD_6994,NONE
ORD_6995,NONE
ORD_6996,TIMING_MISMATCH
ORD_6997,NONE
ORD_6998,NONE
ORD_6999,NONE
ORD_7000,NONE
ORD_7001,NONE
ORD_7002,NONE
ORD_7003,NONE
ORD_7004,NONE
ORD_7005,NONE
ORD_7006,NONE
ORD_7007,NONE
ORD_7008,NONE
ORD_7009,NONE
ORD_7010,NONE
ORD_7011,NONE
ORD_7012,NONE
ORD_7013,NONE
ORD_7014,NONE
ORD_7015,NONE
ORD_7016,NONE
ORD_7017,NONE
ORD_7018,NONE
ORD_7019,NONE
ORD_7020,NONE
ORD_7021,NONE
ORD_7022,PARTIAL_REFUND
ORD_7023,NONE
ORD_7024,NONE
ORD_7025,NONE
ORD_7026,NONE
ORD_7027,NONE
ORD_7028,SPLIT_SETTLEMENT
ORD_7029,DUPLICATE_PAYMENT
ORD_7030,NONE
ORD_7031,NONE
ORD_7032,NONE
ORD_7033,NONE
ORD_7034,MISSING_RECORD
ORD_7035,NONE
ORD_7036,NONE
ORD_7037,NONE
ORD_7038,FEE_DISCREPANCY
ORD_7039,NONE
ORD_7040,NONE
ORD_7041,NONE
ORD_7042,NONE
ORD_7043,NONE
ORD_7044,NONE
ORD_7045,NONE
ORD_7046,NONE
ORD_7047,NONE
ORD_7048,NONE
ORD_7049,NONE
ORD_7050,NONE
ORD_7051,NONE
ORD_7052,NONE
ORD_7053,NONE
ORD_7054,NONE
ORD_7055,NONE
ORD_7056,NONE
ORD_7057,NONE
ORD_7058,NONE
ORD_7059,NONE
ORD_7060,NONE
ORD_7061,NONE
ORD_7062,NONE
ORD_7063,NONE
ORD_7064,NONE
ORD_7065,NONE
ORD_7066,NONE
ORD_7067,NONE
ORD_7068,TIMING_MISMATCH
ORD_7069,NONE
ORD_7070,NONE
ORD_7071,NONE
ORD_7072,NONE
ORD_7073,PARTIAL_REFUND
ORD_7074,NONE
ORD_7075,SPLIT_SETTLEMENT
ORD_7076,NONE
ORD_7077,NONE
ORD_7078,NONE
ORD_7079,DUPLICATE_PAYMENT
ORD_7080,NONE
ORD_7081,NONE
ORD_7082,MISSING_RECORD
ORD_7083,NONE
ORD_7084,NONE
ORD_7085,NONE
ORD_7086,NONE
ORD_7087,NONE
ORD_7088,NONE
ORD_7089,NONE
ORD_7090,NONE
ORD_7091,NONE
ORD_7092,NONE
ORD_7093,NONE
ORD_7094,NONE
ORD_7095,NONE
ORD_7096,NONE
ORD_7097,NONE
ORD_7098,NONE
ORD_7099,NONE
ORD_7100,NONE
ORD_7101,NONE
ORD_7102,NONE
ORD_7103,FEE_DISCREPANCY
ORD_7104,NONE
ORD_7105,NONE
ORD_7106,NONE
ORD_7107,NONE
ORD_7108,NONE
ORD_7109,NONE
ORD_7110,NONE
ORD_7111,NONE
ORD_7112,NONE
ORD_7113,NONE
ORD_7114,NONE
ORD_7115,NONE
ORD_7116,NONE
ORD_7117,NONE
ORD_7118,NONE
ORD_7119,NONE
ORD_7120,TIMING_MISMATCH
ORD_7121,NONE
ORD_7122,NONE
ORD_7123,NONE
ORD_7124,NONE
ORD_7125,NONE
ORD_7126,NONE
ORD_7127,NONE
ORD_7128,PARTIAL_REFUND
ORD_7129,SPLIT_SETTLEMENT
ORD_7130,NONE
ORD_7131,NONE
ORD_7132,NONE
ORD_7133,NONE
ORD_7134,NONE
ORD_7135,NONE
ORD_7136,NONE
ORD_7137,NONE
ORD_7138,NONE
ORD_7139,NONE
ORD_7140,DUPLICATE_PAYMENT
ORD_7141,NONE
ORD_7142,NONE
ORD_7143,NONE
ORD_7144,NONE
ORD_7145,NONE
ORD_7146,NONE
ORD_7147,NONE
ORD_7148,NONE
ORD_7149,NONE
ORD_7150,NONE
ORD_7151,NONE
ORD_7152,MISSING_RECORD
ORD_7153,NONE
ORD_7154,FEE_DISCREPANCY
ORD_7155,NONE
ORD_7156,NONE
ORD_7157,NONE
ORD_7158,NONE
ORD_7159,NONE
ORD_7160,TIMING_MISMATCH
ORD_7161,NONE
ORD_7162,NONE
ORD_7163,NONE
ORD_7164,NONE
ORD_7165,NONE
ORD_7166,NONE
ORD_7167,NONE
ORD_7168,NONE
ORD_7169,NONE
ORD_7170,NONE
ORD_7171,NONE
ORD_7172,NONE
ORD_7173,NONE
ORD_7174,PARTIAL_REFUND
ORD_7175,NONE
ORD_7176,NONE
ORD_7177,NONE
ORD_7178,NONE
ORD_7179,NONE
ORD_7180,NONE
ORD_7181,NONE
ORD_7182,NONE
ORD_7183,NONE
ORD_7184,NONE
ORD_7185,NONE
ORD_7186,NONE
ORD_7187,NONE
ORD_7188,SPLIT_SETTLEMENT
ORD_7189,NONE
ORD_7190,NONE
ORD_7191,NONE
ORD_7192,DUPLICATE_PAYMENT
ORD_7193,NONE
ORD_7194,NONE
ORD_7195,NONE
ORD_7196,NONE
ORD_7197,NONE
ORD_7198,NONE
ORD_7199,NONE
ORD_7200,NONE
ORD_7201,NONE
ORD_7202,NONE
ORD_7203,NONE
ORD_7204,NONE
ORD_7205,NONE
ORD_7206,NONE
ORD_7207,NONE
ORD_7208,NONE
ORD_7209,NONE
ORD_7210,NONE
ORD_7211,NONE
ORD_7212,NONE
ORD_7213,NONE
ORD_7214,NONE
ORD_7215,NONE
ORD_7216,NONE
ORD_7217,MISSING_RECORD
ORD_7218,NONE
ORD_7219,NONE
ORD_7220,NONE
ORD_7221,NONE
ORD_7222,NONE
ORD_7223,NONE
ORD_7224,NONE
ORD_7225,NONE
ORD_7226,NONE
ORD_7227,NONE
ORD_7228,NONE
ORD_7229,NONE
ORD_7230,NONE
ORD_7231,FEE_DISCREPANCY
ORD_7232,NONE
ORD_7233,NONE
ORD_7234,NONE
ORD_7235,NONE
ORD_7236,NONE
ORD_7237,NONE
ORD_7238,NONE
ORD_7239,NONE
ORD_7240,NONE
ORD_7241,NONE
ORD_7242,TIMING_MISMATCH
ORD_7243,NONE
ORD_7244,NONE
ORD_7245,NONE
ORD_7246,NONE
ORD_7247,PARTIAL_REFUND
ORD_7248,NONE
ORD_7249,NONE
ORD_7250,NONE
ORD_7251,NONE
ORD_7252,NONE
ORD_7253,NONE
ORD_7254,NONE
ORD_7255,SPLIT_SETTLEMENT
ORD_7256,NONE
ORD_7257,NONE
ORD_7258,NONE
ORD_7259,NONE
ORD_7260,NONE
ORD_7261,NONE
ORD_7262,NONE
ORD_7263,NONE
ORD_7264,NONE
ORD_7265,NONE
ORD_7266,NONE
ORD_7267,NONE
ORD_7268,NONE
ORD_7269,NONE
ORD_7270,NONE
ORD_7271,NONE
ORD_7272,NONE
ORD_7273,NONE
ORD_7274,DUPLICATE_PAYMENT
ORD_7275,NONE
ORD_7276,NONE
ORD_7277,NONE
ORD_7278,NONE
ORD_7279,NONE
ORD_7280,NONE
ORD_7281,NONE
ORD_7282,NONE
ORD_7283,NONE
ORD_7284,NONE
ORD_7285,NONE
ORD_7286,NONE
ORD_7287,NONE
ORD_7288,NONE
ORD_7289,NONE
ORD_7290,NONE
ORD_7291,NONE
ORD_7292,NONE
ORD_7293,NONE
ORD_7294,NONE
ORD_7295,MISSING_RECORD
ORD_7296,FEE_DISCREPANCY
ORD_7297,TIMING_MISMATCH
ORD_7298,NONE
ORD_7299,NONE
ORD_7300,NONE
ORD_7301,NONE
ORD_7302,NONE
ORD_7303,NONE
ORD_7304,NONE
ORD_7305,NONE
ORD_7306,NONE
ORD_7307,NONE
ORD_7308,NONE
ORD_7309,NONE
ORD_7310,NONE
ORD_7311,NONE
ORD_7312,NONE
ORD_7313,NONE
ORD_7314,NONE
ORD_7315,NONE
ORD_7316,NONE
ORD_7317,NONE
ORD_7318,PARTIAL_REFUND
ORD_7319,NONE
ORD_7320,NONE
ORD_7321,NONE
ORD_7322,NONE
ORD_7323,NONE
ORD_7324,NONE
ORD_7325,NONE
ORD_7326,NONE
ORD_7327,NONE
ORD_7328,NONE
ORD_7329,NONE
ORD_7330,NONE
ORD_7331,NONE
ORD_7332,NONE
ORD_7333,SPLIT_SETTLEMENT
ORD_7334,NONE
ORD_7335,NONE
ORD_7336,DUPLICATE_PAYMENT
ORD_7337,NONE
ORD_7338,NONE
ORD_7339,NONE
ORD_7340,NONE
ORD_7341,NONE
ORD_7342,NONE
ORD_7343,NONE
ORD_7344,NONE
ORD_7345,NONE
ORD_7346,NONE
ORD_7347,NONE
ORD_7348,NONE
ORD_7349,NONE
ORD_7350,NONE
ORD_7351,NONE
ORD_7352,NONE
ORD_7353,NONE
ORD_7354,NONE
ORD_7355,NONE
ORD_7356,NONE
ORD_7357,MISSING_RECORD
ORD_7358,NONE
ORD_7359,NONE
ORD_7360,NONE
ORD_7361,NONE
ORD_7362,NONE
ORD_7363,NONE
ORD_7364,NONE
ORD_7365,NONE
ORD_7366,NONE
ORD_7367,NONE
ORD_7368,NONE
ORD_7369,NONE
ORD_7370,NONE
ORD_7371,NONE
ORD_7372,NONE
ORD_7373,NONE
ORD_7374,NONE
ORD_7375,NONE
ORD_7376,NONE
ORD_7377,NONE
ORD_7378,NONE
ORD_7379,FEE_DISCREPANCY
ORD_7380,NONE
ORD_7381,NONE
ORD_7382,NONE
ORD_7383,NONE
ORD_7384,NONE
ORD_7385,NONE
ORD_7386,NONE
ORD_7387,NONE
ORD_7388,NONE
ORD_7389,NONE
ORD_7390,NONE
ORD_7391,TIMING_MISMATCH
ORD_7392,NONE
ORD_7393,NONE
ORD_7394,NONE
ORD_7395,NONE
ORD_7396,NONE
ORD_7397,NONE
ORD_7398,NONE
ORD_7399,NONE
ORD_7400,NONE
ORD_7401,NONE
ORD_7402,NONE
ORD_7403,NONE
ORD_7404,NONE
ORD_7405,NONE
ORD_7406,NONE
ORD_7407,NONE
ORD_7408,NONE
ORD_7409,NONE
ORD_7410,PARTIAL_REFUND
ORD_7411,NONE
ORD_7412,NONE
ORD_7413,NONE
ORD_7414,NONE
ORD_7415,NONE
ORD_7416,NONE
ORD_7417,NONE
ORD_7418,SPLIT_SETTLEMENT
ORD_7419,NONE
ORD_7420,NONE
ORD_7421,NONE
ORD_7422,NONE
ORD_7423,NONE
ORD_7424,DUPLICATE_PAYMENT
ORD_7425,NONE
ORD_7426,NONE
ORD_7427,NONE
ORD_7428,MISSING_RECORD
ORD_7429,NONE
ORD_7430,NONE
ORD_7431,NONE
ORD_7432,FEE_DISCREPANCY
ORD_7433,NONE
ORD_7434,NONE
ORD_7435,NONE
ORD_7436,NONE
ORD_7437,TIMING_MISMATCH
ORD_7438,NONE
ORD_7439,NONE
ORD_7440,NONE
ORD_7441,NONE
ORD_7442,NONE
ORD_7443,PARTIAL_REFUND
ORD_7444,NONE
ORD_7445,NONE
ORD_7446,NONE
ORD_7447,NONE
ORD_7448,NONE
ORD_7449,NONE
ORD_7450,NONE
ORD_7451,SPLIT_SETTLEMENT
ORD_7452,NONE
ORD_7453,NONE
ORD_7454,NONE
ORD_7455,NONE
ORD_7456,NONE
ORD_7457,NONE
ORD_7458,NONE
ORD_7459,NONE
ORD_7460,NONE
ORD_7461,NONE
ORD_7462,NONE
ORD_7463,NONE
ORD_7464,NONE
ORD_7465,NONE
ORD_7466,NONE
ORD_7467,NONE
ORD_7468,NONE
ORD_7469,NONE
ORD_7470,NONE
ORD_7471,NONE
ORD_7472,NONE
ORD_7473,NONE
ORD_7474,NONE
ORD_7475,NONE
ORD_7476,NONE
ORD_7477,NONE
ORD_7478,NONE
ORD_7479,NONE
ORD_7480,NONE
ORD_7481,NONE
ORD_7482,NONE
ORD_7483,NONE
ORD_7484,NONE
ORD_7485,NONE
ORD_7486,NONE
ORD_7487,NONE
ORD_7488,NONE
ORD_7489,DUPLICATE_PAYMENT
ORD_7490,NONE
ORD_7491,NONE
ORD_7492,NONE
ORD_7493,NONE
ORD_7494,NONE
ORD_7495,NONE
ORD_7496,NONE
ORD_7497,NONE
ORD_7498,NONE
ORD_7499,NONE
ORD_7500,NONE
ORD_7501,NONE
ORD_7502,NONE
ORD_7503,MISSING_RECORD
ORD_7504,NONE
ORD_7505,NONE
ORD_7506,NONE
ORD_7507,NONE
ORD_7508,NONE
ORD_7509,NONE
ORD_7510,NONE
ORD_7511,NONE
ORD_7512,NONE
ORD_7513,NONE
ORD_7514,NONE
ORD_7515,NONE
ORD_7516,FEE_DISCREPANCY
ORD_7517,NONE
ORD_7518,NONE
ORD_7519,NONE
ORD_7520,NONE
ORD_7521,NONE
ORD_7522,TIMING_MISMATCH
ORD_7523,NONE
ORD_7524,NONE
ORD_7525,NONE
ORD_7526,NONE
ORD_7527,NONE
ORD_7528,NONE
ORD_7529,NONE
ORD_7530,NONE
ORD_7531,NONE
ORD_7532,NONE
ORD_7533,NONE
ORD_7534,NONE
ORD_7535,NONE
ORD_7536,NONE
ORD_7537,NONE
ORD_7538,NONE
ORD_7539,NONE
ORD_7540,NONE
ORD_7541,NONE
ORD_7542,NONE
ORD_7543,NONE
ORD_7544,NONE
ORD_7545,NONE
ORD_7546,NONE
ORD_7547,NONE
ORD_7548,NONE
ORD_7549,NONE
ORD_7550,NONE
ORD_7551,NONE
ORD_7552,NONE
ORD_7553,PARTIAL_REFUND
ORD_7554,NONE
ORD_7555,NONE
ORD_7556,NONE
ORD_7557,NONE
ORD_7558,NONE
ORD_7559,SPLIT_SETTLEMENT
ORD_7560,NONE
ORD_7561,NONE
ORD_7562,NONE
ORD_7563,NONE
ORD_7564,NONE
ORD_7565,NONE
ORD_7566,NONE
ORD_7567,NONE
ORD_7568,NONE
ORD_7569,NONE
ORD_7570,NONE
ORD_7571,NONE
ORD_7572,DUPLICATE_PAYMENT
ORD_7573,NONE
ORD_7574,NONE
ORD_7575,NONE
ORD_7576,NONE
ORD_7577,NONE
ORD_7578,NONE
ORD_7579,NONE
ORD_7580,NONE
ORD_7581,NONE
ORD_7582,NONE
ORD_7583,NONE
ORD_7584,NONE
ORD_7585,NONE
ORD_7586,NONE
ORD_7587,NONE
ORD_7588,NONE
ORD_7589,NONE
ORD_7590,NONE
ORD_7591,NONE
ORD_7592,NONE
ORD_7593,NONE
ORD_7594,NONE
ORD_7595,MISSING_RECORD
ORD_7596,NONE
ORD_7597,NONE
ORD_7598,NONE
ORD_7599,NONE
ORD_7600,NONE
ORD_7601,NONE
ORD_7602,FEE_DISCREPANCY
ORD_7603,NONE
ORD_7604,NONE
ORD_7605,NONE
ORD_7606,NONE
ORD_7607,TIMING_MISMATCH
ORD_7608,PARTIAL_REFUND
ORD_7609,NONE
ORD_7610,SPLIT_SETTLEMENT
ORD_7611,NONE
ORD_7612,DUPLICATE_PAYMENT
ORD_7613,NONE
ORD_7614,NONE
ORD_7615,NONE
ORD_7616,MISSING_RECORD
ORD_7617,NONE
ORD_7618,NONE
ORD_7619,NONE
ORD_7620,FEE_DISCREPANCY
ORD_7621,NONE
ORD_7622,NONE
ORD_7623,NONE
ORD_7624,NONE
ORD_7625,NONE
ORD_7626,NONE
ORD_7627,NONE
ORD_7628,NONE
ORD_7629,NONE
ORD_7630,NONE
ORD_7631,TIMING_MISMATCH
ORD_7632,NONE
ORD_7633,NONE
ORD_7634,NONE
ORD_7635,NONE
ORD_7636,NONE
ORD_7637,NONE
ORD_7638,NONE
ORD_7639,NONE
ORD_7640,NONE
ORD_7641,NONE
ORD_7642,PARTIAL_REFUND
ORD_7643,NONE
ORD_7644,NONE
ORD_7645,NONE
ORD_7646,NONE
ORD_7647,NONE
ORD_7648,NONE
ORD_7649,NONE
ORD_7650,NONE
ORD_7651,NONE
ORD_7652,NONE
ORD_7653,NONE
ORD_7654,NONE
ORD_7655,NONE
ORD_7656,NONE
ORD_7657,NONE
ORD_7658,NONE
ORD_7659,NONE
ORD_7660,NONE
ORD_7661,NONE
ORD_7662,NONE
ORD_7663,NONE
ORD_7664,NONE
ORD_7665,NONE
ORD_7666,NONE
ORD_7667,NONE
ORD_7668,NONE
ORD_7669,NONE
ORD_7670,NONE
ORD_7671,NONE
ORD_7672,NONE
ORD_7673,NONE
ORD_7674,NONE
ORD_7675,NONE
ORD_7676,NONE
ORD_7677,NONE
ORD_7678,NONE
ORD_7679,NONE
ORD_7680,NONE
ORD_7681,NONE
ORD_7682,NONE
ORD_7683,NONE
ORD_7684,NONE
ORD_7685,SPLIT_SETTLEMENT
ORD_7686,NONE
ORD_7687,NONE
ORD_7688,NONE
ORD_7689,NONE
ORD_7690,DUPLICATE_PAYMENT
ORD_7691,NONE
ORD_7692,NONE
ORD_7693,NONE
ORD_7694,MISSING_RECORD
ORD_7695,NONE
ORD_7696,NONE
ORD_7697,NONE
ORD_7698,NONE
ORD_7699,NONE
ORD_7700,NONE
ORD_7701,NONE
ORD_7702,NONE
ORD_7703,NONE
ORD_7704,NONE
ORD_7705,FEE_DISCREPANCY
ORD_7706,NONE
ORD_7707,NONE
ORD_7708,NONE
ORD_7709,NONE
ORD_7710,NONE
ORD_7711,NONE
ORD_7712,NONE
ORD_7713,NONE
ORD_7714,NONE
ORD_7715,NONE
ORD_7716,NONE
ORD_7717,NONE
ORD_7718,NONE
ORD_7719,NONE
ORD_7720,NONE
ORD_7721,NONE
ORD_7722,TIMING_MISMATCH
ORD_7723,NONE
ORD_7724,NONE
ORD_7725,NONE
ORD_7726,NONE
ORD_7727,NONE
ORD_7728,NONE
ORD_7729,NONE
ORD_7730,NONE
ORD_7731,NONE
ORD_7732,NONE
ORD_7733,PARTIAL_REFUND
ORD_7734,NONE
ORD_7735,NONE
ORD_7736,NONE
ORD_7737,NONE
ORD_7738,NONE
ORD_7739,NONE
ORD_7740,NONE
ORD_7741,NONE
ORD_7742,NONE
ORD_7743,NONE
ORD_7744,NONE
ORD_7745,NONE
ORD_7746,NONE
ORD_7747,NONE
ORD_7748,NONE
ORD_7749,NONE
ORD_7750,NONE
ORD_7751,NONE
ORD_7752,NONE
ORD_7753,NONE
ORD_7754,NONE
ORD_7755,NONE
ORD_7756,NONE
ORD_7757,NONE
ORD_7758,NONE
ORD_7759,NONE
ORD_7760,NONE
ORD_7761,NONE
ORD_7762,NONE
ORD_7763,NONE
ORD_7764,NONE
ORD_7765,NONE
ORD_7766,NONE
ORD_7767,NONE
ORD_7768,NONE
ORD_7769,NONE
ORD_7770,NONE
ORD_7771,NONE
ORD_7772,NONE
ORD_7773,NONE
ORD_7774,NONE
ORD_7775,NONE
ORD_7776,NONE
ORD_7777,NONE
ORD_7778,NONE
ORD_7779,NONE
ORD_7780,NONE
ORD_7781,NONE
ORD_7782,NONE
ORD_7783,NONE
ORD_7784,NONE
ORD_7785,NONE
ORD_7786,NONE
ORD_7787,NONE
ORD_7788,NONE
ORD_7789,NONE
ORD_7790,NONE
ORD_7791,NONE
ORD_7792,NONE
ORD_7793,NONE
ORD_7794,NONE
ORD_7795,SPLIT_SETTLEMENT
ORD_7796,NONE
ORD_7797,NONE
ORD_7798,NONE
ORD_7799,NONE
ORD_7800,NONE
ORD_7801,NONE
ORD_7802,NONE
ORD_7803,NONE
ORD_7804,NONE
ORD_7805,NONE
ORD_7806,NONE
ORD_7807,NONE
ORD_7808,NONE
ORD_7809,NONE
ORD_7810,NONE
ORD_7811,NONE
ORD_7812,NONE
ORD_7813,NONE
ORD_7814,DUPLICATE_PAYMENT
ORD_7815,NONE
ORD_7816,NONE
ORD_7817,NONE
ORD_7818,NONE
ORD_7819,NONE
ORD_7820,NONE
ORD_7821,NONE
ORD_7822,NONE
ORD_7823,NONE
ORD_7824,NONE
ORD_7825,NONE
ORD_7826,NONE
ORD_7827,NONE
ORD_7828,NONE
ORD_7829,NONE
ORD_7830,MISSING_RECORD
ORD_7831,FEE_DISCREPANCY
ORD_7832,NONE
ORD_7833,NONE
ORD_7834,TIMING_MISMATCH
ORD_7835,NONE
ORD_7836,NONE
ORD_7837,NONE
ORD_7838,PARTIAL_REFUND
ORD_7839,NONE
ORD_7840,NONE
ORD_7841,NONE
ORD_7842,NONE
ORD_7843,NONE
ORD_7844,NONE
ORD_7845,NONE
ORD_7846,NONE
ORD_7847,NONE
ORD_7848,NONE
ORD_7849,SPLIT_SETTLEMENT
ORD_7850,NONE
ORD_7851,NONE
ORD_7852,NONE
ORD_7853,NONE
ORD_7854,NONE
ORD_7855,NONE
ORD_7856,NONE
ORD_7857,NONE
ORD_7858,NONE
ORD_7859,NONE
ORD_7860,NONE
ORD_7861,NONE
ORD_7862,NONE
ORD_7863,NONE
ORD_7864,NONE
ORD_7865,NONE
ORD_7866,NONE
ORD_7867,NONE
ORD_7868,NONE
ORD_7869,NONE
ORD_7870,NONE
ORD_7871,NONE
ORD_7872,NONE
ORD_7873,NONE
ORD_7874,NONE
ORD_7875,NONE
ORD_7876,NONE
ORD_7877,NONE
ORD_7878,NONE
ORD_7879,NONE
ORD_7880,NONE
ORD_7881,NONE
ORD_7882,NONE
ORD_7883,NONE
ORD_7884,NONE
ORD_7885,NONE
ORD_7886,NONE
ORD_7887,NONE
ORD_7888,NONE
ORD_7889,NONE
ORD_7890,NONE
ORD_7891,NONE
ORD_7892,NONE
ORD_7893,NONE
ORD_7894,NONE
ORD_7895,DUPLICATE_PAYMENT
ORD_7896,NONE
ORD_7897,NONE
ORD_7898,NONE
ORD_7899,NONE
ORD_7900,NONE
ORD_7901,NONE
ORD_7902,NONE
ORD_7903,NONE
ORD_7904,NONE
ORD_7905,MISSING_RECORD
ORD_7906,NONE
ORD_7907,NONE
ORD_7908,NONE
ORD_7909,NONE
ORD_7910,NONE
ORD_7911,NONE
ORD_7912,FEE_DISCREPANCY
ORD_7913,NONE
ORD_7914,NONE
ORD_7915,NONE
ORD_7916,NONE
ORD_7917,NONE
ORD_7918,NONE
ORD_7919,NONE
ORD_7920,NONE
ORD_7921,NONE
ORD_7922,NONE
ORD_7923,NONE
ORD_7924,NONE
ORD_7925,NONE
ORD_7926,NONE
ORD_7927,NONE
ORD_7928,NONE
ORD_7929,NONE
ORD_7930,NONE
ORD_7931,NONE
ORD_7932,TIMING_MISMATCH
ORD_7933,NONE
ORD_7934,NONE
ORD_7935,NONE
ORD_7936,NONE
ORD_7937,NONE
ORD_7938,NONE
ORD_7939,NONE
ORD_7940,NONE
ORD_7941,NONE
ORD_7942,NONE
ORD_7943,PARTIAL_REFUND
ORD_7944,NONE
ORD_7945,NONE
ORD_7946,NONE
ORD_7947,SPLIT_SETTLEMENT
ORD_7948,NONE
ORD_7949,NONE
ORD_7950,NONE
ORD_7951,NONE
ORD_7952,NONE
ORD_7953,DUPLICATE_PAYMENT
ORD_7954,NONE
ORD_7955,NONE
ORD_7956,NONE
ORD_7957,NONE
ORD_7958,NONE
ORD_7959,NONE
ORD_7960,NONE
ORD_7961,NONE
ORD_7962,MISSING_RECORD
ORD_7963,NONE
ORD_7964,NONE
ORD_7965,NONE
ORD_7966,NONE
ORD_7967,NONE
ORD_7968,NONE
ORD_7969,NONE
ORD_7970,NONE
ORD_7971,NONE
ORD_7972,NONE
ORD_7973,NONE
ORD_7974,NONE
ORD_7975,FEE_DISCREPANCY
ORD_7976,NONE
ORD_7977,NONE
ORD_7978,NONE
ORD_7979,NONE
ORD_7980,NONE
ORD_7981,NONE
ORD_7982,NONE
ORD_7983,NONE
ORD_7984,NONE
ORD_7985,NONE
ORD_7986,TIMING_MISMATCH
ORD_7987,NONE
ORD_7988,PARTIAL_REFUND
ORD_7989,NONE
ORD_7990,NONE
ORD_7991,NONE
ORD_7992,NONE
ORD_7993,NONE
ORD_7994,NONE
ORD_7995,NONE
ORD_7996,NONE
ORD_7997,NONE
ORD_7998,NONE
ORD_7999,NONE
ORD_8000,NONE
ORD_8001,NONE
ORD_8002,NONE
ORD_8003,NONE
ORD_8004,NONE
ORD_8005,NONE
ORD_8006,NONE
ORD_8007,SPLIT_SETTLEMENT
ORD_8008,NONE
ORD_8009,NONE
ORD_8010,NONE
ORD_8011,NONE
ORD_8012,NONE
ORD_8013,DUPLICATE_PAYMENT
ORD_8014,NONE
ORD_8015,NONE
ORD_8016,NONE
ORD_8017,NONE
ORD_8018,NONE
ORD_8019,NONE
ORD_8020,NONE
ORD_8021,NONE
ORD_8022,NONE
ORD_8023,NONE
ORD_8024,NONE
ORD_8025,NONE
ORD_8026,NONE
ORD_8027,NONE
ORD_8028,NONE
ORD_8029,NONE
ORD_8030,NONE
ORD_8031,NONE
ORD_8032,NONE
ORD_8033,NONE
ORD_8034,MISSING_RECORD
ORD_8035,NONE
ORD_8036,NONE
ORD_8037,NONE
ORD_8038,NONE
ORD_8039,NONE
ORD_8040,NONE
ORD_8041,NONE
ORD_8042,NONE
ORD_8043,FEE_DISCREPANCY
ORD_8044,NONE
ORD_8045,NONE
ORD_8046,NONE
ORD_8047,NONE
ORD_8048,NONE
ORD_8049,NONE
ORD_8050,NONE
ORD_8051,TIMING_MISMATCH
ORD_8052,PARTIAL_REFUND
ORD_8053,NONE
ORD_8054,NONE
ORD_8055,SPLIT_SETTLEMENT
ORD_8056,NONE
ORD_8057,DUPLICATE_PAYMENT
ORD_8058,NONE
ORD_8059,MISSING_RECORD
ORD_8060,FEE_DISCREPANCY
ORD_8061,TIMING_MISMATCH
ORD_8062,NONE
ORD_8063,NONE
ORD_8064,NONE
ORD_8065,NONE
ORD_8066,NONE
ORD_8067,NONE
ORD_8068,NONE
ORD_8069,NONE
ORD_8070,NONE
ORD_8071,NONE
ORD_8072,NONE
ORD_8073,NONE
ORD_8074,NONE
ORD_8075,NONE
ORD_8076,NONE
ORD_8077,PARTIAL_REFUND
ORD_8078,NONE
ORD_8079,SPLIT_SETTLEMENT
ORD_8080,NONE
ORD_8081,DUPLICATE_PAYMENT
ORD_8082,NONE
ORD_8083,MISSING_RECORD
ORD_8084,FEE_DISCREPANCY
ORD_8085,NONE
ORD_8086,NONE
ORD_8087,NONE
ORD_8088,NONE
ORD_8089,NONE
ORD_8090,NONE
ORD_8091,NONE
ORD_8092,NONE
ORD_8093,NONE
ORD_8094,NONE
ORD_8095,NONE
ORD_8096,NONE
ORD_8097,NONE
ORD_8098,NONE
ORD_8099,TIMING_MISMATCH
ORD_8100,NONE
ORD_8101,NONE
ORD_8102,NONE
ORD_8103,NONE
ORD_8104,NONE
ORD_8105,NONE
ORD_8106,NONE
ORD_8107,NONE
ORD_8108,NONE
ORD_8109,NONE
ORD_8110,NONE
ORD_8111,NONE
ORD_8112,NONE
ORD_8113,NONE
ORD_8114,NONE
ORD_8115,NONE
ORD_8116,NONE
ORD_8117,NONE
ORD_8118,NONE
ORD_8119,NONE
ORD_8120,NONE
ORD_8121,NONE
ORD_8122,PARTIAL_REFUND
ORD_8123,NONE
ORD_8124,NONE
ORD_8125,NONE
ORD_8126,NONE
ORD_8127,NONE
ORD_8128,NONE
ORD_8129,NONE
ORD_8130,NONE
ORD_8131,NONE
ORD_8132,SPLIT_SETTLEMENT
ORD_8133,NONE
ORD_8134,NONE
ORD_8135,NONE
ORD_8136,NONE
ORD_8137,NONE
ORD_8138,DUPLICATE_PAYMENT
ORD_8139,NONE
ORD_8140,NONE
ORD_8141,NONE
ORD_8142,NONE
ORD_8143,NONE
ORD_8144,NONE
ORD_8145,MISSING_RECORD
ORD_8146,NONE
ORD_8147,FEE_DISCREPANCY
ORD_8148,NONE
ORD_8149,NONE
ORD_8150,NONE
ORD_8151,NONE
ORD_8152,NONE
ORD_8153,NONE
ORD_8154,NONE
ORD_8155,NONE
ORD_8156,NONE
ORD_8157,NONE
ORD_8158,NONE
ORD_8159,NONE
ORD_8160,NONE
ORD_8161,NONE
ORD_8162,NONE
ORD_8163,NONE
ORD_8164,TIMING_MISMATCH
ORD_8165,NONE
ORD_8166,PARTIAL_REFUND
ORD_8167,NONE
ORD_8168,NONE
ORD_8169,NONE
ORD_8170,NONE
ORD_8171,NONE
ORD_8172,NONE
ORD_8173,NONE
ORD_8174,NONE
ORD_8175,SPLIT_SETTLEMENT
ORD_8176,NONE
ORD_8177,NONE
ORD_8178,NONE
ORD_8179,NONE
ORD_8180,DUPLICATE_PAYMENT
ORD_8181,NONE
ORD_8182,NONE
ORD_8183,NONE
ORD_8184,NONE
ORD_8185,MISSING_RECORD
ORD_8186,NONE
ORD_8187,NONE
ORD_8188,NONE
ORD_8189,NONE
ORD_8190,NONE
ORD_8191,NONE
ORD_8192,NONE
ORD_8193,FEE_DISCREPANCY
ORD_8194,TIMING_MISMATCH
ORD_8195,NONE
ORD_8196,NONE
ORD_8197,NONE
ORD_8198,NONE
ORD_8199,PARTIAL_REFUND
ORD_8200,NONE
ORD_8201,NONE
ORD_8202,NONE
ORD_8203,SPLIT_SETTLEMENT
ORD_8204,NONE
ORD_8205,NONE
ORD_8206,NONE
ORD_8207,NONE
ORD_8208,NONE
ORD_8209,NONE
ORD_8210,NONE
ORD_8211,NONE
ORD_8212,NONE
ORD_8213,NONE
ORD_8214,NONE
ORD_8215,NONE
ORD_8216,NONE
ORD_8217,DUPLICATE_PAYMENT
ORD_8218,NONE
ORD_8219,NONE
ORD_8220,NONE
ORD_8221,MISSING_RECORD
ORD_8222,NONE
ORD_8223,NONE
ORD_8224,NONE
ORD_8225,NONE
ORD_8226,NONE
ORD_8227,NONE
ORD_8228,NONE
ORD_8229,FEE_DISCREPANCY
ORD_8230,NONE
ORD_8231,NONE
ORD_8232,NONE
ORD_8233,NONE
ORD_8234,NONE
ORD_8235,TIMING_MISMATCH
ORD_8236,NONE
ORD_8237,NONE
ORD_8238,NONE
ORD_8239,NONE
ORD_8240,NONE
ORD_8241,NONE
ORD_8242,NONE
ORD_8243,PARTIAL_REFUND
ORD_8244,NONE
ORD_8245,NONE
ORD_8246,NONE
ORD_8247,NONE
ORD_8248,SPLIT_SETTLEMENT
ORD_8249,DUPLICATE_PAYMENT
ORD_8250,NONE
ORD_8251,NONE
ORD_8252,NONE
ORD_8253,NONE
ORD_8254,MISSING_RECORD
ORD_8255,NONE
ORD_8256,NONE
ORD_8257,NONE
ORD_8258,NONE
ORD_8259,NONE
ORD_8260,FEE_DISCREPANCY
ORD_8261,NONE
ORD_8262,NONE
ORD_8263,NONE
ORD_8264,NONE
ORD_8265,NONE
ORD_8266,NONE
ORD_8267,NONE
ORD_8268,NONE
ORD_8269,NONE
ORD_8270,NONE
ORD_8271,NONE
ORD_8272,NONE
ORD_8273,NONE
ORD_8274,NONE
ORD_8275,NONE
ORD_8276,NONE
ORD_8277,NONE
ORD_8278,NONE
ORD_8279,NONE
ORD_8280,NONE
ORD_8281,NONE
ORD_8282,NONE
ORD_8283,NONE
ORD_8284,NONE
ORD_8285,NONE
ORD_8286,NONE
ORD_8287,NONE
ORD_8288,NONE
ORD_8289,TIMING_MISMATCH
ORD_8290,NONE
ORD_8291,NONE
ORD_8292,NONE
ORD_8293,NONE
ORD_8294,PARTIAL_REFUND
ORD_8295,NONE
ORD_8296,NONE
ORD_8297,NONE
ORD_8298,NONE
ORD_8299,NONE
ORD_8300,NONE
ORD_8301,NONE
ORD_8302,NONE
ORD_8303,NONE
ORD_8304,NONE
ORD_8305,NONE
ORD_8306,NONE
ORD_8307,NONE
ORD_8308,NONE
ORD_8309,SPLIT_SETTLEMENT
ORD_8310,NONE
ORD_8311,NONE
ORD_8312,NONE
ORD_8313,NONE
ORD_8314,NONE
ORD_8315,NONE
ORD_8316,NONE
ORD_8317,NONE
ORD_8318,NONE
ORD_8319,NONE
ORD_8320,NONE
ORD_8321,NONE
ORD_8322,NONE
ORD_8323,NONE
ORD_8324,NONE
ORD_8325,NONE
ORD_8326,NONE
ORD_8327,NONE
ORD_8328,NONE
ORD_8329,NONE
ORD_8330,NONE
ORD_8331,NONE
ORD_8332,NONE
ORD_8333,NONE
ORD_8334,NONE
ORD_8335,NONE
ORD_8336,NONE
ORD_8337,NONE
ORD_8338,NONE
ORD_8339,NONE
ORD_8340,NONE
ORD_8341,NONE
ORD_8342,NONE
ORD_8343,NONE
ORD_8344,NONE
ORD_8345,NONE
ORD_8346,NONE
ORD_8347,NONE
ORD_8348,NONE
ORD_8349,NONE
ORD_8350,NONE
ORD_8351,NONE
ORD_8352,NONE
ORD_8353,NONE
ORD_8354,NONE
ORD_8355,DUPLICATE_PAYMENT
ORD_8356,NONE
ORD_8357,NONE
ORD_8358,NONE
ORD_8359,NONE
ORD_8360,NONE
ORD_8361,NONE
ORD_8362,NONE
ORD_8363,NONE
ORD_8364,MISSING_RECORD
ORD_8365,FEE_DISCREPANCY
ORD_8366,NONE
ORD_8367,NONE
ORD_8368,NONE
ORD_8369,TIMING_MISMATCH
ORD_8370,PARTIAL_REFUND
ORD_8371,NONE
ORD_8372,NONE
ORD_8373,NONE
ORD_8374,SPLIT_SETTLEMENT
ORD_8375,NONE
ORD_8376,NONE
ORD_8377,NONE
ORD_8378,NONE
ORD_8379,NONE
ORD_8380,NONE
ORD_8381,NONE
ORD_8382,NONE
ORD_8383,DUPLICATE_PAYMENT
ORD_8384,NONE
ORD_8385,NONE
ORD_8386,NONE
ORD_8387,NONE
ORD_8388,NONE
ORD_8389,NONE
ORD_8390,NONE
ORD_8391,NONE
ORD_8392,NONE
ORD_8393,MISSING_RECORD
ORD_8394,NONE
ORD_8395,NONE
ORD_8396,FEE_DISCREPANCY
ORD_8397,NONE
ORD_8398,NONE
ORD_8399,NONE
ORD_8400,NONE
ORD_8401,NONE
ORD_8402,NONE
ORD_8403,NONE
ORD_8404,NONE
ORD_8405,TIMING_MISMATCH
ORD_8406,NONE
ORD_8407,NONE
ORD_8408,NONE
ORD_8409,NONE
ORD_8410,NONE
ORD_8411,NONE
ORD_8412,NONE
ORD_8413,NONE
ORD_8414,NONE
ORD_8415,NONE
ORD_8416,NONE
ORD_8417,PARTIAL_REFUND
ORD_8418,SPLIT_SETTLEMENT
ORD_8419,NONE
ORD_8420,NONE
ORD_8421,NONE
ORD_8422,NONE
ORD_8423,NONE
ORD_8424,NONE
ORD_8425,NONE
ORD_8426,NONE
ORD_8427,NONE
ORD_8428,NONE
ORD_8429,NONE
ORD_8430,NONE
ORD_8431,NONE
ORD_8432,NONE
ORD_8433,NONE
ORD_8434,NONE
ORD_8435,NONE
ORD_8436,NONE
ORD_8437,NONE
ORD_8438,NONE
ORD_8439,NONE
ORD_8440,DUPLICATE_PAYMENT
ORD_8441,NONE
ORD_8442,NONE
ORD_8443,NONE
ORD_8444,NONE
ORD_8445,NONE
ORD_8446,NONE
ORD_8447,NONE
ORD_8448,NONE
ORD_8449,NONE
ORD_8450,NONE
ORD_8451,NONE
ORD_8452,NONE
ORD_8453,NONE
ORD_8454,NONE
ORD_8455,NONE
ORD_8456,NONE
ORD_8457,NONE
ORD_8458,NONE
ORD_8459,NONE
ORD_8460,NONE
ORD_8461,NONE
ORD_8462,NONE
ORD_8463,NONE
ORD_8464,NONE
ORD_8465,NONE
ORD_8466,NONE
ORD_8467,NONE
ORD_8468,NONE
ORD_8469,NONE
ORD_8470,NONE
ORD_8471,NONE
ORD_8472,NONE
ORD_8473,NONE
ORD_8474,NONE
ORD_8475,NONE
ORD_8476,NONE
ORD_8477,MISSING_RECORD
ORD_8478,NONE
ORD_8479,NONE
ORD_8480,NONE
ORD_8481,FEE_DISCREPANCY
ORD_8482,NONE
ORD_8483,NONE
ORD_8484,NONE
ORD_8485,NONE
ORD_8486,NONE
ORD_8487,NONE
ORD_8488,NONE
ORD_8489,NONE
ORD_8490,NONE
ORD_8491,NONE
ORD_8492,TIMING_MISMATCH
ORD_8493,NONE
ORD_8494,NONE
ORD_8495,NONE
ORD_8496,NONE
ORD_8497,NONE
ORD_8498,NONE
ORD_8499,NONE
ORD_8500,NONE
ORD_8501,NONE
ORD_8502,NONE
ORD_8503,NONE
ORD_8504,NONE
ORD_8505,NONE
ORD_8506,NONE
ORD_8507,NONE
ORD_8508,NONE
ORD_8509,NONE
ORD_8510,NONE
ORD_8511,NONE
ORD_8512,NONE
ORD_8513,NONE
ORD_8514,NONE
ORD_8515,NONE
ORD_8516,NONE
ORD_8517,NONE
ORD_8518,NONE
ORD_8519,NONE
ORD_8520,NONE
ORD_8521,NONE
ORD_8522,NONE
ORD_8523,NONE
ORD_8524,PARTIAL_REFUND
ORD_8525,SPLIT_SETTLEMENT
ORD_8526,NONE
ORD_8527,NONE
ORD_8528,NONE
ORD_8529,NONE
ORD_8530,NONE
ORD_8531,NONE
ORD_8532,DUPLICATE_PAYMENT
ORD_8533,NONE
ORD_8534,NONE
ORD_8535,NONE
ORD_8536,NONE
ORD_8537,NONE
ORD_8538,NONE
ORD_8539,NONE
ORD_8540,NONE
ORD_8541,NONE
ORD_8542,NONE
ORD_8543,MISSING_RECORD
ORD_8544,NONE
ORD_8545,NONE
ORD_8546,NONE
ORD_8547,NONE
ORD_8548,NONE
ORD_8549,NONE
ORD_8550,NONE
ORD_8551,NONE
ORD_8552,NONE
ORD_8553,NONE
ORD_8554,NONE
ORD_8555,NONE
ORD_8556,FEE_DISCREPANCY
ORD_8557,TIMING_MISMATCH
ORD_8558,NONE
ORD_8559,NONE
ORD_8560,NONE
ORD_8561,NONE
ORD_8562,NONE
ORD_8563,NONE
ORD_8564,PARTIAL_REFUND
ORD_8565,NONE
ORD_8566,NONE
ORD_8567,NONE
ORD_8568,NONE
ORD_8569,NONE
ORD_8570,NONE
ORD_8571,NONE
ORD_8572,NONE
ORD_8573,NONE
ORD_8574,SPLIT_SETTLEMENT
ORD_8575,NONE
ORD_8576,NONE
ORD_8577,NONE
ORD_8578,NONE
ORD_8579,NONE
ORD_8580,NONE
ORD_8581,DUPLICATE_PAYMENT
ORD_8582,NONE
ORD_8583,MISSING_RECORD
ORD_8584,FEE_DISCREPANCY
ORD_8585,NONE
ORD_8586,NONE
ORD_8587,NONE
ORD_8588,NONE
ORD_8589,TIMING_MISMATCH
ORD_8590,NONE
ORD_8591,PARTIAL_REFUND
ORD_8592,NONE
ORD_8593,NONE
ORD_8594,NONE
ORD_8595,NONE
ORD_8596,NONE
ORD_8597,NONE
ORD_8598,NONE
ORD_8599,NONE
ORD_8600,NONE
ORD_8601,NONE
ORD_8602,NONE
ORD_8603,NONE
ORD_8604,NONE
ORD_8605,NONE
ORD_8606,NONE
ORD_8607,NONE
ORD_8608,NONE
ORD_8609,NONE
ORD_8610,SPLIT_SETTLEMENT
ORD_8611,DUPLICATE_PAYMENT
ORD_8612,MISSING_RECORD
ORD_8613,NONE
ORD_8614,NONE
ORD_8615,NONE
ORD_8616,NONE
ORD_8617,NONE
ORD_8618,FEE_DISCREPANCY
ORD_8619,NONE
ORD_8620,NONE
ORD_8621,NONE
ORD_8622,NONE
ORD_8623,NONE
ORD_8624,NONE
ORD_8625,NONE
ORD_8626,TIMING_MISMATCH
ORD_8627,NONE
ORD_8628,NONE
ORD_8629,NONE
ORD_8630,NONE
ORD_8631,NONE
ORD_8632,NONE
ORD_8633,PARTIAL_REFUND
ORD_8634,NONE
ORD_8635,NONE
ORD_8636,NONE
ORD_8637,NONE
ORD_8638,NONE
ORD_8639,NONE
ORD_8640,NONE
ORD_8641,NONE
ORD_8642,NONE
ORD_8643,NONE
ORD_8644,SPLIT_SETTLEMENT
ORD_8645,NONE
ORD_8646,DUPLICATE_PAYMENT
ORD_8647,NONE
ORD_8648,NONE
ORD_8649,NONE
ORD_8650,NONE
ORD_8651,NONE
ORD_8652,NONE
ORD_8653,NONE
ORD_8654,NONE
ORD_8655,NONE
ORD_8656,NONE
ORD_8657,NONE
ORD_8658,MISSING_RECORD
ORD_8659,NONE
ORD_8660,NONE
ORD_8661,NONE
ORD_8662,NONE
ORD_8663,NONE
ORD_8664,FEE_DISCREPANCY
ORD_8665,NONE
ORD_8666,TIMING_MISMATCH
ORD_8667,NONE
ORD_8668,NONE
ORD_8669,NONE
ORD_8670,NONE
ORD_8671,NONE
ORD_8672,NONE
ORD_8673,NONE
ORD_8674,PARTIAL_REFUND
ORD_8675,NONE
ORD_8676,NONE
ORD_8677,NONE
ORD_8678,NONE
ORD_8679,NONE
ORD_8680,NONE
ORD_8681,NONE
ORD_8682,NONE
ORD_8683,NONE
ORD_8684,NONE
ORD_8685,NONE
ORD_8686,NONE
ORD_8687,NONE
ORD_8688,NONE
ORD_8689,NONE
ORD_8690,NONE
ORD_8691,NONE
ORD_8692,SPLIT_SETTLEMENT
ORD_8693,NONE
ORD_8694,NONE
ORD_8695,DUPLICATE_PAYMENT
ORD_8696,NONE
ORD_8697,NONE
ORD_8698,NONE
ORD_8699,NONE
ORD_8700,NONE
ORD_8701,NONE
ORD_8702,NONE
ORD_8703,MISSING_RECORD
ORD_8704,FEE_DISCREPANCY
ORD_8705,NONE
ORD_8706,NONE
ORD_8707,NONE
ORD_8708,NONE
ORD_8709,NONE
ORD_8710,NONE
ORD_8711,NONE
ORD_8712,NONE
ORD_8713,NONE
ORD_8714,TIMING_MISMATCH
ORD_8715,NONE
ORD_8716,NONE
ORD_8717,NONE
ORD_8718,NONE
ORD_8719,NONE
ORD_8720,NONE
ORD_8721,PARTIAL_REFUND
ORD_8722,NONE
ORD_8723,NONE
ORD_8724,NONE
ORD_8725,SPLIT_SETTLEMENT
ORD_8726,NONE
ORD_8727,NONE
ORD_8728,NONE
ORD_8729,NONE
ORD_8730,NONE
ORD_8731,NONE
ORD_8732,NONE
ORD_8733,NONE
ORD_8734,NONE
ORD_8735,NONE
ORD_8736,NONE
ORD_8737,NONE
ORD_8738,NONE
ORD_8739,NONE
ORD_8740,NONE
ORD_8741,NONE
ORD_8742,DUPLICATE_PAYMENT
ORD_8743,NONE
ORD_8744,NONE
ORD_8745,NONE
ORD_8746,NONE
ORD_8747,NONE
ORD_8748,NONE
ORD_8749,NONE
ORD_8750,NONE
ORD_8751,NONE
ORD_8752,NONE
ORD_8753,NONE
ORD_8754,NONE
ORD_8755,NONE
ORD_8756,NONE
ORD_8757,MISSING_RECORD
ORD_8758,FEE_DISCREPANCY
ORD_8759,NONE
ORD_8760,NONE
ORD_8761,NONE
ORD_8762,NONE
ORD_8763,NONE
ORD_8764,NONE
ORD_8765,NONE
ORD_8766,NONE
ORD_8767,NONE
ORD_8768,NONE
ORD_8769,NONE
ORD_8770,NONE
ORD_8771,NONE
ORD_8772,NONE
ORD_8773,NONE
ORD_8774,TIMING_MISMATCH
ORD_8775,NONE
ORD_8776,NONE
ORD_8777,NONE
ORD_8778,NONE
ORD_8779,NONE
ORD_8780,NONE
ORD_8781,NONE
ORD_8782,NONE
ORD_8783,NONE
ORD_8784,NONE
ORD_8785,NONE
ORD_8786,NONE
ORD_8787,NONE
ORD_8788,NONE
ORD_8789,NONE
ORD_8790,NONE
ORD_8791,NONE
ORD_8792,NONE
ORD_8793,NONE
ORD_8794,NONE
ORD_8795,NONE
ORD_8796,NONE
ORD_8797,NONE
ORD_8798,NONE
ORD_8799,PARTIAL_REFUND
ORD_8800,NONE
ORD_8801,NONE
ORD_8802,NONE
ORD_8803,NONE
ORD_8804,NONE
ORD_8805,NONE
ORD_8806,NONE
ORD_8807,NONE
ORD_8808,NONE
ORD_8809,NONE
ORD_8810,NONE
ORD_8811,NONE
ORD_8812,SPLIT_SETTLEMENT
ORD_8813,NONE
ORD_8814,DUPLICATE_PAYMENT
ORD_8815,NONE
ORD_8816,NONE
ORD_8817,NONE
ORD_8818,NONE
ORD_8819,NONE
ORD_8820,NONE
ORD_8821,NONE
ORD_8822,NONE
ORD_8823,NONE
ORD_8824,NONE
ORD_8825,NONE
ORD_8826,NONE
ORD_8827,NONE
ORD_8828,NONE
ORD_8829,NONE
ORD_8830,NONE
ORD_8831,NONE
ORD_8832,NONE
ORD_8833,NONE
ORD_8834,NONE
ORD_8835,NONE
ORD_8836,NONE
ORD_8837,NONE
ORD_8838,NONE
ORD_8839,NONE
ORD_8840,NONE
ORD_8841,NONE
ORD_8842,MISSING_RECORD
ORD_8843,FEE_DISCREPANCY
ORD_8844,NONE
ORD_8845,NONE
ORD_8846,NONE
ORD_8847,NONE
ORD_8848,NONE
ORD_8849,NONE
ORD_8850,NONE
ORD_8851,NONE
ORD_8852,NONE
ORD_8853,NONE
ORD_8854,NONE
ORD_8855,NONE
ORD_8856,NONE
ORD_8857,NONE
ORD_8858,NONE
ORD_8859,NONE
ORD_8860,NONE
ORD_8861,NONE
ORD_8862,NONE
ORD_8863,TIMING_MISMATCH
ORD_8864,NONE
ORD_8865,NONE
ORD_8866,NONE
ORD_8867,NONE
ORD_8868,NONE
ORD_8869,NONE
ORD_8870,NONE
ORD_8871,PARTIAL_REFUND
ORD_8872,NONE
ORD_8873,NONE
ORD_8874,NONE
ORD_8875,NONE
ORD_8876,NONE
ORD_8877,NONE
ORD_8878,NONE
ORD_8879,NONE
ORD_8880,NONE
ORD_8881,NONE
ORD_8882,NONE
ORD_8883,NONE
ORD_8884,NONE
ORD_8885,NONE
ORD_8886,SPLIT_SETTLEMENT
ORD_8887,NONE
ORD_8888,NONE
ORD_8889,NONE
ORD_8890,NONE
ORD_8891,NONE
ORD_8892,NONE
ORD_8893,NONE
ORD_8894,NONE
ORD_8895,NONE
ORD_8896,NONE
ORD_8897,NONE
ORD_8898,NONE
ORD_8899,NONE
ORD_8900,NONE
ORD_8901,DUPLICATE_PAYMENT
ORD_8902,NONE
ORD_8903,NONE
ORD_8904,NONE
ORD_8905,NONE
ORD_8906,NONE
ORD_8907,NONE
ORD_8908,NONE
ORD_8909,NONE
ORD_8910,NONE
ORD_8911,NONE
ORD_8912,NONE
ORD_8913,NONE
ORD_8914,NONE
ORD_8915,NONE
ORD_8916,NONE
ORD_8917,NONE
ORD_8918,NONE
ORD_8919,NONE
ORD_8920,NONE
ORD_8921,MISSING_RECORD
ORD_8922,NONE
ORD_8923,NONE
ORD_8924,NONE
ORD_8925,NONE
ORD_8926,NONE
ORD_8927,NONE
ORD_8928,NONE
ORD_8929,NONE
ORD_8930,NONE
ORD_8931,NONE
ORD_8932,NONE
ORD_8933,NONE
ORD_8934,NONE
ORD_8935,NONE
ORD_8936,FEE_DISCREPANCY
ORD_8937,NONE
ORD_8938,NONE
ORD_8939,TIMING_MISMATCH
ORD_8940,NONE
ORD_8941,NONE
ORD_8942,NONE
ORD_8943,NONE
ORD_8944,NONE
ORD_8945,NONE
ORD_8946,NONE
ORD_8947,NONE
ORD_8948,NONE
ORD_8949,NONE
ORD_8950,PARTIAL_REFUND
ORD_8951,NONE
ORD_8952,NONE
ORD_8953,NONE
ORD_8954,NONE
ORD_8955,NONE
ORD_8956,SPLIT_SETTLEMENT
ORD_8957,NONE
ORD_8958,NONE
ORD_8959,NONE
ORD_8960,NONE
ORD_8961,NONE
ORD_8962,DUPLICATE_PAYMENT
ORD_8963,NONE
ORD_8964,NONE
ORD_8965,MISSING_RECORD
ORD_8966,NONE
ORD_8967,NONE
ORD_8968,NONE
ORD_8969,NONE
ORD_8970,NONE
ORD_8971,NONE
ORD_8972,FEE_DISCREPANCY
ORD_8973,NONE
ORD_8974,NONE
ORD_8975,NONE
ORD_8976,NONE
ORD_8977,NONE
ORD_8978,TIMING_MISMATCH
ORD_8979,NONE
ORD_8980,NONE
ORD_8981,NONE
ORD_8982,NONE
ORD_8983,NONE
ORD_8984,NONE
ORD_8985,NONE
ORD_8986,NONE
ORD_8987,NONE
ORD_8988,NONE
ORD_8989,NONE
ORD_8990,NONE
ORD_8991,NONE
ORD_8992,NONE
ORD_8993,NONE
ORD_8994,NONE
ORD_8995,NONE
ORD_8996,NONE
ORD_8997,NONE
ORD_8998,PARTIAL_REFUND
ORD_8999,NONE
ORD_9000,NONE
