order_id,customer_name,amount,order_date,status,product
ORD_1001,Aakash Jain,538.27,2026-08-20 20:49:00,completed,Blue T-Shirt
ORD_1002,Nandini Choudhury,2547.79,2026-08-21 03:48:00,completed,Keyboard
ORD_1003,Arjun Mehta,1232.99,2026-08-21 08:40:00,completed,Desk Lamp
ORD_1004,Pooja Desai,355.42,2026-08-21 23:58:00,completed,Water Bottle
ORD_1005,Deepika Rao,543.27,2026-08-21 05:54:00,completed,Blue T-Shirt
ORD_1006,Vikram Singh,1833.05,2026-08-20 17:58:00,completed,Backpack
ORD_1007,Karthik Sundaram,332.75,2026-08-21 01:48:00,completed,Mouse Pad
ORD_1008,Rohit Joshi,543.96,2026-08-20 17:39:00,completed,Blue T-Shirt
ORD_1009,Sneha Gupta,1845.47,2026-08-20 17:59:00,completed,Backpack
ORD_1010,Manish Tiwari,1529.55,2026-08-20 18:22:00,completed,Standing Desk Mat
ORD_1011,Divya Kulkarni,292.55,2026-08-21 01:39:00,completed,Phone Case
ORD_1012,Manish Tiwari,1224.05,2026-08-21 05:21:00,completed,Desk Lamp
ORD_1013,Rohit Joshi,500.66,2026-08-20 19:15:00,completed,Blue T-Shirt
ORD_1014,Meera Iyer,215.4,2026-08-21 08:35:00,completed,USB Cable
ORD_1015,Aakash Jain,923.29,2026-08-20 22:12:00,completed,Laptop Stand
ORD_1016,Rajesh Menon,1779.23,2026-08-20 21:17:00,completed,Backpack
ORD_1017,Ananya Reddy,1293.05,2026-08-20 18:16:00,completed,Power Bank
ORD_1018,Aakash Jain,1160.85,2026-08-21 06:38:00,completed,Desk Lamp
ORD_1019,Rahul Sharma,3456.51,2026-08-21 06:28:00,completed,Webcam
ORD_1020,Anjali Saxena,391.51,2026-08-21 00:41:00,completed,Water Bottle
ORD_1021,Rajesh Menon,717.87,2026-08-21 05:17:00,completed,Watch Strap
ORD_1022,Aakash Jain,1944.08,2026-08-21 01:36:00,completed,Monitor Light
ORD_1023,Sanjay Verma,1283.8,2026-08-21 03:42:00,completed,Power Bank
ORD_1024,Aakash Jain,231.33,2026-08-21 05:55:00,completed,Notebook Set
ORD_1025,Anjali Saxena,2969.36,2026-08-20 21:59:00,completed,Running Shoes
ORD_1026,Sneha Gupta,1558.32,2026-08-21 07:07:00,completed,Sunglasses
ORD_1027,Suresh Pillai,441.19,2026-08-20 21:55:00,completed,Water Bottle
ORD_1028,Pooja Desai,1476.62,2026-08-21 03:59:00,completed,Wireless Earbuds
ORD_1029,Aakash Jain,982.24,2026-08-21 05:29:00,completed,Yoga Mat
ORD_1030,Gaurav Malhotra,497.84,2026-08-20 21:31:00,completed,Coffee Mug
ORD_1031,Vikram Singh,1636.09,2026-08-20 19:30:00,completed,Sunglasses
ORD_1032,Amit Kumar,3452.59,2026-08-21 00:40:00,completed,Webcam
ORD_1033,Priya Patel,2981.44,2026-08-21 02:22:00,completed,Running Shoes
ORD_1034,Vikram Singh,1340.28,2026-08-21 00:29:00,completed,Power Bank
ORD_1035,Pooja Desai,212.89,2026-08-21 01:29:00,completed,USB Cable
ORD_1036,Shreya Bhat,199.81,2026-08-20 18:58:00,completed,Notebook Set
ORD_1037,Gaurav Malhotra,311.82,2026-08-20 18:19:00,completed,Phone Case
ORD_1038,Arjun Mehta,2499.18,2026-08-20 22:16:00,completed,Keyboard
ORD_1039,Karthik Sundaram,3485.58,2026-08-20 17:16:00,completed,Webcam
ORD_1040,Anjali Saxena,510.95,2026-08-21 03:58:00,completed,Blue T-Shirt
ORD_1041,Kavita Nair,1260.61,2026-08-20 21:24:00,completed,Power Bank
ORD_1042,Arjun Mehta,1489.81,2026-08-20 18:44:00,completed,Standing Desk Mat
ORD_1043,Sneha Gupta,426.59,2026-08-21 07:05:00,completed,Coffee Mug
ORD_1044,Kavita Nair,407.64,2026-08-21 03:49:00,completed,Water Bottle
ORD_1045,Kavita Nair,250.49,2026-08-21 03:01:00,completed,Phone Case
ORD_1046,Nandini Choudhury,2471.15,2026-08-20 18:46:00,completed,Keyboard
ORD_1047,Sanjay Verma,1538.93,2026-08-20 21:04:00,completed,Wireless Earbuds
ORD_1048,Gaurav Malhotra,934.28,2026-08-20 23:27:00,completed,Laptop Stand
ORD_1049,Amit Kumar,1255.71,2026-08-20 19:27:00,completed,Power Bank
ORD_1050,Nandini Choudhury,3045.84,2026-08-21 02:22:00,completed,Running Shoes
ORD_1051,Anjali Saxena,1229.72,2026-08-20 17:38:00,completed,Desk Lamp
ORD_1052,Rahul Sharma,323.1,2026-08-20 19:47:00,completed,Phone Case
ORD_1053,Nandini Choudhury,264.74,2026-08-20 18:43:00,completed,Phone Case
ORD_1054,Shreya Bhat,1897.66,2026-08-21 23:58:00,completed,Monitor Light
ORD_1055,Karthik Sundaram,1566.57,2026-08-21 00:32:00,completed,Sunglasses
ORD_1056,Rajesh Menon,1606.34,2026-08-21 06:18:00,completed,Sunglasses
ORD_1057,Karthik Sundaram,1192.57,2026-08-20 19:25:00,completed,Desk Lamp
ORD_1058,Vikram Singh,272.63,2026-08-21 01:12:00,completed,Phone Case
ORD_1059,Nandini Choudhury,1913.3,2026-08-21 03:55:00,completed,Monitor Light
ORD_1060,Deepika Rao,2954.69,2026-08-20 19:41:00,completed,Running Shoes
ORD_1061,Suresh Pillai,359.5,2026-08-20 21:03:00,completed,Mouse Pad
ORD_1062,Ananya Reddy,2501.27,2026-08-21 04:23:00,completed,Keyboard
ORD_1063,Shreya Bhat,174.2,2026-08-20 21:21:00,completed,USB Cable
ORD_1064,Sanjay Verma,3486.67,2026-08-20 21:42:00,completed,Webcam
ORD_1065,Vikram Singh,1249.0,2026-08-20 19:18:00,completed,Desk Lamp
ORD_1066,Rajesh Menon,1767.08,2026-08-20 22:46:00,completed,Backpack
ORD_1067,Ritu Bansal,245.56,2026-08-20 23:23:00,completed,USB Cable
ORD_1068,Ritu Bansal,204.22,2026-08-21 04:35:00,completed,Notebook Set
ORD_1069,Meera Iyer,1230.67,2026-08-20 17:26:00,completed,Desk Lamp
ORD_1070,Deepika Rao,262.76,2026-08-21 08:44:00,completed,Phone Case
ORD_1071,Aakash Jain,2491.33,2026-08-21 02:15:00,completed,Keyboard
ORD_1072,Vikram Singh,1873.19,2026-08-21 02:27:00,completed,Monitor Light
ORD_1073,Karthik Sundaram,2504.42,2026-08-21 08:02:00,completed,Keyboard
ORD_1074,Anjali Saxena,253.43,2026-08-21 03:52:00,completed,Phone Case
ORD_1075,Rohit Joshi,169.16,2026-08-20 18:20:00,completed,USB Cable
ORD_1076,Meera Iyer,211.45,2026-08-21 06:56:00,completed,Notebook Set
ORD_1077,Nandini Choudhury,1556.89,2026-08-20 22:34:00,completed,Sunglasses
ORD_1078,Divya Kulkarni,1000.31,2026-08-20 22:01:00,completed,Yoga Mat
ORD_1079,Nikhil Agarwal,1464.34,2026-08-21 04:23:00,completed,Standing Desk Mat
ORD_1080,Anjali Saxena,2487.7,2026-08-20 20:16:00,completed,Keyboard
ORD_1081,Rohit Joshi,269.4,2026-08-21 02:44:00,completed,Notebook Set
ORD_1082,Anjali Saxena,1019.95,2026-08-21 02:57:00,completed,Yoga Mat
ORD_1083,Rahul Sharma,1228.04,2026-08-21 04:35:00,completed,Desk Lamp
ORD_1084,Manish Tiwari,1625.92,2026-08-20 19:08:00,completed,Sunglasses
ORD_1085,Priya Patel,1599.29,2026-08-20 20:33:00,completed,Sunglasses
ORD_1086,Gaurav Malhotra,3476.45,2026-08-21 02:39:00,completed,Webcam
ORD_1087,Rahul Sharma,3031.52,2026-08-20 19:02:00,completed,Running Shoes
ORD_1088,Shreya Bhat,1273.49,2026-08-21 05:19:00,completed,Power Bank
ORD_1089,Meera Iyer,412.08,2026-08-20 20:20:00,completed,Coffee Mug
ORD_1090,Divya Kulkarni,392.38,2026-08-21 03:12:00,completed,Mouse Pad
ORD_1091,Priya Patel,1884.29,2026-08-21 02:31:00,completed,Monitor Light
ORD_1092,Priya Patel,953.52,2026-08-20 23:23:00,completed,Yoga Mat
ORD_1093,Sanjay Verma,436.32,2026-08-21 04:48:00,completed,Coffee Mug
ORD_1094,Nandini Choudhury,2462.98,2026-08-21 03:10:00,completed,Keyboard
ORD_1095,Sneha Gupta,982.12,2026-08-21 06:37:00,completed,Yoga Mat
ORD_1096,Manish Tiwari,1221.14,2026-08-21 08:10:00,completed,Desk Lamp
ORD_1097,Vikram Singh,680.37,2026-08-21 06:44:00,completed,Watch Strap
ORD_1098,Sanjay Verma,1301.55,2026-08-20 22:29:00,completed,Power Bank
ORD_1099,Kavita Nair,254.81,2026-08-21 02:49:00,completed,Notebook Set
ORD_1100,Karthik Sundaram,3486.97,2026-08-21 04:49:00,completed,Webcam
ORD_1101,Rajesh Menon,292.3,2026-08-21 01:08:00,completed,Notebook Set
ORD_1102,Vikram Singh,917.12,2026-08-20 17:35:00,completed,Laptop Stand
ORD_1103,Divya Kulkarni,1872.22,2026-08-20 18:58:00,completed,Monitor Light
ORD_1104,Manish Tiwari,2949.93,2026-08-20 20:59:00,completed,Running Shoes
ORD_1105,Nikhil Agarwal,315.25,2026-08-21 01:45:00,completed,Mouse Pad
ORD_1106,Karthik Sundaram,2481.79,2026-08-20 20:11:00,completed,Keyboard
ORD_1107,Meera Iyer,475.16,2026-08-21 00:03:00,completed,Blue T-Shirt
ORD_1108,Kavita Nair,1010.46,2026-08-20 21:30:00,completed,Yoga Mat
ORD_1109,Amit Kumar,1536.31,2026-08-21 07:33:00,completed,Standing Desk Mat
ORD_1110,Rohit Joshi,660.62,2026-08-21 08:05:00,completed,Watch Strap
ORD_1111,Rahul Sharma,424.45,2026-08-20 23:37:00,completed,Coffee Mug
ORD_1112,Aakash Jain,1825.9,2026-08-21 06:23:00,completed,Backpack
ORD_1113,Karthik Sundaram,1848.28,2026-08-20 21:46:00,completed,Backpack
ORD_1114,Rohit Joshi,964.51,2026-08-20 20:02:00,completed,Yoga Mat
ORD_1115,Karthik Sundaram,1223.05,2026-08-21 07:14:00,completed,Desk Lamp
ORD_1116,Vikram Singh,322.69,2026-08-21 00:26:00,completed,Mouse Pad
ORD_1117,Sanjay Verma,477.58,2026-08-21 06:26:00,completed,Coffee Mug
ORD_1118,Pooja Desai,3490.27,2026-08-20 21:24:00,completed,Webcam
ORD_1119,Amit Kumar,1509.29,2026-08-20 23:51:00,completed,Standing Desk Mat
ORD_1120,Rajesh Menon,1340.44,2026-08-20 23:25:00,completed,Power Bank
ORD_1121,Sanjay Verma,1325.16,2026-08-20 23:58:00,completed,Power Bank
ORD_1122,Manish Tiwari,322.0,2026-08-21 00:31:00,completed,Mouse Pad
ORD_1123,Anjali Saxena,1763.0,2026-08-21 08:11:00,completed,Backpack
ORD_1124,Vikram Singh,1155.8,2026-08-20 17:13:00,completed,Desk Lamp
ORD_1125,Divya Kulkarni,450.67,2026-08-21 01:34:00,completed,Blue T-Shirt
ORD_1126,Meera Iyer,1501.65,2026-08-21 01:50:00,completed,Standing Desk Mat
ORD_1127,Karthik Sundaram,1489.53,2026-08-21 08:03:00,completed,Wireless Earbuds
ORD_1128,Rajesh Menon,1170.14,2026-08-21 08:17:00,completed,Desk Lamp
ORD_1129,Rajesh Menon,1863.42,2026-08-21 05:59:00,completed,Monitor Light
ORD_1130,Meera Iyer,2523.55,2026-08-20 18:06:00,completed,Keyboard
ORD_1131,Anjali Saxena,1271.81,2026-08-21 05:27:00,completed,Power Bank
ORD_1132,Sneha Gupta,430.67,2026-08-20 19:00:00,completed,Coffee Mug
ORD_1133,Nandini Choudhury,1004.42,2026-08-21 03:55:00,completed,Yoga Mat
ORD_1134,Deepika Rao,1762.88,2026-08-21 01:31:00,completed,Backpack
ORD_1135,Sneha Gupta,1468.55,2026-08-20 21:19:00,completed,Standing Desk Mat
ORD_1136,Nandini Choudhury,279.04,2026-08-20 23:30:00,completed,Phone Case
ORD_1137,Manish Tiwari,435.5,2026-08-20 23:37:00,completed,Coffee Mug
ORD_1138,Vikram Singh,1616.3,2026-08-21 02:15:00,completed,Sunglasses
ORD_1139,Meera Iyer,3452.68,2026-08-20 19:06:00,completed,Webcam
ORD_1140,Arjun Mehta,850.05,2026-08-21 00:32:00,completed,Laptop Stand
ORD_1141,Pooja Desai,1259.45,2026-08-20 19:07:00,completed,Power Bank
ORD_1142,Rajesh Menon,153.47,2026-08-20 20:01:00,completed,USB Cable
ORD_1143,Gaurav Malhotra,1228.78,2026-08-20 22:11:00,completed,Desk Lamp
ORD_1144,Anjali Saxena,1859.18,2026-08-20 22:23:00,completed,Monitor Light
ORD_1145,Nikhil Agarwal,984.2,2026-08-20 22:52:00,completed,Yoga Mat
ORD_1146,Manish Tiwari,1608.64,2026-08-21 05:27:00,completed,Sunglasses
ORD_1147,Meera Iyer,1454.36,2026-08-20 17:31:00,completed,Standing Desk Mat
ORD_1148,Aakash Jain,1505.54,2026-08-21 00:18:00,completed,Wireless Earbuds
ORD_1149,Meera Iyer,276.51,2026-08-20 18:48:00,completed,Notebook Set
ORD_1150,Sneha Gupta,1492.91,2026-08-21 00:13:00,completed,Wireless Earbuds
ORD_1151,Nandini Choudhury,1002.23,2026-08-20 22:20:00,completed,Yoga Mat
ORD_1152,Vikram Singh,285.7,2026-08-20 21:15:00,completed,Notebook Set
ORD_1153,Aakash Jain,1512.36,2026-08-20 19:25:00,completed,Wireless Earbuds
ORD_1154,Rajesh Menon,712.48,2026-08-21 04:54:00,completed,Watch Strap
ORD_1155,Sanjay Verma,1934.24,2026-08-20 18:02:00,completed,Monitor Light
ORD_1156,Arjun Mehta,164.9,2026-08-20 19:41:00,completed,USB Cable
ORD_1157,Ritu Bansal,849.11,2026-08-20 19:08:00,completed,Laptop Stand
ORD_1158,Divya Kulkarni,1187.31,2026-08-20 20:06:00,completed,Desk Lamp
ORD_1159,Ananya Reddy,510.03,2026-08-21 07:22:00,completed,Blue T-Shirt
ORD_1160,Pooja Desai,434.15,2026-08-21 03:50:00,completed,Coffee Mug
ORD_1161,Suresh Pillai,400.77,2026-08-20 23:47:00,completed,Water Bottle
ORD_1162,Sanjay Verma,547.69,2026-08-20 21:24:00,completed,Blue T-Shirt
ORD_1163,Karthik Sundaram,3041.26,2026-08-21 02:40:00,completed,Running Shoes
ORD_1164,Karthik Sundaram,302.64,2026-08-20 19:19:00,completed,Phone Case
ORD_1165,Vikram Singh,850.27,2026-08-20 17:10:00,completed,Laptop Stand
ORD_1166,Pooja Desai,482.5,2026-08-21 01:33:00,completed,Blue T-Shirt
ORD_1167,Manish Tiwari,276.33,2026-08-20 20:14:00,completed,Notebook Set
ORD_1168,Rajesh Menon,3529.31,2026-08-21 06:14:00,completed,Webcam
ORD_1169,Karthik Sundaram,2547.14,2026-08-20 19:56:00,completed,Keyboard
ORD_1170,Manish Tiwari,1195.39,2026-08-21 08:49:00,completed,Desk Lamp
ORD_1171,Shreya Bhat,299.15,2026-08-21 05:54:00,completed,Mouse Pad
ORD_1172,Meera Iyer,2490.31,2026-08-21 07:47:00,completed,Keyboard
ORD_1173,Karthik Sundaram,284.09,2026-08-21 03:20:00,completed,Notebook Set
ORD_1174,Aakash Jain,902.59,2026-08-20 23:28:00,completed,Laptop Stand
ORD_1175,Kavita Nair,258.12,2026-08-21 04:25:00,completed,Phone Case
ORD_1176,Vikram Singh,659.19,2026-08-20 20:00:00,completed,Watch Strap
ORD_1177,Amit Kumar,1451.18,2026-08-20 23:57:00,completed,Wireless Earbuds
ORD_1178,Karthik Sundaram,448.61,2026-08-21 06:11:00,completed,Coffee Mug
ORD_1179,Amit Kumar,3496.9,2026-08-21 01:24:00,completed,Webcam
ORD_1180,Ritu Bansal,1303.45,2026-08-21 04:58:00,completed,Power Bank
ORD_1181,Manish Tiwari,2484.74,2026-08-21 00:10:00,completed,Keyboard
ORD_1182,Ananya Reddy,1042.52,2026-08-20 22:15:00,completed,Yoga Mat
ORD_1183,Ananya Reddy,1303.21,2026-08-21 08:02:00,completed,Power Bank
ORD_1184,Vikram Singh,304.96,2026-08-20 21:49:00,completed,Mouse Pad
ORD_1185,Pooja Desai,1822.24,2026-08-21 08:41:00,completed,Backpack
ORD_1186,Divya Kulkarni,161.73,2026-08-20 17:44:00,completed,USB Cable
ORD_1187,Vikram Singh,942.67,2026-08-21 03:47:00,completed,Laptop Stand
ORD_1188,Kavita Nair,475.52,2026-08-20 19:22:00,completed,Blue T-Shirt
ORD_1189,Ritu Bansal,3486.53,2026-08-21 00:10:00,completed,Webcam
ORD_1190,Amit Kumar,3543.18,2026-08-21 03:38:00,completed,Webcam
ORD_1191,Divya Kulkarni,1618.72,2026-08-21 01:42:00,completed,Sunglasses
ORD_1192,Rahul Sharma,1268.97,2026-08-20 23:10:00,completed,Power Bank
ORD_1193,Karthik Sundaram,1786.1,2026-08-21 04:11:00,completed,Backpack
ORD_1194,Aakash Jain,3490.4,2026-08-21 00:35:00,completed,Webcam
ORD_1195,Ananya Reddy,666.29,2026-08-20 23:51:00,completed,Watch Strap
ORD_1196,Karthik Sundaram,1487.81,2026-08-21 03:54:00,completed,Wireless Earbuds
ORD_1197,Sneha Gupta,1907.27,2026-08-20 20:36:00,completed,Monitor Light
ORD_1198,Nandini Choudhury,239.3,2026-08-21 05:02:00,completed,Notebook Set
ORD_1199,Ritu Bansal,177.03,2026-08-20 20:55:00,completed,USB Cable
ORD_1200,Aakash Jain,1623.09,2026-08-21 04:52:00,completed,Sunglasses
ORD_1201,Kavita Nair,432.7,2026-08-20 18:29:00,completed,Water Bottle
ORD_1202,Rajesh Menon,3040.8,2026-08-20 23:17:00,completed,Running Shoes
ORD_1203,Meera Iyer,1904.13,2026-08-20 22:53:00,completed,Monitor Light
ORD_1204,Pooja Desai,375.91,2026-08-20 17:55:00,completed,Water Bottle
ORD_1205,Meera Iyer,1638.55,2026-08-21 23:58:00,completed,Sunglasses
ORD_1206,Deepika Rao,1509.91,2026-08-20 20:30:00,completed,Standing Desk Mat
ORD_1207,Nandini Choudhury,1238.97,2026-08-21 05:42:00,completed,Desk Lamp
ORD_1208,Rajesh Menon,383.32,2026-08-21 00:43:00,completed,Water Bottle
ORD_1209,Divya Kulkarni,896.08,2026-08-21 01:46:00,completed,Laptop Stand
ORD_1210,Deepika Rao,975.06,2026-08-21 07:54:00,completed,Yoga Mat
ORD_1211,Priya Patel,2478.84,2026-08-20 21:08:00,completed,Keyboard
ORD_1212,Priya Patel,1780.34,2026-08-20 17:28:00,completed,Backpack
ORD_1213,Ritu Bansal,441.9,2026-08-21 05:00:00,completed,Coffee Mug
ORD_1214,Meera Iyer,1218.35,2026-08-21 02:08:00,completed,Desk Lamp
ORD_1215,Vikram Singh,1637.8,2026-08-21 03:57:00,completed,Sunglasses
ORD_1216,Sneha Gupta,1899.46,2026-08-21 04:45:00,completed,Monitor Light
ORD_1217,Karthik Sundaram,890.68,2026-08-20 20:35:00,completed,Laptop Stand
ORD_1218,Sneha Gupta,290.88,2026-08-20 20:18:00,completed,Phone Case
ORD_1219,Rohit Joshi,3003.81,2026-08-21 08:21:00,completed,Running Shoes
ORD_1220,Nikhil Agarwal,263.43,2026-08-21 02:16:00,completed,Notebook Set
ORD_1221,Shreya Bhat,534.2,2026-08-20 22:21:00,completed,Blue T-Shirt
ORD_1222,Rajesh Menon,282.57,2026-08-21 08:51:00,completed,Notebook Set
ORD_1223,Shreya Bhat,1329.23,2026-08-21 07:11:00,completed,Power Bank
ORD_1224,Amit Kumar,1593.07,2026-08-21 01:41:00,completed,Sunglasses
ORD_1225,Nandini Choudhury,2517.82,2026-08-20 20:27:00,completed,Keyboard
ORD_1226,Ritu Bansal,2533.88,2026-08-20 22:04:00,completed,Keyboard
ORD_1227,Ritu Bansal,1893.81,2026-08-21 07:20:00,completed,Monitor Light
ORD_1228,Anjali Saxena,238.01,2026-08-20 23:41:00,completed,USB Cable
ORD_1229,Aakash Jain,660.4,2026-08-21 00:00:00,completed,Watch Strap
ORD_1230,Rohit Joshi,874.43,2026-08-20 23:07:00,completed,Laptop Stand
ORD_1231,Manish Tiwari,694.74,2026-08-20 21:31:00,completed,Watch Strap
ORD_1232,Vikram Singh,1822.05,2026-08-20 20:24:00,completed,Backpack
ORD_1233,Vikram Singh,194.28,2026-08-20 21:26:00,completed,USB Cable
ORD_1234,Deepika Rao,411.42,2026-08-21 04:58:00,completed,Water Bottle
ORD_1235,Shreya Bhat,1906.06,2026-08-21 06:43:00,completed,Monitor Light
ORD_1236,Vikram Singh,217.34,2026-08-20 18:44:00,completed,USB Cable
ORD_1237,Rajesh Menon,422.76,2026-08-21 02:44:00,completed,Coffee Mug
ORD_1238,Gaurav Malhotra,732.0,2026-08-21 04:48:00,completed,Watch Strap
ORD_1239,Priya Patel,2460.94,2026-08-21 06:17:00,completed,Keyboard
ORD_1240,Gaurav Malhotra,3026.37,2026-08-21 02:31:00,completed,Running Shoes
ORD_1241,Meera Iyer,3489.34,2026-08-21 00:56:00,completed,Webcam
ORD_1242,Nikhil Agarwal,915.89,2026-08-21 00:57:00,completed,Laptop Stand
ORD_1243,Aakash Jain,540.13,2026-08-21 04:32:00,completed,Blue T-Shirt
ORD_1244,Amit Kumar,3449.73,2026-08-20 23:42:00,completed,Webcam
ORD_1245,Rajesh Menon,251.38,2026-08-21 03:02:00,completed,Phone Case
ORD_1246,Suresh Pillai,1484.77,2026-08-20 20:18:00,completed,Wireless Earbuds
ORD_1247,Gaurav Malhotra,3478.5,2026-08-20 21:19:00,completed,Webcam
ORD_1248,Divya Kulkarni,170.01,2026-08-21 04:13:00,completed,USB Cable
ORD_1249,Anjali Saxena,3034.14,2026-08-21 07:41:00,completed,Running Shoes
ORD_1250,Amit Kumar,877.51,2026-08-20 23:20:00,completed,Laptop Stand
ORD_1251,Kavita Nair,323.62,2026-08-21 06:17:00,completed,Mouse Pad
ORD_1252,Vikram Singh,1533.18,2026-08-20 23:16:00,completed,Wireless Earbuds
ORD_1253,Anjali Saxena,3475.06,2026-08-21 08:41:00,completed,Webcam
ORD_1254,Nandini Choudhury,515.27,2026-08-20 22:48:00,completed,Blue T-Shirt
ORD_1255,Kavita Nair,1225.15,2026-08-20 19:16:00,completed,Desk Lamp
ORD_1256,Suresh Pillai,919.37,2026-08-21 01:53:00,completed,Laptop Stand
ORD_1257,Meera Iyer,2489.58,2026-08-21 08:50:00,completed,Keyboard
ORD_1258,Sneha Gupta,1009.2,2026-08-21 00:26:00,completed,Yoga Mat
ORD_1259,Ritu Bansal,371.03,2026-08-21 08:30:00,completed,Mouse Pad
ORD_1260,Arjun Mehta,254.59,2026-08-20 22:33:00,completed,Phone Case
ORD_1261,Pooja Desai,1266.06,2026-08-20 21:50:00,completed,Power Bank
ORD_1262,Sneha Gupta,437.55,2026-08-20 17:12:00,completed,Coffee Mug
ORD_1263,Amit Kumar,2524.24,2026-08-21 23:57:00,completed,Keyboard
ORD_1264,Divya Kulkarni,434.05,2026-08-20 20:27:00,completed,Coffee Mug
ORD_1265,Suresh Pillai,1901.25,2026-08-20 17:24:00,completed,Monitor Light
ORD_1266,Shreya Bhat,1476.56,2026-08-21 05:48:00,completed,Standing Desk Mat
ORD_1267,Shreya Bhat,334.5,2026-08-20 20:47:00,completed,Phone Case
ORD_1268,Gaurav Malhotra,1787.91,2026-08-20 17:51:00,completed,Backpack
ORD_1269,Deepika Rao,1514.62,2026-08-20 18:49:00,completed,Standing Desk Mat
ORD_1270,Shreya Bhat,1210.52,2026-08-20 18:23:00,completed,Desk Lamp
ORD_1271,Anjali Saxena,1540.92,2026-08-21 02:46:00,completed,Wireless Earbuds
ORD_1272,Sneha Gupta,1789.71,2026-08-20 19:32:00,completed,Backpack
ORD_1273,Kavita Nair,1897.36,2026-08-21 03:49:00,completed,Monitor Light
ORD_1274,Meera Iyer,340.24,2026-08-20 17:44:00,completed,Mouse Pad
ORD_1275,Divya Kulkarni,217.28,2026-08-20 23:31:00,completed,Notebook Set
ORD_1276,Shreya Bhat,1516.58,2026-08-21 08:39:00,completed,Wireless Earbuds
ORD_1277,Aakash Jain,1267.29,2026-08-21 01:25:00,completed,Power Bank
ORD_1278,Rajesh Menon,746.65,2026-08-21 07:20:00,completed,Watch Strap
ORD_1279,Ananya Reddy,1483.31,2026-08-21 08:27:00,completed,Standing Desk Mat
ORD_1280,Anjali Saxena,279.41,2026-08-21 06:54:00,completed,Notebook Set
ORD_1281,Ritu Bansal,3521.06,2026-08-21 02:16:00,completed,Webcam
ORD_1282,Anjali Saxena,235.1,2026-08-21 01:22:00,completed,Notebook Set
ORD_1283,Suresh Pillai,981.51,2026-08-21 08:49:00,completed,Yoga Mat
ORD_1284,Amit Kumar,1889.48,2026-08-20 19:10:00,completed,Monitor Light
ORD_1285,Nikhil Agarwal,1901.09,2026-08-21 06:10:00,completed,Monitor Light
ORD_1286,Ritu Bansal,1542.68,2026-08-20 18:01:00,completed,Wireless Earbuds
ORD_1287,Vikram Singh,711.65,2026-08-20 22:01:00,completed,Watch Strap
ORD_1288,Nikhil Agarwal,1808.08,2026-08-21 06:33:00,completed,Backpack
ORD_1289,Vikram Singh,2530.54,2026-08-21 04:18:00,completed,Keyboard
ORD_1290,Pooja Desai,3486.36,2026-08-21 06:25:00,completed,Webcam
ORD_1291,Divya Kulkarni,227.47,2026-08-21 01:26:00,completed,Notebook Set
ORD_1292,Anjali Saxena,253.96,2026-08-20 17:11:00,completed,Phone Case
ORD_1293,Priya Patel,995.37,2026-08-21 03:05:00,completed,Yoga Mat
ORD_1294,Nikhil Agarwal,1187.48,2026-08-21 00:47:00,completed,Desk Lamp
ORD_1295,Anjali Saxena,3023.47,2026-08-20 20:16:00,completed,Running Shoes
ORD_1296,Karthik Sundaram,257.47,2026-08-21 00:00:00,completed,Notebook Set
ORD_1297,Gaurav Malhotra,2954.98,2026-08-20 21:44:00,completed,Running Shoes
ORD_1298,Meera Iyer,517.92,2026-08-20 21:16:00,completed,Blue T-Shirt
ORD_1299,Anjali Saxena,1540.45,2026-08-20 22:04:00,completed,Standing Desk Mat
ORD_1300,Aakash Jain,1534.68,2026-08-21 00:20:00,completed,Standing Desk Mat
ORD_1301,Shreya Bhat,858.63,2026-08-20 19:02:00,completed,Laptop Stand
ORD_1302,Meera Iyer,1874.59,2026-08-21 00:38:00,completed,Monitor Light
ORD_1303,Priya Patel,1028.42,2026-08-21 01:33:00,completed,Yoga Mat
ORD_1304,Manish Tiwari,2514.69,2026-08-20 22:35:00,completed,Keyboard
ORD_1305,Sanjay Verma,3489.16,2026-08-20 22:34:00,completed,Webcam
ORD_1306,Anjali Saxena,1473.07,2026-08-20 23:24:00,completed,Standing Desk Mat
ORD_1307,Deepika Rao,348.34,2026-08-20 17:19:00,completed,Phone Case
ORD_1308,Nikhil Agarwal,258.43,2026-08-21 04:09:00,completed,Phone Case
ORD_1309,Ananya Reddy,378.29,2026-08-21 08:52:00,completed,Mouse Pad
ORD_1310,Pooja Desai,1036.98,2026-08-21 06:59:00,completed,Yoga Mat
ORD_1311,Vikram Singh,352.99,2026-08-21 03:32:00,completed,Mouse Pad
ORD_1312,Amit Kumar,262.22,2026-08-21 08:36:00,completed,Phone Case
ORD_1313,Nandini Choudhury,1868.61,2026-08-21 00:15:00,completed,Monitor Light
ORD_1314,Aakash Jain,1514.54,2026-08-21 02:10:00,completed,Standing Desk Mat
ORD_1315,Kavita Nair,922.96,2026-08-20 21:55:00,completed,Laptop Stand
ORD_1316,Nandini Choudhury,253.88,2026-08-20 21:44:00,completed,Notebook Set
ORD_1317,Shreya Bhat,455.66,2026-08-21 01:42:00,completed,Blue T-Shirt
ORD_1318,Anjali Saxena,1335.68,2026-08-20 19:11:00,completed,Power Bank
ORD_1319,Rahul Sharma,488.04,2026-08-21 01:14:00,completed,Coffee Mug
ORD_1320,Pooja Desai,1206.29,2026-08-21 02:58:00,completed,Desk Lamp
ORD_1321,Aakash Jain,292.01,2026-08-20 21:41:00,completed,Phone Case
ORD_1322,Deepika Rao,1645.12,2026-08-21 07:47:00,completed,Sunglasses
ORD_1323,Rahul Sharma,1172.09,2026-08-21 04:05:00,completed,Desk Lamp
ORD_1324,Rahul Sharma,2989.86,2026-08-21 01:26:00,completed,Running Shoes
ORD_1325,Pooja Desai,737.76,2026-08-21 05:49:00,completed,Watch Strap
ORD_1326,Nikhil Agarwal,2459.93,2026-08-20 18:56:00,completed,Keyboard
ORD_1327,Karthik Sundaram,1200.87,2026-08-20 18:35:00,completed,Desk Lamp
ORD_1328,Priya Patel,210.31,2026-08-20 21:29:00,completed,USB Cable
ORD_1329,Rajesh Menon,1794.37,2026-08-20 23:56:00,completed,Backpack
ORD_1330,Karthik Sundaram,1501.38,2026-08-20 22:24:00,completed,Wireless Earbuds
ORD_1331,Divya Kulkarni,1579.81,2026-08-21 07:18:00,completed,Sunglasses
ORD_1332,Kavita Nair,1537.27,2026-08-20 23:37:00,completed,Standing Desk Mat
ORD_1333,Priya Patel,2967.48,2026-08-21 04:02:00,completed,Running Shoes
ORD_1334,Rajesh Menon,1515.09,2026-08-20 22:29:00,completed,Standing Desk Mat
ORD_1335,Sneha Gupta,196.08,2026-08-21 01:21:00,completed,USB Cable
ORD_1336,Sanjay Verma,191.71,2026-08-21 01:33:00,completed,USB Cable
ORD_1337,Rohit Joshi,1219.86,2026-08-20 17:07:00,completed,Desk Lamp
ORD_1338,Rajesh Menon,513.06,2026-08-21 02:16:00,completed,Blue T-Shirt
ORD_1339,Sanjay Verma,1768.4,2026-08-21 08:58:00,completed,Backpack
ORD_1340,Deepika Rao,3032.51,2026-08-21 03:35:00,completed,Running Shoes
ORD_1341,Ananya Reddy,461.65,2026-08-21 05:11:00,completed,Coffee Mug
ORD_1342,Deepika Rao,731.95,2026-08-20 23:33:00,completed,Watch Strap
ORD_1343,Ritu Bansal,383.01,2026-08-21 23:57:00,completed,Water Bottle
ORD_1344,Priya Patel,849.41,2026-08-20 19:21:00,completed,Laptop Stand
ORD_1345,Anjali Saxena,377.66,2026-08-21 03:49:00,completed,Water Bottle
ORD_1346,Rajesh Menon,326.11,2026-08-21 02:36:00,completed,Mouse Pad
ORD_1347,Karthik Sundaram,2957.61,2026-08-20 22:45:00,completed,Running Shoes
ORD_1348,Aakash Jain,1546.37,2026-08-21 07:36:00,completed,Wireless Earbuds
ORD_1349,Nandini Choudhury,335.11,2026-08-21 01:58:00,completed,Phone Case
ORD_1350,Ananya Reddy,1295.12,2026-08-21 02:49:00,completed,Power Bank
ORD_1351,Pooja Desai,689.08,2026-08-21 00:39:00,completed,Watch Strap
ORD_1352,Ananya Reddy,3518.41,2026-08-20 19:47:00,completed,Webcam
ORD_1353,Nandini Choudhury,917.55,2026-08-21 05:20:00,completed,Laptop Stand
ORD_1354,Karthik Sundaram,702.13,2026-08-21 07:12:00,completed,Watch Strap
ORD_1355,Nandini Choudhury,1507.27,2026-08-21 05:54:00,completed,Wireless Earbuds
ORD_1356,Rajesh Menon,472.52,2026-08-21 05:40:00,completed,Blue T-Shirt
ORD_1357,Shreya Bhat,1564.43,2026-08-20 21:08:00,completed,Sunglasses
ORD_1358,Rajesh Menon,738.36,2026-08-21 06:39:00,completed,Watch Strap
ORD_1359,Anjali Saxena,2475.93,2026-08-21 04:02:00,completed,Keyboard
ORD_1360,Suresh Pillai,700.69,2026-08-20 19:15:00,completed,Watch Strap
ORD_1361,Suresh Pillai,495.89,2026-08-21 08:36:00,completed,Blue T-Shirt
ORD_1362,Ritu Bansal,205.14,2026-08-20 22:36:00,completed,Notebook Set
ORD_1363,Arjun Mehta,310.58,2026-08-21 01:00:00,completed,Phone Case
ORD_1364,Sanjay Verma,2535.2,2026-08-20 19:09:00,completed,Keyboard
ORD_1365,Aakash Jain,1323.62,2026-08-21 00:24:00,completed,Power Bank
ORD_1366,Gaurav Malhotra,940.77,2026-08-21 04:54:00,completed,Laptop Stand
ORD_1367,Suresh Pillai,1926.05,2026-08-21 03:43:00,completed,Monitor Light
ORD_1368,Rahul Sharma,218.31,2026-08-20 19:03:00,completed,Notebook Set
ORD_1369,Rajesh Menon,1838.6,2026-08-20 22:16:00,completed,Backpack
ORD_1370,Amit Kumar,215.2,2026-08-21 01:49:00,completed,Notebook Set
ORD_1371,Ritu Bansal,416.84,2026-08-20 20:09:00,completed,Coffee Mug
ORD_1372,Ritu Bansal,650.88,2026-08-20 21:41:00,completed,Watch Strap
ORD_1373,Divya Kulkarni,1292.61,2026-08-20 19:34:00,completed,Power Bank
ORD_1374,Gaurav Malhotra,3012.23,2026-08-20 19:23:00,completed,Running Shoes
ORD_1375,Sneha Gupta,218.59,2026-08-21 04:31:00,completed,USB Cable
ORD_1376,Nikhil Agarwal,198.97,2026-08-20 17:02:00,completed,USB Cable
ORD_1377,Divya Kulkarni,304.61,2026-08-20 18:25:00,completed,Mouse Pad
ORD_1378,Ritu Bansal,3022.55,2026-08-20 17:30:00,completed,Running Shoes
ORD_1379,Sneha Gupta,1855.4,2026-08-20 20:31:00,completed,Monitor Light
ORD_1380,Rohit Joshi,3462.73,2026-08-20 18:37:00,completed,Webcam
ORD_1381,Gaurav Malhotra,259.0,2026-08-21 05:49:00,completed,Phone Case
ORD_1382,Gaurav Malhotra,269.62,2026-08-21 01:33:00,completed,Phone Case
ORD_1383,Anjali Saxena,990.88,2026-08-21 00:12:00,completed,Yoga Mat
ORD_1384,Sneha Gupta,204.31,2026-08-20 21:43:00,completed,Notebook Set
ORD_1385,Priya Patel,2959.44,2026-08-20 22:10:00,completed,Running Shoes
ORD_1386,Sanjay Verma,1226.9,2026-08-21 23:58:00,completed,Desk Lamp
ORD_1387,Vikram Singh,1787.73,2026-08-21 07:46:00,completed,Backpack
ORD_1388,Sanjay Verma,1566.12,2026-08-21 00:56:00,completed,Sunglasses
ORD_1389,Rohit Joshi,1335.22,2026-08-21 08:53:00,completed,Power Bank
ORD_1390,Pooja Desai,1938.83,2026-08-20 18:02:00,completed,Monitor Light
ORD_1391,Rajesh Menon,3524.31,2026-08-21 06:13:00,completed,Webcam
ORD_1392,Nikhil Agarwal,546.64,2026-08-20 21:55:00,completed,Blue T-Shirt
ORD_1393,Aakash Jain,2978.66,2026-08-21 01:44:00,completed,Running Shoes
ORD_1394,Meera Iyer,2960.1,2026-08-21 07:39:00,completed,Running Shoes
ORD_1395,Aakash Jain,1322.74,2026-08-20 23:48:00,completed,Power Bank
ORD_1396,Shreya Bhat,1319.98,2026-08-21 02:28:00,completed,Power Bank
ORD_1397,Amit Kumar,1777.84,2026-08-20 20:10:00,completed,Backpack
ORD_1398,Nikhil Agarwal,1283.67,2026-08-20 17:18:00,completed,Power Bank
ORD_1399,Rajesh Menon,1308.34,2026-08-21 07:29:00,completed,Power Bank
ORD_1400,Ananya Reddy,977.44,2026-08-20 22:45:00,completed,Yoga Mat
ORD_1401,Arjun Mehta,1861.65,2026-08-21 04:11:00,completed,Monitor Light
ORD_1402,Aakash Jain,492.11,2026-08-20 21:29:00,completed,Coffee Mug
ORD_1403,Divya Kulkarni,328.96,2026-08-21 07:21:00,completed,Phone Case
ORD_1404,Gaurav Malhotra,304.5,2026-08-20 23:37:00,completed,Mouse Pad
ORD_1405,Sanjay Verma,418.45,2026-08-20 18:58:00,completed,Coffee Mug
ORD_1406,Nikhil Agarwal,1470.57,2026-08-21 06:51:00,completed,Wireless Earbuds
ORD_1407,Suresh Pillai,196.46,2026-08-21 03:04:00,completed,USB Cable
ORD_1408,Karthik Sundaram,367.6,2026-08-21 02:35:00,completed,Water Bottle
ORD_1409,Gaurav Malhotra,244.6,2026-08-21 08:07:00,completed,USB Cable
ORD_1410,Pooja Desai,1897.05,2026-08-21 01:40:00,completed,Monitor Light
ORD_1411,Priya Patel,284.74,2026-08-21 01:23:00,completed,Phone Case
ORD_1412,Anjali Saxena,1524.26,2026-08-21 03:55:00,completed,Standing Desk Mat
ORD_1413,Meera Iyer,300.82,2026-08-21 08:26:00,completed,Phone Case
ORD_1414,Rajesh Menon,3520.25,2026-08-20 20:26:00,completed,Webcam
ORD_1415,Sanjay Verma,2525.36,2026-08-20 22:45:00,completed,Keyboard
ORD_1416,Sneha Gupta,1618.08,2026-08-20 19:01:00,completed,Sunglasses
ORD_1417,Aakash Jain,215.76,2026-08-20 20:50:00,completed,USB Cable
ORD_1418,Rajesh Menon,501.88,2026-08-20 23:18:00,completed,Blue T-Shirt
ORD_1419,Sneha Gupta,1792.97,2026-08-20 22:53:00,completed,Backpack
ORD_1420,Anjali Saxena,1019.47,2026-08-20 18:05:00,completed,Yoga Mat
ORD_1421,Ritu Bansal,434.68,2026-08-21 04:11:00,completed,Water Bottle
ORD_1422,Ananya Reddy,923.14,2026-08-20 19:23:00,completed,Laptop Stand
ORD_1423,Gaurav Malhotra,1876.3,2026-08-21 05:22:00,completed,Monitor Light
ORD_1424,Divya Kulkarni,251.97,2026-08-20 18:53:00,completed,Phone Case
ORD_1425,Rohit Joshi,1328.27,2026-08-21 02:42:00,completed,Power Bank
ORD_1426,Karthik Sundaram,444.01,2026-08-21 07:29:00,completed,Coffee Mug
ORD_1427,Ritu Bansal,905.89,2026-08-21 08:30:00,completed,Laptop Stand
ORD_1428,Priya Patel,2951.81,2026-08-20 21:53:00,completed,Running Shoes
ORD_1429,Kavita Nair,3015.12,2026-08-21 00:41:00,completed,Running Shoes
ORD_1430,Pooja Desai,1900.48,2026-08-21 01:01:00,completed,Monitor Light
ORD_1431,Aakash Jain,1299.28,2026-08-21 03:10:00,completed,Power Bank
ORD_1432,Manish Tiwari,2978.73,2026-08-21 05:51:00,completed,Running Shoes
ORD_1433,Amit Kumar,383.73,2026-08-21 02:32:00,completed,Water Bottle
ORD_1434,Manish Tiwari,2535.27,2026-08-21 08:13:00,completed,Keyboard
ORD_1435,Kavita Nair,995.25,2026-08-20 21:47:00,completed,Yoga Mat
ORD_1436,Kavita Nair,267.69,2026-08-21 05:15:00,completed,Notebook Set
ORD_1437,Rahul Sharma,1776.27,2026-08-21 01:50:00,completed,Backpack
ORD_1438,Pooja Desai,235.72,2026-08-21 04:42:00,completed,USB Cable
ORD_1439,Amit Kumar,2474.18,2026-08-21 00:38:00,completed,Keyboard
ORD_1440,Arjun Mehta,1770.41,2026-08-21 07:26:00,completed,Backpack
ORD_1441,Rajesh Menon,285.3,2026-08-21 04:52:00,completed,Phone Case
ORD_1442,Deepika Rao,254.27,2026-08-21 04:57:00,completed,Notebook Set
ORD_1443,Ananya Reddy,170.04,2026-08-21 07:40:00,completed,USB Cable
ORD_1444,Sneha Gupta,370.74,2026-08-20 22:44:00,completed,Mouse Pad
ORD_1445,Meera Iyer,249.63,2026-08-21 06:38:00,completed,Notebook Set
ORD_1446,Sanjay Verma,411.83,2026-08-20 19:07:00,completed,Water Bottle
ORD_1447,Vikram Singh,1336.35,2026-08-21 01:11:00,completed,Power Bank
ORD_1448,Anjali Saxena,543.81,2026-08-21 00:58:00,completed,Blue T-Shirt
ORD_1449,Sneha Gupta,1843.72,2026-08-20 17:45:00,completed,Backpack
ORD_1450,Karthik Sundaram,223.64,2026-08-20 21:27:00,completed,USB Cable
ORD_1451,Kavita Nair,1210.77,2026-08-21 04:37:00,completed,Desk Lamp
ORD_1452,Anjali Saxena,206.31,2026-08-20 18:03:00,completed,Notebook Set
ORD_1453,Karthik Sundaram,249.45,2026-08-21 02:25:00,completed,Notebook Set
ORD_1454,Pooja Desai,370.03,2026-08-20 21:16:00,completed,Mouse Pad
ORD_1455,Arjun Mehta,1531.96,2026-08-21 03:27:00,completed,Standing Desk Mat
ORD_1456,Priya Patel,2971.99,2026-08-21 08:16:00,completed,Running Shoes
ORD_1457,Vikram Singh,933.58,2026-08-20 20:22:00,completed,Laptop Stand
ORD_1458,Ananya Reddy,2525.68,2026-08-21 06:58:00,completed,Keyboard
ORD_1459,Amit Kumar,314.38,2026-08-21 07:53:00,completed,Mouse Pad
ORD_1460,Priya Patel,270.14,2026-08-21 02:20:00,completed,Phone Case
ORD_1461,Aakash Jain,365.29,2026-08-21 05:18:00,completed,Water Bottle
ORD_1462,Nikhil Agarwal,2468.99,2026-08-21 05:30:00,completed,Keyboard
ORD_1463,Gaurav Malhotra,716.64,2026-08-20 21:59:00,completed,Watch Strap
ORD_1464,Deepika Rao,1201.31,2026-08-20 18:35:00,completed,Desk Lamp
ORD_1465,Rahul Sharma,1525.86,2026-08-20 20:47:00,completed,Wireless Earbuds
ORD_1466,Sanjay Verma,1529.78,2026-08-20 23:57:00,completed,Standing Desk Mat
ORD_1467,Shreya Bhat,718.18,2026-08-21 08:19:00,completed,Watch Strap
ORD_1468,Rajesh Menon,930.6,2026-08-20 23:54:00,completed,Laptop Stand
ORD_1469,Rahul Sharma,296.4,2026-08-20 20:10:00,completed,Phone Case
ORD_1470,Sneha Gupta,2982.39,2026-08-21 06:26:00,completed,Running Shoes
ORD_1471,Suresh Pillai,1220.43,2026-08-20 17:27:00,completed,Desk Lamp
ORD_1472,Divya Kulkarni,465.13,2026-08-20 23:30:00,completed,Blue T-Shirt
ORD_1473,Shreya Bhat,494.98,2026-08-21 04:50:00,completed,Coffee Mug
ORD_1474,Pooja Desai,1259.09,2026-08-21 08:19:00,completed,Power Bank
ORD_1475,Sneha Gupta,1482.77,2026-08-21 00:07:00,completed,Wireless Earbuds
ORD_1476,Rajesh Menon,1515.95,2026-08-20 18:59:00,completed,Standing Desk Mat
ORD_1477,Ananya Reddy,2999.73,2026-08-20 20:55:00,completed,Running Shoes
ORD_1478,Rohit Joshi,261.3,2026-08-21 07:26:00,completed,Phone Case
ORD_1479,Suresh Pillai,324.32,2026-08-21 06:50:00,completed,Phone Case
ORD_1480,Rajesh Menon,326.02,2026-08-20 19:05:00,completed,Phone Case
ORD_1481,Sanjay Verma,221.16,2026-08-21 04:00:00,completed,USB Cable
ORD_1482,Nandini Choudhury,289.02,2026-08-20 21:44:00,completed,Notebook Set
ORD_1483,Amit Kumar,437.1,2026-08-20 18:34:00,completed,Water Bottle
ORD_1484,Anjali Saxena,1751.34,2026-08-21 01:15:00,completed,Backpack
ORD_1485,Divya Kulkarni,678.8,2026-08-20 17:29:00,completed,Watch Strap
ORD_1486,Rajesh Menon,177.45,2026-08-20 21:45:00,completed,USB Cable
ORD_1487,Pooja Desai,1458.22,2026-08-20 21:30:00,completed,Wireless Earbuds
ORD_1488,Ritu Bansal,717.9,2026-08-21 06:52:00,completed,Watch Strap
ORD_1489,Anjali Saxena,3023.65,2026-08-21 04:58:00,completed,Running Shoes
ORD_1490,Vikram Singh,197.59,2026-08-20 21:50:00,completed,USB Cable
ORD_1491,Manish Tiwari,2990.76,2026-08-21 02:36:00,completed,Running Shoes
ORD_1492,Divya Kulkarni,663.9,2026-08-21 03:05:00,completed,Watch Strap
ORD_1493,Manish Tiwari,1819.72,2026-08-21 02:35:00,completed,Backpack
ORD_1494,Anjali Saxena,461.03,2026-08-20 22:01:00,completed,Blue T-Shirt
ORD_1495,Rahul Sharma,1335.2,2026-08-21 03:27:00,completed,Power Bank
ORD_1496,Pooja Desai,1464.42,2026-08-20 22:03:00,completed,Wireless Earbuds
ORD_1497,Aakash Jain,2969.26,2026-08-21 23:58:00,completed,Running Shoes
ORD_1498,Manish Tiwari,254.41,2026-08-20 20:15:00,completed,Notebook Set
ORD_1499,Anjali Saxena,1827.2,2026-08-21 06:58:00,completed,Backpack
ORD_1500,Shreya Bhat,258.79,2026-08-21 05:22:00,completed,Notebook Set
ORD_1501,Pooja Desai,3548.88,2026-08-20 23:39:00,completed,Webcam
ORD_1502,Nandini Choudhury,320.06,2026-08-21 03:01:00,completed,Mouse Pad
ORD_1503,Gaurav Malhotra,3457.11,2026-08-20 19:34:00,completed,Webcam
ORD_1504,Rohit Joshi,895.27,2026-08-21 07:00:00,completed,Laptop Stand
ORD_1505,Meera Iyer,1247.01,2026-08-20 18:17:00,completed,Desk Lamp
ORD_1506,Shreya Bhat,1804.18,2026-08-20 22:04:00,completed,Backpack
ORD_1507,Shreya Bhat,3510.45,2026-08-21 07:00:00,completed,Webcam
ORD_1508,Aakash Jain,1285.15,2026-08-20 18:56:00,completed,Power Bank
ORD_1509,Kavita Nair,1644.78,2026-08-20 23:10:00,completed,Sunglasses
ORD_1510,Kavita Nair,1159.78,2026-08-21 03:53:00,completed,Desk Lamp
ORD_1511,Priya Patel,1546.45,2026-08-21 05:20:00,completed,Wireless Earbuds
ORD_1512,Karthik Sundaram,233.99,2026-08-20 20:39:00,completed,USB Cable
ORD_1513,Sanjay Verma,494.41,2026-08-20 23:06:00,completed,Blue T-Shirt
ORD_1514,Kavita Nair,1493.46,2026-08-20 21:51:00,completed,Standing Desk Mat
ORD_1515,Sanjay Verma,1279.87,2026-08-21 02:23:00,completed,Power Bank
ORD_1516,Sanjay Verma,427.53,2026-08-20 23:42:00,completed,Water Bottle
ORD_1517,Priya Patel,894.43,2026-08-21 08:14:00,completed,Laptop Stand
ORD_1518,Rahul Sharma,389.03,2026-08-21 04:00:00,completed,Water Bottle
ORD_1519,Kavita Nair,377.41,2026-08-21 01:46:00,completed,Water Bottle
ORD_1520,Rohit Joshi,882.84,2026-08-21 02:29:00,completed,Laptop Stand
ORD_1521,Vikram Singh,337.27,2026-08-20 23:12:00,completed,Phone Case
ORD_1522,Sanjay Verma,227.96,2026-08-21 00:03:00,completed,USB Cable
ORD_1523,Aakash Jain,1799.86,2026-08-21 04:31:00,completed,Backpack
ORD_1524,Rohit Joshi,2969.72,2026-08-21 07:55:00,completed,Running Shoes
ORD_1525,Meera Iyer,193.45,2026-08-21 00:37:00,completed,USB Cable
ORD_1526,Amit Kumar,1158.84,2026-08-21 04:02:00,completed,Desk Lamp
ORD_1527,Rahul Sharma,3540.24,2026-08-21 02:18:00,completed,Webcam
ORD_1528,Divya Kulkarni,421.76,2026-08-20 23:30:00,completed,Coffee Mug
ORD_1529,Anjali Saxena,392.87,2026-08-20 17:23:00,completed,Water Bottle
ORD_1530,Manish Tiwari,3478.96,2026-08-20 17:36:00,completed,Webcam
ORD_1531,Amit Kumar,443.87,2026-08-21 05:12:00,completed,Water Bottle
ORD_1532,Rohit Joshi,1251.68,2026-08-20 19:58:00,completed,Power Bank
ORD_1533,Sneha Gupta,414.7,2026-08-20 21:34:00,completed,Coffee Mug
ORD_1534,Deepika Rao,1809.37,2026-08-20 23:32:00,completed,Backpack
ORD_1535,Priya Patel,695.27,2026-08-20 19:18:00,completed,Watch Strap
ORD_1536,Shreya Bhat,1594.78,2026-08-20 22:44:00,completed,Sunglasses
ORD_1537,Pooja Desai,439.87,2026-08-20 20:23:00,completed,Water Bottle
ORD_1538,Karthik Sundaram,433.37,2026-08-20 23:25:00,completed,Coffee Mug
ORD_1539,Arjun Mehta,663.03,2026-08-20 22:10:00,completed,Watch Strap
ORD_1540,Rajesh Menon,966.79,2026-08-20 18:57:00,completed,Yoga Mat
ORD_1541,Rahul Sharma,654.24,2026-08-20 18:49:00,completed,Watch Strap
ORD_1542,Sneha Gupta,1471.06,2026-08-20 22:46:00,completed,Wireless Earbuds
ORD_1543,Sneha Gupta,872.24,2026-08-21 04:20:00,completed,Laptop Stand
ORD_1544,Gaurav Malhotra,1750.5,2026-08-21 03:00:00,completed,Backpack
ORD_1545,Sneha Gupta,1347.31,2026-08-20 22:16:00,completed,Power Bank
ORD_1546,Rahul Sharma,1255.75,2026-08-21 07:24:00,completed,Power Bank
ORD_1547,Priya Patel,1210.98,2026-08-20 21:23:00,completed,Desk Lamp
ORD_1548,Gaurav Malhotra,276.81,2026-08-20 18:33:00,completed,Phone Case
ORD_1549,Karthik Sundaram,1209.81,2026-08-21 03:11:00,completed,Desk Lamp
ORD_1550,Rohit Joshi,1903.88,2026-08-21 00:32:00,completed,Monitor Light
ORD_1551,Ritu Bansal,285.24,2026-08-20 19:23:00,completed,Notebook Set
ORD_1552,Aakash Jain,1634.4,2026-08-21 02:38:00,completed,Sunglasses
ORD_1553,Rohit Joshi,1268.57,2026-08-20 17:00:00,completed,Power Bank
ORD_1554,Priya Patel,1489.88,2026-08-20 20:24:00,completed,Wireless Earbuds
ORD_1555,Pooja Desai,3014.09,2026-08-21 00:15:00,completed,Running Shoes
ORD_1556,Manish Tiwari,223.74,2026-08-20 22:00:00,completed,Notebook Set
ORD_1557,Arjun Mehta,1831.97,2026-08-21 23:58:00,completed,Backpack
ORD_1558,Divya Kulkarni,273.87,2026-08-21 05:44:00,completed,Notebook Set
ORD_1559,Ananya Reddy,1766.64,2026-08-20 21:12:00,completed,Backpack
ORD_1560,Nandini Choudhury,1593.07,2026-08-20 20:55:00,completed,Sunglasses
ORD_1561,Rahul Sharma,2975.61,2026-08-20 18:06:00,completed,Running Shoes
ORD_1562,Sanjay Verma,336.08,2026-08-21 03:52:00,completed,Mouse Pad
ORD_1563,Sneha Gupta,251.57,2026-08-21 01:44:00,completed,Phone Case
ORD_1564,Priya Patel,512.38,2026-08-21 03:43:00,completed,Blue T-Shirt
ORD_1565,Rohit Joshi,428.39,2026-08-20 21:55:00,completed,Coffee Mug
ORD_1566,Sneha Gupta,1838.64,2026-08-21 08:42:00,completed,Backpack
ORD_1567,Kavita Nair,475.63,2026-08-21 01:42:00,completed,Coffee Mug
ORD_1568,Kavita Nair,1629.84,2026-08-21 01:07:00,completed,Sunglasses
ORD_1569,Deepika Rao,1922.69,2026-08-20 18:37:00,completed,Monitor Light
ORD_1570,Karthik Sundaram,3467.99,2026-08-21 06:20:00,completed,Webcam
ORD_1571,Deepika Rao,330.61,2026-08-21 00:31:00,completed,Phone Case
ORD_1572,Rajesh Menon,298.68,2026-08-21 08:40:00,completed,Notebook Set
ORD_1573,Aakash Jain,3041.32,2026-08-20 22:54:00,completed,Running Shoes
ORD_1574,Karthik Sundaram,1024.77,2026-08-20 23:58:00,completed,Yoga Mat
ORD_1575,Manish Tiwari,714.46,2026-08-20 21:28:00,completed,Watch Strap
ORD_1576,Pooja Desai,494.04,2026-08-20 22:59:00,completed,Coffee Mug
ORD_1577,Kavita Nair,1152.4,2026-08-21 05:31:00,completed,Desk Lamp
ORD_1578,Nikhil Agarwal,262.23,2026-08-21 04:00:00,completed,Notebook Set
ORD_1579,Ritu Bansal,1867.11,2026-08-21 06:19:00,completed,Monitor Light
ORD_1580,Suresh Pillai,2497.86,2026-08-20 20:48:00,completed,Keyboard
ORD_1581,Ananya Reddy,1869.62,2026-08-20 19:35:00,completed,Monitor Light
ORD_1582,Suresh Pillai,1179.06,2026-08-21 02:42:00,completed,Desk Lamp
ORD_1583,Rohit Joshi,2972.71,2026-08-20 21:19:00,completed,Running Shoes
ORD_1584,Amit Kumar,1789.01,2026-08-21 01:43:00,completed,Backpack
ORD_1585,Pooja Desai,2509.49,2026-08-20 21:20:00,completed,Keyboard
ORD_1586,Sneha Gupta,494.18,2026-08-20 22:33:00,completed,Coffee Mug
ORD_1587,Aakash Jain,1780.8,2026-08-21 05:11:00,completed,Backpack
ORD_1588,Vikram Singh,314.76,2026-08-21 05:36:00,completed,Phone Case
ORD_1589,Arjun Mehta,699.22,2026-08-21 06:33:00,completed,Watch Strap
ORD_1590,Amit Kumar,1806.53,2026-08-21 02:35:00,completed,Backpack
ORD_1591,Nandini Choudhury,889.55,2026-08-20 23:58:00,completed,Laptop Stand
ORD_1592,Nikhil Agarwal,1453.24,2026-08-20 22:43:00,completed,Standing Desk Mat
ORD_1593,Kavita Nair,390.4,2026-08-20 20:18:00,completed,Mouse Pad
ORD_1594,Nandini Choudhury,3042.54,2026-08-21 08:03:00,completed,Running Shoes
ORD_1595,Suresh Pillai,1268.75,2026-08-20 21:26:00,completed,Power Bank
ORD_1596,Rahul Sharma,940.31,2026-08-20 21:49:00,completed,Laptop Stand
ORD_1597,Divya Kulkarni,1762.99,2026-08-21 06:00:00,completed,Backpack
ORD_1598,Arjun Mehta,1344.97,2026-08-20 20:26:00,completed,Power Bank
ORD_1599,Sneha Gupta,259.97,2026-08-20 17:08:00,completed,Phone Case
ORD_1600,Amit Kumar,177.22,2026-08-21 06:15:00,completed,USB Cable
ORD_1601,Sneha Gupta,1319.65,2026-08-20 23:57:00,completed,Power Bank
ORD_1602,Deepika Rao,439.73,2026-08-21 00:14:00,completed,Coffee Mug
ORD_1603,Ananya Reddy,388.51,2026-08-20 18:00:00,completed,Mouse Pad
ORD_1604,Shreya Bhat,160.15,2026-08-20 17:43:00,completed,USB Cable
ORD_1605,Amit Kumar,407.43,2026-08-20 20:08:00,completed,Water Bottle
ORD_1606,Divya Kulkarni,1483.29,2026-08-21 08:48:00,completed,Standing Desk Mat
ORD_1607,Nikhil Agarwal,1038.49,2026-08-20 20:58:00,completed,Yoga Mat
ORD_1608,Rajesh Menon,1855.08,2026-08-20 23:47:00,completed,Monitor Light
ORD_1609,Rahul Sharma,219.69,2026-08-20 22:36:00,completed,Notebook Set
ORD_1610,Ananya Reddy,254.22,2026-08-21 00:02:00,completed,Notebook Set
ORD_1611,Rahul Sharma,402.46,2026-08-21 04:40:00,completed,Water Bottle
ORD_1612,Kavita Nair,531.39,2026-08-21 01:11:00,completed,Blue T-Shirt
ORD_1613,Nikhil Agarwal,1504.09,2026-08-21 00:20:00,completed,Standing Desk Mat
ORD_1614,Nikhil Agarwal,1498.6,2026-08-20 22:52:00,completed,Wireless Earbuds
ORD_1615,Amit Kumar,355.95,2026-08-21 06:15:00,completed,Water Bottle
ORD_1616,Aakash Jain,931.66,2026-08-20 18:08:00,completed,Laptop Stand
ORD_1617,Ritu Bansal,1469.23,2026-08-21 07:52:00,completed,Wireless Earbuds
ORD_1618,Pooja Desai,159.26,2026-08-20 21:00:00,completed,USB Cable
ORD_1619,Sneha Gupta,1265.96,2026-08-21 00:06:00,completed,Power Bank
ORD_1620,Shreya Bhat,358.96,2026-08-21 06:09:00,completed,Mouse Pad
ORD_1621,Vikram Singh,535.17,2026-08-20 21:20:00,completed,Blue T-Shirt
ORD_1622,Ananya Reddy,398.48,2026-08-21 05:22:00,completed,Mouse Pad
ORD_1623,Anjali Saxena,1603.93,2026-08-21 08:34:00,completed,Sunglasses
ORD_1624,Rahul Sharma,949.29,2026-08-21 04:35:00,completed,Yoga Mat
ORD_1625,Pooja Desai,3546.18,2026-08-21 00:13:00,completed,Webcam
ORD_1626,Nandini Choudhury,1856.38,2026-08-20 22:01:00,completed,Monitor Light
ORD_1627,Divya Kulkarni,196.02,2026-08-21 03:28:00,completed,USB Cable
ORD_1628,Arjun Mehta,3520.14,2026-08-21 02:45:00,completed,Webcam
ORD_1629,Divya Kulkarni,417.37,2026-08-20 19:52:00,completed,Coffee Mug
ORD_1630,Aakash Jain,1485.27,2026-08-21 03:01:00,completed,Wireless Earbuds
ORD_1631,Manish Tiwari,1175.92,2026-08-20 18:36:00,completed,Desk Lamp
ORD_1632,Rajesh Menon,1046.39,2026-08-20 20:21:00,completed,Yoga Mat
ORD_1633,Shreya Bhat,165.12,2026-08-21 07:05:00,completed,USB Cable
ORD_1634,Sanjay Verma,2542.02,2026-08-21 07:50:00,completed,Keyboard
ORD_1635,Vikram Singh,1456.5,2026-08-21 08:06:00,completed,Standing Desk Mat
ORD_1636,Manish Tiwari,1755.82,2026-08-21 04:22:00,completed,Backpack
ORD_1637,Meera Iyer,1897.83,2026-08-21 02:25:00,completed,Monitor Light
ORD_1638,Shreya Bhat,675.28,2026-08-20 18:39:00,completed,Watch Strap
ORD_1639,Nikhil Agarwal,1187.82,2026-08-20 19:22:00,completed,Desk Lamp
ORD_1640,Amit Kumar,389.15,2026-08-21 03:21:00,completed,Water Bottle
ORD_1641,Nandini Choudhury,1852.13,2026-08-21 05:03:00,completed,Monitor Light
ORD_1642,Arjun Mehta,1463.17,2026-08-21 05:05:00,completed,Wireless Earbuds
ORD_1643,Deepika Rao,395.34,2026-08-20 22:12:00,completed,Mouse Pad
ORD_1644,Nandini Choudhury,3527.31,2026-08-20 23:04:00,completed,Webcam
ORD_1645,Sanjay Verma,298.94,2026-08-20 20:50:00,completed,Phone Case
ORD_1646,Rohit Joshi,423.57,2026-08-21 06:44:00,completed,Water Bottle
ORD_1647,Pooja Desai,1031.82,2026-08-21 03:07:00,completed,Yoga Mat
ORD_1648,Sneha Gupta,1542.79,2026-08-20 19:51:00,completed,Standing Desk Mat
ORD_1649,Shreya Bhat,1929.59,2026-08-21 02:54:00,completed,Monitor Light
ORD_1650,Gaurav Malhotra,1639.8,2026-08-21 05:00:00,completed,Sunglasses
ORD_1651,Rahul Sharma,1552.27,2026-08-20 21:50:00,completed,Sunglasses
ORD_1652,Karthik Sundaram,410.63,2026-08-20 18:51:00,completed,Water Bottle
ORD_1653,Manish Tiwari,2460.84,2026-08-21 05:53:00,completed,Keyboard
ORD_1654,Amit Kumar,3541.06,2026-08-21 05:01:00,completed,Webcam
ORD_1655,Gaurav Malhotra,347.34,2026-08-21 04:11:00,completed,Phone Case
ORD_1656,Vikram Singh,207.3,2026-08-20 17:40:00,completed,Notebook Set
ORD_1657,Ritu Bansal,388.08,2026-08-20 17:26:00,completed,Water Bottle
ORD_1658,Shreya Bhat,539.36,2026-08-20 18:07:00,completed,Blue T-Shirt
ORD_1659,Suresh Pillai,3451.3,2026-08-20 21:13:00,completed,Webcam
ORD_1660,Gaurav Malhotra,1019.81,2026-08-21 02:29:00,completed,Yoga Mat
ORD_1661,Manish Tiwari,1928.32,2026-08-21 02:10:00,completed,Monitor Light
ORD_1662,Meera Iyer,405.71,2026-08-20 19:28:00,completed,Water Bottle
ORD_1663,Sanjay Verma,460.46,2026-08-21 06:50:00,completed,Blue T-Shirt
ORD_1664,Sanjay Verma,395.54,2026-08-21 00:35:00,completed,Water Bottle
ORD_1665,Pooja Desai,1938.27,2026-08-21 06:20:00,completed,Monitor Light
ORD_1666,Rahul Sharma,422.64,2026-08-21 02:01:00,completed,Coffee Mug
ORD_1667,Pooja Desai,1495.99,2026-08-21 02:17:00,completed,Wireless Earbuds
ORD_1668,Sneha Gupta,1042.77,2026-08-20 17:14:00,completed,Yoga Mat
ORD_1669,Rajesh Menon,3547.96,2026-08-20 18:16:00,completed,Webcam
ORD_1670,Vikram Singh,1895.07,2026-08-21 03:55:00,completed,Monitor Light
ORD_1671,Divya Kulkarni,231.19,2026-08-21 08:14:00,completed,Notebook Set
ORD_1672,Priya Patel,1546.18,2026-08-20 23:58:00,completed,Wireless Earbuds
ORD_1673,Suresh Pillai,714.53,2026-08-20 20:58:00,completed,Watch Strap
ORD_1674,Manish Tiwari,244.15,2026-08-20 20:09:00,completed,USB Cable
ORD_1675,Amit Kumar,941.69,2026-08-21 04:27:00,completed,Laptop Stand
ORD_1676,Karthik Sundaram,378.4,2026-08-20 22:38:00,completed,Water Bottle
ORD_1677,Amit Kumar,1875.62,2026-08-20 20:17:00,completed,Monitor Light
ORD_1678,Deepika Rao,383.76,2026-08-21 02:46:00,completed,Water Bottle
ORD_1679,Nikhil Agarwal,1767.73,2026-08-20 21:00:00,completed,Backpack
ORD_1680,Kavita Nair,1849.1,2026-08-21 08:07:00,completed,Monitor Light
ORD_1681,Divya Kulkarni,344.26,2026-08-21 04:34:00,completed,Mouse Pad
ORD_1682,Shreya Bhat,1260.28,2026-08-20 17:09:00,completed,Power Bank
ORD_1683,Karthik Sundaram,441.06,2026-08-20 20:17:00,completed,Water Bottle
ORD_1684,Priya Patel,229.93,2026-08-21 03:53:00,completed,Notebook Set
ORD_1685,Suresh Pillai,717.09,2026-08-21 02:39:00,completed,Watch Strap
ORD_1686,Pooja Desai,1279.58,2026-08-21 04:42:00,completed,Power Bank
ORD_1687,Rohit Joshi,348.59,2026-08-21 06:37:00,completed,Phone Case
ORD_1688,Ananya Reddy,208.7,2026-08-21 06:43:00,completed,USB Cable
ORD_1689,Pooja Desai,3467.34,2026-08-20 20:08:00,completed,Webcam
ORD_1690,Aakash Jain,3451.64,2026-08-21 06:05:00,completed,Webcam
ORD_1691,Rahul Sharma,289.29,2026-08-21 07:51:00,completed,Phone Case
ORD_1692,Sneha Gupta,385.43,2026-08-20 18:44:00,completed,Mouse Pad
ORD_1693,Rohit Joshi,1311.37,2026-08-20 20:04:00,completed,Power Bank
ORD_1694,Ananya Reddy,189.46,2026-08-21 00:53:00,completed,USB Cable
ORD_1695,Rajesh Menon,1800.15,2026-08-20 23:30:00,completed,Backpack
ORD_1696,Deepika Rao,1563.82,2026-08-21 07:07:00,completed,Sunglasses
ORD_1697,Nikhil Agarwal,737.24,2026-08-21 01:00:00,completed,Watch Strap
ORD_1698,Rajesh Menon,1882.93,2026-08-20 21:17:00,completed,Monitor Light
ORD_1699,Rajesh Menon,2474.92,2026-08-21 03:37:00,completed,Keyboard
ORD_1700,Aakash Jain,374.99,2026-08-21 00:06:00,completed,Mouse Pad
ORD_1701,Rahul Sharma,1009.65,2026-08-20 22:20:00,completed,Yoga Mat
ORD_1702,Suresh Pillai,1792.41,2026-08-20 23:05:00,completed,Backpack
ORD_1703,Divya Kulkarni,317.53,2026-08-21 08:12:00,completed,Mouse Pad
ORD_1704,Vikram Singh,1505.92,2026-08-21 02:06:00,completed,Wireless Earbuds
ORD_1705,Ananya Reddy,1536.24,2026-08-21 02:04:00,completed,Wireless Earbuds
ORD_1706,Priya Patel,264.32,2026-08-21 03:26:00,completed,Notebook Set
ORD_1707,Manish Tiwari,1198.36,2026-08-20 18:22:00,completed,Desk Lamp
ORD_1708,Gaurav Malhotra,1299.76,2026-08-21 04:27:00,completed,Power Bank
ORD_1709,Priya Patel,504.25,2026-08-21 05:49:00,completed,Blue T-Shirt
ORD_1710,Priya Patel,342.65,2026-08-21 00:14:00,completed,Mouse Pad
ORD_1711,Vikram Singh,2956.66,2026-08-21 07:11:00,completed,Running Shoes
ORD_1712,Anjali Saxena,1474.02,2026-08-20 23:31:00,completed,Wireless Earbuds
ORD_1713,Suresh Pillai,368.78,2026-08-20 20:03:00,completed,Mouse Pad
ORD_1714,Priya Patel,851.13,2026-08-21 01:17:00,completed,Laptop Stand
ORD_1715,Ananya Reddy,1169.57,2026-08-21 06:34:00,completed,Desk Lamp
ORD_1716,Rahul Sharma,1870.65,2026-08-21 03:46:00,completed,Monitor Light
ORD_1717,Manish Tiwari,3495.35,2026-08-21 01:10:00,completed,Webcam
ORD_1718,Karthik Sundaram,182.75,2026-08-20 18:39:00,completed,USB Cable
ORD_1719,Rahul Sharma,1793.38,2026-08-21 07:00:00,completed,Backpack
ORD_1720,Nikhil Agarwal,394.33,2026-08-20 22:16:00,completed,Mouse Pad
ORD_1721,Manish Tiwari,2535.06,2026-08-21 03:02:00,completed,Keyboard
ORD_1722,Sneha Gupta,1472.47,2026-08-20 19:32:00,completed,Standing Desk Mat
ORD_1723,Nandini Choudhury,251.47,2026-08-21 04:21:00,completed,Phone Case
ORD_1724,Rohit Joshi,459.62,2026-08-21 03:32:00,completed,Blue T-Shirt
ORD_1725,Kavita Nair,1544.86,2026-08-21 06:34:00,completed,Wireless Earbuds
ORD_1726,Aakash Jain,1181.87,2026-08-21 04:14:00,completed,Desk Lamp
ORD_1727,Nandini Choudhury,1014.33,2026-08-21 00:28:00,completed,Yoga Mat
ORD_1728,Sanjay Verma,278.59,2026-08-21 03:07:00,completed,Notebook Set
ORD_1729,Aakash Jain,890.86,2026-08-21 08:47:00,completed,Laptop Stand
ORD_1730,Rajesh Menon,961.75,2026-08-21 00:45:00,completed,Yoga Mat
ORD_1731,Gaurav Malhotra,740.07,2026-08-21 07:47:00,completed,Watch Strap
ORD_1732,Shreya Bhat,1908.3,2026-08-21 07:24:00,completed,Monitor Light
ORD_1733,Pooja Desai,1899.82,2026-08-21 02:20:00,completed,Monitor Light
ORD_1734,Meera Iyer,1480.44,2026-08-21 02:10:00,completed,Standing Desk Mat
ORD_1735,Rohit Joshi,213.1,2026-08-20 22:01:00,completed,Notebook Set
ORD_1736,Suresh Pillai,1622.21,2026-08-20 21:53:00,completed,Sunglasses
ORD_1737,Amit Kumar,945.84,2026-08-21 00:46:00,completed,Laptop Stand
ORD_1738,Rajesh Menon,1559.04,2026-08-21 03:12:00,completed,Sunglasses
ORD_1739,Ritu Bansal,246.01,2026-08-20 22:46:00,completed,Notebook Set
ORD_1740,Ananya Reddy,1469.85,2026-08-20 18:26:00,completed,Standing Desk Mat
ORD_1741,Gaurav Malhotra,1298.02,2026-08-21 05:38:00,completed,Power Bank
ORD_1742,Nikhil Agarwal,1560.58,2026-08-21 03:42:00,completed,Sunglasses
ORD_1743,Rohit Joshi,175.79,2026-08-21 06:03:00,completed,USB Cable
ORD_1744,Priya Patel,362.63,2026-08-21 02:28:00,completed,Mouse Pad
ORD_1745,Rahul Sharma,544.03,2026-08-21 05:05:00,completed,Blue T-Shirt
ORD_1746,Aakash Jain,390.22,2026-08-20 19:41:00,completed,Mouse Pad
ORD_1747,Anjali Saxena,340.34,2026-08-21 00:00:00,completed,Mouse Pad
ORD_1748,Sneha Gupta,2976.25,2026-08-21 05:41:00,completed,Running Shoes
ORD_1749,Vikram Singh,3509.49,2026-08-20 20:47:00,completed,Webcam
ORD_1750,Gaurav Malhotra,875.43,2026-08-21 08:24:00,completed,Laptop Stand
ORD_1751,Aakash Jain,494.15,2026-08-20 20:28:00,completed,Coffee Mug
ORD_1752,Rohit Joshi,905.09,2026-08-21 08:37:00,completed,Laptop Stand
ORD_1753,Vikram Singh,223.05,2026-08-20 18:20:00,completed,USB Cable
ORD_1754,Ritu Bansal,345.14,2026-08-20 19:58:00,completed,Mouse Pad
ORD_1755,Ritu Bansal,3037.55,2026-08-20 22:40:00,completed,Running Shoes
ORD_1756,Meera Iyer,2481.24,2026-08-20 22:09:00,completed,Keyboard
ORD_1757,Ritu Bansal,1801.44,2026-08-20 17:20:00,completed,Backpack
ORD_1758,Nandini Choudhury,3011.5,2026-08-20 22:04:00,completed,Running Shoes
ORD_1759,Karthik Sundaram,1011.45,2026-08-21 01:35:00,completed,Yoga Mat
ORD_1760,Karthik Sundaram,1913.48,2026-08-21 23:58:00,completed,Monitor Light
ORD_1761,Ritu Bansal,263.33,2026-08-20 17:20:00,completed,Phone Case
ORD_1762,Karthik Sundaram,436.73,2026-08-21 08:22:00,completed,Coffee Mug
ORD_1763,Ritu Bansal,1605.05,2026-08-21 01:43:00,completed,Sunglasses
ORD_1764,Rohit Joshi,1504.98,2026-08-21 05:23:00,completed,Standing Desk Mat
ORD_1765,Nandini Choudhury,2541.16,2026-08-21 01:02:00,completed,Keyboard
ORD_1766,Ritu Bansal,1512.22,2026-08-20 22:30:00,completed,Standing Desk Mat
ORD_1767,Gaurav Malhotra,854.6,2026-08-20 18:20:00,completed,Laptop Stand
ORD_1768,Meera Iyer,1921.21,2026-08-20 17:42:00,completed,Monitor Light
ORD_1769,Nikhil Agarwal,960.77,2026-08-20 19:36:00,completed,Yoga Mat
ORD_1770,Nikhil Agarwal,412.79,2026-08-20 19:56:00,completed,Water Bottle
ORD_1771,Manish Tiwari,1776.9,2026-08-21 03:26:00,completed,Backpack
ORD_1772,Suresh Pillai,1026.24,2026-08-21 07:53:00,completed,Yoga Mat
ORD_1773,Suresh Pillai,383.22,2026-08-21 01:05:00,completed,Water Bottle
ORD_1774,Arjun Mehta,2526.34,2026-08-20 23:29:00,completed,Keyboard
ORD_1775,Sneha Gupta,2981.24,2026-08-21 04:55:00,completed,Running Shoes
ORD_1776,Nikhil Agarwal,729.92,2026-08-21 06:46:00,completed,Watch Strap
ORD_1777,Pooja Desai,2459.79,2026-08-21 01:36:00,completed,Keyboard
ORD_1778,Sanjay Verma,261.99,2026-08-20 18:05:00,completed,Phone Case
ORD_1779,Rohit Joshi,1467.46,2026-08-21 06:05:00,completed,Wireless Earbuds
ORD_1780,Nikhil Agarwal,1315.84,2026-08-21 00:48:00,completed,Power Bank
ORD_1781,Meera Iyer,452.41,2026-08-21 08:42:00,completed,Coffee Mug
ORD_1782,Vikram Singh,1513.56,2026-08-21 08:12:00,completed,Wireless Earbuds
ORD_1783,Pooja Desai,294.85,2026-08-20 22:10:00,completed,Notebook Set
ORD_1784,Manish Tiwari,1780.9,2026-08-21 05:43:00,completed,Backpack
ORD_1785,Ritu Bansal,2486.28,2026-08-21 03:54:00,completed,Keyboard
ORD_1786,Nandini Choudhury,218.76,2026-08-21 07:27:00,completed,Notebook Set
ORD_1787,Ananya Reddy,503.27,2026-08-21 02:22:00,completed,Blue T-Shirt
ORD_1788,Divya Kulkarni,3458.46,2026-08-20 21:40:00,completed,Webcam
ORD_1789,Amit Kumar,1894.84,2026-08-21 03:23:00,completed,Monitor Light
ORD_1790,Ananya Reddy,1589.07,2026-08-21 01:46:00,completed,Sunglasses
ORD_1791,Ritu Bansal,2986.42,2026-08-20 23:48:00,completed,Running Shoes
ORD_1792,Pooja Desai,1569.71,2026-08-20 21:17:00,completed,Sunglasses
ORD_1793,Gaurav Malhotra,707.79,2026-08-21 03:34:00,completed,Watch Strap
ORD_1794,Arjun Mehta,1816.3,2026-08-21 05:02:00,completed,Backpack
ORD_1795,Rahul Sharma,716.45,2026-08-20 23:57:00,completed,Watch Strap
ORD_1796,Nandini Choudhury,3462.17,2026-08-20 20:06:00,completed,Webcam
ORD_1797,Pooja Desai,1024.13,2026-08-21 01:20:00,completed,Yoga Mat
ORD_1798,Deepika Rao,1324.68,2026-08-21 07:10:00,completed,Power Bank
ORD_1799,Gaurav Malhotra,1590.03,2026-08-20 17:39:00,completed,Sunglasses
ORD_1800,Meera Iyer,1317.44,2026-08-20 17:47:00,completed,Power Bank
ORD_1801,Rohit Joshi,1342.71,2026-08-21 03:08:00,completed,Power Bank
ORD_1802,Nandini Choudhury,2513.14,2026-08-21 03:55:00,completed,Keyboard
ORD_1803,Arjun Mehta,1527.3,2026-08-20 20:45:00,completed,Wireless Earbuds
ORD_1804,Suresh Pillai,988.94,2026-08-21 07:27:00,completed,Yoga Mat
ORD_1805,Rohit Joshi,1228.56,2026-08-21 01:06:00,completed,Desk Lamp
ORD_1806,Nandini Choudhury,255.82,2026-08-20 18:48:00,completed,Notebook Set
ORD_1807,Shreya Bhat,1320.31,2026-08-21 02:09:00,completed,Power Bank
ORD_1808,Divya Kulkarni,1021.11,2026-08-21 05:30:00,completed,Yoga Mat
ORD_1809,Ritu Bansal,2497.21,2026-08-21 05:00:00,completed,Keyboard
ORD_1810,Rahul Sharma,1940.27,2026-08-21 00:47:00,completed,Monitor Light
ORD_1811,Priya Patel,1546.04,2026-08-21 07:36:00,completed,Wireless Earbuds
ORD_1812,Arjun Mehta,1475.58,2026-08-20 19:47:00,completed,Standing Desk Mat
ORD_1813,Priya Patel,658.83,2026-08-21 03:50:00,completed,Watch Strap
ORD_1814,Sneha Gupta,1635.11,2026-08-21 07:49:00,completed,Sunglasses
ORD_1815,Deepika Rao,2497.33,2026-08-21 02:16:00,completed,Keyboard
ORD_1816,Ananya Reddy,2496.05,2026-08-20 22:04:00,completed,Keyboard
ORD_1817,Deepika Rao,379.72,2026-08-21 03:49:00,completed,Water Bottle
ORD_1818,Ananya Reddy,1810.01,2026-08-21 03:33:00,completed,Backpack
ORD_1819,Meera Iyer,182.37,2026-08-21 03:28:00,completed,USB Cable
ORD_1820,Rajesh Menon,200.95,2026-08-20 23:13:00,completed,Notebook Set
ORD_1821,Rajesh Menon,467.78,2026-08-21 08:15:00,completed,Coffee Mug
ORD_1822,Amit Kumar,337.08,2026-08-21 03:49:00,completed,Phone Case
ORD_1823,Deepika Rao,3502.1,2026-08-20 17:08:00,completed,Webcam
ORD_1824,Meera Iyer,671.77,2026-08-21 03:12:00,completed,Watch Strap
ORD_1825,Suresh Pillai,3040.3,2026-08-21 04:01:00,completed,Running Shoes
ORD_1826,Anjali Saxena,1858.21,2026-08-20 20:34:00,completed,Monitor Light
ORD_1827,Divya Kulkarni,245.57,2026-08-20 21:41:00,completed,Notebook Set
ORD_1828,Karthik Sundaram,149.64,2026-08-20 17:00:00,completed,USB Cable
ORD_1829,Vikram Singh,1181.24,2026-08-21 01:54:00,completed,Desk Lamp
ORD_1830,Vikram Singh,267.88,2026-08-20 23:19:00,completed,Phone Case
ORD_1831,Ananya Reddy,369.17,2026-08-21 06:17:00,completed,Water Bottle
ORD_1832,Nikhil Agarwal,387.04,2026-08-21 07:25:00,completed,Water Bottle
ORD_1833,Divya Kulkarni,943.07,2026-08-21 04:47:00,completed,Laptop Stand
ORD_1834,Sneha Gupta,1589.03,2026-08-21 04:23:00,completed,Sunglasses
ORD_1835,Arjun Mehta,544.13,2026-08-21 03:02:00,completed,Blue T-Shirt
ORD_1836,Pooja Desai,186.17,2026-08-20 22:26:00,completed,USB Cable
ORD_1837,Karthik Sundaram,1269.41,2026-08-21 04:58:00,completed,Power Bank
ORD_1838,Divya Kulkarni,475.25,2026-08-20 22:10:00,completed,Coffee Mug
ORD_1839,Nandini Choudhury,662.44,2026-08-20 17:19:00,completed,Watch Strap
ORD_1840,Suresh Pillai,361.58,2026-08-20 23:57:00,completed,Water Bottle
ORD_1841,Nikhil Agarwal,370.05,2026-08-21 01:48:00,completed,Mouse Pad
ORD_1842,Gaurav Malhotra,1750.43,2026-08-20 18:53:00,completed,Backpack
ORD_1843,Arjun Mehta,394.32,2026-08-21 07:07:00,completed,Water Bottle
ORD_1844,Sanjay Verma,915.8,2026-08-21 01:04:00,completed,Laptop Stand
ORD_1845,Pooja Desai,979.7,2026-08-20 19:55:00,completed,Yoga Mat
ORD_1846,Vikram Singh,2509.09,2026-08-20 18:51:00,completed,Keyboard
ORD_1847,Aakash Jain,1233.32,2026-08-20 21:34:00,completed,Desk Lamp
ORD_1848,Divya Kulkarni,681.19,2026-08-21 02:00:00,completed,Watch Strap
ORD_1849,Aakash Jain,1331.24,2026-08-21 00:25:00,completed,Power Bank
ORD_1850,Vikram Singh,1943.43,2026-08-20 23:28:00,completed,Monitor Light
ORD_1851,Anjali Saxena,231.22,2026-08-21 07:09:00,completed,USB Cable
ORD_1852,Rajesh Menon,1607.5,2026-08-21 08:48:00,completed,Sunglasses
ORD_1853,Sneha Gupta,1554.67,2026-08-21 01:53:00,completed,Sunglasses
ORD_1854,Kavita Nair,1207.58,2026-08-21 06:42:00,completed,Desk Lamp
ORD_1855,Manish Tiwari,3009.17,2026-08-20 20:36:00,completed,Running Shoes
ORD_1856,Manish Tiwari,734.22,2026-08-20 18:25:00,completed,Watch Strap
ORD_1857,Shreya Bhat,234.86,2026-08-21 04:22:00,completed,Notebook Set
ORD_1858,Aakash Jain,373.07,2026-08-21 04:49:00,completed,Mouse Pad
ORD_1859,Sanjay Verma,1512.95,2026-08-21 08:40:00,completed,Wireless Earbuds
ORD_1860,Rohit Joshi,300.59,2026-08-21 02:58:00,completed,Mouse Pad
ORD_1861,Vikram Singh,484.22,2026-08-21 03:34:00,completed,Coffee Mug
ORD_1862,Nikhil Agarwal,398.94,2026-08-20 18:15:00,completed,Mouse Pad
ORD_1863,Kavita Nair,250.24,2026-08-20 17:54:00,completed,Phone Case
ORD_1864,Rajesh Menon,473.68,2026-08-21 04:51:00,completed,Coffee Mug
ORD_1865,Sneha Gupta,3506.9,2026-08-21 08:34:00,completed,Webcam
ORD_1866,Nikhil Agarwal,1932.66,2026-08-21 07:31:00,completed,Monitor Light
ORD_1867,Amit Kumar,1517.2,2026-08-21 01:36:00,completed,Wireless Earbuds
ORD_1868,Shreya Bhat,202.84,2026-08-21 02:21:00,completed,USB Cable
ORD_1869,Meera Iyer,3020.21,2026-08-20 20:49:00,completed,Running Shoes
ORD_1870,Ritu Bansal,513.94,2026-08-20 20:21:00,completed,Blue T-Shirt
ORD_1871,Ananya Reddy,880.12,2026-08-21 06:56:00,completed,Laptop Stand
ORD_1872,Nandini Choudhury,201.04,2026-08-20 18:35:00,completed,Notebook Set
ORD_1873,Manish Tiwari,308.97,2026-08-20 22:57:00,completed,Phone Case
ORD_1874,Sneha Gupta,242.5,2026-08-21 04:43:00,completed,USB Cable
ORD_1875,Sneha Gupta,477.41,2026-08-20 19:21:00,completed,Coffee Mug
ORD_1876,Amit Kumar,933.78,2026-08-21 03:58:00,completed,Laptop Stand
ORD_1877,Karthik Sundaram,1589.42,2026-08-20 19:31:00,completed,Sunglasses
ORD_1878,Sanjay Verma,498.12,2026-08-21 08:39:00,completed,Blue T-Shirt
ORD_1879,Manish Tiwari,1923.79,2026-08-20 22:41:00,completed,Monitor Light
ORD_1880,Ananya Reddy,2501.4,2026-08-21 04:43:00,completed,Keyboard
ORD_1881,Karthik Sundaram,453.52,2026-08-20 23:57:00,completed,Blue T-Shirt
ORD_1882,Vikram Singh,403.48,2026-08-21 00:39:00,completed,Coffee Mug
ORD_1883,Pooja Desai,1618.03,2026-08-21 06:24:00,completed,Sunglasses
ORD_1884,Sneha Gupta,1156.05,2026-08-20 20:10:00,completed,Desk Lamp
ORD_1885,Arjun Mehta,234.55,2026-08-20 20:48:00,completed,USB Cable
ORD_1886,Priya Patel,860.14,2026-08-21 05:11:00,completed,Laptop Stand
ORD_1887,Divya Kulkarni,425.85,2026-08-21 03:02:00,completed,Water Bottle
ORD_1888,Suresh Pillai,343.68,2026-08-20 19:14:00,completed,Phone Case
ORD_1889,Sanjay Verma,303.71,2026-08-20 23:58:00,completed,Phone Case
ORD_1890,Priya Patel,399.34,2026-08-21 05:49:00,completed,Coffee Mug
ORD_1891,Karthik Sundaram,217.56,2026-08-21 07:58:00,completed,USB Cable
ORD_1892,Gaurav Malhotra,1163.44,2026-08-20 22:24:00,completed,Desk Lamp
ORD_1893,Gaurav Malhotra,411.5,2026-08-21 04:13:00,completed,Coffee Mug
ORD_1894,Rajesh Menon,373.6,2026-08-20 23:36:00,completed,Water Bottle
ORD_1895,Ritu Bansal,388.28,2026-08-20 20:34:00,completed,Water Bottle
ORD_1896,Nikhil Agarwal,2492.18,2026-08-20 17:44:00,completed,Keyboard
ORD_1897,Nikhil Agarwal,290.13,2026-08-21 00:55:00,completed,Phone Case
ORD_1898,Priya Patel,1451.15,2026-08-21 03:54:00,completed,Wireless Earbuds
ORD_1899,Rajesh Menon,696.51,2026-08-20 22:18:00,completed,Watch Strap
ORD_1900,Arjun Mehta,1318.99,2026-08-21 00:07:00,completed,Power Bank
ORD_1901,Ananya Reddy,707.49,2026-08-21 07:57:00,completed,Watch Strap
ORD_1902,Sneha Gupta,490.68,2026-08-20 23:40:00,completed,Coffee Mug
ORD_1903,Rohit Joshi,1034.13,2026-08-21 01:33:00,completed,Yoga Mat
ORD_1904,Priya Patel,1482.29,2026-08-20 21:55:00,completed,Wireless Earbuds
ORD_1905,Suresh Pillai,335.68,2026-08-21 06:26:00,completed,Mouse Pad
ORD_1906,Rahul Sharma,2538.58,2026-08-20 21:51:00,completed,Keyboard
ORD_1907,Manish Tiwari,1456.04,2026-08-21 07:40:00,completed,Standing Desk Mat
ORD_1908,Shreya Bhat,492.3,2026-08-21 00:13:00,completed,Blue T-Shirt
ORD_1909,Manish Tiwari,222.16,2026-08-20 18:28:00,completed,USB Cable
ORD_1910,Sanjay Verma,367.7,2026-08-21 00:10:00,completed,Water Bottle
ORD_1911,Shreya Bhat,514.48,2026-08-21 01:18:00,completed,Blue T-Shirt
ORD_1912,Shreya Bhat,546.72,2026-08-20 19:20:00,completed,Blue T-Shirt
ORD_1913,Deepika Rao,1286.04,2026-08-21 08:20:00,completed,Power Bank
ORD_1914,Karthik Sundaram,327.83,2026-08-20 21:25:00,completed,Phone Case
ORD_1915,Shreya Bhat,950.4,2026-08-20 22:09:00,completed,Yoga Mat
ORD_1916,Ritu Bansal,221.77,2026-08-21 08:27:00,completed,Notebook Set
ORD_1917,Ritu Bansal,272.52,2026-08-20 23:26:00,completed,Phone Case
ORD_1918,Rajesh Menon,371.48,2026-08-20 21:23:00,completed,Mouse Pad
ORD_1919,Anjali Saxena,1327.68,2026-08-21 03:36:00,completed,Power Bank
ORD_1920,Rahul Sharma,1305.33,2026-08-21 03:32:00,completed,Power Bank
ORD_1921,Rohit Joshi,687.96,2026-08-21 01:45:00,completed,Watch Strap
ORD_1922,Sanjay Verma,347.47,2026-08-20 23:52:00,completed,Mouse Pad
ORD_1923,Rahul Sharma,1619.06,2026-08-21 02:16:00,completed,Sunglasses
ORD_1924,Nikhil Agarwal,3464.7,2026-08-21 03:06:00,completed,Webcam
ORD_1925,Vikram Singh,3496.71,2026-08-21 03:53:00,completed,Webcam
ORD_1926,Suresh Pillai,1852.94,2026-08-20 18:46:00,completed,Monitor Light
ORD_1927,Sanjay Verma,307.12,2026-08-20 19:31:00,completed,Mouse Pad
ORD_1928,Priya Patel,221.74,2026-08-20 17:03:00,completed,Notebook Set
ORD_1929,Deepika Rao,500.02,2026-08-21 08:01:00,completed,Blue T-Shirt
ORD_1930,Ananya Reddy,2538.86,2026-08-21 05:13:00,completed,Keyboard
ORD_1931,Sanjay Verma,232.45,2026-08-21 01:25:00,completed,Notebook Set
ORD_1932,Rohit Joshi,923.28,2026-08-20 23:48:00,completed,Laptop Stand
ORD_1933,Arjun Mehta,1938.02,2026-08-20 23:32:00,completed,Monitor Light
ORD_1934,Ritu Bansal,1524.39,2026-08-21 08:35:00,completed,Standing Desk Mat
ORD_1935,Deepika Rao,292.02,2026-08-21 07:24:00,completed,Notebook Set
ORD_1936,Sneha Gupta,226.04,2026-08-21 02:09:00,completed,USB Cable
ORD_1937,Amit Kumar,1750.43,2026-08-21 00:29:00,completed,Backpack
ORD_1938,Pooja Desai,452.72,2026-08-21 07:26:00,completed,Blue T-Shirt
ORD_1939,Rohit Joshi,516.12,2026-08-21 23:57:00,completed,Blue T-Shirt
ORD_1940,Nandini Choudhury,185.4,2026-08-21 04:29:00,completed,USB Cable
ORD_1941,Meera Iyer,436.21,2026-08-21 02:09:00,completed,Coffee Mug
ORD_1942,Ananya Reddy,3535.18,2026-08-20 18:21:00,completed,Webcam
ORD_1943,Pooja Desai,407.17,2026-08-20 20:32:00,completed,Coffee Mug
ORD_1944,Divya Kulkarni,1260.69,2026-08-21 04:35:00,completed,Power Bank
ORD_1945,Aakash Jain,332.43,2026-08-20 23:45:00,completed,Phone Case
ORD_1946,Sneha Gupta,403.2,2026-08-20 23:01:00,completed,Water Bottle
ORD_1947,Nandini Choudhury,400.06,2026-08-21 02:21:00,completed,Coffee Mug
ORD_1948,Arjun Mehta,334.15,2026-08-21 08:55:00,completed,Mouse Pad
ORD_1949,Sanjay Verma,686.99,2026-08-21 00:38:00,completed,Watch Strap
ORD_1950,Suresh Pillai,2493.44,2026-08-20 22:29:00,completed,Keyboard
ORD_1951,Priya Patel,234.36,2026-08-21 02:38:00,completed,USB Cable
ORD_1952,Ananya Reddy,403.39,2026-08-21 00:21:00,completed,Coffee Mug
ORD_1953,Ritu Bansal,1851.37,2026-08-21 04:50:00,completed,Monitor Light
ORD_1954,Arjun Mehta,1455.52,2026-08-21 04:30:00,completed,Wireless Earbuds
ORD_1955,Ritu Bansal,1004.74,2026-08-20 19:50:00,completed,Yoga Mat
ORD_1956,Shreya Bhat,460.28,2026-08-21 01:37:00,completed,Blue T-Shirt
ORD_1957,Karthik Sundaram,358.9,2026-08-20 19:09:00,completed,Water Bottle
ORD_1958,Arjun Mehta,1042.76,2026-08-21 06:03:00,completed,Yoga Mat
ORD_1959,Suresh Pillai,296.94,2026-08-21 06:41:00,completed,Phone Case
ORD_1960,Karthik Sundaram,2985.95,2026-08-21 01:29:00,completed,Running Shoes
ORD_1961,Nandini Choudhury,3541.35,2026-08-20 21:30:00,completed,Webcam
ORD_1962,Sanjay Verma,1500.35,2026-08-21 03:58:00,completed,Standing Desk Mat
ORD_1963,Vikram Singh,1538.06,2026-08-21 02:12:00,completed,Standing Desk Mat
ORD_1964,Gaurav Malhotra,408.81,2026-08-21 03:11:00,completed,Water Bottle
ORD_1965,Karthik Sundaram,480.31,2026-08-20 17:04:00,completed,Coffee Mug
ORD_1966,Gaurav Malhotra,3047.16,2026-08-21 08:38:00,completed,Running Shoes
ORD_1967,Arjun Mehta,903.85,2026-08-20 21:50:00,completed,Laptop Stand
ORD_1968,Kavita Nair,191.98,2026-08-21 00:39:00,completed,USB Cable
ORD_1969,Rahul Sharma,403.17,2026-08-20 22:05:00,completed,Water Bottle
ORD_1970,Arjun Mehta,1840.76,2026-08-20 20:00:00,completed,Backpack
ORD_1971,Karthik Sundaram,664.04,2026-08-21 05:01:00,completed,Watch Strap
ORD_1972,Meera Iyer,709.66,2026-08-20 21:45:00,completed,Watch Strap
ORD_1973,Ritu Bansal,1186.94,2026-08-20 17:43:00,completed,Desk Lamp
ORD_1974,Arjun Mehta,1557.95,2026-08-21 04:14:00,completed,Sunglasses
ORD_1975,Aakash Jain,435.46,2026-08-21 00:05:00,completed,Coffee Mug
ORD_1976,Deepika Rao,1771.91,2026-08-20 22:33:00,completed,Backpack
ORD_1977,Ananya Reddy,1343.2,2026-08-21 00:01:00,completed,Power Bank
ORD_1978,Ananya Reddy,1764.27,2026-08-21 00:50:00,completed,Backpack
ORD_1979,Kavita Nair,333.65,2026-08-21 04:36:00,completed,Phone Case
ORD_1980,Suresh Pillai,477.72,2026-08-21 08:43:00,completed,Blue T-Shirt
ORD_1981,Pooja Desai,251.35,2026-08-20 22:32:00,completed,Notebook Set
ORD_1982,Ritu Bansal,951.39,2026-08-20 23:48:00,completed,Yoga Mat
ORD_1983,Kavita Nair,1163.23,2026-08-21 07:16:00,completed,Desk Lamp
ORD_1984,Rajesh Menon,1288.92,2026-08-21 07:23:00,completed,Power Bank
ORD_1985,Pooja Desai,487.7,2026-08-20 19:38:00,completed,Coffee Mug
ORD_1986,Sneha Gupta,1750.11,2026-08-20 21:47:00,completed,Backpack
ORD_1987,Priya Patel,327.49,2026-08-20 20:56:00,completed,Mouse Pad
ORD_1988,Rajesh Menon,432.02,2026-08-21 07:46:00,completed,Coffee Mug
ORD_1989,Rohit Joshi,390.84,2026-08-21 06:51:00,completed,Water Bottle
ORD_1990,Ananya Reddy,1195.83,2026-08-21 08:07:00,completed,Desk Lamp
ORD_1991,Sanjay Verma,362.15,2026-08-20 21:42:00,completed,Mouse Pad
ORD_1992,Divya Kulkarni,198.89,2026-08-21 05:03:00,completed,USB Cable
ORD_1993,Suresh Pillai,918.74,2026-08-21 04:26:00,completed,Laptop Stand
ORD_1994,Pooja Desai,1589.59,2026-08-20 21:26:00,completed,Sunglasses
ORD_1995,Kavita Nair,442.01,2026-08-21 02:15:00,completed,Coffee Mug
ORD_1996,Amit Kumar,3491.85,2026-08-20 21:03:00,completed,Webcam
ORD_1997,Deepika Rao,2965.52,2026-08-21 03:06:00,completed,Running Shoes
ORD_1998,Deepika Rao,875.73,2026-08-20 19:53:00,completed,Laptop Stand
ORD_1999,Sanjay Verma,2988.34,2026-08-20 22:44:00,completed,Running Shoes
ORD_2000,Nikhil Agarwal,320.05,2026-08-20 21:45:00,completed,Mouse Pad
ORD_2001,Rajesh Menon,356.93,2026-08-21 08:27:00,completed,Mouse Pad
ORD_2002,Rohit Joshi,964.65,2026-08-21 04:04:00,completed,Yoga Mat
ORD_2003,Sanjay Verma,662.29,2026-08-21 06:42:00,completed,Watch Strap
ORD_2004,Vikram Singh,253.2,2026-08-21 00:32:00,completed,Phone Case
ORD_2005,Sneha Gupta,982.72,2026-08-21 08:49:00,completed,Yoga Mat
ORD_2006,Rohit Joshi,1541.66,2026-08-21 06:49:00,completed,Standing Desk Mat
ORD_2007,Pooja Desai,1331.96,2026-08-21 07:58:00,completed,Power Bank
ORD_2008,Rahul Sharma,238.48,2026-08-21 00:02:00,completed,Notebook Set
ORD_2009,Divya Kulkarni,1550.63,2026-08-21 02:49:00,completed,Sunglasses
ORD_2010,Ananya Reddy,3521.57,2026-08-20 23:00:00,completed,Webcam
ORD_2011,Pooja Desai,1565.19,2026-08-20 23:46:00,completed,Sunglasses
ORD_2012,Amit Kumar,544.36,2026-08-21 01:11:00,completed,Blue T-Shirt
ORD_2013,Meera Iyer,1027.9,2026-08-20 22:24:00,completed,Yoga Mat
ORD_2014,Rajesh Menon,315.03,2026-08-20 23:30:00,completed,Mouse Pad
ORD_2015,Divya Kulkarni,1326.35,2026-08-20 19:47:00,completed,Power Bank
ORD_2016,Manish Tiwari,667.81,2026-08-21 04:01:00,completed,Watch Strap
ORD_2017,Ritu Bansal,908.29,2026-08-21 08:35:00,completed,Laptop Stand
ORD_2018,Priya Patel,3034.87,2026-08-21 02:42:00,completed,Running Shoes
ORD_2019,Pooja Desai,222.86,2026-08-20 17:01:00,completed,USB Cable
ORD_2020,Sneha Gupta,330.83,2026-08-20 22:36:00,completed,Mouse Pad
ORD_2021,Anjali Saxena,1936.03,2026-08-21 23:58:00,completed,Monitor Light
ORD_2022,Manish Tiwari,1458.43,2026-08-20 17:06:00,completed,Wireless Earbuds
ORD_2023,Manish Tiwari,1767.51,2026-08-20 20:40:00,completed,Backpack
ORD_2024,Divya Kulkarni,256.67,2026-08-20 23:31:00,completed,Notebook Set
ORD_2025,Kavita Nair,1877.77,2026-08-20 20:45:00,completed,Monitor Light
ORD_2026,Kavita Nair,945.72,2026-08-20 21:45:00,completed,Laptop Stand
ORD_2027,Rajesh Menon,420.72,2026-08-20 17:26:00,completed,Water Bottle
ORD_2028,Rohit Joshi,243.34,2026-08-20 21:13:00,completed,Notebook Set
ORD_2029,Priya Patel,664.86,2026-08-21 07:33:00,completed,Watch Strap
ORD_2030,Deepika Rao,1894.44,2026-08-21 00:28:00,completed,Monitor Light
ORD_2031,Anjali Saxena,1287.46,2026-08-20 21:07:00,completed,Power Bank
ORD_2032,Deepika Rao,873.12,2026-08-21 01:51:00,completed,Laptop Stand
ORD_2033,Rahul Sharma,463.91,2026-08-21 03:49:00,completed,Blue T-Shirt
ORD_2034,Karthik Sundaram,1868.95,2026-08-21 04:06:00,completed,Monitor Light
ORD_2035,Rahul Sharma,1644.75,2026-08-20 19:06:00,completed,Sunglasses
ORD_2036,Kavita Nair,720.84,2026-08-20 23:13:00,completed,Watch Strap
ORD_2037,Nandini Choudhury,391.36,2026-08-20 20:05:00,completed,Mouse Pad
ORD_2038,Rohit Joshi,1330.71,2026-08-21 06:56:00,completed,Power Bank
ORD_2039,Sneha Gupta,1751.69,2026-08-20 17:42:00,completed,Backpack
ORD_2040,Vikram Singh,671.56,2026-08-20 18:07:00,completed,Watch Strap
ORD_2041,Priya Patel,466.14,2026-08-20 22:43:00,completed,Blue T-Shirt
ORD_2042,Suresh Pillai,3537.38,2026-08-21 03:56:00,completed,Webcam
ORD_2043,Rohit Joshi,325.02,2026-08-20 17:12:00,completed,Mouse Pad
ORD_2044,Kavita Nair,2466.98,2026-08-20 21:15:00,completed,Keyboard
ORD_2045,Ananya Reddy,3462.62,2026-08-20 18:27:00,completed,Webcam
ORD_2046,Rohit Joshi,1334.02,2026-08-20 21:51:00,completed,Power Bank
ORD_2047,Sanjay Verma,1817.13,2026-08-20 17:02:00,completed,Backpack
ORD_2048,Rohit Joshi,1457.26,2026-08-21 08:51:00,completed,Wireless Earbuds
ORD_2049,Sneha Gupta,336.9,2026-08-21 02:48:00,completed,Mouse Pad
ORD_2050,Aakash Jain,266.57,2026-08-21 02:32:00,completed,Phone Case
ORD_2051,Sanjay Verma,433.54,2026-08-20 19:23:00,completed,Coffee Mug
ORD_2052,Ananya Reddy,2985.62,2026-08-21 05:46:00,completed,Running Shoes
ORD_2053,Aakash Jain,526.24,2026-08-20 22:08:00,completed,Blue T-Shirt
ORD_2054,Arjun Mehta,261.56,2026-08-20 22:35:00,completed,Notebook Set
ORD_2055,Karthik Sundaram,1463.15,2026-08-21 02:46:00,completed,Wireless Earbuds
ORD_2056,Suresh Pillai,1021.22,2026-08-21 06:13:00,completed,Yoga Mat
ORD_2057,Priya Patel,1024.77,2026-08-20 22:25:00,completed,Yoga Mat
ORD_2058,Arjun Mehta,429.77,2026-08-21 02:32:00,completed,Coffee Mug
ORD_2059,Arjun Mehta,1832.04,2026-08-21 03:46:00,completed,Backpack
ORD_2060,Rohit Joshi,440.65,2026-08-21 04:12:00,completed,Water Bottle
ORD_2061,Divya Kulkarni,701.62,2026-08-20 20:34:00,completed,Watch Strap
ORD_2062,Priya Patel,3037.24,2026-08-20 19:05:00,completed,Running Shoes
ORD_2063,Ananya Reddy,450.07,2026-08-20 23:52:00,completed,Blue T-Shirt
ORD_2064,Gaurav Malhotra,432.39,2026-08-21 08:16:00,completed,Coffee Mug
ORD_2065,Priya Patel,962.39,2026-08-20 19:19:00,completed,Yoga Mat
ORD_2066,Manish Tiwari,382.81,2026-08-20 21:48:00,completed,Mouse Pad
ORD_2067,Arjun Mehta,1556.67,2026-08-20 18:44:00,completed,Sunglasses
ORD_2068,Divya Kulkarni,1592.54,2026-08-20 18:33:00,completed,Sunglasses
ORD_2069,Nandini Choudhury,988.06,2026-08-20 19:52:00,completed,Yoga Mat
ORD_2070,Pooja Desai,954.21,2026-08-20 22:27:00,completed,Yoga Mat
ORD_2071,Priya Patel,223.97,2026-08-20 20:15:00,completed,USB Cable
ORD_2072,Priya Patel,2462.65,2026-08-20 23:57:00,completed,Keyboard
ORD_2073,Ananya Reddy,177.58,2026-08-20 17:45:00,completed,USB Cable
ORD_2074,Shreya Bhat,485.96,2026-08-21 02:53:00,completed,Coffee Mug
ORD_2075,Manish Tiwari,3527.35,2026-08-21 05:40:00,completed,Webcam
ORD_2076,Sneha Gupta,1838.05,2026-08-20 22:53:00,completed,Backpack
ORD_2077,Gaurav Malhotra,1264.5,2026-08-20 20:29:00,completed,Power Bank
ORD_2078,Nandini Choudhury,366.01,2026-08-21 04:41:00,completed,Mouse Pad
ORD_2079,Sneha Gupta,1637.73,2026-08-20 21:57:00,completed,Sunglasses
ORD_2080,Anjali Saxena,208.35,2026-08-21 05:36:00,completed,Notebook Set
ORD_2081,Sanjay Verma,429.72,2026-08-21 03:59:00,completed,Water Bottle
ORD_2082,Ananya Reddy,532.25,2026-08-21 08:48:00,completed,Blue T-Shirt
ORD_2083,Amit Kumar,2469.21,2026-08-20 23:52:00,completed,Keyboard
ORD_2084,Divya Kulkarni,1456.32,2026-08-21 03:03:00,completed,Standing Desk Mat
ORD_2085,Arjun Mehta,1212.75,2026-08-20 17:57:00,completed,Desk Lamp
ORD_2086,Meera Iyer,308.63,2026-08-20 17:35:00,completed,Phone Case
ORD_2087,Vikram Singh,672.21,2026-08-21 03:22:00,completed,Watch Strap
ORD_2088,Ananya Reddy,856.86,2026-08-20 17:24:00,completed,Laptop Stand
ORD_2089,Nikhil Agarwal,868.04,2026-08-20 19:57:00,completed,Laptop Stand
ORD_2090,Sneha Gupta,3046.31,2026-08-21 06:17:00,completed,Running Shoes
ORD_2091,Ananya Reddy,1315.73,2026-08-20 22:04:00,completed,Power Bank
ORD_2092,Anjali Saxena,1566.16,2026-08-21 03:47:00,completed,Sunglasses
ORD_2093,Shreya Bhat,2466.72,2026-08-21 03:26:00,completed,Keyboard
ORD_2094,Rajesh Menon,894.36,2026-08-20 18:25:00,completed,Laptop Stand
ORD_2095,Gaurav Malhotra,1767.04,2026-08-21 04:20:00,completed,Backpack
ORD_2096,Divya Kulkarni,455.94,2026-08-20 19:33:00,completed,Coffee Mug
ORD_2097,Nandini Choudhury,1192.0,2026-08-21 02:50:00,completed,Desk Lamp
ORD_2098,Divya Kulkarni,3492.32,2026-08-21 01:32:00,completed,Webcam
ORD_2099,Suresh Pillai,711.61,2026-08-21 07:51:00,completed,Watch Strap
ORD_2100,Nikhil Agarwal,542.39,2026-08-21 01:24:00,completed,Blue T-Shirt
ORD_2101,Suresh Pillai,1940.53,2026-08-21 08:45:00,completed,Monitor Light
ORD_2102,Vikram Singh,332.7,2026-08-21 03:33:00,completed,Phone Case
ORD_2103,Arjun Mehta,954.19,2026-08-20 17:42:00,completed,Yoga Mat
ORD_2104,Sanjay Verma,1826.84,2026-08-21 04:17:00,completed,Backpack
ORD_2105,Divya Kulkarni,317.35,2026-08-21 01:50:00,completed,Phone Case
ORD_2106,Sanjay Verma,1517.45,2026-08-20 22:34:00,completed,Wireless Earbuds
ORD_2107,Nandini Choudhury,1183.33,2026-08-21 04:06:00,completed,Desk Lamp
ORD_2108,Nandini Choudhury,3481.44,2026-08-21 03:48:00,completed,Webcam
ORD_2109,Sneha Gupta,1541.63,2026-08-21 08:38:00,completed,Wireless Earbuds
ORD_2110,Deepika Rao,157.82,2026-08-21 07:06:00,completed,USB Cable
ORD_2111,Pooja Desai,872.81,2026-08-21 07:54:00,completed,Laptop Stand
ORD_2112,Ananya Reddy,3026.63,2026-08-21 07:24:00,completed,Running Shoes
ORD_2113,Kavita Nair,235.1,2026-08-21 04:25:00,completed,Notebook Set
ORD_2114,Aakash Jain,2490.55,2026-08-21 07:34:00,completed,Keyboard
ORD_2115,Meera Iyer,1891.2,2026-08-21 03:50:00,completed,Monitor Light
ORD_2116,Rahul Sharma,342.26,2026-08-20 18:02:00,completed,Phone Case
ORD_2117,Amit Kumar,385.85,2026-08-20 23:00:00,completed,Mouse Pad
ORD_2118,Karthik Sundaram,2510.69,2026-08-21 08:09:00,completed,Keyboard
ORD_2119,Vikram Singh,323.69,2026-08-21 04:54:00,completed,Phone Case
ORD_2120,Rohit Joshi,922.7,2026-08-20 19:08:00,completed,Laptop Stand
ORD_2121,Ritu Bansal,1190.54,2026-08-20 22:13:00,completed,Desk Lamp
ORD_2122,Arjun Mehta,1295.43,2026-08-21 04:35:00,completed,Power Bank
ORD_2123,Anjali Saxena,488.97,2026-08-21 00:46:00,completed,Coffee Mug
ORD_2124,Divya Kulkarni,727.72,2026-08-20 23:59:00,completed,Watch Strap
ORD_2125,Ananya Reddy,423.1,2026-08-20 20:46:00,completed,Water Bottle
ORD_2126,Anjali Saxena,1227.94,2026-08-20 23:20:00,completed,Desk Lamp
ORD_2127,Rahul Sharma,173.71,2026-08-21 03:16:00,completed,USB Cable
ORD_2128,Manish Tiwari,649.27,2026-08-20 22:28:00,completed,Watch Strap
ORD_2129,Anjali Saxena,306.96,2026-08-21 00:08:00,completed,Phone Case
ORD_2130,Priya Patel,1752.77,2026-08-21 01:48:00,completed,Backpack
ORD_2131,Kavita Nair,2484.74,2026-08-21 05:59:00,completed,Keyboard
ORD_2132,Manish Tiwari,1530.47,2026-08-21 03:07:00,completed,Wireless Earbuds
ORD_2133,Divya Kulkarni,1865.75,2026-08-21 04:42:00,completed,Monitor Light
ORD_2134,Amit Kumar,1648.22,2026-08-20 23:43:00,completed,Sunglasses
ORD_2135,Shreya Bhat,1595.66,2026-08-20 21:03:00,completed,Sunglasses
ORD_2136,Sanjay Verma,662.6,2026-08-21 07:59:00,completed,Watch Strap
ORD_2137,Shreya Bhat,714.06,2026-08-21 02:49:00,completed,Watch Strap
ORD_2138,Manish Tiwari,384.98,2026-08-21 03:08:00,completed,Mouse Pad
ORD_2139,Divya Kulkarni,1530.05,2026-08-20 17:51:00,completed,Wireless Earbuds
ORD_2140,Rohit Joshi,863.19,2026-08-21 06:59:00,completed,Laptop Stand
ORD_2141,Ritu Bansal,463.08,2026-08-20 18:27:00,completed,Blue T-Shirt
ORD_2142,Manish Tiwari,1591.62,2026-08-20 17:26:00,completed,Sunglasses
ORD_2143,Deepika Rao,1219.12,2026-08-20 18:15:00,completed,Desk Lamp
ORD_2144,Nikhil Agarwal,1455.49,2026-08-22 23:58:00,completed,Standing Desk Mat
ORD_2145,Sneha Gupta,3454.94,2026-08-21 20:02:00,completed,Webcam
ORD_2146,Anjali Saxena,1600.63,2026-08-21 17:33:00,completed,Sunglasses
ORD_2147,Priya Patel,1468.55,2026-08-22 06:28:00,completed,Wireless Earbuds
ORD_2148,Karthik Sundaram,1279.02,2026-08-21 22:07:00,completed,Power Bank
ORD_2149,Sneha Gupta,1251.97,2026-08-21 17:21:00,completed,Power Bank
ORD_2150,Vikram Singh,442.68,2026-08-21 19:22:00,completed,Coffee Mug
ORD_2151,Gaurav Malhotra,245.51,2026-08-21 17:48:00,completed,USB Cable
ORD_2152,Anjali Saxena,1203.39,2026-08-21 19:52:00,completed,Desk Lamp
ORD_2153,Nandini Choudhury,2974.55,2026-08-21 18:51:00,completed,Running Shoes
ORD_2154,Nikhil Agarwal,395.32,2026-08-21 20:52:00,completed,Water Bottle
ORD_2155,Arjun Mehta,1296.99,2026-08-22 00:14:00,completed,Power Bank
ORD_2156,Rahul Sharma,1493.61,2026-08-21 19:45:00,completed,Standing Desk Mat
ORD_2157,Pooja Desai,1759.57,2026-08-21 18:53:00,completed,Backpack
ORD_2158,Rajesh Menon,1185.94,2026-08-22 07:57:00,completed,Desk Lamp
ORD_2159,Amit Kumar,530.53,2026-08-22 05:57:00,completed,Blue T-Shirt
ORD_2160,Meera Iyer,746.25,2026-08-22 07:59:00,completed,Watch Strap
ORD_2161,Amit Kumar,387.02,2026-08-22 02:38:00,completed,Water Bottle
ORD_2162,Suresh Pillai,1604.97,2026-08-21 21:29:00,completed,Sunglasses
ORD_2163,Amit Kumar,289.47,2026-08-22 06:07:00,completed,Notebook Set
ORD_2164,Meera Iyer,371.29,2026-08-21 20:49:00,completed,Mouse Pad
ORD_2165,Anjali Saxena,1486.63,2026-08-22 00:46:00,completed,Standing Desk Mat
ORD_2166,Meera Iyer,264.98,2026-08-22 00:52:00,completed,Phone Case
ORD_2167,Pooja Desai,1210.41,2026-08-21 21:16:00,completed,Desk Lamp
ORD_2168,Sneha Gupta,1470.45,2026-08-22 00:22:00,completed,Wireless Earbuds
ORD_2169,Kavita Nair,317.66,2026-08-21 18:58:00,completed,Mouse Pad
ORD_2170,Sneha Gupta,1263.46,2026-08-21 20:27:00,completed,Power Bank
ORD_2171,Vikram Singh,1526.24,2026-08-22 01:38:00,completed,Wireless Earbuds
ORD_2172,Nikhil Agarwal,876.15,2026-08-22 01:26:00,completed,Laptop Stand
ORD_2173,Nandini Choudhury,1515.32,2026-08-22 00:44:00,completed,Standing Desk Mat
ORD_2174,Sanjay Verma,1875.12,2026-08-21 18:07:00,completed,Monitor Light
ORD_2175,Amit Kumar,2984.13,2026-08-22 08:05:00,completed,Running Shoes
ORD_2176,Manish Tiwari,259.0,2026-08-22 01:20:00,completed,Phone Case
ORD_2177,Deepika Rao,216.89,2026-08-22 05:24:00,completed,Notebook Set
ORD_2178,Meera Iyer,180.47,2026-08-22 08:48:00,completed,USB Cable
ORD_2179,Kavita Nair,491.52,2026-08-22 04:16:00,completed,Blue T-Shirt
ORD_2180,Kavita Nair,1509.82,2026-08-21 18:00:00,completed,Standing Desk Mat
ORD_2181,Aakash Jain,189.12,2026-08-22 03:39:00,completed,USB Cable
ORD_2182,Gaurav Malhotra,3528.69,2026-08-22 05:03:00,completed,Webcam
ORD_2183,Ananya Reddy,436.46,2026-08-22 04:28:00,completed,Water Bottle
ORD_2184,Priya Patel,940.95,2026-08-21 23:33:00,completed,Laptop Stand
ORD_2185,Gaurav Malhotra,704.41,2026-08-21 22:23:00,completed,Watch Strap
ORD_2186,Pooja Desai,2952.14,2026-08-22 01:19:00,completed,Running Shoes
ORD_2187,Nandini Choudhury,225.98,2026-08-22 08:43:00,completed,USB Cable
ORD_2188,Rohit Joshi,1265.97,2026-08-22 05:43:00,completed,Power Bank
ORD_2189,Rajesh Menon,2974.49,2026-08-21 23:02:00,completed,Running Shoes
ORD_2190,Rajesh Menon,150.18,2026-08-21 20:32:00,completed,USB Cable
ORD_2191,Meera Iyer,290.68,2026-08-22 01:16:00,completed,Notebook Set
ORD_2192,Shreya Bhat,850.56,2026-08-22 03:15:00,completed,Laptop Stand
ORD_2193,Suresh Pillai,1647.82,2026-08-21 21:56:00,completed,Sunglasses
ORD_2194,Priya Patel,236.68,2026-08-21 19:55:00,completed,Notebook Set
ORD_2195,Kavita Nair,1801.15,2026-08-21 20:09:00,completed,Backpack
ORD_2196,Rajesh Menon,2541.42,2026-08-21 23:10:00,completed,Keyboard
ORD_2197,Rahul Sharma,410.46,2026-08-22 08:45:00,completed,Coffee Mug
ORD_2198,Gaurav Malhotra,241.86,2026-08-22 00:41:00,completed,USB Cable
ORD_2199,Manish Tiwari,189.87,2026-08-22 03:53:00,completed,USB Cable
ORD_2200,Manish Tiwari,394.25,2026-08-22 05:28:00,completed,Mouse Pad
ORD_2201,Amit Kumar,978.91,2026-08-21 19:45:00,completed,Yoga Mat
ORD_2202,Nandini Choudhury,1253.2,2026-08-21 17:23:00,completed,Power Bank
ORD_2203,Rahul Sharma,459.69,2026-08-22 00:34:00,completed,Coffee Mug
ORD_2204,Manish Tiwari,952.06,2026-08-22 06:11:00,completed,Yoga Mat
ORD_2205,Gaurav Malhotra,994.46,2026-08-21 22:24:00,completed,Yoga Mat
ORD_2206,Sanjay Verma,982.56,2026-08-21 20:29:00,completed,Yoga Mat
ORD_2207,Nandini Choudhury,277.03,2026-08-22 05:08:00,completed,Phone Case
ORD_2208,Vikram Singh,975.64,2026-08-21 20:52:00,completed,Yoga Mat
ORD_2209,Sanjay Verma,1241.53,2026-08-22 06:17:00,completed,Desk Lamp
ORD_2210,Rohit Joshi,2994.94,2026-08-21 21:17:00,completed,Running Shoes
ORD_2211,Suresh Pillai,2514.19,2026-08-21 22:10:00,completed,Keyboard
ORD_2212,Priya Patel,497.15,2026-08-22 04:35:00,completed,Blue T-Shirt
ORD_2213,Amit Kumar,317.59,2026-08-21 18:47:00,completed,Mouse Pad
ORD_2214,Rahul Sharma,1880.39,2026-08-21 17:30:00,completed,Monitor Light
ORD_2215,Suresh Pillai,328.74,2026-08-22 07:26:00,completed,Phone Case
ORD_2216,Suresh Pillai,1528.3,2026-08-21 21:30:00,completed,Standing Desk Mat
ORD_2217,Karthik Sundaram,3515.4,2026-08-22 00:43:00,completed,Webcam
ORD_2218,Vikram Singh,386.14,2026-08-22 06:33:00,completed,Mouse Pad
ORD_2219,Suresh Pillai,242.09,2026-08-21 23:35:00,completed,USB Cable
ORD_2220,Sanjay Verma,3453.74,2026-08-21 18:28:00,completed,Webcam
ORD_2221,Rahul Sharma,1821.92,2026-08-21 18:34:00,completed,Backpack
ORD_2222,Sneha Gupta,944.1,2026-08-22 23:58:00,completed,Laptop Stand
ORD_2223,Karthik Sundaram,1812.38,2026-08-22 04:58:00,completed,Backpack
ORD_2224,Manish Tiwari,739.11,2026-08-22 04:55:00,completed,Watch Strap
ORD_2225,Gaurav Malhotra,1045.66,2026-08-22 01:28:00,completed,Yoga Mat
ORD_2226,Meera Iyer,3453.95,2026-08-22 04:41:00,completed,Webcam
ORD_2227,Manish Tiwari,469.33,2026-08-21 20:00:00,completed,Blue T-Shirt
ORD_2228,Sneha Gupta,211.69,2026-08-22 00:41:00,completed,USB Cable
ORD_2229,Karthik Sundaram,253.57,2026-08-21 19:02:00,completed,Phone Case
ORD_2230,Karthik Sundaram,2956.37,2026-08-22 07:30:00,completed,Running Shoes
ORD_2231,Deepika Rao,1933.83,2026-08-22 04:55:00,completed,Monitor Light
ORD_2232,Rohit Joshi,456.29,2026-08-22 05:20:00,completed,Blue T-Shirt
ORD_2233,Kavita Nair,270.88,2026-08-22 02:21:00,completed,Phone Case
ORD_2234,Pooja Desai,3504.58,2026-08-22 01:15:00,completed,Webcam
ORD_2235,Manish Tiwari,682.41,2026-08-22 07:20:00,completed,Watch Strap
ORD_2236,Ananya Reddy,1616.1,2026-08-21 17:56:00,completed,Sunglasses
ORD_2237,Meera Iyer,858.08,2026-08-21 22:14:00,completed,Laptop Stand
ORD_2238,Ritu Bansal,901.23,2026-08-21 17:43:00,completed,Laptop Stand
ORD_2239,Nikhil Agarwal,355.9,2026-08-22 08:10:00,completed,Mouse Pad
ORD_2240,Karthik Sundaram,355.72,2026-08-21 21:32:00,completed,Water Bottle
ORD_2241,Ritu Bansal,1821.24,2026-08-21 22:00:00,completed,Backpack
ORD_2242,Arjun Mehta,207.87,2026-08-22 08:17:00,completed,Notebook Set
ORD_2243,Divya Kulkarni,516.31,2026-08-21 17:08:00,completed,Blue T-Shirt
ORD_2244,Sneha Gupta,318.55,2026-08-22 00:23:00,completed,Phone Case
ORD_2245,Nandini Choudhury,1020.52,2026-08-22 00:59:00,completed,Yoga Mat
ORD_2246,Shreya Bhat,1457.97,2026-08-21 19:30:00,completed,Standing Desk Mat
ORD_2247,Divya Kulkarni,1233.21,2026-08-22 01:04:00,completed,Desk Lamp
ORD_2248,Meera Iyer,454.72,2026-08-22 06:53:00,completed,Coffee Mug
ORD_2249,Deepika Rao,985.17,2026-08-22 02:49:00,completed,Yoga Mat
ORD_2250,Deepika Rao,1583.38,2026-08-22 05:10:00,completed,Sunglasses
ORD_2251,Divya Kulkarni,340.96,2026-08-22 03:41:00,completed,Phone Case
ORD_2252,Nandini Choudhury,1544.04,2026-08-21 20:47:00,completed,Standing Desk Mat
ORD_2253,Sanjay Verma,1169.1,2026-08-22 00:56:00,completed,Desk Lamp
ORD_2254,Rohit Joshi,1173.55,2026-08-21 18:51:00,completed,Desk Lamp
ORD_2255,Manish Tiwari,490.61,2026-08-22 01:31:00,completed,Coffee Mug
ORD_2256,Kavita Nair,385.05,2026-08-22 06:23:00,completed,Water Bottle
ORD_2257,Ananya Reddy,211.65,2026-08-22 03:18:00,completed,Notebook Set
ORD_2258,Nandini Choudhury,1825.04,2026-08-21 21:20:00,completed,Backpack
ORD_2259,Rajesh Menon,1185.79,2026-08-21 20:17:00,completed,Desk Lamp
ORD_2260,Deepika Rao,1630.66,2026-08-22 03:56:00,completed,Sunglasses
ORD_2261,Shreya Bhat,502.42,2026-08-21 20:31:00,completed,Blue T-Shirt
ORD_2262,Meera Iyer,314.64,2026-08-22 01:47:00,completed,Mouse Pad
ORD_2263,Ananya Reddy,413.28,2026-08-21 17:44:00,completed,Water Bottle
ORD_2264,Nikhil Agarwal,1567.83,2026-08-21 17:07:00,completed,Sunglasses
ORD_2265,Meera Iyer,541.76,2026-08-22 03:41:00,completed,Blue T-Shirt
ORD_2266,Rohit Joshi,715.26,2026-08-21 20:27:00,completed,Watch Strap
ORD_2267,Priya Patel,1348.35,2026-08-21 23:07:00,completed,Power Bank
ORD_2268,Meera Iyer,1327.41,2026-08-21 21:46:00,completed,Power Bank
ORD_2269,Rohit Joshi,1218.93,2026-08-21 22:00:00,completed,Desk Lamp
ORD_2270,Sneha Gupta,459.71,2026-08-21 22:53:00,completed,Coffee Mug
ORD_2271,Gaurav Malhotra,3516.78,2026-08-21 22:45:00,completed,Webcam
ORD_2272,Nikhil Agarwal,1269.03,2026-08-22 01:08:00,completed,Power Bank
ORD_2273,Vikram Singh,1478.2,2026-08-22 04:35:00,completed,Standing Desk Mat
ORD_2274,Sanjay Verma,1548.29,2026-08-21 23:23:00,completed,Standing Desk Mat
ORD_2275,Kavita Nair,3039.02,2026-08-22 08:55:00,completed,Running Shoes
ORD_2276,Anjali Saxena,321.91,2026-08-22 02:49:00,completed,Mouse Pad
ORD_2277,Divya Kulkarni,421.92,2026-08-22 08:42:00,completed,Coffee Mug
ORD_2278,Divya Kulkarni,957.65,2026-08-22 01:04:00,completed,Yoga Mat
ORD_2279,Nikhil Agarwal,408.09,2026-08-22 08:22:00,completed,Water Bottle
ORD_2280,Shreya Bhat,862.6,2026-08-21 19:09:00,completed,Laptop Stand
ORD_2281,Suresh Pillai,402.63,2026-08-22 08:13:00,completed,Coffee Mug
ORD_2282,Rajesh Menon,744.91,2026-08-22 08:41:00,completed,Watch Strap
ORD_2283,Gaurav Malhotra,909.26,2026-08-22 05:21:00,completed,Laptop Stand
ORD_2284,Rahul Sharma,1855.93,2026-08-22 04:31:00,completed,Monitor Light
ORD_2285,Deepika Rao,688.56,2026-08-22 06:31:00,completed,Watch Strap
ORD_2286,Sanjay Verma,2974.69,2026-08-21 18:01:00,completed,Running Shoes
ORD_2287,Sneha Gupta,693.14,2026-08-22 04:08:00,completed,Watch Strap
ORD_2288,Pooja Desai,2465.11,2026-08-21 23:27:00,completed,Keyboard
ORD_2289,Deepika Rao,433.87,2026-08-22 06:42:00,completed,Coffee Mug
ORD_2290,Karthik Sundaram,210.2,2026-08-22 00:48:00,completed,USB Cable
ORD_2291,Shreya Bhat,501.58,2026-08-21 22:09:00,completed,Blue T-Shirt
ORD_2292,Arjun Mehta,2507.26,2026-08-21 20:15:00,completed,Keyboard
ORD_2293,Suresh Pillai,1281.68,2026-08-22 23:58:00,completed,Power Bank
ORD_2294,Amit Kumar,187.15,2026-08-21 21:46:00,completed,USB Cable
ORD_2295,Meera Iyer,384.85,2026-08-22 05:12:00,completed,Mouse Pad
ORD_2296,Arjun Mehta,443.44,2026-08-22 04:35:00,completed,Water Bottle
ORD_2297,Rohit Joshi,238.02,2026-08-22 06:10:00,completed,USB Cable
ORD_2298,Divya Kulkarni,1890.57,2026-08-22 05:50:00,completed,Monitor Light
ORD_2299,Priya Patel,474.33,2026-08-21 21:56:00,completed,Coffee Mug
ORD_2300,Anjali Saxena,2964.52,2026-08-22 04:03:00,completed,Running Shoes
ORD_2301,Suresh Pillai,369.1,2026-08-21 21:39:00,completed,Water Bottle
ORD_2302,Nikhil Agarwal,239.83,2026-08-21 19:46:00,completed,Notebook Set
ORD_2303,Sanjay Verma,1024.09,2026-08-22 00:57:00,completed,Yoga Mat
ORD_2304,Rahul Sharma,1266.06,2026-08-21 23:17:00,completed,Power Bank
ORD_2305,Ananya Reddy,1494.42,2026-08-21 22:42:00,completed,Wireless Earbuds
ORD_2306,Ritu Bansal,932.17,2026-08-22 08:20:00,completed,Laptop Stand
ORD_2307,Nikhil Agarwal,3536.24,2026-08-21 21:50:00,completed,Webcam
ORD_2308,Anjali Saxena,438.42,2026-08-22 02:45:00,completed,Coffee Mug
ORD_2309,Divya Kulkarni,3490.59,2026-08-21 18:42:00,completed,Webcam
ORD_2310,Nandini Choudhury,1946.16,2026-08-22 01:44:00,completed,Monitor Light
ORD_2311,Anjali Saxena,223.98,2026-08-22 07:11:00,completed,Notebook Set
ORD_2312,Deepika Rao,1751.15,2026-08-21 21:09:00,completed,Backpack
ORD_2313,Rohit Joshi,518.24,2026-08-21 23:18:00,completed,Blue T-Shirt
ORD_2314,Ananya Reddy,245.46,2026-08-21 17:55:00,completed,Notebook Set
ORD_2315,Ananya Reddy,261.39,2026-08-22 05:27:00,completed,Notebook Set
ORD_2316,Manish Tiwari,1840.2,2026-08-21 21:01:00,completed,Backpack
ORD_2317,Sneha Gupta,308.25,2026-08-21 19:20:00,completed,Phone Case
ORD_2318,Nandini Choudhury,1566.24,2026-08-22 02:42:00,completed,Sunglasses
ORD_2319,Anjali Saxena,871.3,2026-08-21 18:02:00,completed,Laptop Stand
ORD_2320,Deepika Rao,1486.21,2026-08-21 20:45:00,completed,Wireless Earbuds
ORD_2321,Anjali Saxena,2481.67,2026-08-21 18:24:00,completed,Keyboard
ORD_2322,Ritu Bansal,712.83,2026-08-22 00:53:00,completed,Watch Strap
ORD_2323,Vikram Singh,1492.53,2026-08-21 23:18:00,completed,Standing Desk Mat
ORD_2324,Arjun Mehta,165.31,2026-08-21 23:50:00,completed,USB Cable
ORD_2325,Aakash Jain,664.34,2026-08-22 06:37:00,completed,Watch Strap
ORD_2326,Pooja Desai,2970.93,2026-08-22 06:26:00,completed,Running Shoes
ORD_2327,Sneha Gupta,417.86,2026-08-21 17:20:00,completed,Coffee Mug
ORD_2328,Nandini Choudhury,1633.25,2026-08-21 22:42:00,completed,Sunglasses
ORD_2329,Rohit Joshi,1833.38,2026-08-22 05:43:00,completed,Backpack
ORD_2330,Sneha Gupta,1788.76,2026-08-22 00:27:00,completed,Backpack
ORD_2331,Anjali Saxena,258.91,2026-08-22 00:22:00,completed,Phone Case
ORD_2332,Sneha Gupta,1298.3,2026-08-21 23:57:00,completed,Power Bank
ORD_2333,Pooja Desai,1493.46,2026-08-21 20:29:00,completed,Standing Desk Mat
ORD_2334,Rahul Sharma,1822.44,2026-08-21 21:44:00,completed,Backpack
ORD_2335,Deepika Rao,343.82,2026-08-21 22:21:00,completed,Mouse Pad
ORD_2336,Gaurav Malhotra,493.51,2026-08-22 08:09:00,completed,Blue T-Shirt
ORD_2337,Shreya Bhat,1494.73,2026-08-22 08:16:00,completed,Standing Desk Mat
ORD_2338,Kavita Nair,890.1,2026-08-22 02:53:00,completed,Laptop Stand
ORD_2339,Deepika Rao,3451.8,2026-08-22 03:00:00,completed,Webcam
ORD_2340,Nikhil Agarwal,412.95,2026-08-21 18:25:00,completed,Coffee Mug
ORD_2341,Anjali Saxena,504.63,2026-08-21 23:55:00,completed,Blue T-Shirt
ORD_2342,Kavita Nair,3483.76,2026-08-21 17:09:00,completed,Webcam
ORD_2343,Rohit Joshi,1484.59,2026-08-21 17:58:00,completed,Standing Desk Mat
ORD_2344,Priya Patel,1593.88,2026-08-22 08:58:00,completed,Sunglasses
ORD_2345,Arjun Mehta,853.76,2026-08-22 02:19:00,completed,Laptop Stand
ORD_2346,Priya Patel,1779.09,2026-08-22 05:09:00,completed,Backpack
ORD_2347,Sanjay Verma,909.9,2026-08-22 00:13:00,completed,Laptop Stand
ORD_2348,Sanjay Verma,1209.08,2026-08-21 22:06:00,completed,Desk Lamp
ORD_2349,Kavita Nair,2949.33,2026-08-22 05:08:00,completed,Running Shoes
ORD_2350,Ananya Reddy,3481.47,2026-08-22 02:10:00,completed,Webcam
ORD_2351,Suresh Pillai,390.62,2026-08-21 18:23:00,completed,Mouse Pad
ORD_2352,Divya Kulkarni,736.38,2026-08-22 02:07:00,completed,Watch Strap
ORD_2353,Suresh Pillai,322.14,2026-08-21 17:14:00,completed,Mouse Pad
ORD_2354,Rohit Joshi,361.48,2026-08-22 06:05:00,completed,Water Bottle
ORD_2355,Anjali Saxena,1830.21,2026-08-21 19:22:00,completed,Backpack
ORD_2356,Shreya Bhat,189.86,2026-08-21 23:59:00,completed,USB Cable
ORD_2357,Karthik Sundaram,378.25,2026-08-22 08:05:00,completed,Water Bottle
ORD_2358,Manish Tiwari,307.77,2026-08-22 01:56:00,completed,Phone Case
ORD_2359,Anjali Saxena,3002.23,2026-08-22 03:30:00,completed,Running Shoes
ORD_2360,Deepika Rao,2478.05,2026-08-21 22:41:00,completed,Keyboard
ORD_2361,Ananya Reddy,1886.07,2026-08-22 04:52:00,completed,Monitor Light
ORD_2362,Manish Tiwari,1493.11,2026-08-22 07:46:00,completed,Wireless Earbuds
ORD_2363,Sanjay Verma,1495.21,2026-08-22 02:58:00,completed,Wireless Earbuds
ORD_2364,Ananya Reddy,2459.48,2026-08-21 23:40:00,completed,Keyboard
ORD_2365,Sanjay Verma,3456.98,2026-08-21 17:56:00,completed,Webcam
ORD_2366,Sanjay Verma,1853.7,2026-08-21 21:35:00,completed,Monitor Light
ORD_2367,Rahul Sharma,745.12,2026-08-22 03:12:00,completed,Watch Strap
ORD_2368,Ritu Bansal,334.28,2026-08-22 02:08:00,completed,Phone Case
ORD_2369,Sanjay Verma,853.27,2026-08-21 18:56:00,completed,Laptop Stand
ORD_2370,Nikhil Agarwal,412.99,2026-08-21 19:13:00,completed,Coffee Mug
ORD_2371,Aakash Jain,396.54,2026-08-22 06:05:00,completed,Mouse Pad
ORD_2372,Sneha Gupta,1784.71,2026-08-21 20:24:00,completed,Backpack
ORD_2373,Pooja Desai,1803.47,2026-08-22 05:26:00,completed,Backpack
ORD_2374,Nandini Choudhury,3038.33,2026-08-22 07:20:00,completed,Running Shoes
ORD_2375,Vikram Singh,3503.69,2026-08-22 08:13:00,completed,Webcam
ORD_2376,Aakash Jain,660.61,2026-08-22 00:37:00,completed,Watch Strap
ORD_2377,Ananya Reddy,505.97,2026-08-22 01:39:00,completed,Blue T-Shirt
ORD_2378,Ritu Bansal,662.58,2026-08-21 20:29:00,completed,Watch Strap
ORD_2379,Rohit Joshi,2969.31,2026-08-21 19:32:00,completed,Running Shoes
ORD_2380,Arjun Mehta,650.39,2026-08-21 20:14:00,completed,Watch Strap
ORD_2381,Vikram Singh,3461.77,2026-08-22 04:16:00,completed,Webcam
ORD_2382,Rahul Sharma,695.18,2026-08-22 01:48:00,completed,Watch Strap
ORD_2383,Gaurav Malhotra,1233.02,2026-08-21 19:03:00,completed,Desk Lamp
ORD_2384,Divya Kulkarni,3496.47,2026-08-22 05:16:00,completed,Webcam
ORD_2385,Sneha Gupta,1790.92,2026-08-21 18:02:00,completed,Backpack
ORD_2386,Vikram Singh,3042.43,2026-08-21 18:02:00,completed,Running Shoes
ORD_2387,Sanjay Verma,1852.12,2026-08-22 07:30:00,completed,Monitor Light
ORD_2388,Rohit Joshi,1495.15,2026-08-21 18:41:00,completed,Standing Desk Mat
ORD_2389,Sneha Gupta,1263.25,2026-08-21 17:51:00,completed,Power Bank
ORD_2390,Nikhil Agarwal,1332.42,2026-08-22 01:19:00,completed,Power Bank
ORD_2391,Karthik Sundaram,258.28,2026-08-21 23:57:00,completed,Phone Case
ORD_2392,Ritu Bansal,728.78,2026-08-21 22:24:00,completed,Watch Strap
ORD_2393,Divya Kulkarni,1530.83,2026-08-21 17:43:00,completed,Standing Desk Mat
ORD_2394,Anjali Saxena,394.51,2026-08-21 19:10:00,completed,Mouse Pad
ORD_2395,Vikram Singh,2516.45,2026-08-21 23:29:00,completed,Keyboard
ORD_2396,Sneha Gupta,1546.67,2026-08-21 18:31:00,completed,Wireless Earbuds
ORD_2397,Divya Kulkarni,459.79,2026-08-21 21:53:00,completed,Coffee Mug
ORD_2398,Suresh Pillai,1206.41,2026-08-22 06:20:00,completed,Desk Lamp
ORD_2399,Sanjay Verma,484.93,2026-08-21 17:56:00,completed,Blue T-Shirt
ORD_2400,Nandini Choudhury,1208.37,2026-08-21 17:00:00,completed,Desk Lamp
ORD_2401,Divya Kulkarni,455.77,2026-08-21 21:52:00,completed,Coffee Mug
ORD_2402,Anjali Saxena,2987.82,2026-08-22 03:19:00,completed,Running Shoes
ORD_2403,Manish Tiwari,541.14,2026-08-22 01:43:00,completed,Blue T-Shirt
ORD_2404,Anjali Saxena,1515.22,2026-08-22 04:44:00,completed,Wireless Earbuds
ORD_2405,Sanjay Verma,1485.3,2026-08-22 00:17:00,completed,Wireless Earbuds
ORD_2406,Rajesh Menon,1593.16,2026-08-21 18:06:00,completed,Sunglasses
ORD_2407,Suresh Pillai,314.26,2026-08-22 07:38:00,completed,Phone Case
ORD_2408,Meera Iyer,295.76,2026-08-21 23:26:00,completed,Phone Case
ORD_2409,Sanjay Verma,304.17,2026-08-21 20:35:00,completed,Phone Case
ORD_2410,Priya Patel,937.34,2026-08-22 07:38:00,completed,Laptop Stand
ORD_2411,Vikram Singh,1769.05,2026-08-22 06:04:00,completed,Backpack
ORD_2412,Aakash Jain,1244.57,2026-08-22 01:19:00,completed,Desk Lamp
ORD_2413,Rahul Sharma,481.52,2026-08-21 20:39:00,completed,Coffee Mug
ORD_2414,Anjali Saxena,222.49,2026-08-22 06:05:00,completed,Notebook Set
ORD_2415,Rahul Sharma,444.31,2026-08-22 05:54:00,completed,Coffee Mug
ORD_2416,Pooja Desai,737.39,2026-08-22 07:32:00,completed,Watch Strap
ORD_2417,Deepika Rao,929.63,2026-08-22 08:19:00,completed,Laptop Stand
ORD_2418,Vikram Singh,343.75,2026-08-21 19:21:00,completed,Phone Case
ORD_2419,Amit Kumar,213.28,2026-08-21 20:06:00,completed,USB Cable
ORD_2420,Deepika Rao,366.72,2026-08-21 22:46:00,completed,Mouse Pad
ORD_2421,Ananya Reddy,948.3,2026-08-21 19:10:00,completed,Laptop Stand
ORD_2422,Suresh Pillai,1523.4,2026-08-22 06:00:00,completed,Standing Desk Mat
ORD_2423,Anjali Saxena,908.47,2026-08-21 18:05:00,completed,Laptop Stand
ORD_2424,Nikhil Agarwal,907.97,2026-08-22 06:02:00,completed,Laptop Stand
ORD_2425,Manish Tiwari,2474.84,2026-08-22 02:54:00,completed,Keyboard
ORD_2426,Rahul Sharma,1819.62,2026-08-22 08:59:00,completed,Backpack
ORD_2427,Pooja Desai,660.2,2026-08-21 20:27:00,completed,Watch Strap
ORD_2428,Ritu Bansal,424.13,2026-08-21 20:34:00,completed,Coffee Mug
ORD_2429,Divya Kulkarni,3450.49,2026-08-22 04:50:00,completed,Webcam
ORD_2430,Ananya Reddy,495.4,2026-08-21 20:25:00,completed,Coffee Mug
ORD_2431,Shreya Bhat,479.08,2026-08-22 04:04:00,completed,Coffee Mug
ORD_2432,Sneha Gupta,304.49,2026-08-22 06:57:00,completed,Mouse Pad
ORD_2433,Ananya Reddy,288.28,2026-08-22 02:54:00,completed,Notebook Set
ORD_2434,Sneha Gupta,450.02,2026-08-22 06:38:00,completed,Blue T-Shirt
ORD_2435,Karthik Sundaram,468.83,2026-08-22 00:14:00,completed,Coffee Mug
ORD_2436,Vikram Singh,1574.96,2026-08-22 08:32:00,completed,Sunglasses
ORD_2437,Nikhil Agarwal,3526.04,2026-08-22 08:21:00,completed,Webcam
ORD_2438,Kavita Nair,1495.19,2026-08-22 05:01:00,completed,Standing Desk Mat
ORD_2439,Sneha Gupta,955.47,2026-08-21 17:29:00,completed,Yoga Mat
ORD_2440,Priya Patel,1315.46,2026-08-21 23:06:00,completed,Power Bank
ORD_2441,Karthik Sundaram,716.17,2026-08-21 18:10:00,completed,Watch Strap
ORD_2442,Pooja Desai,2993.87,2026-08-22 01:08:00,completed,Running Shoes
ORD_2443,Karthik Sundaram,3545.69,2026-08-22 08:26:00,completed,Webcam
ORD_2444,Suresh Pillai,250.7,2026-08-22 05:37:00,completed,Notebook Set
ORD_2445,Manish Tiwari,296.43,2026-08-22 06:47:00,completed,Phone Case
ORD_2446,Divya Kulkarni,1594.02,2026-08-22 08:32:00,completed,Sunglasses
ORD_2447,Ananya Reddy,213.72,2026-08-22 08:13:00,completed,Notebook Set
ORD_2448,Meera Iyer,1532.59,2026-08-22 08:27:00,completed,Wireless Earbuds
ORD_2449,Anjali Saxena,3489.41,2026-08-22 00:02:00,completed,Webcam
ORD_2450,Manish Tiwari,1648.49,2026-08-21 17:06:00,completed,Sunglasses
ORD_2451,Amit Kumar,429.62,2026-08-22 05:59:00,completed,Water Bottle
ORD_2452,Kavita Nair,692.32,2026-08-21 17:34:00,completed,Watch Strap
ORD_2453,Nandini Choudhury,309.87,2026-08-22 00:47:00,completed,Mouse Pad
ORD_2454,Priya Patel,1183.81,2026-08-22 02:49:00,completed,Desk Lamp
ORD_2455,Meera Iyer,3513.45,2026-08-21 23:37:00,completed,Webcam
ORD_2456,Meera Iyer,1623.82,2026-08-22 06:54:00,completed,Sunglasses
ORD_2457,Aakash Jain,1539.41,2026-08-22 02:56:00,completed,Wireless Earbuds
ORD_2458,Ananya Reddy,366.33,2026-08-22 00:22:00,completed,Water Bottle
ORD_2459,Rajesh Menon,327.37,2026-08-21 18:14:00,completed,Mouse Pad
ORD_2460,Karthik Sundaram,233.98,2026-08-21 22:37:00,completed,USB Cable
ORD_2461,Manish Tiwari,208.05,2026-08-21 18:28:00,completed,Notebook Set
ORD_2462,Ritu Bansal,418.81,2026-08-22 07:19:00,completed,Coffee Mug
ORD_2463,Sneha Gupta,361.21,2026-08-21 21:11:00,completed,Mouse Pad
ORD_2464,Rajesh Menon,443.63,2026-08-22 00:06:00,completed,Coffee Mug
ORD_2465,Vikram Singh,237.31,2026-08-21 17:56:00,completed,Notebook Set
ORD_2466,Arjun Mehta,386.46,2026-08-21 18:12:00,completed,Mouse Pad
ORD_2467,Sneha Gupta,907.19,2026-08-22 02:15:00,completed,Laptop Stand
ORD_2468,Amit Kumar,264.33,2026-08-22 00:45:00,completed,Phone Case
ORD_2469,Pooja Desai,1298.26,2026-08-22 08:40:00,completed,Power Bank
ORD_2470,Ananya Reddy,1543.28,2026-08-22 23:58:00,completed,Standing Desk Mat
ORD_2471,Sanjay Verma,1846.27,2026-08-22 06:45:00,completed,Backpack
ORD_2472,Gaurav Malhotra,435.23,2026-08-22 03:47:00,completed,Water Bottle
ORD_2473,Deepika Rao,415.8,2026-08-22 07:11:00,completed,Coffee Mug
ORD_2474,Manish Tiwari,1477.75,2026-08-21 22:38:00,completed,Wireless Earbuds
ORD_2475,Priya Patel,381.8,2026-08-22 04:27:00,completed,Mouse Pad
ORD_2476,Aakash Jain,1173.56,2026-08-21 23:34:00,completed,Desk Lamp
ORD_2477,Vikram Singh,542.18,2026-08-22 07:31:00,completed,Blue T-Shirt
ORD_2478,Rajesh Menon,427.14,2026-08-22 04:00:00,completed,Coffee Mug
ORD_2479,Rohit Joshi,447.3,2026-08-22 06:07:00,completed,Water Bottle
ORD_2480,Deepika Rao,976.6,2026-08-21 20:58:00,completed,Yoga Mat
ORD_2481,Nandini Choudhury,428.0,2026-08-22 02:11:00,completed,Water Bottle
ORD_2482,Ritu Bansal,1532.59,2026-08-21 23:11:00,completed,Wireless Earbuds
ORD_2483,Pooja Desai,1175.87,2026-08-22 03:50:00,completed,Desk Lamp
ORD_2484,Aakash Jain,1186.85,2026-08-21 21:26:00,completed,Desk Lamp
ORD_2485,Suresh Pillai,1482.89,2026-08-22 03:40:00,completed,Standing Desk Mat
ORD_2486,Ritu Bansal,1927.1,2026-08-21 19:16:00,completed,Monitor Light
ORD_2487,Priya Patel,220.23,2026-08-22 05:46:00,completed,Notebook Set
ORD_2488,Karthik Sundaram,474.5,2026-08-21 19:23:00,completed,Coffee Mug
ORD_2489,Rahul Sharma,1933.31,2026-08-22 02:21:00,completed,Monitor Light
ORD_2490,Kavita Nair,388.94,2026-08-22 00:28:00,completed,Mouse Pad
ORD_2491,Vikram Singh,903.8,2026-08-21 22:47:00,completed,Laptop Stand
ORD_2492,Rohit Joshi,2492.09,2026-08-22 03:43:00,completed,Keyboard
ORD_2493,Karthik Sundaram,2524.59,2026-08-21 17:47:00,completed,Keyboard
ORD_2494,Anjali Saxena,2975.24,2026-08-22 06:48:00,completed,Running Shoes
ORD_2495,Shreya Bhat,1942.09,2026-08-21 17:30:00,completed,Monitor Light
ORD_2496,Vikram Singh,1261.0,2026-08-22 06:44:00,completed,Power Bank
ORD_2497,Karthik Sundaram,1475.24,2026-08-22 02:10:00,completed,Standing Desk Mat
ORD_2498,Gaurav Malhotra,217.71,2026-08-21 17:07:00,completed,USB Cable
ORD_2499,Meera Iyer,667.99,2026-08-22 01:38:00,completed,Watch Strap
ORD_2500,Anjali Saxena,1495.59,2026-08-21 20:26:00,completed,Wireless Earbuds
ORD_2501,Aakash Jain,1935.37,2026-08-21 18:06:00,completed,Monitor Light
ORD_2502,Aakash Jain,442.95,2026-08-21 18:07:00,completed,Water Bottle
ORD_2503,Amit Kumar,3000.76,2026-08-22 07:10:00,completed,Running Shoes
ORD_2504,Rahul Sharma,515.05,2026-08-22 07:09:00,completed,Blue T-Shirt
ORD_2505,Manish Tiwari,491.3,2026-08-21 20:46:00,completed,Blue T-Shirt
ORD_2506,Nikhil Agarwal,1211.49,2026-08-21 18:40:00,completed,Desk Lamp
ORD_2507,Suresh Pillai,232.4,2026-08-22 08:57:00,completed,Notebook Set
ORD_2508,Manish Tiwari,1608.67,2026-08-21 19:59:00,completed,Sunglasses
ORD_2509,Gaurav Malhotra,1210.0,2026-08-22 07:00:00,completed,Desk Lamp
ORD_2510,Amit Kumar,249.12,2026-08-22 07:50:00,completed,Notebook Set
ORD_2511,Rajesh Menon,260.89,2026-08-22 07:31:00,completed,Phone Case
ORD_2512,Nandini Choudhury,709.43,2026-08-22 06:18:00,completed,Watch Strap
ORD_2513,Suresh Pillai,217.6,2026-08-22 05:11:00,completed,Notebook Set
ORD_2514,Meera Iyer,1767.91,2026-08-22 05:39:00,completed,Backpack
ORD_2515,Divya Kulkarni,374.15,2026-08-22 08:55:00,completed,Mouse Pad
ORD_2516,Suresh Pillai,2466.27,2026-08-22 01:57:00,completed,Keyboard
ORD_2517,Amit Kumar,451.93,2026-08-22 02:19:00,completed,Blue T-Shirt
ORD_2518,Deepika Rao,1234.29,2026-08-21 19:13:00,completed,Desk Lamp
ORD_2519,Gaurav Malhotra,1503.01,2026-08-22 03:53:00,completed,Standing Desk Mat
ORD_2520,Kavita Nair,3000.86,2026-08-22 03:53:00,completed,Running Shoes
ORD_2521,Manish Tiwari,411.51,2026-08-21 18:41:00,completed,Coffee Mug
ORD_2522,Pooja Desai,942.64,2026-08-22 03:30:00,completed,Laptop Stand
ORD_2523,Rajesh Menon,1274.76,2026-08-21 22:20:00,completed,Power Bank
ORD_2524,Meera Iyer,1756.33,2026-08-21 18:14:00,completed,Backpack
ORD_2525,Suresh Pillai,1508.08,2026-08-22 08:12:00,completed,Wireless Earbuds
ORD_2526,Ritu Bansal,526.97,2026-08-22 06:01:00,completed,Blue T-Shirt
ORD_2527,Aakash Jain,1581.14,2026-08-21 19:50:00,completed,Sunglasses
ORD_2528,Amit Kumar,3508.31,2026-08-22 01:22:00,completed,Webcam
ORD_2529,Nikhil Agarwal,881.1,2026-08-22 01:17:00,completed,Laptop Stand
ORD_2530,Rahul Sharma,507.78,2026-08-22 02:20:00,completed,Blue T-Shirt
ORD_2531,Manish Tiwari,517.1,2026-08-22 05:25:00,completed,Blue T-Shirt
ORD_2532,Rahul Sharma,702.42,2026-08-21 21:25:00,completed,Watch Strap
ORD_2533,Vikram Singh,371.08,2026-08-21 23:03:00,completed,Mouse Pad
ORD_2534,Nandini Choudhury,2999.56,2026-08-22 08:02:00,completed,Running Shoes
ORD_2535,Rohit Joshi,1156.89,2026-08-21 21:51:00,completed,Desk Lamp
ORD_2536,Karthik Sundaram,908.4,2026-08-21 18:18:00,completed,Laptop Stand
ORD_2537,Deepika Rao,1020.12,2026-08-22 08:46:00,completed,Yoga Mat
ORD_2538,Manish Tiwari,1531.29,2026-08-22 03:46:00,completed,Wireless Earbuds
ORD_2539,Meera Iyer,491.28,2026-08-22 00:00:00,completed,Coffee Mug
ORD_2540,Sanjay Verma,2489.13,2026-08-21 18:25:00,completed,Keyboard
ORD_2541,Nandini Choudhury,282.74,2026-08-21 20:00:00,completed,Notebook Set
ORD_2542,Rajesh Menon,232.9,2026-08-21 23:49:00,completed,Notebook Set
ORD_2543,Anjali Saxena,3011.33,2026-08-22 06:02:00,completed,Running Shoes
ORD_2544,Deepika Rao,253.38,2026-08-22 02:44:00,completed,Phone Case
ORD_2545,Deepika Rao,2470.14,2026-08-22 03:25:00,completed,Keyboard
ORD_2546,Pooja Desai,472.47,2026-08-21 20:51:00,completed,Blue T-Shirt
ORD_2547,Meera Iyer,462.11,2026-08-21 19:23:00,completed,Blue T-Shirt
ORD_2548,Sanjay Verma,1329.9,2026-08-22 06:03:00,completed,Power Bank
ORD_2549,Karthik Sundaram,204.66,2026-08-22 01:46:00,completed,Notebook Set
ORD_2550,Suresh Pillai,1524.85,2026-08-22 05:27:00,completed,Wireless Earbuds
ORD_2551,Shreya Bhat,1275.38,2026-08-22 07:25:00,completed,Power Bank
ORD_2552,Rahul Sharma,3475.54,2026-08-21 20:36:00,completed,Webcam
ORD_2553,Vikram Singh,427.61,2026-08-21 23:36:00,completed,Water Bottle
ORD_2554,Manish Tiwari,460.73,2026-08-21 22:16:00,completed,Coffee Mug
ORD_2555,Rahul Sharma,1217.6,2026-08-21 20:16:00,completed,Desk Lamp
ORD_2556,Vikram Singh,1508.1,2026-08-21 17:51:00,completed,Standing Desk Mat
ORD_2557,Rohit Joshi,247.47,2026-08-21 21:11:00,completed,USB Cable
ORD_2558,Karthik Sundaram,3044.49,2026-08-22 02:46:00,completed,Running Shoes
ORD_2559,Nikhil Agarwal,1251.83,2026-08-21 17:13:00,completed,Power Bank
ORD_2560,Priya Patel,1521.79,2026-08-22 23:57:00,completed,Wireless Earbuds
ORD_2561,Manish Tiwari,1562.77,2026-08-21 17:53:00,completed,Sunglasses
ORD_2562,Divya Kulkarni,293.59,2026-08-21 19:18:00,completed,Notebook Set
ORD_2563,Anjali Saxena,1323.86,2026-08-22 01:53:00,completed,Power Bank
ORD_2564,Shreya Bhat,208.72,2026-08-21 23:09:00,completed,USB Cable
ORD_2565,Manish Tiwari,1820.86,2026-08-21 19:42:00,completed,Backpack
ORD_2566,Manish Tiwari,339.96,2026-08-22 02:31:00,completed,Phone Case
ORD_2567,Vikram Singh,2501.64,2026-08-21 23:28:00,completed,Keyboard
ORD_2568,Arjun Mehta,418.79,2026-08-22 04:25:00,completed,Water Bottle
ORD_2569,Manish Tiwari,711.35,2026-08-22 05:12:00,completed,Watch Strap
ORD_2570,Pooja Desai,1937.01,2026-08-21 19:24:00,completed,Monitor Light
ORD_2571,Sanjay Verma,2543.7,2026-08-22 03:48:00,completed,Keyboard
ORD_2572,Pooja Desai,351.1,2026-08-21 21:18:00,completed,Mouse Pad
ORD_2573,Deepika Rao,1910.16,2026-08-21 17:09:00,completed,Monitor Light
ORD_2574,Kavita Nair,1494.26,2026-08-22 06:12:00,completed,Wireless Earbuds
ORD_2575,Divya Kulkarni,3003.06,2026-08-22 00:01:00,completed,Running Shoes
ORD_2576,Manish Tiwari,1308.64,2026-08-22 08:08:00,completed,Power Bank
ORD_2577,Gaurav Malhotra,348.83,2026-08-22 00:36:00,completed,Mouse Pad
ORD_2578,Gaurav Malhotra,226.03,2026-08-21 18:51:00,completed,Notebook Set
ORD_2579,Vikram Singh,433.44,2026-08-21 18:14:00,completed,Water Bottle
ORD_2580,Pooja Desai,1500.35,2026-08-22 01:58:00,completed,Wireless Earbuds
ORD_2581,Arjun Mehta,2529.6,2026-08-21 20:36:00,completed,Keyboard
ORD_2582,Pooja Desai,215.57,2026-08-22 08:18:00,completed,Notebook Set
ORD_2583,Suresh Pillai,958.23,2026-08-21 19:29:00,completed,Yoga Mat
ORD_2584,Deepika Rao,3499.07,2026-08-21 21:56:00,completed,Webcam
ORD_2585,Vikram Singh,295.02,2026-08-22 00:41:00,completed,Phone Case
ORD_2586,Aakash Jain,3019.84,2026-08-22 06:20:00,completed,Running Shoes
ORD_2587,Amit Kumar,369.33,2026-08-22 07:26:00,completed,Mouse Pad
ORD_2588,Amit Kumar,395.28,2026-08-22 04:37:00,completed,Water Bottle
ORD_2589,Arjun Mehta,3470.01,2026-08-22 07:26:00,completed,Webcam
ORD_2590,Shreya Bhat,942.57,2026-08-21 17:40:00,completed,Laptop Stand
ORD_2591,Rahul Sharma,2525.7,2026-08-22 08:00:00,completed,Keyboard
ORD_2592,Karthik Sundaram,1904.48,2026-08-22 00:14:00,completed,Monitor Light
ORD_2593,Sanjay Verma,2991.07,2026-08-22 07:32:00,completed,Running Shoes
ORD_2594,Sneha Gupta,672.61,2026-08-21 22:53:00,completed,Watch Strap
ORD_2595,Nandini Choudhury,2496.84,2026-08-22 00:33:00,completed,Keyboard
ORD_2596,Gaurav Malhotra,1344.1,2026-08-21 20:48:00,completed,Power Bank
ORD_2597,Divya Kulkarni,3509.17,2026-08-21 18:37:00,completed,Webcam
ORD_2598,Deepika Rao,991.64,2026-08-22 01:26:00,completed,Yoga Mat
ORD_2599,Vikram Singh,1492.2,2026-08-22 03:30:00,completed,Wireless Earbuds
ORD_2600,Kavita Nair,315.25,2026-08-21 20:32:00,completed,Phone Case
ORD_2601,Kavita Nair,1848.59,2026-08-22 00:11:00,completed,Backpack
ORD_2602,Rohit Joshi,543.67,2026-08-22 02:18:00,completed,Blue T-Shirt
ORD_2603,Nandini Choudhury,1275.77,2026-08-21 20:27:00,completed,Power Bank
ORD_2604,Aakash Jain,871.79,2026-08-22 02:53:00,completed,Laptop Stand
ORD_2605,Vikram Singh,522.59,2026-08-21 21:34:00,completed,Blue T-Shirt
ORD_2606,Gaurav Malhotra,506.51,2026-08-22 05:45:00,completed,Blue T-Shirt
ORD_2607,Sanjay Verma,462.95,2026-08-22 05:58:00,completed,Blue T-Shirt
ORD_2608,Priya Patel,1507.84,2026-08-21 19:57:00,completed,Standing Desk Mat
ORD_2609,Vikram Singh,1456.22,2026-08-22 02:17:00,completed,Standing Desk Mat
ORD_2610,Vikram Singh,1637.17,2026-08-22 05:52:00,completed,Sunglasses
ORD_2611,Meera Iyer,1512.37,2026-08-21 22:40:00,completed,Standing Desk Mat
ORD_2612,Ananya Reddy,299.25,2026-08-22 03:21:00,completed,Mouse Pad
ORD_2613,Anjali Saxena,1263.07,2026-08-22 00:36:00,completed,Power Bank
ORD_2614,Rohit Joshi,1278.24,2026-08-21 21:22:00,completed,Power Bank
ORD_2615,Sanjay Verma,150.4,2026-08-22 23:58:00,completed,USB Cable
ORD_2616,Amit Kumar,1345.5,2026-08-22 02:13:00,completed,Power Bank
ORD_2617,Amit Kumar,1328.84,2026-08-22 07:06:00,completed,Power Bank
ORD_2618,Pooja Desai,463.28,2026-08-21 23:15:00,completed,Blue T-Shirt
ORD_2619,Gaurav Malhotra,1636.43,2026-08-22 03:58:00,completed,Sunglasses
ORD_2620,Amit Kumar,2959.31,2026-08-22 01:20:00,completed,Running Shoes
ORD_2621,Priya Patel,276.79,2026-08-22 03:14:00,completed,Phone Case
ORD_2622,Rohit Joshi,1460.39,2026-08-22 01:34:00,completed,Wireless Earbuds
ORD_2623,Nandini Choudhury,1773.33,2026-08-22 01:21:00,completed,Backpack
ORD_2624,Suresh Pillai,1775.37,2026-08-22 06:27:00,completed,Backpack
ORD_2625,Anjali Saxena,265.19,2026-08-22 04:11:00,completed,Notebook Set
ORD_2626,Amit Kumar,355.27,2026-08-22 01:31:00,completed,Mouse Pad
ORD_2627,Karthik Sundaram,970.92,2026-08-22 04:10:00,completed,Yoga Mat
ORD_2628,Rajesh Menon,1918.87,2026-08-22 06:08:00,completed,Monitor Light
ORD_2629,Sanjay Verma,278.78,2026-08-22 08:05:00,completed,Phone Case
ORD_2630,Sanjay Verma,190.08,2026-08-22 06:15:00,completed,USB Cable
ORD_2631,Meera Iyer,1490.53,2026-08-22 00:43:00,completed,Wireless Earbuds
ORD_2632,Priya Patel,1262.08,2026-08-22 08:44:00,completed,Power Bank
ORD_2633,Aakash Jain,1925.82,2026-08-22 07:25:00,completed,Monitor Light
ORD_2634,Rohit Joshi,440.72,2026-08-21 20:29:00,completed,Water Bottle
ORD_2635,Pooja Desai,867.15,2026-08-22 05:45:00,completed,Laptop Stand
ORD_2636,Amit Kumar,205.72,2026-08-22 06:28:00,completed,USB Cable
ORD_2637,Karthik Sundaram,1851.75,2026-08-22 00:36:00,completed,Monitor Light
ORD_2638,Rohit Joshi,1314.68,2026-08-22 01:34:00,completed,Power Bank
ORD_2639,Arjun Mehta,352.77,2026-08-21 19:06:00,completed,Water Bottle
ORD_2640,Anjali Saxena,2964.05,2026-08-22 06:54:00,completed,Running Shoes
ORD_2641,Aakash Jain,944.48,2026-08-21 23:16:00,completed,Laptop Stand
ORD_2642,Shreya Bhat,1305.55,2026-08-21 20:31:00,completed,Power Bank
ORD_2643,Vikram Singh,869.33,2026-08-21 20:37:00,completed,Laptop Stand
ORD_2644,Sneha Gupta,1477.93,2026-08-21 21:53:00,completed,Wireless Earbuds
ORD_2645,Meera Iyer,1333.91,2026-08-22 08:24:00,completed,Power Bank
ORD_2646,Manish Tiwari,411.21,2026-08-22 02:10:00,completed,Coffee Mug
ORD_2647,Shreya Bhat,1515.35,2026-08-21 22:24:00,completed,Standing Desk Mat
ORD_2648,Meera Iyer,462.89,2026-08-22 02:31:00,completed,Blue T-Shirt
ORD_2649,Nandini Choudhury,199.67,2026-08-22 00:03:00,completed,USB Cable
ORD_2650,Deepika Rao,1026.83,2026-08-21 21:54:00,completed,Yoga Mat
ORD_2651,Shreya Bhat,496.64,2026-08-21 18:05:00,completed,Blue T-Shirt
ORD_2652,Rajesh Menon,1775.07,2026-08-22 07:49:00,completed,Backpack
ORD_2653,Vikram Singh,1262.56,2026-08-21 17:30:00,completed,Power Bank
ORD_2654,Deepika Rao,1804.61,2026-08-21 17:34:00,completed,Backpack
ORD_2655,Nandini Choudhury,3475.8,2026-08-21 20:14:00,completed,Webcam
ORD_2656,Ananya Reddy,741.76,2026-08-21 21:59:00,completed,Watch Strap
ORD_2657,Vikram Singh,2473.03,2026-08-21 17:54:00,completed,Keyboard
ORD_2658,Sneha Gupta,2525.1,2026-08-22 01:18:00,completed,Keyboard
ORD_2659,Karthik Sundaram,1471.33,2026-08-22 00:48:00,completed,Standing Desk Mat
ORD_2660,Shreya Bhat,871.19,2026-08-22 07:16:00,completed,Laptop Stand
ORD_2661,Rajesh Menon,1906.22,2026-08-21 17:34:00,completed,Monitor Light
ORD_2662,Anjali Saxena,2509.77,2026-08-22 06:00:00,completed,Keyboard
ORD_2663,Nikhil Agarwal,430.83,2026-08-22 06:05:00,completed,Coffee Mug
ORD_2664,Nandini Choudhury,1321.29,2026-08-21 22:40:00,completed,Power Bank
ORD_2665,Ananya Reddy,3477.2,2026-08-22 00:47:00,completed,Webcam
ORD_2666,Karthik Sundaram,323.66,2026-08-21 20:20:00,completed,Mouse Pad
ORD_2667,Meera Iyer,1776.76,2026-08-22 07:03:00,completed,Backpack
ORD_2668,Vikram Singh,363.0,2026-08-22 23:58:00,completed,Mouse Pad
ORD_2669,Ananya Reddy,1278.55,2026-08-21 21:53:00,completed,Power Bank
ORD_2670,Ritu Bansal,459.41,2026-08-21 17:25:00,completed,Coffee Mug
ORD_2671,Vikram Singh,949.76,2026-08-21 18:26:00,completed,Yoga Mat
ORD_2672,Gaurav Malhotra,2949.21,2026-08-21 17:11:00,completed,Running Shoes
ORD_2673,Meera Iyer,2523.0,2026-08-22 02:00:00,completed,Keyboard
ORD_2674,Karthik Sundaram,1157.28,2026-08-22 07:29:00,completed,Desk Lamp
ORD_2675,Meera Iyer,243.5,2026-08-21 23:43:00,completed,USB Cable
ORD_2676,Gaurav Malhotra,1814.88,2026-08-22 06:04:00,completed,Backpack
ORD_2677,Kavita Nair,2964.59,2026-08-21 19:43:00,completed,Running Shoes
ORD_2678,Shreya Bhat,264.12,2026-08-22 08:07:00,completed,Phone Case
ORD_2679,Deepika Rao,1257.38,2026-08-21 21:38:00,completed,Power Bank
ORD_2680,Rajesh Menon,336.37,2026-08-21 19:13:00,completed,Phone Case
ORD_2681,Shreya Bhat,209.33,2026-08-21 23:51:00,completed,Notebook Set
ORD_2682,Meera Iyer,530.45,2026-08-21 22:44:00,completed,Blue T-Shirt
ORD_2683,Meera Iyer,230.59,2026-08-22 00:51:00,completed,Notebook Set
ORD_2684,Pooja Desai,2478.35,2026-08-21 22:10:00,completed,Keyboard
ORD_2685,Manish Tiwari,1861.96,2026-08-22 06:20:00,completed,Monitor Light
ORD_2686,Kavita Nair,1266.93,2026-08-22 03:44:00,completed,Power Bank
ORD_2687,Ananya Reddy,1039.1,2026-08-21 21:50:00,completed,Yoga Mat
ORD_2688,Nikhil Agarwal,1321.3,2026-08-21 21:23:00,completed,Power Bank
ORD_2689,Vikram Singh,3517.06,2026-08-22 00:12:00,completed,Webcam
ORD_2690,Nikhil Agarwal,475.59,2026-08-21 17:25:00,completed,Coffee Mug
ORD_2691,Priya Patel,251.71,2026-08-22 02:32:00,completed,Phone Case
ORD_2692,Suresh Pillai,401.29,2026-08-21 22:44:00,completed,Coffee Mug
ORD_2693,Nandini Choudhury,238.07,2026-08-21 21:01:00,completed,USB Cable
ORD_2694,Meera Iyer,1942.05,2026-08-21 18:52:00,completed,Monitor Light
ORD_2695,Rohit Joshi,3536.78,2026-08-21 18:18:00,completed,Webcam
ORD_2696,Gaurav Malhotra,318.09,2026-08-21 20:17:00,completed,Mouse Pad
ORD_2697,Karthik Sundaram,2542.14,2026-08-22 02:28:00,completed,Keyboard
ORD_2698,Suresh Pillai,488.75,2026-08-21 23:30:00,completed,Coffee Mug
ORD_2699,Karthik Sundaram,1331.66,2026-08-22 07:22:00,completed,Power Bank
ORD_2700,Rohit Joshi,3469.74,2026-08-22 01:22:00,completed,Webcam
ORD_2701,Suresh Pillai,1926.05,2026-08-21 22:18:00,completed,Monitor Light
ORD_2702,Pooja Desai,291.9,2026-08-22 08:38:00,completed,Notebook Set
ORD_2703,Anjali Saxena,442.0,2026-08-22 00:16:00,completed,Coffee Mug
ORD_2704,Anjali Saxena,1149.44,2026-08-22 07:52:00,completed,Desk Lamp
ORD_2705,Ananya Reddy,3535.5,2026-08-22 08:50:00,completed,Webcam
ORD_2706,Rohit Joshi,2541.15,2026-08-21 17:49:00,completed,Keyboard
ORD_2707,Shreya Bhat,1270.66,2026-08-21 18:22:00,completed,Power Bank
ORD_2708,Ritu Bansal,1907.26,2026-08-21 20:24:00,completed,Monitor Light
ORD_2709,Rohit Joshi,2534.47,2026-08-22 02:49:00,completed,Keyboard
ORD_2710,Nandini Choudhury,427.03,2026-08-21 23:44:00,completed,Water Bottle
ORD_2711,Pooja Desai,1316.18,2026-08-21 18:48:00,completed,Power Bank
ORD_2712,Rahul Sharma,290.91,2026-08-21 18:08:00,completed,Phone Case
ORD_2713,Suresh Pillai,1180.86,2026-08-21 23:22:00,completed,Desk Lamp
ORD_2714,Karthik Sundaram,1647.5,2026-08-22 02:43:00,completed,Sunglasses
ORD_2715,Vikram Singh,326.87,2026-08-22 02:25:00,completed,Phone Case
ORD_2716,Karthik Sundaram,251.08,2026-08-21 18:05:00,completed,Phone Case
ORD_2717,Gaurav Malhotra,889.06,2026-08-21 23:46:00,completed,Laptop Stand
ORD_2718,Priya Patel,457.94,2026-08-21 18:46:00,completed,Blue T-Shirt
ORD_2719,Ananya Reddy,3545.72,2026-08-22 00:21:00,completed,Webcam
ORD_2720,Pooja Desai,1212.34,2026-08-22 06:05:00,completed,Desk Lamp
ORD_2721,Aakash Jain,2455.68,2026-08-22 02:49:00,completed,Keyboard
ORD_2722,Rohit Joshi,1598.72,2026-08-22 07:39:00,completed,Sunglasses
ORD_2723,Vikram Singh,2478.02,2026-08-21 20:35:00,completed,Keyboard
ORD_2724,Ritu Bansal,889.55,2026-08-22 06:30:00,completed,Laptop Stand
ORD_2725,Shreya Bhat,3501.6,2026-08-22 04:01:00,completed,Webcam
ORD_2726,Rajesh Menon,1593.39,2026-08-21 17:36:00,completed,Sunglasses
ORD_2727,Deepika Rao,1449.07,2026-08-22 00:51:00,completed,Standing Desk Mat
ORD_2728,Anjali Saxena,428.64,2026-08-21 23:58:00,completed,Coffee Mug
ORD_2729,Aakash Jain,938.19,2026-08-22 23:57:00,completed,Laptop Stand
ORD_2730,Sneha Gupta,657.03,2026-08-22 02:33:00,completed,Watch Strap
ORD_2731,Anjali Saxena,2543.79,2026-08-22 08:22:00,completed,Keyboard
ORD_2732,Suresh Pillai,455.38,2026-08-22 05:53:00,completed,Blue T-Shirt
ORD_2733,Rohit Joshi,389.81,2026-08-21 20:40:00,completed,Water Bottle
ORD_2734,Pooja Desai,464.12,2026-08-21 21:16:00,completed,Coffee Mug
ORD_2735,Shreya Bhat,229.51,2026-08-22 04:57:00,completed,Notebook Set
ORD_2736,Sanjay Verma,970.89,2026-08-21 19:17:00,completed,Yoga Mat
ORD_2737,Deepika Rao,2468.83,2026-08-22 00:42:00,completed,Keyboard
ORD_2738,Rahul Sharma,323.03,2026-08-22 07:30:00,completed,Mouse Pad
ORD_2739,Gaurav Malhotra,3470.84,2026-08-22 01:19:00,completed,Webcam
ORD_2740,Meera Iyer,378.97,2026-08-21 18:38:00,completed,Mouse Pad
ORD_2741,Rajesh Menon,405.71,2026-08-22 07:28:00,completed,Water Bottle
ORD_2742,Rahul Sharma,1205.22,2026-08-21 19:26:00,completed,Desk Lamp
ORD_2743,Sneha Gupta,1844.94,2026-08-22 02:13:00,completed,Backpack
ORD_2744,Aakash Jain,1534.85,2026-08-22 03:12:00,completed,Standing Desk Mat
ORD_2745,Nikhil Agarwal,967.47,2026-08-22 01:09:00,completed,Yoga Mat
ORD_2746,Shreya Bhat,404.4,2026-08-22 04:22:00,completed,Water Bottle
ORD_2747,Ritu Bansal,308.38,2026-08-22 02:22:00,completed,Mouse Pad
ORD_2748,Divya Kulkarni,1045.33,2026-08-21 22:48:00,completed,Yoga Mat
ORD_2749,Nandini Choudhury,1750.41,2026-08-21 18:27:00,completed,Backpack
ORD_2750,Deepika Rao,1343.1,2026-08-22 03:02:00,completed,Power Bank
ORD_2751,Rohit Joshi,1844.23,2026-08-22 01:50:00,completed,Backpack
ORD_2752,Suresh Pillai,1231.78,2026-08-21 18:19:00,completed,Desk Lamp
ORD_2753,Vikram Singh,3034.9,2026-08-21 22:50:00,completed,Running Shoes
ORD_2754,Divya Kulkarni,208.05,2026-08-22 02:40:00,completed,USB Cable
ORD_2755,Ananya Reddy,3017.57,2026-08-22 08:30:00,completed,Running Shoes
ORD_2756,Nikhil Agarwal,379.89,2026-08-21 23:57:00,completed,Mouse Pad
ORD_2757,Karthik Sundaram,1903.99,2026-08-21 19:50:00,completed,Monitor Light
ORD_2758,Deepika Rao,493.21,2026-08-22 04:54:00,completed,Blue T-Shirt
ORD_2759,Gaurav Malhotra,462.09,2026-08-22 05:47:00,completed,Blue T-Shirt
ORD_2760,Nikhil Agarwal,349.3,2026-08-22 05:03:00,completed,Mouse Pad
ORD_2761,Anjali Saxena,211.54,2026-08-21 21:15:00,completed,USB Cable
ORD_2762,Arjun Mehta,873.37,2026-08-22 05:03:00,completed,Laptop Stand
ORD_2763,Amit Kumar,417.51,2026-08-22 05:33:00,completed,Water Bottle
ORD_2764,Nandini Choudhury,1222.83,2026-08-21 17:29:00,completed,Desk Lamp
ORD_2765,Rahul Sharma,3045.65,2026-08-22 07:07:00,completed,Running Shoes
ORD_2766,Meera Iyer,649.64,2026-08-21 19:48:00,completed,Watch Strap
ORD_2767,Meera Iyer,310.68,2026-08-22 03:24:00,completed,Phone Case
ORD_2768,Vikram Singh,2490.53,2026-08-22 06:15:00,completed,Keyboard
ORD_2769,Nikhil Agarwal,998.44,2026-08-21 20:12:00,completed,Yoga Mat
ORD_2770,Deepika Rao,495.14,2026-08-22 02:50:00,completed,Coffee Mug
ORD_2771,Ananya Reddy,917.42,2026-08-21 20:23:00,completed,Laptop Stand
ORD_2772,Karthik Sundaram,237.83,2026-08-22 05:37:00,completed,Notebook Set
ORD_2773,Kavita Nair,1541.05,2026-08-22 05:46:00,completed,Standing Desk Mat
ORD_2774,Ananya Reddy,915.13,2026-08-22 08:59:00,completed,Laptop Stand
ORD_2775,Ananya Reddy,1503.32,2026-08-21 21:32:00,completed,Wireless Earbuds
ORD_2776,Nikhil Agarwal,1282.47,2026-08-22 01:53:00,completed,Power Bank
ORD_2777,Pooja Desai,876.92,2026-08-22 03:26:00,completed,Laptop Stand
ORD_2778,Kavita Nair,339.64,2026-08-21 20:26:00,completed,Mouse Pad
ORD_2779,Deepika Rao,890.86,2026-08-22 06:13:00,completed,Laptop Stand
ORD_2780,Ananya Reddy,2988.2,2026-08-21 18:07:00,completed,Running Shoes
ORD_2781,Sneha Gupta,391.16,2026-08-22 00:04:00,completed,Water Bottle
ORD_2782,Divya Kulkarni,1809.14,2026-08-22 02:23:00,completed,Backpack
ORD_2783,Arjun Mehta,864.31,2026-08-21 23:38:00,completed,Laptop Stand
ORD_2784,Amit Kumar,354.77,2026-08-22 01:53:00,completed,Mouse Pad
ORD_2785,Manish Tiwari,3488.52,2026-08-22 01:22:00,completed,Webcam
ORD_2786,Ritu Bansal,538.48,2026-08-22 05:33:00,completed,Blue T-Shirt
ORD_2787,Priya Patel,290.47,2026-08-21 22:44:00,completed,Notebook Set
ORD_2788,Nandini Choudhury,370.58,2026-08-22 08:12:00,completed,Water Bottle
ORD_2789,Gaurav Malhotra,314.05,2026-08-21 22:47:00,completed,Phone Case
ORD_2790,Deepika Rao,1192.39,2026-08-21 17:06:00,completed,Desk Lamp
ORD_2791,Kavita Nair,1818.31,2026-08-22 04:00:00,completed,Backpack
ORD_2792,Rahul Sharma,1647.97,2026-08-22 02:06:00,completed,Sunglasses
ORD_2793,Rohit Joshi,1451.72,2026-08-22 03:24:00,completed,Wireless Earbuds
ORD_2794,Pooja Desai,1607.31,2026-08-21 22:49:00,completed,Sunglasses
ORD_2795,Nandini Choudhury,1516.68,2026-08-22 00:50:00,completed,Standing Desk Mat
ORD_2796,Deepika Rao,369.16,2026-08-22 00:15:00,completed,Water Bottle
ORD_2797,Ananya Reddy,1030.19,2026-08-22 02:15:00,completed,Yoga Mat
ORD_2798,Nandini Choudhury,3466.66,2026-08-21 21:35:00,completed,Webcam
ORD_2799,Meera Iyer,2529.7,2026-08-22 01:56:00,completed,Keyboard
ORD_2800,Ritu Bansal,1458.61,2026-08-22 05:21:00,completed,Standing Desk Mat
ORD_2801,Rohit Joshi,2543.95,2026-08-22 01:18:00,completed,Keyboard
ORD_2802,Gaurav Malhotra,894.76,2026-08-21 17:55:00,completed,Laptop Stand
ORD_2803,Karthik Sundaram,659.26,2026-08-22 08:53:00,completed,Watch Strap
ORD_2804,Arjun Mehta,1315.22,2026-08-21 22:13:00,completed,Power Bank
ORD_2805,Rahul Sharma,374.95,2026-08-22 23:58:00,completed,Mouse Pad
ORD_2806,Ritu Bansal,3492.46,2026-08-21 22:57:00,completed,Webcam
ORD_2807,Ananya Reddy,1291.78,2026-08-22 05:55:00,completed,Power Bank
ORD_2808,Shreya Bhat,3535.82,2026-08-22 05:12:00,completed,Webcam
ORD_2809,Nandini Choudhury,1482.35,2026-08-21 23:00:00,completed,Standing Desk Mat
ORD_2810,Karthik Sundaram,3038.15,2026-08-22 03:26:00,completed,Running Shoes
ORD_2811,Rajesh Menon,473.72,2026-08-22 00:14:00,completed,Coffee Mug
ORD_2812,Sneha Gupta,737.28,2026-08-22 07:19:00,completed,Watch Strap
ORD_2813,Suresh Pillai,368.66,2026-08-22 08:52:00,completed,Mouse Pad
ORD_2814,Meera Iyer,312.83,2026-08-21 23:28:00,completed,Mouse Pad
ORD_2815,Vikram Singh,475.51,2026-08-21 17:55:00,completed,Blue T-Shirt
ORD_2816,Manish Tiwari,354.94,2026-08-21 18:50:00,completed,Water Bottle
ORD_2817,Sanjay Verma,221.24,2026-08-22 00:33:00,completed,USB Cable
ORD_2818,Priya Patel,535.17,2026-08-22 01:29:00,completed,Blue T-Shirt
ORD_2819,Rajesh Menon,1456.87,2026-08-22 05:53:00,completed,Wireless Earbuds
ORD_2820,Divya Kulkarni,1556.65,2026-08-22 02:30:00,completed,Sunglasses
ORD_2821,Gaurav Malhotra,1588.99,2026-08-22 05:35:00,completed,Sunglasses
ORD_2822,Ananya Reddy,1476.62,2026-08-22 00:44:00,completed,Wireless Earbuds
ORD_2823,Ananya Reddy,1502.5,2026-08-21 21:04:00,completed,Standing Desk Mat
ORD_2824,Amit Kumar,3508.08,2026-08-22 01:29:00,completed,Webcam
ORD_2825,Kavita Nair,1840.63,2026-08-22 08:41:00,completed,Backpack
ORD_2826,Rohit Joshi,1279.24,2026-08-21 19:13:00,completed,Power Bank
ORD_2827,Meera Iyer,3530.47,2026-08-21 23:39:00,completed,Webcam
ORD_2828,Suresh Pillai,335.1,2026-08-21 20:24:00,completed,Mouse Pad
ORD_2829,Rajesh Menon,1503.77,2026-08-21 18:46:00,completed,Wireless Earbuds
ORD_2830,Anjali Saxena,3048.28,2026-08-21 19:52:00,completed,Running Shoes
ORD_2831,Kavita Nair,1895.33,2026-08-21 18:53:00,completed,Monitor Light
ORD_2832,Amit Kumar,1468.66,2026-08-22 03:56:00,completed,Wireless Earbuds
ORD_2833,Rajesh Menon,3457.8,2026-08-21 20:57:00,completed,Webcam
ORD_2834,Deepika Rao,1223.93,2026-08-22 03:56:00,completed,Desk Lamp
ORD_2835,Pooja Desai,314.27,2026-08-22 02:43:00,completed,Mouse Pad
ORD_2836,Priya Patel,1458.33,2026-08-21 21:10:00,completed,Standing Desk Mat
ORD_2837,Karthik Sundaram,1041.79,2026-08-21 22:41:00,completed,Yoga Mat
ORD_2838,Manish Tiwari,450.11,2026-08-22 00:08:00,completed,Blue T-Shirt
ORD_2839,Nandini Choudhury,254.89,2026-08-22 08:47:00,completed,Notebook Set
ORD_2840,Suresh Pillai,366.69,2026-08-21 17:45:00,completed,Mouse Pad
ORD_2841,Meera Iyer,200.28,2026-08-22 02:56:00,completed,Notebook Set
ORD_2842,Manish Tiwari,2546.21,2026-08-22 03:27:00,completed,Keyboard
ORD_2843,Suresh Pillai,3498.21,2026-08-22 07:46:00,completed,Webcam
ORD_2844,Vikram Singh,337.5,2026-08-21 17:56:00,completed,Phone Case
ORD_2845,Nandini Choudhury,1524.37,2026-08-21 17:13:00,completed,Wireless Earbuds
ORD_2846,Rajesh Menon,3465.85,2026-08-22 02:19:00,completed,Webcam
ORD_2847,Amit Kumar,1207.85,2026-08-22 06:30:00,completed,Desk Lamp
ORD_2848,Gaurav Malhotra,2489.4,2026-08-22 06:53:00,completed,Keyboard
ORD_2849,Rajesh Menon,2539.62,2026-08-21 17:48:00,completed,Keyboard
ORD_2850,Gaurav Malhotra,1339.66,2026-08-22 08:32:00,completed,Power Bank
ORD_2851,Amit Kumar,1282.47,2026-08-22 00:22:00,completed,Power Bank
ORD_2852,Rajesh Menon,1276.45,2026-08-22 07:17:00,completed,Power Bank
ORD_2853,Gaurav Malhotra,932.9,2026-08-21 20:50:00,completed,Laptop Stand
ORD_2854,Nandini Choudhury,237.67,2026-08-22 05:28:00,completed,USB Cable
ORD_2855,Karthik Sundaram,3032.51,2026-08-21 23:53:00,completed,Running Shoes
ORD_2856,Shreya Bhat,379.53,2026-08-21 22:30:00,completed,Water Bottle
ORD_2857,Rohit Joshi,2976.46,2026-08-21 23:58:00,completed,Running Shoes
ORD_2858,Meera Iyer,1259.43,2026-08-22 03:16:00,completed,Power Bank
ORD_2859,Priya Patel,298.58,2026-08-22 03:47:00,completed,Phone Case
ORD_2860,Gaurav Malhotra,1593.44,2026-08-21 21:51:00,completed,Sunglasses
ORD_2861,Rahul Sharma,3473.59,2026-08-22 08:29:00,completed,Webcam
ORD_2862,Divya Kulkarni,2475.7,2026-08-22 05:00:00,completed,Keyboard
ORD_2863,Nikhil Agarwal,1499.49,2026-08-22 08:23:00,completed,Standing Desk Mat
ORD_2864,Nandini Choudhury,1640.77,2026-08-21 22:33:00,completed,Sunglasses
ORD_2865,Sanjay Verma,1250.87,2026-08-22 23:58:00,completed,Power Bank
ORD_2866,Ananya Reddy,1629.07,2026-08-21 21:46:00,completed,Sunglasses
ORD_2867,Manish Tiwari,970.05,2026-08-22 07:29:00,completed,Yoga Mat
ORD_2868,Amit Kumar,223.04,2026-08-22 01:44:00,completed,Notebook Set
ORD_2869,Anjali Saxena,158.52,2026-08-22 03:56:00,completed,USB Cable
ORD_2870,Nandini Choudhury,997.6,2026-08-22 02:53:00,completed,Yoga Mat
ORD_2871,Kavita Nair,390.05,2026-08-21 23:47:00,completed,Water Bottle
ORD_2872,Ritu Bansal,1315.94,2026-08-22 00:18:00,completed,Power Bank
ORD_2873,Rahul Sharma,2961.27,2026-08-21 23:38:00,completed,Running Shoes
ORD_2874,Gaurav Malhotra,706.28,2026-08-22 01:36:00,completed,Watch Strap
ORD_2875,Aakash Jain,1006.83,2026-08-22 00:42:00,completed,Yoga Mat
ORD_2876,Meera Iyer,1036.92,2026-08-22 06:02:00,completed,Yoga Mat
ORD_2877,Amit Kumar,410.21,2026-08-22 01:12:00,completed,Water Bottle
ORD_2878,Rohit Joshi,2545.33,2026-08-21 17:42:00,completed,Keyboard
ORD_2879,Sanjay Verma,2466.41,2026-08-21 22:42:00,completed,Keyboard
ORD_2880,Manish Tiwari,441.92,2026-08-21 20:05:00,completed,Coffee Mug
ORD_2881,Manish Tiwari,1541.33,2026-08-22 08:50:00,completed,Wireless Earbuds
ORD_2882,Meera Iyer,236.75,2026-08-21 23:11:00,completed,Notebook Set
ORD_2883,Nikhil Agarwal,1470.38,2026-08-21 23:32:00,completed,Wireless Earbuds
ORD_2884,Sneha Gupta,2479.09,2026-08-22 01:55:00,completed,Keyboard
ORD_2885,Sneha Gupta,296.48,2026-08-21 20:11:00,completed,Notebook Set
ORD_2886,Rahul Sharma,3022.23,2026-08-22 06:42:00,completed,Running Shoes
ORD_2887,Anjali Saxena,1292.55,2026-08-22 00:49:00,completed,Power Bank
ORD_2888,Deepika Rao,1263.73,2026-08-22 05:35:00,completed,Power Bank
ORD_2889,Arjun Mehta,378.58,2026-08-22 06:29:00,completed,Mouse Pad
ORD_2890,Manish Tiwari,1852.32,2026-08-22 08:41:00,completed,Monitor Light
ORD_2891,Sneha Gupta,1004.87,2026-08-21 23:25:00,completed,Yoga Mat
ORD_2892,Aakash Jain,471.86,2026-08-22 03:10:00,completed,Coffee Mug
ORD_2893,Nandini Choudhury,2450.05,2026-08-22 00:12:00,completed,Keyboard
ORD_2894,Ritu Bansal,384.13,2026-08-22 02:21:00,completed,Mouse Pad
ORD_2895,Kavita Nair,340.09,2026-08-21 23:05:00,completed,Phone Case
ORD_2896,Ritu Bansal,659.0,2026-08-21 19:54:00,completed,Watch Strap
ORD_2897,Karthik Sundaram,482.0,2026-08-22 01:34:00,completed,Blue T-Shirt
ORD_2898,Shreya Bhat,695.48,2026-08-22 06:54:00,completed,Watch Strap
ORD_2899,Ritu Bansal,1512.91,2026-08-22 00:02:00,completed,Wireless Earbuds
ORD_2900,Rahul Sharma,310.63,2026-08-22 02:34:00,completed,Mouse Pad
ORD_2901,Sanjay Verma,987.7,2026-08-22 02:10:00,completed,Yoga Mat
ORD_2902,Priya Patel,859.52,2026-08-22 08:36:00,completed,Laptop Stand
ORD_2903,Shreya Bhat,265.64,2026-08-21 23:18:00,completed,Phone Case
ORD_2904,Rahul Sharma,1023.16,2026-08-22 06:24:00,completed,Yoga Mat
ORD_2905,Aakash Jain,1252.38,2026-08-22 07:56:00,completed,Power Bank
ORD_2906,Manish Tiwari,1198.7,2026-08-21 22:56:00,completed,Desk Lamp
ORD_2907,Priya Patel,1815.07,2026-08-22 06:34:00,completed,Backpack
ORD_2908,Rahul Sharma,226.99,2026-08-22 23:58:00,completed,Notebook Set
ORD_2909,Sanjay Verma,3537.0,2026-08-21 21:38:00,completed,Webcam
ORD_2910,Anjali Saxena,3482.63,2026-08-22 08:49:00,completed,Webcam
ORD_2911,Rahul Sharma,301.94,2026-08-22 03:15:00,completed,Phone Case
ORD_2912,Nikhil Agarwal,2512.75,2026-08-22 05:01:00,completed,Keyboard
ORD_2913,Sanjay Verma,1545.88,2026-08-22 05:26:00,completed,Standing Desk Mat
ORD_2914,Rajesh Menon,1269.3,2026-08-21 19:16:00,completed,Power Bank
ORD_2915,Kavita Nair,891.71,2026-08-21 23:48:00,completed,Laptop Stand
ORD_2916,Vikram Singh,342.9,2026-08-21 22:46:00,completed,Phone Case
ORD_2917,Arjun Mehta,3035.84,2026-08-22 05:26:00,completed,Running Shoes
ORD_2918,Kavita Nair,1831.52,2026-08-22 05:03:00,completed,Backpack
ORD_2919,Kavita Nair,1263.18,2026-08-21 23:25:00,completed,Power Bank
ORD_2920,Divya Kulkarni,1256.55,2026-08-22 03:32:00,completed,Power Bank
ORD_2921,Vikram Singh,251.77,2026-08-22 04:04:00,completed,Phone Case
ORD_2922,Arjun Mehta,733.18,2026-08-21 23:48:00,completed,Watch Strap
ORD_2923,Rohit Joshi,1491.94,2026-08-22 07:05:00,completed,Wireless Earbuds
ORD_2924,Nikhil Agarwal,1778.9,2026-08-22 00:37:00,completed,Backpack
ORD_2925,Gaurav Malhotra,672.56,2026-08-22 06:45:00,completed,Watch Strap
ORD_2926,Nandini Choudhury,2498.54,2026-08-22 05:23:00,completed,Keyboard
ORD_2927,Priya Patel,1540.58,2026-08-22 00:17:00,completed,Standing Desk Mat
ORD_2928,Amit Kumar,149.95,2026-08-22 06:44:00,completed,USB Cable
ORD_2929,Vikram Singh,975.17,2026-08-21 18:14:00,completed,Yoga Mat
ORD_2930,Kavita Nair,313.83,2026-08-21 20:45:00,completed,Mouse Pad
ORD_2931,Suresh Pillai,512.41,2026-08-22 01:08:00,completed,Blue T-Shirt
ORD_2932,Aakash Jain,1232.41,2026-08-22 03:39:00,completed,Desk Lamp
ORD_2933,Ananya Reddy,1792.13,2026-08-22 02:29:00,completed,Backpack
ORD_2934,Pooja Desai,233.24,2026-08-21 19:55:00,completed,USB Cable
ORD_2935,Sneha Gupta,1813.13,2026-08-22 05:39:00,completed,Backpack
ORD_2936,Kavita Nair,1468.65,2026-08-22 05:37:00,completed,Standing Desk Mat
ORD_2937,Sanjay Verma,3518.39,2026-08-22 07:12:00,completed,Webcam
ORD_2938,Manish Tiwari,201.16,2026-08-22 04:12:00,completed,Notebook Set
ORD_2939,Amit Kumar,497.75,2026-08-22 04:22:00,completed,Blue T-Shirt
ORD_2940,Amit Kumar,338.33,2026-08-21 19:37:00,completed,Mouse Pad
ORD_2941,Meera Iyer,1464.63,2026-08-21 19:08:00,completed,Standing Desk Mat
ORD_2942,Divya Kulkarni,483.93,2026-08-22 00:46:00,completed,Blue T-Shirt
ORD_2943,Sneha Gupta,998.62,2026-08-22 05:27:00,completed,Yoga Mat
ORD_2944,Amit Kumar,333.54,2026-08-22 04:57:00,completed,Phone Case
ORD_2945,Karthik Sundaram,1505.24,2026-08-22 04:42:00,completed,Standing Desk Mat
ORD_2946,Priya Patel,1852.79,2026-08-21 19:58:00,completed,Monitor Light
ORD_2947,Rohit Joshi,902.79,2026-08-21 18:17:00,completed,Laptop Stand
ORD_2948,Meera Iyer,2530.73,2026-08-22 06:59:00,completed,Keyboard
ORD_2949,Priya Patel,1266.61,2026-08-21 17:30:00,completed,Power Bank
ORD_2950,Meera Iyer,394.81,2026-08-22 06:18:00,completed,Water Bottle
ORD_2951,Manish Tiwari,1507.4,2026-08-22 04:06:00,completed,Standing Desk Mat
ORD_2952,Divya Kulkarni,451.69,2026-08-22 06:28:00,completed,Coffee Mug
ORD_2953,Rohit Joshi,1031.1,2026-08-22 02:15:00,completed,Yoga Mat
ORD_2954,Rohit Joshi,1582.13,2026-08-22 00:49:00,completed,Sunglasses
ORD_2955,Deepika Rao,1559.77,2026-08-22 08:43:00,completed,Sunglasses
ORD_2956,Priya Patel,328.58,2026-08-21 23:57:00,completed,Mouse Pad
ORD_2957,Aakash Jain,428.83,2026-08-22 02:15:00,completed,Water Bottle
ORD_2958,Rajesh Menon,498.17,2026-08-22 01:06:00,completed,Blue T-Shirt
ORD_2959,Nandini Choudhury,958.98,2026-08-22 05:10:00,completed,Yoga Mat
ORD_2960,Divya Kulkarni,2986.23,2026-08-22 07:28:00,completed,Running Shoes
ORD_2961,Rahul Sharma,2537.26,2026-08-22 03:04:00,completed,Keyboard
ORD_2962,Priya Patel,1312.49,2026-08-22 05:51:00,completed,Power Bank
ORD_2963,Ananya Reddy,250.48,2026-08-22 01:44:00,completed,Phone Case
ORD_2964,Amit Kumar,2971.64,2026-08-21 20:58:00,completed,Running Shoes
ORD_2965,Karthik Sundaram,1889.88,2026-08-21 19:01:00,completed,Monitor Light
ORD_2966,Karthik Sundaram,322.36,2026-08-21 21:56:00,completed,Phone Case
ORD_2967,Suresh Pillai,424.56,2026-08-21 20:07:00,completed,Water Bottle
ORD_2968,Deepika Rao,1915.85,2026-08-22 02:28:00,completed,Monitor Light
ORD_2969,Amit Kumar,701.66,2026-08-21 17:12:00,completed,Watch Strap
ORD_2970,Priya Patel,1475.88,2026-08-22 07:46:00,completed,Standing Desk Mat
ORD_2971,Kavita Nair,509.43,2026-08-22 00:38:00,completed,Blue T-Shirt
ORD_2972,Ananya Reddy,400.69,2026-08-22 06:48:00,completed,Coffee Mug
ORD_2973,Anjali Saxena,1451.68,2026-08-22 05:41:00,completed,Wireless Earbuds
ORD_2974,Nandini Choudhury,2489.0,2026-08-22 02:56:00,completed,Keyboard
ORD_2975,Rahul Sharma,479.81,2026-08-21 18:58:00,completed,Coffee Mug
ORD_2976,Rohit Joshi,1468.73,2026-08-21 18:28:00,completed,Standing Desk Mat
ORD_2977,Amit Kumar,466.02,2026-08-22 01:18:00,completed,Blue T-Shirt
ORD_2978,Divya Kulkarni,215.36,2026-08-22 06:44:00,completed,USB Cable
ORD_2979,Aakash Jain,536.64,2026-08-21 18:19:00,completed,Blue T-Shirt
ORD_2980,Nikhil Agarwal,1313.76,2026-08-22 00:06:00,completed,Power Bank
ORD_2981,Suresh Pillai,3531.27,2026-08-22 05:54:00,completed,Webcam
ORD_2982,Rohit Joshi,1176.35,2026-08-21 20:57:00,completed,Desk Lamp
ORD_2983,Sneha Gupta,709.75,2026-08-21 20:24:00,completed,Watch Strap
ORD_2984,Anjali Saxena,430.96,2026-08-22 07:00:00,completed,Water Bottle
ORD_2985,Sneha Gupta,296.54,2026-08-22 05:25:00,completed,Phone Case
ORD_2986,Amit Kumar,453.79,2026-08-21 20:42:00,completed,Blue T-Shirt
ORD_2987,Amit Kumar,2457.19,2026-08-22 00:00:00,completed,Keyboard
ORD_2988,Shreya Bhat,3025.42,2026-08-22 05:30:00,completed,Running Shoes
ORD_2989,Pooja Desai,1211.81,2026-08-22 04:20:00,completed,Desk Lamp
ORD_2990,Karthik Sundaram,2521.72,2026-08-22 02:07:00,completed,Keyboard
ORD_2991,Suresh Pillai,1472.87,2026-08-21 23:20:00,completed,Standing Desk Mat
ORD_2992,Ananya Reddy,740.15,2026-08-22 05:56:00,completed,Watch Strap
ORD_2993,Arjun Mehta,1625.16,2026-08-22 02:43:00,completed,Sunglasses
ORD_2994,Kavita Nair,1479.91,2026-08-22 00:02:00,completed,Wireless Earbuds
ORD_2995,Karthik Sundaram,3026.09,2026-08-21 22:49:00,completed,Running Shoes
ORD_2996,Sneha Gupta,1195.8,2026-08-22 06:11:00,completed,Desk Lamp
ORD_2997,Ritu Bansal,1507.94,2026-08-22 07:49:00,completed,Standing Desk Mat
ORD_2998,Gaurav Malhotra,1505.43,2026-08-21 21:16:00,completed,Wireless Earbuds
ORD_2999,Meera Iyer,1563.84,2026-08-22 05:41:00,completed,Sunglasses
ORD_3000,Sneha Gupta,735.28,2026-08-21 20:10:00,completed,Watch Strap
ORD_3001,Suresh Pillai,3023.31,2026-08-21 21:36:00,completed,Running Shoes
ORD_3002,Suresh Pillai,1317.3,2026-08-21 23:05:00,completed,Power Bank
ORD_3003,Nikhil Agarwal,455.41,2026-08-21 17:35:00,completed,Blue T-Shirt
ORD_3004,Ananya Reddy,431.62,2026-08-22 03:22:00,completed,Coffee Mug
ORD_3005,Ananya Reddy,261.88,2026-08-21 23:44:00,completed,Phone Case
ORD_3006,Shreya Bhat,415.97,2026-08-21 23:57:00,completed,Water Bottle
ORD_3007,Rajesh Menon,936.12,2026-08-22 05:14:00,completed,Laptop Stand
ORD_3008,Arjun Mehta,236.38,2026-08-21 19:01:00,completed,Notebook Set
ORD_3009,Gaurav Malhotra,881.92,2026-08-21 20:31:00,completed,Laptop Stand
ORD_3010,Gaurav Malhotra,380.81,2026-08-22 06:39:00,completed,Mouse Pad
ORD_3011,Anjali Saxena,1762.32,2026-08-21 18:20:00,completed,Backpack
ORD_3012,Ananya Reddy,1348.51,2026-08-22 03:47:00,completed,Power Bank
ORD_3013,Rajesh Menon,1795.3,2026-08-21 22:25:00,completed,Backpack
ORD_3014,Aakash Jain,2449.7,2026-08-22 08:07:00,completed,Keyboard
ORD_3015,Meera Iyer,215.08,2026-08-21 22:02:00,completed,USB Cable
ORD_3016,Anjali Saxena,747.94,2026-08-22 00:01:00,completed,Watch Strap
ORD_3017,Meera Iyer,503.95,2026-08-22 07:58:00,completed,Blue T-Shirt
ORD_3018,Priya Patel,1526.69,2026-08-21 17:58:00,completed,Standing Desk Mat
ORD_3019,Ritu Bansal,517.69,2026-08-22 01:24:00,completed,Blue T-Shirt
ORD_3020,Sanjay Verma,659.51,2026-08-22 05:59:00,completed,Watch Strap
ORD_3021,Gaurav Malhotra,2485.55,2026-08-22 05:32:00,completed,Keyboard
ORD_3022,Shreya Bhat,230.26,2026-08-22 01:55:00,completed,Notebook Set
ORD_3023,Deepika Rao,214.42,2026-08-22 07:53:00,completed,USB Cable
ORD_3024,Gaurav Malhotra,1500.57,2026-08-21 18:29:00,completed,Standing Desk Mat
ORD_3025,Anjali Saxena,1615.6,2026-08-21 19:24:00,completed,Sunglasses
ORD_3026,Nikhil Agarwal,929.64,2026-08-22 07:24:00,completed,Laptop Stand
ORD_3027,Rohit Joshi,1864.67,2026-08-21 23:45:00,completed,Monitor Light
ORD_3028,Aakash Jain,1771.42,2026-08-21 21:59:00,completed,Backpack
ORD_3029,Rohit Joshi,1518.0,2026-08-21 21:08:00,completed,Standing Desk Mat
ORD_3030,Priya Patel,1018.49,2026-08-21 21:02:00,completed,Yoga Mat
ORD_3031,Ananya Reddy,410.12,2026-08-21 20:35:00,completed,Coffee Mug
ORD_3032,Shreya Bhat,1873.93,2026-08-21 19:40:00,completed,Monitor Light
ORD_3033,Anjali Saxena,339.64,2026-08-22 00:41:00,completed,Phone Case
ORD_3034,Vikram Singh,1882.3,2026-08-22 06:13:00,completed,Monitor Light
ORD_3035,Rohit Joshi,1289.99,2026-08-21 18:16:00,completed,Power Bank
ORD_3036,Manish Tiwari,1637.98,2026-08-21 17:11:00,completed,Sunglasses
ORD_3037,Amit Kumar,540.77,2026-08-22 23:57:00,completed,Blue T-Shirt
ORD_3038,Amit Kumar,417.23,2026-08-21 23:43:00,completed,Coffee Mug
ORD_3039,Sanjay Verma,260.25,2026-08-22 00:01:00,completed,Phone Case
ORD_3040,Ananya Reddy,723.86,2026-08-22 07:49:00,completed,Watch Strap
ORD_3041,Vikram Singh,2989.02,2026-08-21 22:44:00,completed,Running Shoes
ORD_3042,Pooja Desai,240.6,2026-08-22 04:32:00,completed,Notebook Set
ORD_3043,Rajesh Menon,243.0,2026-08-22 01:58:00,completed,Notebook Set
ORD_3044,Rajesh Menon,530.05,2026-08-22 01:26:00,completed,Blue T-Shirt
ORD_3045,Karthik Sundaram,3479.63,2026-08-21 18:50:00,completed,Webcam
ORD_3046,Rohit Joshi,449.13,2026-08-22 08:04:00,completed,Blue T-Shirt
ORD_3047,Ritu Bansal,429.56,2026-08-22 04:40:00,completed,Coffee Mug
ORD_3048,Shreya Bhat,1247.3,2026-08-22 01:05:00,completed,Desk Lamp
ORD_3049,Suresh Pillai,1249.12,2026-08-22 05:31:00,completed,Power Bank
ORD_3050,Manish Tiwari,1646.5,2026-08-22 04:46:00,completed,Sunglasses
ORD_3051,Priya Patel,1941.52,2026-08-22 08:03:00,completed,Monitor Light
ORD_3052,Nandini Choudhury,1219.33,2026-08-21 22:02:00,completed,Desk Lamp
ORD_3053,Nandini Choudhury,363.0,2026-08-22 06:20:00,completed,Mouse Pad
ORD_3054,Ananya Reddy,265.89,2026-08-21 18:18:00,completed,Notebook Set
ORD_3055,Aakash Jain,372.84,2026-08-22 00:55:00,completed,Water Bottle
ORD_3056,Sanjay Verma,532.75,2026-08-22 03:31:00,completed,Blue T-Shirt
ORD_3057,Nandini Choudhury,226.29,2026-08-21 18:32:00,completed,Notebook Set
ORD_3058,Manish Tiwari,505.49,2026-08-22 06:13:00,completed,Blue T-Shirt
ORD_3059,Divya Kulkarni,1504.39,2026-08-22 03:38:00,completed,Standing Desk Mat
ORD_3060,Anjali Saxena,268.32,2026-08-21 17:56:00,completed,Notebook Set
ORD_3061,Vikram Singh,3037.47,2026-08-22 06:16:00,completed,Running Shoes
ORD_3062,Ritu Bansal,2535.97,2026-08-21 20:45:00,completed,Keyboard
ORD_3063,Ananya Reddy,399.49,2026-08-22 00:59:00,completed,Coffee Mug
ORD_3064,Sanjay Verma,667.32,2026-08-21 18:51:00,completed,Watch Strap
ORD_3065,Anjali Saxena,1494.5,2026-08-22 07:30:00,completed,Standing Desk Mat
ORD_3066,Manish Tiwari,321.2,2026-08-21 23:26:00,completed,Phone Case
ORD_3067,Suresh Pillai,488.58,2026-08-21 17:07:00,completed,Coffee Mug
ORD_3068,Amit Kumar,941.11,2026-08-22 04:26:00,completed,Laptop Stand
ORD_3069,Suresh Pillai,360.33,2026-08-21 17:55:00,completed,Mouse Pad
ORD_3070,Gaurav Malhotra,1829.84,2026-08-22 08:04:00,completed,Backpack
ORD_3071,Rohit Joshi,311.55,2026-08-21 17:31:00,completed,Phone Case
ORD_3072,Suresh Pillai,1011.26,2026-08-22 03:32:00,completed,Yoga Mat
ORD_3073,Amit Kumar,1782.86,2026-08-21 22:58:00,completed,Backpack
ORD_3074,Ananya Reddy,2525.12,2026-08-21 22:44:00,completed,Keyboard
ORD_3075,Nikhil Agarwal,3504.55,2026-08-21 19:50:00,completed,Webcam
ORD_3076,Vikram Singh,1303.51,2026-08-22 06:34:00,completed,Power Bank
ORD_3077,Arjun Mehta,705.1,2026-08-22 07:05:00,completed,Watch Strap
ORD_3078,Pooja Desai,1273.27,2026-08-21 22:12:00,completed,Power Bank
ORD_3079,Priya Patel,1895.98,2026-08-21 21:49:00,completed,Monitor Light
ORD_3080,Priya Patel,1827.87,2026-08-21 21:21:00,completed,Backpack
ORD_3081,Sneha Gupta,2978.32,2026-08-22 06:30:00,completed,Running Shoes
ORD_3082,Sanjay Verma,2488.1,2026-08-22 05:38:00,completed,Keyboard
ORD_3083,Amit Kumar,1811.36,2026-08-21 22:18:00,completed,Backpack
ORD_3084,Manish Tiwari,293.0,2026-08-22 01:10:00,completed,Notebook Set
ORD_3085,Rahul Sharma,1206.59,2026-08-21 20:15:00,completed,Desk Lamp
ORD_3086,Shreya Bhat,1452.82,2026-08-21 17:07:00,completed,Wireless Earbuds
ORD_3087,Nikhil Agarwal,1800.15,2026-08-21 19:20:00,completed,Backpack
ORD_3088,Manish Tiwari,1883.33,2026-08-22 04:23:00,completed,Monitor Light
ORD_3089,Deepika Rao,2485.45,2026-08-21 19:35:00,completed,Keyboard
ORD_3090,Suresh Pillai,2513.52,2026-08-21 22:49:00,completed,Keyboard
ORD_3091,Priya Patel,180.97,2026-08-21 23:02:00,completed,USB Cable
ORD_3092,Meera Iyer,431.25,2026-08-22 00:11:00,completed,Water Bottle
ORD_3093,Rahul Sharma,1177.96,2026-08-22 01:05:00,completed,Desk Lamp
ORD_3094,Rahul Sharma,1855.11,2026-08-22 02:59:00,completed,Monitor Light
ORD_3095,Sneha Gupta,1457.7,2026-08-21 23:51:00,completed,Standing Desk Mat
ORD_3096,Nikhil Agarwal,1618.19,2026-08-22 06:34:00,completed,Sunglasses
ORD_3097,Kavita Nair,2457.36,2026-08-21 18:05:00,completed,Keyboard
ORD_3098,Pooja Desai,1886.98,2026-08-22 02:51:00,completed,Monitor Light
ORD_3099,Anjali Saxena,338.26,2026-08-21 23:06:00,completed,Mouse Pad
ORD_3100,Gaurav Malhotra,1257.51,2026-08-21 23:44:00,completed,Power Bank
ORD_3101,Ananya Reddy,1221.22,2026-08-21 17:48:00,completed,Desk Lamp
ORD_3102,Rajesh Menon,954.8,2026-08-22 08:29:00,completed,Yoga Mat
ORD_3103,Rohit Joshi,401.61,2026-08-22 08:41:00,completed,Coffee Mug
ORD_3104,Aakash Jain,544.41,2026-08-22 05:55:00,completed,Blue T-Shirt
ORD_3105,Kavita Nair,467.64,2026-08-21 21:49:00,completed,Coffee Mug
ORD_3106,Priya Patel,1476.43,2026-08-22 06:12:00,completed,Wireless Earbuds
ORD_3107,Nandini Choudhury,2504.21,2026-08-21 22:15:00,completed,Keyboard
ORD_3108,Sanjay Verma,1004.04,2026-08-22 01:22:00,completed,Yoga Mat
ORD_3109,Aakash Jain,2535.19,2026-08-22 00:27:00,completed,Keyboard
ORD_3110,Arjun Mehta,3450.7,2026-08-22 00:26:00,completed,Webcam
ORD_3111,Aakash Jain,422.09,2026-08-21 19:08:00,completed,Coffee Mug
ORD_3112,Sneha Gupta,149.49,2026-08-21 20:47:00,completed,USB Cable
ORD_3113,Sneha Gupta,1602.9,2026-08-21 20:19:00,completed,Sunglasses
ORD_3114,Gaurav Malhotra,332.98,2026-08-22 01:24:00,completed,Mouse Pad
ORD_3115,Arjun Mehta,1294.21,2026-08-21 17:12:00,completed,Power Bank
ORD_3116,Rahul Sharma,449.89,2026-08-21 19:05:00,completed,Blue T-Shirt
ORD_3117,Rajesh Menon,267.7,2026-08-21 20:41:00,completed,Notebook Set
ORD_3118,Manish Tiwari,651.15,2026-08-21 23:16:00,completed,Watch Strap
ORD_3119,Suresh Pillai,473.05,2026-08-22 01:35:00,completed,Blue T-Shirt
ORD_3120,Rajesh Menon,1882.54,2026-08-21 20:19:00,completed,Monitor Light
ORD_3121,Vikram Singh,1033.47,2026-08-22 08:21:00,completed,Yoga Mat
ORD_3122,Nikhil Agarwal,376.09,2026-08-22 02:44:00,completed,Water Bottle
ORD_3123,Amit Kumar,1497.64,2026-08-21 18:03:00,completed,Standing Desk Mat
ORD_3124,Kavita Nair,1522.77,2026-08-21 18:54:00,completed,Wireless Earbuds
ORD_3125,Aakash Jain,370.36,2026-08-21 21:50:00,completed,Mouse Pad
ORD_3126,Priya Patel,914.95,2026-08-21 21:26:00,completed,Laptop Stand
ORD_3127,Nikhil Agarwal,2535.53,2026-08-21 18:43:00,completed,Keyboard
ORD_3128,Arjun Mehta,242.3,2026-08-22 01:24:00,completed,USB Cable
ORD_3129,Divya Kulkarni,1270.29,2026-08-22 03:45:00,completed,Power Bank
ORD_3130,Sneha Gupta,1305.03,2026-08-21 21:21:00,completed,Power Bank
ORD_3131,Manish Tiwari,447.31,2026-08-21 18:39:00,completed,Coffee Mug
ORD_3132,Pooja Desai,994.94,2026-08-22 02:25:00,completed,Yoga Mat
ORD_3133,Kavita Nair,493.7,2026-08-22 08:33:00,completed,Blue T-Shirt
ORD_3134,Aakash Jain,2998.87,2026-08-21 18:36:00,completed,Running Shoes
ORD_3135,Meera Iyer,1810.57,2026-08-21 18:54:00,completed,Backpack
ORD_3136,Suresh Pillai,1526.34,2026-08-21 22:32:00,completed,Wireless Earbuds
ORD_3137,Pooja Desai,255.1,2026-08-21 23:57:00,completed,Phone Case
ORD_3138,Nandini Choudhury,1173.15,2026-08-21 18:29:00,completed,Desk Lamp
ORD_3139,Vikram Singh,1285.81,2026-08-22 03:45:00,completed,Power Bank
ORD_3140,Rohit Joshi,1609.05,2026-08-21 23:08:00,completed,Sunglasses
ORD_3141,Kavita Nair,1195.54,2026-08-22 08:43:00,completed,Desk Lamp
ORD_3142,Manish Tiwari,503.32,2026-08-22 02:09:00,completed,Blue T-Shirt
ORD_3143,Suresh Pillai,3537.72,2026-08-21 23:34:00,completed,Webcam
ORD_3144,Manish Tiwari,1192.99,2026-08-22 04:48:00,completed,Desk Lamp
ORD_3145,Rajesh Menon,179.25,2026-08-21 21:06:00,completed,USB Cable
ORD_3146,Nandini Choudhury,668.82,2026-08-22 06:33:00,completed,Watch Strap
ORD_3147,Nandini Choudhury,710.36,2026-08-22 07:58:00,completed,Watch Strap
ORD_3148,Aakash Jain,1028.79,2026-08-21 19:43:00,completed,Yoga Mat
ORD_3149,Deepika Rao,671.32,2026-08-22 08:26:00,completed,Watch Strap
ORD_3150,Sanjay Verma,472.11,2026-08-21 22:19:00,completed,Blue T-Shirt
ORD_3151,Pooja Desai,1916.67,2026-08-22 00:38:00,completed,Monitor Light
ORD_3152,Gaurav Malhotra,1626.87,2026-08-22 04:12:00,completed,Sunglasses
ORD_3153,Karthik Sundaram,387.02,2026-08-22 00:43:00,completed,Water Bottle
ORD_3154,Deepika Rao,3009.32,2026-08-22 06:25:00,completed,Running Shoes
ORD_3155,Suresh Pillai,415.45,2026-08-22 04:39:00,completed,Water Bottle
ORD_3156,Deepika Rao,940.85,2026-08-22 04:40:00,completed,Laptop Stand
ORD_3157,Rajesh Menon,1328.28,2026-08-22 00:34:00,completed,Power Bank
ORD_3158,Amit Kumar,442.67,2026-08-21 23:28:00,completed,Coffee Mug
ORD_3159,Deepika Rao,3528.88,2026-08-22 07:28:00,completed,Webcam
ORD_3160,Rohit Joshi,2480.89,2026-08-21 18:25:00,completed,Keyboard
ORD_3161,Kavita Nair,1775.52,2026-08-22 02:49:00,completed,Backpack
ORD_3162,Rahul Sharma,2494.19,2026-08-21 18:13:00,completed,Keyboard
ORD_3163,Pooja Desai,676.62,2026-08-21 20:42:00,completed,Watch Strap
ORD_3164,Pooja Desai,1004.12,2026-08-21 19:40:00,completed,Yoga Mat
ORD_3165,Shreya Bhat,1620.46,2026-08-22 05:00:00,completed,Sunglasses
ORD_3166,Rahul Sharma,2450.16,2026-08-21 19:11:00,completed,Keyboard
ORD_3167,Manish Tiwari,1478.52,2026-08-21 23:58:00,completed,Standing Desk Mat
ORD_3168,Suresh Pillai,3492.8,2026-08-22 06:50:00,completed,Webcam
ORD_3169,Rajesh Menon,950.73,2026-08-21 20:38:00,completed,Yoga Mat
ORD_3170,Aakash Jain,3005.25,2026-08-22 01:02:00,completed,Running Shoes
ORD_3171,Arjun Mehta,320.63,2026-08-21 17:24:00,completed,Phone Case
ORD_3172,Manish Tiwari,3048.47,2026-08-22 04:04:00,completed,Running Shoes
ORD_3173,Rajesh Menon,335.35,2026-08-22 00:55:00,completed,Phone Case
ORD_3174,Sneha Gupta,2519.11,2026-08-21 17:56:00,completed,Keyboard
ORD_3175,Priya Patel,1463.1,2026-08-21 23:50:00,completed,Wireless Earbuds
ORD_3176,Sneha Gupta,1549.59,2026-08-22 05:50:00,completed,Sunglasses
ORD_3177,Ritu Bansal,1518.18,2026-08-21 20:16:00,completed,Wireless Earbuds
ORD_3178,Divya Kulkarni,508.06,2026-08-22 03:53:00,completed,Blue T-Shirt
ORD_3179,Priya Patel,1006.15,2026-08-22 08:16:00,completed,Yoga Mat
ORD_3180,Rohit Joshi,1566.91,2026-08-22 02:29:00,completed,Sunglasses
ORD_3181,Gaurav Malhotra,301.44,2026-08-22 05:07:00,completed,Phone Case
ORD_3182,Nikhil Agarwal,309.88,2026-08-22 05:05:00,completed,Phone Case
ORD_3183,Nandini Choudhury,486.61,2026-08-22 06:30:00,completed,Coffee Mug
ORD_3184,Rohit Joshi,1344.18,2026-08-21 19:45:00,completed,Power Bank
ORD_3185,Deepika Rao,2532.77,2026-08-22 05:56:00,completed,Keyboard
ORD_3186,Amit Kumar,318.92,2026-08-21 23:58:00,completed,Mouse Pad
ORD_3187,Vikram Singh,509.45,2026-08-22 01:58:00,completed,Blue T-Shirt
ORD_3188,Arjun Mehta,1300.2,2026-08-21 23:43:00,completed,Power Bank
ORD_3189,Amit Kumar,2463.73,2026-08-21 23:31:00,completed,Keyboard
ORD_3190,Deepika Rao,414.06,2026-08-21 22:26:00,completed,Coffee Mug
ORD_3191,Pooja Desai,1035.68,2026-08-21 23:49:00,completed,Yoga Mat
ORD_3192,Rohit Joshi,312.94,2026-08-22 03:07:00,completed,Phone Case
ORD_3193,Suresh Pillai,1204.4,2026-08-21 22:32:00,completed,Desk Lamp
ORD_3194,Rajesh Menon,1278.92,2026-08-22 07:05:00,completed,Power Bank
ORD_3195,Aakash Jain,886.14,2026-08-21 21:25:00,completed,Laptop Stand
ORD_3196,Karthik Sundaram,850.52,2026-08-21 19:17:00,completed,Laptop Stand
ORD_3197,Nandini Choudhury,1508.52,2026-08-22 08:06:00,completed,Wireless Earbuds
ORD_3198,Rahul Sharma,651.85,2026-08-21 18:47:00,completed,Watch Strap
ORD_3199,Divya Kulkarni,1611.69,2026-08-21 19:53:00,completed,Sunglasses
ORD_3200,Pooja Desai,220.74,2026-08-22 00:32:00,completed,Notebook Set
ORD_3201,Priya Patel,325.4,2026-08-22 07:00:00,completed,Mouse Pad
ORD_3202,Ritu Bansal,679.97,2026-08-22 08:16:00,completed,Watch Strap
ORD_3203,Vikram Singh,495.24,2026-08-21 22:54:00,completed,Coffee Mug
ORD_3204,Anjali Saxena,1635.52,2026-08-21 22:30:00,completed,Sunglasses
ORD_3205,Pooja Desai,1013.38,2026-08-21 22:42:00,completed,Yoga Mat
ORD_3206,Sanjay Verma,219.56,2026-08-22 01:37:00,completed,Notebook Set
ORD_3207,Divya Kulkarni,536.29,2026-08-22 00:29:00,completed,Blue T-Shirt
ORD_3208,Pooja Desai,857.32,2026-08-22 03:37:00,completed,Laptop Stand
ORD_3209,Rohit Joshi,1306.38,2026-08-21 20:13:00,completed,Power Bank
ORD_3210,Anjali Saxena,1869.96,2026-08-22 06:04:00,completed,Monitor Light
ORD_3211,Deepika Rao,3514.24,2026-08-21 22:27:00,completed,Webcam
ORD_3212,Kavita Nair,856.5,2026-08-21 20:21:00,completed,Laptop Stand
ORD_3213,Rahul Sharma,719.4,2026-08-22 02:53:00,completed,Watch Strap
ORD_3214,Kavita Nair,445.18,2026-08-22 05:28:00,completed,Coffee Mug
ORD_3215,Karthik Sundaram,2985.38,2026-08-22 07:10:00,completed,Running Shoes
ORD_3216,Ritu Bansal,1825.82,2026-08-22 07:00:00,completed,Backpack
ORD_3217,Manish Tiwari,530.72,2026-08-22 06:32:00,completed,Blue T-Shirt
ORD_3218,Meera Iyer,1496.43,2026-08-22 05:30:00,completed,Standing Desk Mat
ORD_3219,Karthik Sundaram,364.04,2026-08-22 08:42:00,completed,Water Bottle
ORD_3220,Manish Tiwari,460.9,2026-08-22 01:28:00,completed,Coffee Mug
ORD_3221,Meera Iyer,201.35,2026-08-22 00:28:00,completed,Notebook Set
ORD_3222,Rahul Sharma,232.28,2026-08-22 00:28:00,completed,Notebook Set
ORD_3223,Manish Tiwari,1041.49,2026-08-21 23:11:00,completed,Yoga Mat
ORD_3224,Priya Patel,1194.86,2026-08-22 01:05:00,completed,Desk Lamp
ORD_3225,Kavita Nair,1585.1,2026-08-22 07:40:00,completed,Sunglasses
ORD_3226,Kavita Nair,1623.56,2026-08-21 23:54:00,completed,Sunglasses
ORD_3227,Amit Kumar,230.82,2026-08-21 18:56:00,completed,USB Cable
ORD_3228,Nikhil Agarwal,2475.24,2026-08-22 08:36:00,completed,Keyboard
ORD_3229,Ritu Bansal,269.58,2026-08-21 23:54:00,completed,Notebook Set
ORD_3230,Ritu Bansal,485.07,2026-08-22 03:27:00,completed,Coffee Mug
ORD_3231,Manish Tiwari,935.27,2026-08-21 20:08:00,completed,Laptop Stand
ORD_3232,Suresh Pillai,1198.82,2026-08-22 07:00:00,completed,Desk Lamp
ORD_3233,Suresh Pillai,390.67,2026-08-21 17:31:00,completed,Mouse Pad
ORD_3234,Nikhil Agarwal,1252.58,2026-08-21 23:48:00,completed,Power Bank
ORD_3235,Sanjay Verma,670.31,2026-08-22 02:44:00,completed,Watch Strap
ORD_3236,Shreya Bhat,2473.49,2026-08-22 05:51:00,completed,Keyboard
ORD_3237,Shreya Bhat,3004.08,2026-08-22 03:47:00,completed,Running Shoes
ORD_3238,Nandini Choudhury,291.33,2026-08-21 18:07:00,completed,Phone Case
ORD_3239,Ananya Reddy,544.94,2026-08-22 00:22:00,completed,Blue T-Shirt
ORD_3240,Rohit Joshi,1817.26,2026-08-21 22:01:00,completed,Backpack
ORD_3241,Anjali Saxena,1515.43,2026-08-21 21:44:00,completed,Wireless Earbuds
ORD_3242,Priya Patel,1872.75,2026-08-22 04:19:00,completed,Monitor Light
ORD_3243,Rajesh Menon,276.09,2026-08-22 03:40:00,completed,Phone Case
ORD_3244,Vikram Singh,1642.18,2026-08-22 04:55:00,completed,Sunglasses
ORD_3245,Manish Tiwari,389.53,2026-08-21 18:15:00,completed,Mouse Pad
ORD_3246,Sanjay Verma,409.33,2026-08-21 17:52:00,completed,Coffee Mug
ORD_3247,Deepika Rao,189.72,2026-08-21 18:15:00,completed,USB Cable
ORD_3248,Suresh Pillai,1035.09,2026-08-21 19:54:00,completed,Yoga Mat
ORD_3249,Manish Tiwari,1276.15,2026-08-21 22:23:00,completed,Power Bank
ORD_3250,Rahul Sharma,1310.57,2026-08-22 08:03:00,completed,Power Bank
ORD_3251,Vikram Singh,892.64,2026-08-21 23:43:00,completed,Laptop Stand
ORD_3252,Arjun Mehta,692.09,2026-08-21 17:24:00,completed,Watch Strap
ORD_3253,Rajesh Menon,1043.84,2026-08-21 23:17:00,completed,Yoga Mat
ORD_3254,Sanjay Verma,1011.25,2026-08-22 04:59:00,completed,Yoga Mat
ORD_3255,Priya Patel,1590.48,2026-08-22 04:48:00,completed,Sunglasses
ORD_3256,Shreya Bhat,1040.07,2026-08-22 08:35:00,completed,Yoga Mat
ORD_3257,Shreya Bhat,1236.03,2026-08-22 06:02:00,completed,Desk Lamp
ORD_3258,Amit Kumar,3468.69,2026-08-21 19:06:00,completed,Webcam
ORD_3259,Ritu Bansal,1892.34,2026-08-21 18:11:00,completed,Monitor Light
ORD_3260,Deepika Rao,1470.13,2026-08-22 02:28:00,completed,Standing Desk Mat
ORD_3261,Suresh Pillai,3472.26,2026-08-21 19:11:00,completed,Webcam
ORD_3262,Rohit Joshi,713.82,2026-08-21 22:48:00,completed,Watch Strap
ORD_3263,Manish Tiwari,176.26,2026-08-21 22:19:00,completed,USB Cable
ORD_3264,Sanjay Verma,1158.19,2026-08-22 03:51:00,completed,Desk Lamp
ORD_3265,Karthik Sundaram,3542.87,2026-08-22 01:49:00,completed,Webcam
ORD_3266,Vikram Singh,1927.15,2026-08-22 00:42:00,completed,Monitor Light
ORD_3267,Shreya Bhat,3047.12,2026-08-21 23:58:00,completed,Running Shoes
ORD_3268,Shreya Bhat,357.41,2026-08-22 03:43:00,completed,Mouse Pad
ORD_3269,Sanjay Verma,3037.67,2026-08-21 19:54:00,completed,Running Shoes
ORD_3270,Meera Iyer,1795.69,2026-08-22 06:06:00,completed,Backpack
ORD_3271,Nikhil Agarwal,1593.31,2026-08-21 20:55:00,completed,Sunglasses
ORD_3272,Sneha Gupta,1586.41,2026-08-22 00:14:00,completed,Sunglasses
ORD_3273,Ritu Bansal,2535.8,2026-08-22 06:26:00,completed,Keyboard
ORD_3274,Divya Kulkarni,3041.01,2026-08-21 19:47:00,completed,Running Shoes
ORD_3275,Pooja Desai,1932.19,2026-08-22 04:39:00,completed,Monitor Light
ORD_3276,Suresh Pillai,380.65,2026-08-21 23:02:00,completed,Water Bottle
ORD_3277,Vikram Singh,1524.12,2026-08-21 20:25:00,completed,Standing Desk Mat
ORD_3278,Amit Kumar,2977.34,2026-08-21 21:28:00,completed,Running Shoes
ORD_3279,Rahul Sharma,982.98,2026-08-22 06:48:00,completed,Yoga Mat
ORD_3280,Pooja Desai,3497.74,2026-08-21 17:20:00,completed,Webcam
ORD_3281,Meera Iyer,1846.18,2026-08-21 23:36:00,completed,Backpack
ORD_3282,Priya Patel,1582.08,2026-08-22 07:37:00,completed,Sunglasses
ORD_3283,Sneha Gupta,167.83,2026-08-22 00:02:00,completed,USB Cable
ORD_3284,Priya Patel,463.27,2026-08-22 02:04:00,completed,Blue T-Shirt
ORD_3285,Pooja Desai,1171.43,2026-08-21 23:48:00,completed,Desk Lamp
ORD_3286,Aakash Jain,160.95,2026-08-22 01:14:00,completed,USB Cable
ORD_3287,Rajesh Menon,1783.1,2026-08-22 23:57:00,completed,Backpack
ORD_3288,Nikhil Agarwal,686.86,2026-08-23 04:02:00,completed,Watch Strap
ORD_3289,Manish Tiwari,1021.11,2026-08-22 19:49:00,completed,Yoga Mat
ORD_3290,Rajesh Menon,500.91,2026-08-23 01:46:00,completed,Blue T-Shirt
ORD_3291,Meera Iyer,1869.26,2026-08-23 07:01:00,completed,Monitor Light
ORD_3292,Divya Kulkarni,1563.72,2026-08-22 22:28:00,completed,Sunglasses
ORD_3293,Suresh Pillai,905.11,2026-08-22 17:47:00,completed,Laptop Stand
ORD_3294,Amit Kumar,530.46,2026-08-23 07:03:00,completed,Blue T-Shirt
ORD_3295,Ritu Bansal,695.49,2026-08-23 08:50:00,completed,Watch Strap
ORD_3296,Deepika Rao,1539.88,2026-08-23 06:01:00,completed,Standing Desk Mat
ORD_3297,Sneha Gupta,252.69,2026-08-22 23:23:00,completed,Phone Case
ORD_3298,Priya Patel,1784.17,2026-08-23 08:22:00,completed,Backpack
ORD_3299,Ritu Bansal,898.01,2026-08-23 01:32:00,completed,Laptop Stand
ORD_3300,Anjali Saxena,3479.69,2026-08-23 00:23:00,completed,Webcam
ORD_3301,Manish Tiwari,241.58,2026-08-22 20:09:00,completed,Notebook Set
ORD_3302,Anjali Saxena,1473.53,2026-08-23 08:35:00,completed,Wireless Earbuds
ORD_3303,Ananya Reddy,1791.35,2026-08-22 18:08:00,completed,Backpack
ORD_3304,Meera Iyer,378.04,2026-08-22 20:28:00,completed,Water Bottle
ORD_3305,Arjun Mehta,1205.77,2026-08-23 07:23:00,completed,Desk Lamp
ORD_3306,Rohit Joshi,315.93,2026-08-23 02:41:00,completed,Phone Case
ORD_3307,Arjun Mehta,1754.02,2026-08-22 18:46:00,completed,Backpack
ORD_3308,Karthik Sundaram,889.69,2026-08-23 07:00:00,completed,Laptop Stand
ORD_3309,Amit Kumar,3027.58,2026-08-22 17:19:00,completed,Running Shoes
ORD_3310,Amit Kumar,934.08,2026-08-23 06:39:00,completed,Laptop Stand
ORD_3311,Suresh Pillai,2479.67,2026-08-22 19:06:00,completed,Keyboard
ORD_3312,Shreya Bhat,233.16,2026-08-22 22:24:00,completed,USB Cable
ORD_3313,Karthik Sundaram,369.9,2026-08-22 22:09:00,completed,Mouse Pad
ORD_3314,Arjun Mehta,1541.59,2026-08-23 08:43:00,completed,Standing Desk Mat
ORD_3315,Rohit Joshi,959.84,2026-08-23 03:08:00,completed,Yoga Mat
ORD_3316,Priya Patel,1487.3,2026-08-23 03:27:00,completed,Wireless Earbuds
ORD_3317,Sanjay Verma,463.05,2026-08-22 19:21:00,completed,Blue T-Shirt
ORD_3318,Ananya Reddy,3019.39,2026-08-23 02:37:00,completed,Running Shoes
ORD_3319,Sneha Gupta,2460.29,2026-08-23 02:00:00,completed,Keyboard
ORD_3320,Rahul Sharma,1581.14,2026-08-22 20:53:00,completed,Sunglasses
ORD_3321,Suresh Pillai,1610.83,2026-08-23 05:25:00,completed,Sunglasses
ORD_3322,Sneha Gupta,393.94,2026-08-23 06:19:00,completed,Mouse Pad
ORD_3323,Suresh Pillai,868.07,2026-08-23 03:56:00,completed,Laptop Stand
ORD_3324,Divya Kulkarni,263.76,2026-08-23 01:25:00,completed,Phone Case
ORD_3325,Pooja Desai,1773.17,2026-08-23 07:51:00,completed,Backpack
ORD_3326,Rajesh Menon,3498.35,2026-08-23 06:45:00,completed,Webcam
ORD_3327,Deepika Rao,316.85,2026-08-22 18:01:00,completed,Mouse Pad
ORD_3328,Nikhil Agarwal,277.37,2026-08-22 21:22:00,completed,Phone Case
ORD_3329,Pooja Desai,1348.81,2026-08-23 00:37:00,completed,Power Bank
ORD_3330,Gaurav Malhotra,446.02,2026-08-22 22:49:00,completed,Water Bottle
ORD_3331,Kavita Nair,726.33,2026-08-22 19:33:00,completed,Watch Strap
ORD_3332,Rajesh Menon,323.94,2026-08-23 07:46:00,completed,Mouse Pad
ORD_3333,Manish Tiwari,1877.26,2026-08-23 05:12:00,completed,Monitor Light
ORD_3334,Aakash Jain,956.3,2026-08-23 01:35:00,completed,Yoga Mat
ORD_3335,Nandini Choudhury,3023.25,2026-08-22 19:22:00,completed,Running Shoes
ORD_3336,Sanjay Verma,543.28,2026-08-22 17:16:00,completed,Blue T-Shirt
ORD_3337,Priya Patel,735.84,2026-08-22 23:56:00,completed,Watch Strap
ORD_3338,Anjali Saxena,1770.65,2026-08-22 20:08:00,completed,Backpack
ORD_3339,Divya Kulkarni,723.17,2026-08-23 03:56:00,completed,Watch Strap
ORD_3340,Nandini Choudhury,1457.77,2026-08-22 23:15:00,completed,Wireless Earbuds
ORD_3341,Rahul Sharma,266.33,2026-08-22 17:15:00,completed,Notebook Set
ORD_3342,Vikram Singh,255.77,2026-08-23 02:04:00,completed,Phone Case
ORD_3343,Amit Kumar,367.37,2026-08-23 02:36:00,completed,Water Bottle
ORD_3344,Rohit Joshi,220.3,2026-08-23 02:19:00,completed,Notebook Set
ORD_3345,Kavita Nair,868.93,2026-08-23 03:23:00,completed,Laptop Stand
ORD_3346,Pooja Desai,1545.01,2026-08-23 07:08:00,completed,Standing Desk Mat
ORD_3347,Nikhil Agarwal,3539.62,2026-08-23 08:27:00,completed,Webcam
ORD_3348,Manish Tiwari,1502.3,2026-08-23 00:39:00,completed,Wireless Earbuds
ORD_3349,Suresh Pillai,2489.99,2026-08-22 19:41:00,completed,Keyboard
ORD_3350,Gaurav Malhotra,2973.8,2026-08-22 20:22:00,completed,Running Shoes
ORD_3351,Arjun Mehta,252.3,2026-08-23 02:38:00,completed,Phone Case
ORD_3352,Priya Patel,649.84,2026-08-23 07:40:00,completed,Watch Strap
ORD_3353,Arjun Mehta,1216.38,2026-08-23 02:59:00,completed,Desk Lamp
ORD_3354,Ananya Reddy,1941.71,2026-08-22 21:51:00,completed,Monitor Light
ORD_3355,Amit Kumar,198.45,2026-08-22 20:50:00,completed,USB Cable
ORD_3356,Pooja Desai,204.2,2026-08-23 08:05:00,completed,USB Cable
ORD_3357,Ritu Bansal,1903.86,2026-08-22 19:07:00,completed,Monitor Light
ORD_3358,Rahul Sharma,1227.58,2026-08-23 07:15:00,completed,Desk Lamp
ORD_3359,Priya Patel,412.91,2026-08-23 01:51:00,completed,Water Bottle
ORD_3360,Nikhil Agarwal,1865.08,2026-08-22 17:18:00,completed,Monitor Light
ORD_3361,Rajesh Menon,291.23,2026-08-23 05:52:00,completed,Notebook Set
ORD_3362,Divya Kulkarni,676.08,2026-08-22 21:22:00,completed,Watch Strap
ORD_3363,Amit Kumar,269.55,2026-08-23 03:16:00,completed,Phone Case
ORD_3364,Priya Patel,1869.39,2026-08-23 04:55:00,completed,Monitor Light
ORD_3365,Anjali Saxena,1030.63,2026-08-23 01:42:00,completed,Yoga Mat
ORD_3366,Vikram Singh,176.01,2026-08-23 06:50:00,completed,USB Cable
ORD_3367,Gaurav Malhotra,2461.73,2026-08-23 04:03:00,completed,Keyboard
ORD_3368,Kavita Nair,3486.04,2026-08-23 04:32:00,completed,Webcam
ORD_3369,Ritu Bansal,303.56,2026-08-22 19:37:00,completed,Mouse Pad
ORD_3370,Deepika Rao,1297.24,2026-08-23 01:36:00,completed,Power Bank
ORD_3371,Anjali Saxena,288.02,2026-08-23 23:58:00,completed,Phone Case
ORD_3372,Sneha Gupta,401.07,2026-08-22 21:07:00,completed,Coffee Mug
ORD_3373,Priya Patel,1524.57,2026-08-23 00:09:00,completed,Wireless Earbuds
ORD_3374,Karthik Sundaram,361.44,2026-08-22 18:13:00,completed,Water Bottle
ORD_3375,Arjun Mehta,2474.87,2026-08-22 21:29:00,completed,Keyboard
ORD_3376,Deepika Rao,391.65,2026-08-23 04:45:00,completed,Mouse Pad
ORD_3377,Sneha Gupta,292.94,2026-08-23 00:08:00,completed,Phone Case
ORD_3378,Arjun Mehta,895.17,2026-08-22 17:49:00,completed,Laptop Stand
ORD_3379,Meera Iyer,945.48,2026-08-22 17:08:00,completed,Laptop Stand
ORD_3380,Pooja Desai,293.24,2026-08-23 08:30:00,completed,Phone Case
ORD_3381,Suresh Pillai,320.55,2026-08-22 23:38:00,completed,Phone Case
ORD_3382,Gaurav Malhotra,1474.75,2026-08-23 01:44:00,completed,Wireless Earbuds
ORD_3383,Sneha Gupta,996.64,2026-08-22 17:22:00,completed,Yoga Mat
ORD_3384,Kavita Nair,1469.96,2026-08-23 07:28:00,completed,Standing Desk Mat
ORD_3385,Nikhil Agarwal,1817.44,2026-08-23 04:38:00,completed,Backpack
ORD_3386,Aakash Jain,1536.14,2026-08-22 20:33:00,completed,Wireless Earbuds
ORD_3387,Sanjay Verma,1169.97,2026-08-23 07:22:00,completed,Desk Lamp
ORD_3388,Deepika Rao,537.6,2026-08-22 19:29:00,completed,Blue T-Shirt
ORD_3389,Suresh Pillai,1313.96,2026-08-23 08:20:00,completed,Power Bank
ORD_3390,Karthik Sundaram,1839.13,2026-08-23 06:39:00,completed,Backpack
ORD_3391,Kavita Nair,2979.85,2026-08-23 01:48:00,completed,Running Shoes
ORD_3392,Manish Tiwari,1535.98,2026-08-23 02:06:00,completed,Standing Desk Mat
ORD_3393,Divya Kulkarni,1605.36,2026-08-23 04:34:00,completed,Sunglasses
ORD_3394,Suresh Pillai,243.96,2026-08-23 07:39:00,completed,USB Cable
ORD_3395,Arjun Mehta,892.12,2026-08-23 04:43:00,completed,Laptop Stand
ORD_3396,Manish Tiwari,2997.25,2026-08-22 23:24:00,completed,Running Shoes
ORD_3397,Aakash Jain,3032.37,2026-08-23 00:42:00,completed,Running Shoes
ORD_3398,Rahul Sharma,334.26,2026-08-22 17:35:00,completed,Phone Case
ORD_3399,Manish Tiwari,400.97,2026-08-22 17:56:00,completed,Coffee Mug
ORD_3400,Kavita Nair,1531.12,2026-08-23 05:21:00,completed,Wireless Earbuds
ORD_3401,Priya Patel,522.64,2026-08-23 06:02:00,completed,Blue T-Shirt
ORD_3402,Shreya Bhat,1856.93,2026-08-23 08:19:00,completed,Monitor Light
ORD_3403,Amit Kumar,1567.65,2026-08-23 04:57:00,completed,Sunglasses
ORD_3404,Anjali Saxena,278.05,2026-08-23 08:19:00,completed,Phone Case
ORD_3405,Rajesh Menon,1790.83,2026-08-23 01:43:00,completed,Backpack
ORD_3406,Rahul Sharma,880.4,2026-08-22 17:29:00,completed,Laptop Stand
ORD_3407,Ritu Bansal,741.37,2026-08-22 19:23:00,completed,Watch Strap
ORD_3408,Karthik Sundaram,1538.19,2026-08-23 02:23:00,completed,Wireless Earbuds
ORD_3409,Arjun Mehta,439.09,2026-08-23 08:25:00,completed,Coffee Mug
ORD_3410,Meera Iyer,1756.06,2026-08-22 18:18:00,completed,Backpack
ORD_3411,Pooja Desai,265.66,2026-08-22 19:43:00,completed,Phone Case
ORD_3412,Karthik Sundaram,202.47,2026-08-23 08:08:00,completed,Notebook Set
ORD_3413,Manish Tiwari,3518.63,2026-08-23 00:15:00,completed,Webcam
ORD_3414,Sanjay Verma,351.31,2026-08-23 04:08:00,completed,Mouse Pad
ORD_3415,Nikhil Agarwal,380.74,2026-08-22 23:41:00,completed,Water Bottle
ORD_3416,Anjali Saxena,429.79,2026-08-23 04:45:00,completed,Water Bottle
ORD_3417,Manish Tiwari,1510.47,2026-08-22 20:49:00,completed,Standing Desk Mat
ORD_3418,Suresh Pillai,162.74,2026-08-23 04:53:00,completed,USB Cable
ORD_3419,Ritu Bansal,314.5,2026-08-22 19:38:00,completed,Phone Case
ORD_3420,Vikram Singh,1759.09,2026-08-22 20:49:00,completed,Backpack
ORD_3421,Vikram Singh,1617.86,2026-08-22 18:06:00,completed,Sunglasses
ORD_3422,Sanjay Verma,287.33,2026-08-23 00:43:00,completed,Phone Case
ORD_3423,Ananya Reddy,1516.26,2026-08-22 18:09:00,completed,Wireless Earbuds
ORD_3424,Rahul Sharma,275.5,2026-08-23 02:59:00,completed,Phone Case
ORD_3425,Ritu Bansal,324.65,2026-08-23 08:40:00,completed,Phone Case
ORD_3426,Sneha Gupta,204.74,2026-08-23 02:29:00,completed,USB Cable
ORD_3427,Nikhil Agarwal,1475.63,2026-08-22 18:53:00,completed,Standing Desk Mat
ORD_3428,Nandini Choudhury,1564.76,2026-08-23 03:32:00,completed,Sunglasses
ORD_3429,Sneha Gupta,2971.1,2026-08-22 20:09:00,completed,Running Shoes
ORD_3430,Shreya Bhat,1491.14,2026-08-22 22:11:00,completed,Wireless Earbuds
ORD_3431,Rohit Joshi,388.39,2026-08-23 05:17:00,completed,Water Bottle
ORD_3432,Ananya Reddy,174.1,2026-08-23 06:37:00,completed,USB Cable
ORD_3433,Kavita Nair,470.78,2026-08-23 03:10:00,completed,Coffee Mug
ORD_3434,Aakash Jain,367.84,2026-08-23 04:13:00,completed,Water Bottle
ORD_3435,Sanjay Verma,1342.18,2026-08-23 02:25:00,completed,Power Bank
ORD_3436,Rajesh Menon,371.02,2026-08-23 02:52:00,completed,Water Bottle
ORD_3437,Sanjay Verma,1622.48,2026-08-22 20:29:00,completed,Sunglasses
ORD_3438,Karthik Sundaram,455.89,2026-08-23 04:45:00,completed,Coffee Mug
ORD_3439,Sanjay Verma,1193.77,2026-08-22 21:11:00,completed,Desk Lamp
ORD_3440,Sanjay Verma,1522.24,2026-08-23 04:30:00,completed,Wireless Earbuds
ORD_3441,Priya Patel,1579.69,2026-08-22 22:39:00,completed,Sunglasses
ORD_3442,Shreya Bhat,280.14,2026-08-22 23:38:00,completed,Phone Case
ORD_3443,Nikhil Agarwal,3475.03,2026-08-23 06:43:00,completed,Webcam
ORD_3444,Nandini Choudhury,444.79,2026-08-22 17:03:00,completed,Coffee Mug
ORD_3445,Rohit Joshi,1912.38,2026-08-23 06:32:00,completed,Monitor Light
ORD_3446,Ananya Reddy,1896.67,2026-08-23 05:24:00,completed,Monitor Light
ORD_3447,Rajesh Menon,1641.18,2026-08-22 22:30:00,completed,Sunglasses
ORD_3448,Priya Patel,1588.78,2026-08-23 04:06:00,completed,Sunglasses
ORD_3449,Ritu Bansal,2518.54,2026-08-22 22:17:00,completed,Keyboard
ORD_3450,Pooja Desai,1501.01,2026-08-23 03:26:00,completed,Wireless Earbuds
ORD_3451,Karthik Sundaram,3451.77,2026-08-22 23:17:00,completed,Webcam
ORD_3452,Rahul Sharma,1504.1,2026-08-22 19:49:00,completed,Standing Desk Mat
ORD_3453,Vikram Singh,1858.94,2026-08-22 23:57:00,completed,Monitor Light
ORD_3454,Kavita Nair,1253.55,2026-08-22 20:35:00,completed,Power Bank
ORD_3455,Sanjay Verma,697.6,2026-08-23 05:57:00,completed,Watch Strap
ORD_3456,Rohit Joshi,485.88,2026-08-22 22:18:00,completed,Coffee Mug
ORD_3457,Nandini Choudhury,1279.44,2026-08-22 20:07:00,completed,Power Bank
ORD_3458,Nandini Choudhury,204.32,2026-08-23 00:42:00,completed,Notebook Set
ORD_3459,Shreya Bhat,887.04,2026-08-22 17:01:00,completed,Laptop Stand
ORD_3460,Meera Iyer,687.44,2026-08-22 21:41:00,completed,Watch Strap
ORD_3461,Ritu Bansal,1838.05,2026-08-22 17:06:00,completed,Backpack
ORD_3462,Sanjay Verma,1449.71,2026-08-22 20:21:00,completed,Standing Desk Mat
ORD_3463,Sanjay Verma,1497.33,2026-08-22 23:41:00,completed,Wireless Earbuds
ORD_3464,Sanjay Verma,681.24,2026-08-22 17:33:00,completed,Watch Strap
ORD_3465,Divya Kulkarni,1498.21,2026-08-22 17:35:00,completed,Standing Desk Mat
ORD_3466,Ananya Reddy,1498.76,2026-08-23 07:10:00,completed,Wireless Earbuds
ORD_3467,Amit Kumar,452.42,2026-08-22 18:23:00,completed,Coffee Mug
ORD_3468,Shreya Bhat,1495.09,2026-08-23 05:17:00,completed,Wireless Earbuds
ORD_3469,Nikhil Agarwal,281.95,2026-08-22 17:19:00,completed,Notebook Set
ORD_3470,Ritu Bansal,368.87,2026-08-23 05:29:00,completed,Mouse Pad
ORD_3471,Deepika Rao,893.99,2026-08-23 03:04:00,completed,Laptop Stand
ORD_3472,Suresh Pillai,1179.53,2026-08-22 22:28:00,completed,Desk Lamp
ORD_3473,Anjali Saxena,251.41,2026-08-23 08:50:00,completed,Notebook Set
ORD_3474,Gaurav Malhotra,1338.17,2026-08-22 17:10:00,completed,Power Bank
ORD_3475,Arjun Mehta,202.37,2026-08-22 21:43:00,completed,USB Cable
ORD_3476,Nikhil Agarwal,3490.63,2026-08-23 05:10:00,completed,Webcam
ORD_3477,Pooja Desai,3034.21,2026-08-23 06:12:00,completed,Running Shoes
ORD_3478,Pooja Desai,1846.23,2026-08-22 23:25:00,completed,Backpack
ORD_3479,Gaurav Malhotra,923.02,2026-08-23 02:13:00,completed,Laptop Stand
ORD_3480,Vikram Singh,286.13,2026-08-22 19:04:00,completed,Notebook Set
ORD_3481,Deepika Rao,3502.15,2026-08-22 22:54:00,completed,Webcam
ORD_3482,Arjun Mehta,1466.36,2026-08-23 05:18:00,completed,Standing Desk Mat
ORD_3483,Meera Iyer,2537.22,2026-08-22 20:23:00,completed,Keyboard
ORD_3484,Ananya Reddy,1337.34,2026-08-23 00:03:00,completed,Power Bank
ORD_3485,Deepika Rao,239.45,2026-08-23 00:47:00,completed,Notebook Set
ORD_3486,Pooja Desai,1550.32,2026-08-23 05:07:00,completed,Sunglasses
ORD_3487,Nandini Choudhury,2540.29,2026-08-22 18:24:00,completed,Keyboard
ORD_3488,Rohit Joshi,321.71,2026-08-22 19:26:00,completed,Phone Case
ORD_3489,Sneha Gupta,1212.89,2026-08-22 22:03:00,completed,Desk Lamp
ORD_3490,Gaurav Malhotra,1509.45,2026-08-23 07:32:00,completed,Standing Desk Mat
ORD_3491,Ananya Reddy,1233.22,2026-08-23 00:45:00,completed,Desk Lamp
ORD_3492,Sanjay Verma,244.7,2026-08-23 08:44:00,completed,Notebook Set
ORD_3493,Nandini Choudhury,1895.92,2026-08-22 23:24:00,completed,Monitor Light
ORD_3494,Arjun Mehta,299.44,2026-08-23 00:36:00,completed,Mouse Pad
ORD_3495,Rahul Sharma,441.55,2026-08-23 06:13:00,completed,Coffee Mug
ORD_3496,Karthik Sundaram,2478.1,2026-08-22 22:42:00,completed,Keyboard
ORD_3497,Nandini Choudhury,2999.17,2026-08-23 00:20:00,completed,Running Shoes
ORD_3498,Pooja Desai,721.27,2026-08-23 04:49:00,completed,Watch Strap
ORD_3499,Ananya Reddy,306.6,2026-08-23 03:52:00,completed,Mouse Pad
ORD_3500,Gaurav Malhotra,1307.9,2026-08-22 22:39:00,completed,Power Bank
ORD_3501,Vikram Singh,1910.66,2026-08-22 23:58:00,completed,Monitor Light
ORD_3502,Sanjay Verma,1605.42,2026-08-23 08:56:00,completed,Sunglasses
ORD_3503,Deepika Rao,315.1,2026-08-23 06:04:00,completed,Mouse Pad
ORD_3504,Suresh Pillai,1556.62,2026-08-23 08:33:00,completed,Sunglasses
ORD_3505,Rajesh Menon,2977.69,2026-08-22 19:30:00,completed,Running Shoes
ORD_3506,Suresh Pillai,177.14,2026-08-23 02:15:00,completed,USB Cable
ORD_3507,Ananya Reddy,3453.83,2026-08-22 19:02:00,completed,Webcam
ORD_3508,Nikhil Agarwal,375.52,2026-08-23 05:19:00,completed,Mouse Pad
ORD_3509,Divya Kulkarni,384.82,2026-08-22 20:06:00,completed,Water Bottle
ORD_3510,Amit Kumar,1167.86,2026-08-22 23:23:00,completed,Desk Lamp
ORD_3511,Nikhil Agarwal,1550.42,2026-08-23 02:45:00,completed,Sunglasses
ORD_3512,Kavita Nair,205.25,2026-08-23 01:42:00,completed,USB Cable
ORD_3513,Shreya Bhat,1783.49,2026-08-22 18:10:00,completed,Backpack
ORD_3514,Aakash Jain,252.07,2026-08-22 19:37:00,completed,Notebook Set
ORD_3515,Karthik Sundaram,230.36,2026-08-23 02:19:00,completed,Notebook Set
ORD_3516,Anjali Saxena,2486.57,2026-08-23 04:21:00,completed,Keyboard
ORD_3517,Priya Patel,444.14,2026-08-23 00:27:00,completed,Coffee Mug
ORD_3518,Rajesh Menon,1495.14,2026-08-22 18:53:00,completed,Wireless Earbuds
ORD_3519,Shreya Bhat,1910.81,2026-08-22 19:24:00,completed,Monitor Light
ORD_3520,Aakash Jain,325.03,2026-08-23 05:31:00,completed,Phone Case
ORD_3521,Sanjay Verma,659.98,2026-08-23 04:53:00,completed,Watch Strap
ORD_3522,Gaurav Malhotra,424.09,2026-08-22 17:21:00,completed,Coffee Mug
ORD_3523,Meera Iyer,1762.17,2026-08-22 19:32:00,completed,Backpack
ORD_3524,Rajesh Menon,3532.95,2026-08-23 05:37:00,completed,Webcam
ORD_3525,Ananya Reddy,1154.85,2026-08-23 08:40:00,completed,Desk Lamp
ORD_3526,Rahul Sharma,212.31,2026-08-22 20:08:00,completed,Notebook Set
ORD_3527,Kavita Nair,2535.23,2026-08-23 07:43:00,completed,Keyboard
ORD_3528,Rohit Joshi,990.72,2026-08-23 04:31:00,completed,Yoga Mat
ORD_3529,Divya Kulkarni,2970.71,2026-08-22 22:30:00,completed,Running Shoes
ORD_3530,Kavita Nair,317.35,2026-08-23 03:53:00,completed,Phone Case
ORD_3531,Shreya Bhat,1881.95,2026-08-23 06:08:00,completed,Monitor Light
ORD_3532,Nandini Choudhury,697.44,2026-08-22 17:51:00,completed,Watch Strap
ORD_3533,Sanjay Verma,1790.41,2026-08-23 01:21:00,completed,Backpack
ORD_3534,Meera Iyer,1285.12,2026-08-22 23:42:00,completed,Power Bank
ORD_3535,Amit Kumar,3455.16,2026-08-22 21:44:00,completed,Webcam
ORD_3536,Suresh Pillai,2472.8,2026-08-22 22:58:00,completed,Keyboard
ORD_3537,Nikhil Agarwal,1634.71,2026-08-23 06:53:00,completed,Sunglasses
ORD_3538,Manish Tiwari,269.84,2026-08-22 17:56:00,completed,Notebook Set
ORD_3539,Pooja Desai,697.03,2026-08-23 05:04:00,completed,Watch Strap
ORD_3540,Nandini Choudhury,1518.74,2026-08-23 04:46:00,completed,Wireless Earbuds
ORD_3541,Rahul Sharma,387.36,2026-08-22 20:37:00,completed,Water Bottle
ORD_3542,Nikhil Agarwal,1302.49,2026-08-22 21:00:00,completed,Power Bank
ORD_3543,Karthik Sundaram,1910.78,2026-08-23 08:27:00,completed,Monitor Light
ORD_3544,Rahul Sharma,1193.29,2026-08-22 23:41:00,completed,Desk Lamp
ORD_3545,Shreya Bhat,483.75,2026-08-23 03:31:00,completed,Blue T-Shirt
ORD_3546,Divya Kulkarni,1488.25,2026-08-22 17:37:00,completed,Wireless Earbuds
ORD_3547,Sneha Gupta,2491.88,2026-08-22 18:54:00,completed,Keyboard
ORD_3548,Shreya Bhat,2538.46,2026-08-22 18:36:00,completed,Keyboard
ORD_3549,Manish Tiwari,2951.56,2026-08-22 18:56:00,completed,Running Shoes
ORD_3550,Karthik Sundaram,173.4,2026-08-23 00:52:00,completed,USB Cable
ORD_3551,Sneha Gupta,2470.9,2026-08-22 23:00:00,completed,Keyboard
ORD_3552,Meera Iyer,2968.63,2026-08-23 02:55:00,completed,Running Shoes
ORD_3553,Kavita Nair,3021.87,2026-08-22 21:15:00,completed,Running Shoes
ORD_3554,Amit Kumar,1942.79,2026-08-22 23:49:00,completed,Monitor Light
ORD_3555,Suresh Pillai,501.8,2026-08-22 23:26:00,completed,Blue T-Shirt
ORD_3556,Rahul Sharma,1199.98,2026-08-23 08:07:00,completed,Desk Lamp
ORD_3557,Nikhil Agarwal,2983.11,2026-08-23 05:53:00,completed,Running Shoes
ORD_3558,Suresh Pillai,3041.19,2026-08-23 07:20:00,completed,Running Shoes
ORD_3559,Sneha Gupta,1301.99,2026-08-22 22:17:00,completed,Power Bank
ORD_3560,Rajesh Menon,1343.8,2026-08-23 04:06:00,completed,Power Bank
ORD_3561,Sanjay Verma,3463.62,2026-08-22 21:46:00,completed,Webcam
ORD_3562,Pooja Desai,880.47,2026-08-23 08:57:00,completed,Laptop Stand
ORD_3563,Aakash Jain,3015.1,2026-08-22 17:38:00,completed,Running Shoes
ORD_3564,Pooja Desai,349.91,2026-08-22 18:15:00,completed,Mouse Pad
ORD_3565,Aakash Jain,962.84,2026-08-23 03:28:00,completed,Yoga Mat
ORD_3566,Gaurav Malhotra,3503.39,2026-08-22 23:51:00,completed,Webcam
ORD_3567,Rajesh Menon,1820.53,2026-08-23 05:37:00,completed,Backpack
ORD_3568,Arjun Mehta,1014.15,2026-08-23 08:35:00,completed,Yoga Mat
ORD_3569,Amit Kumar,1944.14,2026-08-22 22:59:00,completed,Monitor Light
ORD_3570,Meera Iyer,940.14,2026-08-23 23:58:00,completed,Laptop Stand
ORD_3571,Meera Iyer,3038.05,2026-08-23 05:14:00,completed,Running Shoes
ORD_3572,Anjali Saxena,1930.33,2026-08-23 05:23:00,completed,Monitor Light
ORD_3573,Ananya Reddy,3001.45,2026-08-23 06:58:00,completed,Running Shoes
ORD_3574,Manish Tiwari,1770.09,2026-08-22 22:54:00,completed,Backpack
ORD_3575,Kavita Nair,1488.66,2026-08-22 17:54:00,completed,Wireless Earbuds
ORD_3576,Priya Patel,430.16,2026-08-23 02:50:00,completed,Coffee Mug
ORD_3577,Priya Patel,1243.28,2026-08-22 20:24:00,completed,Desk Lamp
ORD_3578,Sanjay Verma,502.34,2026-08-23 07:39:00,completed,Blue T-Shirt
ORD_3579,Rahul Sharma,190.88,2026-08-22 20:28:00,completed,USB Cable
ORD_3580,Rahul Sharma,206.26,2026-08-23 06:24:00,completed,Notebook Set
ORD_3581,Arjun Mehta,1840.12,2026-08-22 21:57:00,completed,Backpack
ORD_3582,Nandini Choudhury,724.59,2026-08-23 04:01:00,completed,Watch Strap
ORD_3583,Kavita Nair,322.4,2026-08-22 23:49:00,completed,Mouse Pad
ORD_3584,Aakash Jain,1778.27,2026-08-22 22:10:00,completed,Backpack
ORD_3585,Nikhil Agarwal,260.07,2026-08-23 05:35:00,completed,Phone Case
ORD_3586,Ananya Reddy,461.02,2026-08-23 06:38:00,completed,Blue T-Shirt
ORD_3587,Nandini Choudhury,1472.17,2026-08-23 02:15:00,completed,Wireless Earbuds
ORD_3588,Suresh Pillai,1205.12,2026-08-23 02:18:00,completed,Desk Lamp
ORD_3589,Divya Kulkarni,1875.6,2026-08-23 04:47:00,completed,Monitor Light
ORD_3590,Suresh Pillai,1913.88,2026-08-23 03:51:00,completed,Monitor Light
ORD_3591,Rohit Joshi,904.71,2026-08-23 07:31:00,completed,Laptop Stand
ORD_3592,Arjun Mehta,897.44,2026-08-22 23:58:00,completed,Laptop Stand
ORD_3593,Arjun Mehta,1278.38,2026-08-23 05:25:00,completed,Power Bank
ORD_3594,Sneha Gupta,249.67,2026-08-22 17:12:00,completed,Phone Case
ORD_3595,Manish Tiwari,479.61,2026-08-23 00:49:00,completed,Blue T-Shirt
ORD_3596,Anjali Saxena,1605.06,2026-08-22 18:13:00,completed,Sunglasses
ORD_3597,Arjun Mehta,1287.55,2026-08-22 22:39:00,completed,Power Bank
ORD_3598,Anjali Saxena,3001.19,2026-08-23 04:12:00,completed,Running Shoes
ORD_3599,Deepika Rao,1332.58,2026-08-23 07:21:00,completed,Power Bank
ORD_3600,Amit Kumar,1594.88,2026-08-23 02:23:00,completed,Sunglasses
ORD_3601,Rohit Joshi,483.31,2026-08-23 05:34:00,completed,Blue T-Shirt
ORD_3602,Rohit Joshi,1512.91,2026-08-22 18:30:00,completed,Standing Desk Mat
ORD_3603,Sanjay Verma,1859.09,2026-08-23 07:11:00,completed,Monitor Light
ORD_3604,Sneha Gupta,742.3,2026-08-22 21:24:00,completed,Watch Strap
ORD_3605,Anjali Saxena,3511.38,2026-08-23 04:58:00,completed,Webcam
ORD_3606,Meera Iyer,3526.84,2026-08-22 23:29:00,completed,Webcam
ORD_3607,Sneha Gupta,498.3,2026-08-23 06:48:00,completed,Blue T-Shirt
ORD_3608,Meera Iyer,3027.43,2026-08-23 06:02:00,completed,Running Shoes
ORD_3609,Suresh Pillai,1807.43,2026-08-22 22:11:00,completed,Backpack
ORD_3610,Nandini Choudhury,1931.28,2026-08-22 21:57:00,completed,Monitor Light
ORD_3611,Meera Iyer,722.28,2026-08-23 07:53:00,completed,Watch Strap
ORD_3612,Divya Kulkarni,446.39,2026-08-22 21:22:00,completed,Water Bottle
ORD_3613,Kavita Nair,1277.95,2026-08-22 17:16:00,completed,Power Bank
ORD_3614,Vikram Singh,1295.48,2026-08-23 08:49:00,completed,Power Bank
ORD_3615,Aakash Jain,490.04,2026-08-23 02:11:00,completed,Blue T-Shirt
ORD_3616,Ananya Reddy,688.76,2026-08-23 07:02:00,completed,Watch Strap
ORD_3617,Vikram Singh,287.58,2026-08-23 03:26:00,completed,Notebook Set
ORD_3618,Sneha Gupta,468.37,2026-08-23 03:45:00,completed,Coffee Mug
ORD_3619,Aakash Jain,264.47,2026-08-22 18:52:00,completed,Phone Case
ORD_3620,Arjun Mehta,1646.78,2026-08-23 00:21:00,completed,Sunglasses
ORD_3621,Suresh Pillai,1246.6,2026-08-22 18:21:00,completed,Desk Lamp
ORD_3622,Meera Iyer,982.22,2026-08-22 21:26:00,completed,Yoga Mat
ORD_3623,Priya Patel,1543.63,2026-08-23 05:34:00,completed,Standing Desk Mat
ORD_3624,Ananya Reddy,1892.4,2026-08-23 03:35:00,completed,Monitor Light
ORD_3625,Aakash Jain,1497.26,2026-08-23 07:44:00,completed,Wireless Earbuds
ORD_3626,Arjun Mehta,275.52,2026-08-23 03:33:00,completed,Notebook Set
ORD_3627,Vikram Singh,406.69,2026-08-23 06:49:00,completed,Coffee Mug
ORD_3628,Rahul Sharma,947.02,2026-08-22 20:17:00,completed,Laptop Stand
ORD_3629,Deepika Rao,1193.74,2026-08-22 20:51:00,completed,Desk Lamp
ORD_3630,Nandini Choudhury,3529.64,2026-08-22 17:21:00,completed,Webcam
ORD_3631,Rajesh Menon,2982.91,2026-08-23 00:21:00,completed,Running Shoes
ORD_3632,Pooja Desai,890.09,2026-08-23 02:26:00,completed,Laptop Stand
ORD_3633,Vikram Singh,299.57,2026-08-23 04:36:00,completed,Phone Case
ORD_3634,Divya Kulkarni,1939.15,2026-08-23 03:38:00,completed,Monitor Light
ORD_3635,Meera Iyer,1645.86,2026-08-23 08:45:00,completed,Sunglasses
ORD_3636,Deepika Rao,1033.94,2026-08-23 00:59:00,completed,Yoga Mat
ORD_3637,Vikram Singh,318.0,2026-08-22 21:54:00,completed,Mouse Pad
ORD_3638,Rohit Joshi,1558.87,2026-08-23 04:52:00,completed,Sunglasses
ORD_3639,Meera Iyer,3000.81,2026-08-23 01:40:00,completed,Running Shoes
ORD_3640,Karthik Sundaram,1487.31,2026-08-22 23:11:00,completed,Standing Desk Mat
ORD_3641,Kavita Nair,1796.0,2026-08-23 01:07:00,completed,Backpack
ORD_3642,Vikram Singh,1839.51,2026-08-22 17:05:00,completed,Backpack
ORD_3643,Kavita Nair,175.75,2026-08-23 04:42:00,completed,USB Cable
ORD_3644,Pooja Desai,931.7,2026-08-23 06:29:00,completed,Laptop Stand
ORD_3645,Priya Patel,856.95,2026-08-23 02:00:00,completed,Laptop Stand
ORD_3646,Aakash Jain,1327.58,2026-08-23 04:41:00,completed,Power Bank
ORD_3647,Aakash Jain,285.01,2026-08-23 08:30:00,completed,Phone Case
ORD_3648,Sneha Gupta,967.67,2026-08-23 02:33:00,completed,Yoga Mat
ORD_3649,Ananya Reddy,2536.32,2026-08-22 17:48:00,completed,Keyboard
ORD_3650,Priya Patel,724.28,2026-08-23 05:36:00,completed,Watch Strap
ORD_3651,Rajesh Menon,1534.22,2026-08-23 08:37:00,completed,Wireless Earbuds
ORD_3652,Divya Kulkarni,420.76,2026-08-22 19:55:00,completed,Water Bottle
ORD_3653,Nikhil Agarwal,3482.53,2026-08-22 22:14:00,completed,Webcam
ORD_3654,Meera Iyer,1886.91,2026-08-23 02:49:00,completed,Monitor Light
ORD_3655,Rajesh Menon,453.4,2026-08-22 20:01:00,completed,Blue T-Shirt
ORD_3656,Sneha Gupta,357.62,2026-08-23 01:55:00,completed,Mouse Pad
ORD_3657,Arjun Mehta,449.16,2026-08-23 04:32:00,completed,Blue T-Shirt
ORD_3658,Manish Tiwari,894.66,2026-08-23 07:09:00,completed,Laptop Stand
ORD_3659,Ritu Bansal,716.98,2026-08-23 07:13:00,completed,Watch Strap
ORD_3660,Gaurav Malhotra,478.96,2026-08-23 07:38:00,completed,Blue T-Shirt
ORD_3661,Manish Tiwari,1543.04,2026-08-22 18:30:00,completed,Wireless Earbuds
ORD_3662,Ananya Reddy,660.97,2026-08-23 02:49:00,completed,Watch Strap
ORD_3663,Vikram Singh,1886.17,2026-08-23 04:20:00,completed,Monitor Light
ORD_3664,Rajesh Menon,1266.59,2026-08-23 00:41:00,completed,Power Bank
ORD_3665,Rajesh Menon,1475.03,2026-08-22 23:42:00,completed,Wireless Earbuds
ORD_3666,Aakash Jain,1207.01,2026-08-22 18:37:00,completed,Desk Lamp
ORD_3667,Sneha Gupta,320.1,2026-08-22 18:22:00,completed,Phone Case
ORD_3668,Rohit Joshi,2459.81,2026-08-23 04:48:00,completed,Keyboard
ORD_3669,Nandini Choudhury,1825.54,2026-08-23 03:37:00,completed,Backpack
ORD_3670,Nandini Choudhury,1818.34,2026-08-23 05:38:00,completed,Backpack
ORD_3671,Sneha Gupta,426.59,2026-08-22 23:08:00,completed,Water Bottle
ORD_3672,Ritu Bansal,1484.97,2026-08-22 19:44:00,completed,Wireless Earbuds
ORD_3673,Shreya Bhat,1496.29,2026-08-23 04:21:00,completed,Wireless Earbuds
ORD_3674,Vikram Singh,3509.0,2026-08-23 00:44:00,completed,Webcam
ORD_3675,Rajesh Menon,303.69,2026-08-22 22:38:00,completed,Phone Case
ORD_3676,Deepika Rao,1513.89,2026-08-23 08:10:00,completed,Standing Desk Mat
ORD_3677,Rahul Sharma,1159.27,2026-08-22 20:35:00,completed,Desk Lamp
ORD_3678,Sanjay Verma,523.72,2026-08-22 20:41:00,completed,Blue T-Shirt
ORD_3679,Amit Kumar,248.95,2026-08-22 23:28:00,completed,Notebook Set
ORD_3680,Nikhil Agarwal,1172.4,2026-08-23 07:17:00,completed,Desk Lamp
ORD_3681,Amit Kumar,2460.44,2026-08-23 04:00:00,completed,Keyboard
ORD_3682,Sanjay Verma,1477.98,2026-08-22 17:16:00,completed,Standing Desk Mat
ORD_3683,Pooja Desai,1294.09,2026-08-23 05:01:00,completed,Power Bank
ORD_3684,Rohit Joshi,442.58,2026-08-23 07:41:00,completed,Coffee Mug
ORD_3685,Gaurav Malhotra,873.47,2026-08-23 01:16:00,completed,Laptop Stand
ORD_3686,Arjun Mehta,1296.67,2026-08-23 00:28:00,completed,Power Bank
ORD_3687,Aakash Jain,1541.78,2026-08-23 08:21:00,completed,Wireless Earbuds
ORD_3688,Rahul Sharma,2981.37,2026-08-23 03:18:00,completed,Running Shoes
ORD_3689,Deepika Rao,241.56,2026-08-23 06:08:00,completed,USB Cable
ORD_3690,Rohit Joshi,386.19,2026-08-23 04:39:00,completed,Water Bottle
ORD_3691,Rahul Sharma,1489.33,2026-08-23 08:35:00,completed,Standing Desk Mat
ORD_3692,Manish Tiwari,1573.76,2026-08-23 08:29:00,completed,Sunglasses
ORD_3693,Sanjay Verma,2530.04,2026-08-22 17:50:00,completed,Keyboard
ORD_3694,Nikhil Agarwal,1450.72,2026-08-23 00:45:00,completed,Wireless Earbuds
ORD_3695,Pooja Desai,1522.78,2026-08-23 08:07:00,completed,Wireless Earbuds
ORD_3696,Manish Tiwari,3458.06,2026-08-23 07:42:00,completed,Webcam
ORD_3697,Sanjay Verma,423.17,2026-08-23 08:09:00,completed,Water Bottle
ORD_3698,Pooja Desai,2989.87,2026-08-23 07:11:00,completed,Running Shoes
ORD_3699,Manish Tiwari,321.44,2026-08-22 21:07:00,completed,Mouse Pad
ORD_3700,Suresh Pillai,1852.53,2026-08-23 04:33:00,completed,Monitor Light
ORD_3701,Rohit Joshi,1593.3,2026-08-23 05:27:00,completed,Sunglasses
ORD_3702,Rahul Sharma,159.05,2026-08-23 03:47:00,completed,USB Cable
ORD_3703,Rahul Sharma,2503.81,2026-08-23 03:51:00,completed,Keyboard
ORD_3704,Sneha Gupta,277.81,2026-08-22 17:50:00,completed,Phone Case
ORD_3705,Shreya Bhat,891.81,2026-08-22 23:58:00,completed,Laptop Stand
ORD_3706,Deepika Rao,3036.17,2026-08-23 03:35:00,completed,Running Shoes
ORD_3707,Deepika Rao,430.02,2026-08-23 00:21:00,completed,Coffee Mug
ORD_3708,Karthik Sundaram,405.24,2026-08-23 02:31:00,completed,Water Bottle
ORD_3709,Aakash Jain,1527.23,2026-08-23 02:55:00,completed,Wireless Earbuds
ORD_3710,Arjun Mehta,3021.96,2026-08-23 04:13:00,completed,Running Shoes
ORD_3711,Sanjay Verma,1312.2,2026-08-22 20:19:00,completed,Power Bank
ORD_3712,Sneha Gupta,1899.11,2026-08-23 05:26:00,completed,Monitor Light
ORD_3713,Sneha Gupta,885.48,2026-08-23 05:16:00,completed,Laptop Stand
ORD_3714,Suresh Pillai,689.24,2026-08-23 07:25:00,completed,Watch Strap
ORD_3715,Priya Patel,1277.01,2026-08-22 18:40:00,completed,Power Bank
ORD_3716,Arjun Mehta,1552.68,2026-08-22 22:24:00,completed,Sunglasses
ORD_3717,Deepika Rao,1792.01,2026-08-23 04:43:00,completed,Backpack
ORD_3718,Divya Kulkarni,932.52,2026-08-23 07:35:00,completed,Laptop Stand
ORD_3719,Divya Kulkarni,492.09,2026-08-22 22:19:00,completed,Coffee Mug
ORD_3720,Pooja Desai,528.68,2026-08-22 20:12:00,completed,Blue T-Shirt
ORD_3721,Sneha Gupta,402.34,2026-08-23 04:22:00,completed,Water Bottle
ORD_3722,Anjali Saxena,485.78,2026-08-22 18:32:00,completed,Blue T-Shirt
ORD_3723,Kavita Nair,1794.13,2026-08-22 21:56:00,completed,Backpack
ORD_3724,Deepika Rao,1912.46,2026-08-23 05:34:00,completed,Monitor Light
ORD_3725,Meera Iyer,390.71,2026-08-23 08:10:00,completed,Water Bottle
ORD_3726,Ananya Reddy,2469.92,2026-08-22 18:12:00,completed,Keyboard
ORD_3727,Anjali Saxena,404.46,2026-08-23 00:12:00,completed,Water Bottle
ORD_3728,Pooja Desai,464.75,2026-08-22 21:34:00,completed,Blue T-Shirt
ORD_3729,Arjun Mehta,1460.03,2026-08-23 00:36:00,completed,Wireless Earbuds
ORD_3730,Pooja Desai,1550.23,2026-08-22 22:15:00,completed,Sunglasses
ORD_3731,Vikram Singh,3512.91,2026-08-22 21:59:00,completed,Webcam
ORD_3732,Pooja Desai,303.31,2026-08-22 21:04:00,completed,Mouse Pad
ORD_3733,Amit Kumar,1537.43,2026-08-22 18:36:00,completed,Standing Desk Mat
ORD_3734,Meera Iyer,1496.76,2026-08-22 22:55:00,completed,Standing Desk Mat
ORD_3735,Nikhil Agarwal,878.09,2026-08-23 00:30:00,completed,Laptop Stand
ORD_3736,Sanjay Verma,540.34,2026-08-23 05:11:00,completed,Blue T-Shirt
ORD_3737,Anjali Saxena,1501.34,2026-08-22 22:04:00,completed,Standing Desk Mat
ORD_3738,Ananya Reddy,716.06,2026-08-23 03:16:00,completed,Watch Strap
ORD_3739,Amit Kumar,172.47,2026-08-23 05:50:00,completed,USB Cable
ORD_3740,Pooja Desai,1570.67,2026-08-23 00:30:00,completed,Sunglasses
ORD_3741,Ritu Bansal,536.45,2026-08-23 07:02:00,completed,Blue T-Shirt
ORD_3742,Rohit Joshi,2449.24,2026-08-22 23:15:00,completed,Keyboard
ORD_3743,Rohit Joshi,447.9,2026-08-23 03:11:00,completed,Water Bottle
ORD_3744,Karthik Sundaram,325.05,2026-08-23 00:14:00,completed,Phone Case
ORD_3745,Deepika Rao,1528.4,2026-08-23 03:29:00,completed,Standing Desk Mat
ORD_3746,Nikhil Agarwal,340.31,2026-08-23 00:40:00,completed,Mouse Pad
ORD_3747,Rahul Sharma,1214.22,2026-08-22 21:45:00,completed,Desk Lamp
ORD_3748,Ananya Reddy,1778.49,2026-08-22 23:23:00,completed,Backpack
ORD_3749,Ritu Bansal,1542.0,2026-08-23 04:10:00,completed,Standing Desk Mat
ORD_3750,Anjali Saxena,480.57,2026-08-23 00:06:00,completed,Coffee Mug
ORD_3751,Deepika Rao,248.4,2026-08-23 06:28:00,completed,USB Cable
ORD_3752,Karthik Sundaram,517.24,2026-08-23 03:19:00,completed,Blue T-Shirt
ORD_3753,Amit Kumar,1289.33,2026-08-23 07:01:00,completed,Power Bank
ORD_3754,Rahul Sharma,1494.51,2026-08-23 00:20:00,completed,Wireless Earbuds
ORD_3755,Aakash Jain,234.58,2026-08-23 05:46:00,completed,USB Cable
ORD_3756,Shreya Bhat,1779.3,2026-08-22 19:53:00,completed,Backpack
ORD_3757,Priya Patel,271.88,2026-08-23 06:57:00,completed,Phone Case
ORD_3758,Rajesh Menon,958.78,2026-08-23 23:57:00,completed,Yoga Mat
ORD_3759,Aakash Jain,943.66,2026-08-23 01:37:00,completed,Laptop Stand
ORD_3760,Deepika Rao,1213.19,2026-08-23 06:47:00,completed,Desk Lamp
ORD_3761,Karthik Sundaram,344.29,2026-08-22 18:07:00,completed,Mouse Pad
ORD_3762,Ritu Bansal,1279.64,2026-08-23 00:15:00,completed,Power Bank
ORD_3763,Meera Iyer,1599.2,2026-08-22 21:53:00,completed,Sunglasses
ORD_3764,Amit Kumar,396.38,2026-08-22 20:33:00,completed,Water Bottle
ORD_3765,Ritu Bansal,3008.9,2026-08-22 21:32:00,completed,Running Shoes
ORD_3766,Gaurav Malhotra,156.7,2026-08-22 20:05:00,completed,USB Cable
ORD_3767,Nandini Choudhury,2513.61,2026-08-22 17:32:00,completed,Keyboard
ORD_3768,Sanjay Verma,742.66,2026-08-22 21:56:00,completed,Watch Strap
ORD_3769,Meera Iyer,400.91,2026-08-23 06:07:00,completed,Water Bottle
ORD_3770,Sanjay Verma,363.4,2026-08-23 08:14:00,completed,Water Bottle
ORD_3771,Ritu Bansal,1472.85,2026-08-23 01:07:00,completed,Standing Desk Mat
ORD_3772,Sanjay Verma,315.31,2026-08-23 00:55:00,completed,Phone Case
ORD_3773,Shreya Bhat,1188.54,2026-08-22 22:31:00,completed,Desk Lamp
ORD_3774,Kavita Nair,1863.86,2026-08-23 03:06:00,completed,Monitor Light
ORD_3775,Karthik Sundaram,1835.85,2026-08-23 01:33:00,completed,Backpack
ORD_3776,Suresh Pillai,1327.54,2026-08-23 03:56:00,completed,Power Bank
ORD_3777,Nikhil Agarwal,1005.19,2026-08-22 23:30:00,completed,Yoga Mat
ORD_3778,Nandini Choudhury,510.73,2026-08-22 23:28:00,completed,Blue T-Shirt
ORD_3779,Nikhil Agarwal,3449.31,2026-08-23 01:41:00,completed,Webcam
ORD_3780,Meera Iyer,1779.62,2026-08-23 03:19:00,completed,Backpack
ORD_3781,Arjun Mehta,334.41,2026-08-22 20:42:00,completed,Phone Case
ORD_3782,Ritu Bansal,3477.03,2026-08-22 22:21:00,completed,Webcam
ORD_3783,Nikhil Agarwal,423.35,2026-08-22 17:24:00,completed,Water Bottle
ORD_3784,Rajesh Menon,1520.86,2026-08-22 19:06:00,completed,Wireless Earbuds
ORD_3785,Amit Kumar,1298.29,2026-08-23 07:00:00,completed,Power Bank
ORD_3786,Priya Patel,1000.74,2026-08-23 08:09:00,completed,Yoga Mat
ORD_3787,Sanjay Verma,1036.91,2026-08-22 18:49:00,completed,Yoga Mat
ORD_3788,Shreya Bhat,1303.87,2026-08-22 17:54:00,completed,Power Bank
ORD_3789,Rajesh Menon,1180.38,2026-08-23 03:00:00,completed,Desk Lamp
ORD_3790,Rajesh Menon,342.54,2026-08-23 07:47:00,completed,Mouse Pad
ORD_3791,Meera Iyer,1546.37,2026-08-23 03:26:00,completed,Wireless Earbuds
ORD_3792,Rahul Sharma,1152.54,2026-08-22 19:14:00,completed,Desk Lamp
ORD_3793,Arjun Mehta,277.34,2026-08-23 06:22:00,completed,Notebook Set
ORD_3794,Karthik Sundaram,261.33,2026-08-22 23:18:00,completed,Notebook Set
ORD_3795,Nikhil Agarwal,1562.46,2026-08-23 06:03:00,completed,Sunglasses
ORD_3796,Shreya Bhat,434.29,2026-08-23 04:03:00,completed,Coffee Mug
ORD_3797,Gaurav Malhotra,1274.67,2026-08-23 06:43:00,completed,Power Bank
ORD_3798,Kavita Nair,3018.08,2026-08-22 22:44:00,completed,Running Shoes
ORD_3799,Pooja Desai,236.97,2026-08-23 02:23:00,completed,Notebook Set
ORD_3800,Kavita Nair,1534.62,2026-08-23 07:40:00,completed,Wireless Earbuds
ORD_3801,Amit Kumar,396.91,2026-08-23 01:58:00,completed,Mouse Pad
ORD_3802,Kavita Nair,288.7,2026-08-22 21:41:00,completed,Notebook Set
ORD_3803,Manish Tiwari,1629.28,2026-08-23 08:59:00,completed,Sunglasses
ORD_3804,Manish Tiwari,333.67,2026-08-23 07:19:00,completed,Phone Case
ORD_3805,Arjun Mehta,965.37,2026-08-22 21:21:00,completed,Yoga Mat
ORD_3806,Nikhil Agarwal,1624.2,2026-08-23 03:36:00,completed,Sunglasses
ORD_3807,Deepika Rao,1253.64,2026-08-23 01:50:00,completed,Power Bank
ORD_3808,Divya Kulkarni,345.93,2026-08-22 17:44:00,completed,Phone Case
ORD_3809,Vikram Singh,730.22,2026-08-23 04:24:00,completed,Watch Strap
ORD_3810,Aakash Jain,493.22,2026-08-23 06:13:00,completed,Coffee Mug
ORD_3811,Ananya Reddy,517.58,2026-08-23 08:59:00,completed,Blue T-Shirt
ORD_3812,Arjun Mehta,3507.11,2026-08-22 22:47:00,completed,Webcam
ORD_3813,Ananya Reddy,175.42,2026-08-23 02:12:00,completed,USB Cable
ORD_3814,Arjun Mehta,2474.6,2026-08-23 08:06:00,completed,Keyboard
ORD_3815,Ananya Reddy,1783.31,2026-08-23 04:02:00,completed,Backpack
ORD_3816,Rohit Joshi,501.39,2026-08-22 23:48:00,completed,Blue T-Shirt
ORD_3817,Sneha Gupta,261.35,2026-08-22 17:05:00,completed,Notebook Set
ORD_3818,Sneha Gupta,2973.73,2026-08-22 23:57:00,completed,Running Shoes
ORD_3819,Nandini Choudhury,3048.28,2026-08-23 05:27:00,completed,Running Shoes
ORD_3820,Suresh Pillai,237.66,2026-08-23 02:24:00,completed,USB Cable
ORD_3821,Vikram Singh,696.49,2026-08-22 19:29:00,completed,Watch Strap
ORD_3822,Gaurav Malhotra,276.79,2026-08-23 02:43:00,completed,Phone Case
ORD_3823,Arjun Mehta,2505.94,2026-08-22 19:51:00,completed,Keyboard
ORD_3824,Nikhil Agarwal,2978.46,2026-08-23 05:45:00,completed,Running Shoes
ORD_3825,Priya Patel,1515.57,2026-08-22 21:01:00,completed,Wireless Earbuds
ORD_3826,Ananya Reddy,1194.64,2026-08-23 06:23:00,completed,Desk Lamp
ORD_3827,Sneha Gupta,1452.04,2026-08-23 03:32:00,completed,Wireless Earbuds
ORD_3828,Rohit Joshi,676.52,2026-08-22 19:57:00,completed,Watch Strap
ORD_3829,Kavita Nair,394.31,2026-08-23 08:51:00,completed,Water Bottle
ORD_3830,Ananya Reddy,1534.28,2026-08-23 01:00:00,completed,Standing Desk Mat
ORD_3831,Arjun Mehta,1546.58,2026-08-23 00:21:00,completed,Wireless Earbuds
ORD_3832,Sanjay Verma,304.26,2026-08-23 00:59:00,completed,Mouse Pad
ORD_3833,Aakash Jain,1289.62,2026-08-22 23:51:00,completed,Power Bank
ORD_3834,Ritu Bansal,413.97,2026-08-23 04:00:00,completed,Coffee Mug
ORD_3835,Aakash Jain,927.04,2026-08-23 08:21:00,completed,Laptop Stand
ORD_3836,Anjali Saxena,404.55,2026-08-22 17:04:00,completed,Coffee Mug
ORD_3837,Divya Kulkarni,2975.27,2026-08-23 02:05:00,completed,Running Shoes
ORD_3838,Rajesh Menon,2502.88,2026-08-23 04:54:00,completed,Keyboard
ORD_3839,Nikhil Agarwal,1543.74,2026-08-22 18:18:00,completed,Standing Desk Mat
ORD_3840,Gaurav Malhotra,3456.86,2026-08-22 17:02:00,completed,Webcam
ORD_3841,Sneha Gupta,440.11,2026-08-22 18:20:00,completed,Coffee Mug
ORD_3842,Sneha Gupta,1024.78,2026-08-22 17:00:00,completed,Yoga Mat
ORD_3843,Pooja Desai,1328.91,2026-08-23 06:31:00,completed,Power Bank
ORD_3844,Manish Tiwari,544.07,2026-08-22 21:07:00,completed,Blue T-Shirt
ORD_3845,Shreya Bhat,3038.53,2026-08-22 20:10:00,completed,Running Shoes
ORD_3846,Ananya Reddy,3451.93,2026-08-22 22:21:00,completed,Webcam
ORD_3847,Gaurav Malhotra,1533.99,2026-08-22 22:45:00,completed,Wireless Earbuds
ORD_3848,Karthik Sundaram,880.8,2026-08-23 07:57:00,completed,Laptop Stand
ORD_3849,Priya Patel,484.59,2026-08-22 21:49:00,completed,Coffee Mug
ORD_3850,Anjali Saxena,953.6,2026-08-22 17:24:00,completed,Yoga Mat
ORD_3851,Anjali Saxena,930.72,2026-08-22 23:40:00,completed,Laptop Stand
ORD_3852,Rahul Sharma,1872.14,2026-08-22 17:17:00,completed,Monitor Light
ORD_3853,Manish Tiwari,2987.38,2026-08-23 00:30:00,completed,Running Shoes
ORD_3854,Rahul Sharma,2975.28,2026-08-22 21:31:00,completed,Running Shoes
ORD_3855,Sneha Gupta,3038.71,2026-08-23 03:58:00,completed,Running Shoes
ORD_3856,Sanjay Verma,2465.46,2026-08-22 17:28:00,completed,Keyboard
ORD_3857,Ananya Reddy,867.85,2026-08-23 01:29:00,completed,Laptop Stand
ORD_3858,Gaurav Malhotra,936.72,2026-08-23 01:05:00,completed,Laptop Stand
ORD_3859,Meera Iyer,272.5,2026-08-22 19:21:00,completed,Notebook Set
ORD_3860,Manish Tiwari,3506.17,2026-08-23 01:28:00,completed,Webcam
ORD_3861,Rohit Joshi,2985.7,2026-08-23 06:51:00,completed,Running Shoes
ORD_3862,Amit Kumar,352.52,2026-08-23 00:57:00,completed,Mouse Pad
ORD_3863,Nandini Choudhury,368.3,2026-08-23 01:23:00,completed,Mouse Pad
ORD_3864,Anjali Saxena,3493.77,2026-08-23 08:56:00,completed,Webcam
ORD_3865,Aakash Jain,2501.52,2026-08-23 00:06:00,completed,Keyboard
ORD_3866,Divya Kulkarni,287.87,2026-08-22 22:29:00,completed,Phone Case
ORD_3867,Anjali Saxena,2454.79,2026-08-22 21:12:00,completed,Keyboard
ORD_3868,Suresh Pillai,685.19,2026-08-23 05:08:00,completed,Watch Strap
ORD_3869,Amit Kumar,2513.89,2026-08-23 06:34:00,completed,Keyboard
ORD_3870,Deepika Rao,1307.8,2026-08-22 22:23:00,completed,Power Bank
ORD_3871,Nandini Choudhury,159.09,2026-08-23 07:38:00,completed,USB Cable
ORD_3872,Suresh Pillai,224.74,2026-08-23 07:35:00,completed,Notebook Set
ORD_3873,Nikhil Agarwal,490.79,2026-08-22 21:24:00,completed,Coffee Mug
ORD_3874,Nandini Choudhury,391.19,2026-08-23 08:40:00,completed,Mouse Pad
ORD_3875,Vikram Singh,1192.88,2026-08-23 06:47:00,completed,Desk Lamp
ORD_3876,Amit Kumar,669.03,2026-08-23 02:52:00,completed,Watch Strap
ORD_3877,Sneha Gupta,1168.64,2026-08-23 08:34:00,completed,Desk Lamp
ORD_3878,Divya Kulkarni,1793.96,2026-08-22 18:22:00,completed,Backpack
ORD_3879,Aakash Jain,288.69,2026-08-22 20:21:00,completed,Notebook Set
ORD_3880,Sanjay Verma,280.61,2026-08-23 02:09:00,completed,Phone Case
ORD_3881,Priya Patel,1310.59,2026-08-23 06:42:00,completed,Power Bank
ORD_3882,Kavita Nair,2470.86,2026-08-22 21:51:00,completed,Keyboard
ORD_3883,Pooja Desai,1805.3,2026-08-22 19:03:00,completed,Backpack
ORD_3884,Vikram Singh,1865.09,2026-08-23 08:14:00,completed,Monitor Light
ORD_3885,Amit Kumar,1928.94,2026-08-23 02:38:00,completed,Monitor Light
ORD_3886,Divya Kulkarni,393.28,2026-08-23 00:02:00,completed,Mouse Pad
ORD_3887,Sanjay Verma,540.13,2026-08-22 22:52:00,completed,Blue T-Shirt
ORD_3888,Karthik Sundaram,1759.9,2026-08-23 04:52:00,completed,Backpack
ORD_3889,Shreya Bhat,1258.32,2026-08-23 01:00:00,completed,Power Bank
ORD_3890,Aakash Jain,1913.64,2026-08-23 06:21:00,completed,Monitor Light
ORD_3891,Pooja Desai,1457.17,2026-08-22 17:10:00,completed,Wireless Earbuds
ORD_3892,Anjali Saxena,1512.93,2026-08-23 08:59:00,completed,Standing Desk Mat
ORD_3893,Priya Patel,1825.27,2026-08-22 20:25:00,completed,Backpack
ORD_3894,Aakash Jain,171.73,2026-08-22 21:37:00,completed,USB Cable
ORD_3895,Vikram Singh,1343.31,2026-08-23 01:40:00,completed,Power Bank
ORD_3896,Pooja Desai,1928.51,2026-08-23 07:40:00,completed,Monitor Light
ORD_3897,Vikram Singh,462.61,2026-08-22 20:08:00,completed,Coffee Mug
ORD_3898,Rahul Sharma,2508.21,2026-08-23 03:41:00,completed,Keyboard
ORD_3899,Sneha Gupta,434.03,2026-08-22 21:49:00,completed,Coffee Mug
ORD_3900,Kavita Nair,1543.0,2026-08-23 03:39:00,completed,Wireless Earbuds
ORD_3901,Ananya Reddy,864.6,2026-08-22 19:40:00,completed,Laptop Stand
ORD_3902,Rohit Joshi,3499.52,2026-08-23 07:40:00,completed,Webcam
ORD_3903,Ananya Reddy,465.87,2026-08-23 23:58:00,completed,Coffee Mug
ORD_3904,Divya Kulkarni,2454.26,2026-08-23 08:02:00,completed,Keyboard
ORD_3905,Nandini Choudhury,411.03,2026-08-23 06:53:00,completed,Water Bottle
ORD_3906,Nikhil Agarwal,2540.45,2026-08-22 21:33:00,completed,Keyboard
ORD_3907,Deepika Rao,1797.17,2026-08-23 07:54:00,completed,Backpack
ORD_3908,Kavita Nair,1943.08,2026-08-22 19:50:00,completed,Monitor Light
ORD_3909,Vikram Singh,1012.04,2026-08-22 20:51:00,completed,Yoga Mat
ORD_3910,Rahul Sharma,654.64,2026-08-23 04:07:00,completed,Watch Strap
ORD_3911,Karthik Sundaram,437.71,2026-08-22 23:10:00,completed,Water Bottle
ORD_3912,Suresh Pillai,1766.9,2026-08-23 08:20:00,completed,Backpack
ORD_3913,Nandini Choudhury,681.52,2026-08-22 23:46:00,completed,Watch Strap
ORD_3914,Manish Tiwari,395.91,2026-08-23 05:11:00,completed,Mouse Pad
ORD_3915,Kavita Nair,994.05,2026-08-23 06:33:00,completed,Yoga Mat
ORD_3916,Anjali Saxena,357.96,2026-08-23 06:28:00,completed,Water Bottle
ORD_3917,Divya Kulkarni,1629.6,2026-08-23 07:43:00,completed,Sunglasses
ORD_3918,Sanjay Verma,464.4,2026-08-23 07:24:00,completed,Coffee Mug
ORD_3919,Ritu Bansal,1913.29,2026-08-23 02:05:00,completed,Monitor Light
ORD_3920,Ananya Reddy,1625.08,2026-08-22 20:19:00,completed,Sunglasses
ORD_3921,Aakash Jain,481.2,2026-08-23 02:10:00,completed,Blue T-Shirt
ORD_3922,Priya Patel,410.14,2026-08-23 08:07:00,completed,Coffee Mug
ORD_3923,Manish Tiwari,895.01,2026-08-23 08:28:00,completed,Laptop Stand
ORD_3924,Nandini Choudhury,3495.12,2026-08-23 06:52:00,completed,Webcam
ORD_3925,Anjali Saxena,733.95,2026-08-22 21:16:00,completed,Watch Strap
ORD_3926,Kavita Nair,1842.88,2026-08-22 17:55:00,completed,Backpack
ORD_3927,Vikram Singh,387.46,2026-08-22 19:04:00,completed,Water Bottle
ORD_3928,Gaurav Malhotra,242.82,2026-08-22 20:41:00,completed,USB Cable
ORD_3929,Pooja Desai,1039.63,2026-08-23 00:30:00,completed,Yoga Mat
ORD_3930,Rahul Sharma,1929.33,2026-08-23 01:57:00,completed,Monitor Light
ORD_3931,Kavita Nair,909.48,2026-08-23 01:58:00,completed,Laptop Stand
ORD_3932,Nandini Choudhury,1454.43,2026-08-23 06:43:00,completed,Standing Desk Mat
ORD_3933,Ritu Bansal,408.6,2026-08-23 07:43:00,completed,Coffee Mug
ORD_3934,Arjun Mehta,1004.44,2026-08-22 17:16:00,completed,Yoga Mat
ORD_3935,Meera Iyer,2968.73,2026-08-22 19:47:00,completed,Running Shoes
ORD_3936,Sneha Gupta,1575.4,2026-08-23 01:37:00,completed,Sunglasses
ORD_3937,Nandini Choudhury,1170.23,2026-08-22 21:09:00,completed,Desk Lamp
ORD_3938,Divya Kulkarni,1210.7,2026-08-23 04:47:00,completed,Desk Lamp
ORD_3939,Arjun Mehta,1289.54,2026-08-22 20:43:00,completed,Power Bank
ORD_3940,Suresh Pillai,1285.16,2026-08-22 23:39:00,completed,Power Bank
ORD_3941,Rohit Joshi,258.6,2026-08-23 04:51:00,completed,Phone Case
ORD_3942,Deepika Rao,1810.31,2026-08-22 18:30:00,completed,Backpack
ORD_3943,Aakash Jain,525.62,2026-08-22 22:40:00,completed,Blue T-Shirt
ORD_3944,Rohit Joshi,1563.36,2026-08-22 19:26:00,completed,Sunglasses
ORD_3945,Deepika Rao,225.7,2026-08-23 07:30:00,completed,USB Cable
ORD_3946,Rahul Sharma,1902.71,2026-08-22 17:55:00,completed,Monitor Light
ORD_3947,Sanjay Verma,1488.03,2026-08-23 07:44:00,completed,Standing Desk Mat
ORD_3948,Vikram Singh,342.93,2026-08-22 17:34:00,completed,Phone Case
ORD_3949,Nikhil Agarwal,400.78,2026-08-22 19:35:00,completed,Water Bottle
ORD_3950,Divya Kulkarni,2468.97,2026-08-22 21:39:00,completed,Keyboard
ORD_3951,Kavita Nair,924.02,2026-08-23 06:41:00,completed,Laptop Stand
ORD_3952,Amit Kumar,460.35,2026-08-22 21:13:00,completed,Coffee Mug
ORD_3953,Suresh Pillai,475.25,2026-08-22 19:05:00,completed,Coffee Mug
ORD_3954,Sanjay Verma,499.76,2026-08-23 02:16:00,completed,Blue T-Shirt
ORD_3955,Anjali Saxena,1570.24,2026-08-23 00:49:00,completed,Sunglasses
ORD_3956,Ritu Bansal,1306.0,2026-08-23 03:49:00,completed,Power Bank
ORD_3957,Nandini Choudhury,245.27,2026-08-22 19:45:00,completed,Notebook Set
ORD_3958,Ritu Bansal,862.29,2026-08-22 20:28:00,completed,Laptop Stand
ORD_3959,Rahul Sharma,1530.19,2026-08-23 06:13:00,completed,Standing Desk Mat
ORD_3960,Sneha Gupta,1883.41,2026-08-22 18:01:00,completed,Monitor Light
ORD_3961,Nikhil Agarwal,1470.53,2026-08-22 18:11:00,completed,Wireless Earbuds
ORD_3962,Amit Kumar,460.61,2026-08-23 00:52:00,completed,Coffee Mug
ORD_3963,Divya Kulkarni,3449.72,2026-08-22 23:44:00,completed,Webcam
ORD_3964,Rohit Joshi,971.87,2026-08-23 04:01:00,completed,Yoga Mat
ORD_3965,Meera Iyer,1273.43,2026-08-22 19:51:00,completed,Power Bank
ORD_3966,Ritu Bansal,246.55,2026-08-23 02:05:00,completed,USB Cable
ORD_3967,Rohit Joshi,997.05,2026-08-23 00:38:00,completed,Yoga Mat
ORD_3968,Rajesh Menon,953.38,2026-08-23 02:27:00,completed,Yoga Mat
ORD_3969,Shreya Bhat,1000.09,2026-08-23 02:24:00,completed,Yoga Mat
ORD_3970,Suresh Pillai,959.52,2026-08-22 17:25:00,completed,Yoga Mat
ORD_3971,Nikhil Agarwal,480.48,2026-08-23 08:40:00,completed,Coffee Mug
ORD_3972,Shreya Bhat,422.34,2026-08-23 06:22:00,completed,Water Bottle
ORD_3973,Anjali Saxena,283.53,2026-08-23 08:05:00,completed,Notebook Set
ORD_3974,Manish Tiwari,1260.5,2026-08-23 23:57:00,completed,Power Bank
ORD_3975,Meera Iyer,1620.89,2026-08-23 02:30:00,completed,Sunglasses
ORD_3976,Nandini Choudhury,3044.39,2026-08-22 17:36:00,completed,Running Shoes
ORD_3977,Deepika Rao,1549.6,2026-08-22 20:31:00,completed,Sunglasses
ORD_3978,Ananya Reddy,1494.01,2026-08-22 22:34:00,completed,Wireless Earbuds
ORD_3979,Aakash Jain,1452.62,2026-08-23 01:35:00,completed,Standing Desk Mat
ORD_3980,Manish Tiwari,3465.36,2026-08-23 06:41:00,completed,Webcam
ORD_3981,Anjali Saxena,424.97,2026-08-23 04:24:00,completed,Coffee Mug
ORD_3982,Manish Tiwari,1228.43,2026-08-22 21:22:00,completed,Desk Lamp
ORD_3983,Shreya Bhat,222.84,2026-08-22 21:20:00,completed,Notebook Set
ORD_3984,Manish Tiwari,935.11,2026-08-22 18:49:00,completed,Laptop Stand
ORD_3985,Rahul Sharma,1270.93,2026-08-23 00:51:00,completed,Power Bank
ORD_3986,Sneha Gupta,1935.51,2026-08-22 17:21:00,completed,Monitor Light
ORD_3987,Pooja Desai,201.45,2026-08-22 20:56:00,completed,Notebook Set
ORD_3988,Pooja Desai,990.32,2026-08-23 03:38:00,completed,Yoga Mat
ORD_3989,Rohit Joshi,1324.6,2026-08-22 19:36:00,completed,Power Bank
ORD_3990,Divya Kulkarni,1513.09,2026-08-23 06:02:00,completed,Wireless Earbuds
ORD_3991,Shreya Bhat,674.04,2026-08-22 23:29:00,completed,Watch Strap
ORD_3992,Divya Kulkarni,929.48,2026-08-22 21:26:00,completed,Laptop Stand
ORD_3993,Deepika Rao,1222.3,2026-08-22 20:17:00,completed,Desk Lamp
ORD_3994,Manish Tiwari,2502.38,2026-08-22 22:25:00,completed,Keyboard
ORD_3995,Shreya Bhat,878.82,2026-08-23 04:30:00,completed,Laptop Stand
ORD_3996,Nandini Choudhury,1499.83,2026-08-22 18:48:00,completed,Wireless Earbuds
ORD_3997,Anjali Saxena,3041.75,2026-08-23 07:13:00,completed,Running Shoes
ORD_3998,Rahul Sharma,401.01,2026-08-23 02:21:00,completed,Water Bottle
ORD_3999,Manish Tiwari,1290.24,2026-08-22 22:46:00,completed,Power Bank
ORD_4000,Aakash Jain,1329.98,2026-08-22 20:35:00,completed,Power Bank
ORD_4001,Pooja Desai,447.67,2026-08-22 18:41:00,completed,Coffee Mug
ORD_4002,Pooja Desai,496.21,2026-08-23 01:33:00,completed,Blue T-Shirt
ORD_4003,Kavita Nair,709.96,2026-08-23 03:57:00,completed,Watch Strap
ORD_4004,Manish Tiwari,876.39,2026-08-23 04:15:00,completed,Laptop Stand
ORD_4005,Pooja Desai,230.42,2026-08-22 20:55:00,completed,USB Cable
ORD_4006,Shreya Bhat,3451.94,2026-08-23 01:24:00,completed,Webcam
ORD_4007,Anjali Saxena,1752.71,2026-08-22 23:48:00,completed,Backpack
ORD_4008,Kavita Nair,1496.96,2026-08-22 21:51:00,completed,Wireless Earbuds
ORD_4009,Manish Tiwari,1604.73,2026-08-22 18:27:00,completed,Sunglasses
ORD_4010,Meera Iyer,1196.56,2026-08-23 06:49:00,completed,Desk Lamp
ORD_4011,Sanjay Verma,1476.66,2026-08-23 00:26:00,completed,Standing Desk Mat
ORD_4012,Karthik Sundaram,424.86,2026-08-22 18:18:00,completed,Water Bottle
ORD_4013,Manish Tiwari,1810.78,2026-08-22 19:58:00,completed,Backpack
ORD_4014,Ritu Bansal,479.4,2026-08-23 01:05:00,completed,Blue T-Shirt
ORD_4015,Manish Tiwari,910.47,2026-08-23 07:58:00,completed,Laptop Stand
ORD_4016,Meera Iyer,1816.62,2026-08-23 02:11:00,completed,Backpack
ORD_4017,Rahul Sharma,3456.12,2026-08-23 08:42:00,completed,Webcam
ORD_4018,Karthik Sundaram,854.08,2026-08-22 17:49:00,completed,Laptop Stand
ORD_4019,Rahul Sharma,686.85,2026-08-22 22:18:00,completed,Watch Strap
ORD_4020,Sanjay Verma,1546.51,2026-08-23 07:21:00,completed,Standing Desk Mat
ORD_4021,Gaurav Malhotra,3464.74,2026-08-23 02:38:00,completed,Webcam
ORD_4022,Suresh Pillai,724.78,2026-08-22 18:18:00,completed,Watch Strap
ORD_4023,Kavita Nair,939.78,2026-08-23 07:39:00,completed,Laptop Stand
ORD_4024,Rohit Joshi,1757.48,2026-08-23 01:54:00,completed,Backpack
ORD_4025,Kavita Nair,1262.11,2026-08-22 18:24:00,completed,Power Bank
ORD_4026,Meera Iyer,443.12,2026-08-23 07:55:00,completed,Water Bottle
ORD_4027,Karthik Sundaram,697.33,2026-08-23 08:38:00,completed,Watch Strap
ORD_4028,Pooja Desai,656.96,2026-08-23 08:20:00,completed,Watch Strap
ORD_4029,Rajesh Menon,3519.49,2026-08-23 01:57:00,completed,Webcam
ORD_4030,Aakash Jain,447.69,2026-08-23 06:53:00,completed,Coffee Mug
ORD_4031,Kavita Nair,902.92,2026-08-23 03:37:00,completed,Laptop Stand
ORD_4032,Deepika Rao,662.77,2026-08-23 01:21:00,completed,Watch Strap
ORD_4033,Amit Kumar,680.76,2026-08-23 23:58:00,completed,Watch Strap
ORD_4034,Shreya Bhat,1517.92,2026-08-22 17:35:00,completed,Standing Desk Mat
ORD_4035,Sanjay Verma,1511.79,2026-08-23 05:28:00,completed,Standing Desk Mat
ORD_4036,Karthik Sundaram,1255.7,2026-08-22 22:26:00,completed,Power Bank
ORD_4037,Rahul Sharma,3460.94,2026-08-22 23:09:00,completed,Webcam
ORD_4038,Rahul Sharma,1897.65,2026-08-23 03:14:00,completed,Monitor Light
ORD_4039,Anjali Saxena,416.04,2026-08-22 18:54:00,completed,Coffee Mug
ORD_4040,Meera Iyer,1831.28,2026-08-23 00:54:00,completed,Backpack
ORD_4041,Sanjay Verma,367.81,2026-08-22 21:51:00,completed,Water Bottle
ORD_4042,Pooja Desai,691.32,2026-08-22 19:41:00,completed,Watch Strap
ORD_4043,Nandini Choudhury,1642.86,2026-08-23 02:57:00,completed,Sunglasses
ORD_4044,Rajesh Menon,1933.12,2026-08-23 04:03:00,completed,Monitor Light
ORD_4045,Vikram Singh,1585.86,2026-08-22 23:16:00,completed,Sunglasses
ORD_4046,Pooja Desai,272.74,2026-08-23 07:43:00,completed,Notebook Set
ORD_4047,Deepika Rao,1460.45,2026-08-22 23:52:00,completed,Standing Desk Mat
ORD_4048,Gaurav Malhotra,1629.61,2026-08-22 17:31:00,completed,Sunglasses
ORD_4049,Nikhil Agarwal,276.46,2026-08-23 01:39:00,completed,Notebook Set
ORD_4050,Pooja Desai,375.88,2026-08-23 04:04:00,completed,Mouse Pad
ORD_4051,Nikhil Agarwal,670.85,2026-08-22 21:21:00,completed,Watch Strap
ORD_4052,Sanjay Verma,3450.64,2026-08-23 01:43:00,completed,Webcam
ORD_4053,Rahul Sharma,3498.65,2026-08-23 03:43:00,completed,Webcam
ORD_4054,Sanjay Verma,413.22,2026-08-23 04:49:00,completed,Coffee Mug
ORD_4055,Kavita Nair,703.64,2026-08-23 00:38:00,completed,Watch Strap
ORD_4056,Ananya Reddy,3492.99,2026-08-22 17:43:00,completed,Webcam
ORD_4057,Meera Iyer,1505.25,2026-08-23 02:25:00,completed,Standing Desk Mat
ORD_4058,Anjali Saxena,1793.75,2026-08-23 07:22:00,completed,Backpack
ORD_4059,Manish Tiwari,2974.21,2026-08-22 18:56:00,completed,Running Shoes
ORD_4060,Deepika Rao,1753.14,2026-08-23 01:52:00,completed,Backpack
ORD_4061,Aakash Jain,1467.09,2026-08-22 23:48:00,completed,Wireless Earbuds
ORD_4062,Aakash Jain,1546.88,2026-08-23 05:26:00,completed,Wireless Earbuds
ORD_4063,Shreya Bhat,3473.8,2026-08-22 23:00:00,completed,Webcam
ORD_4064,Divya Kulkarni,1278.52,2026-08-23 05:56:00,completed,Power Bank
ORD_4065,Rohit Joshi,448.07,2026-08-22 21:54:00,completed,Coffee Mug
ORD_4066,Suresh Pillai,1339.79,2026-08-22 22:04:00,completed,Power Bank
ORD_4067,Gaurav Malhotra,3021.64,2026-08-22 20:29:00,completed,Running Shoes
ORD_4068,Kavita Nair,708.26,2026-08-23 00:25:00,completed,Watch Strap
ORD_4069,Rajesh Menon,1925.1,2026-08-22 23:47:00,completed,Monitor Light
ORD_4070,Rohit Joshi,375.46,2026-08-22 17:16:00,completed,Water Bottle
ORD_4071,Rohit Joshi,243.67,2026-08-23 06:51:00,completed,Notebook Set
ORD_4072,Meera Iyer,2968.25,2026-08-22 22:05:00,completed,Running Shoes
ORD_4073,Gaurav Malhotra,3542.32,2026-08-22 17:34:00,completed,Webcam
ORD_4074,Shreya Bhat,497.16,2026-08-23 07:59:00,completed,Coffee Mug
ORD_4075,Kavita Nair,1639.03,2026-08-23 04:08:00,completed,Sunglasses
ORD_4076,Gaurav Malhotra,3490.04,2026-08-23 06:17:00,completed,Webcam
ORD_4077,Nikhil Agarwal,318.14,2026-08-23 02:11:00,completed,Mouse Pad
ORD_4078,Karthik Sundaram,1886.39,2026-08-23 05:02:00,completed,Monitor Light
ORD_4079,Priya Patel,1020.25,2026-08-23 07:50:00,completed,Yoga Mat
ORD_4080,Ritu Bansal,197.77,2026-08-22 21:21:00,completed,USB Cable
ORD_4081,Suresh Pillai,1229.44,2026-08-23 02:05:00,completed,Desk Lamp
ORD_4082,Rajesh Menon,1481.09,2026-08-23 06:25:00,completed,Wireless Earbuds
ORD_4083,Arjun Mehta,292.11,2026-08-22 23:26:00,completed,Notebook Set
ORD_4084,Deepika Rao,197.72,2026-08-23 01:06:00,completed,USB Cable
ORD_4085,Vikram Singh,1513.03,2026-08-23 05:33:00,completed,Standing Desk Mat
ORD_4086,Priya Patel,3519.96,2026-08-23 02:22:00,completed,Webcam
ORD_4087,Anjali Saxena,316.04,2026-08-23 07:25:00,completed,Phone Case
ORD_4088,Aakash Jain,370.5,2026-08-22 21:19:00,completed,Mouse Pad
ORD_4089,Rajesh Menon,873.75,2026-08-22 21:40:00,completed,Laptop Stand
ORD_4090,Rajesh Menon,267.3,2026-08-22 18:31:00,completed,Notebook Set
ORD_4091,Rohit Joshi,3526.3,2026-08-23 04:38:00,completed,Webcam
ORD_4092,Rahul Sharma,3460.87,2026-08-22 23:56:00,completed,Webcam
ORD_4093,Sneha Gupta,852.26,2026-08-23 02:43:00,completed,Laptop Stand
ORD_4094,Anjali Saxena,2474.04,2026-08-22 17:43:00,completed,Keyboard
ORD_4095,Nandini Choudhury,431.76,2026-08-22 17:53:00,completed,Water Bottle
ORD_4096,Ananya Reddy,3508.51,2026-08-22 22:36:00,completed,Webcam
ORD_4097,Arjun Mehta,1195.46,2026-08-23 03:08:00,completed,Desk Lamp
ORD_4098,Rahul Sharma,1553.37,2026-08-22 17:23:00,completed,Sunglasses
ORD_4099,Vikram Singh,394.61,2026-08-23 05:55:00,completed,Water Bottle
ORD_4100,Anjali Saxena,1455.14,2026-08-22 19:57:00,completed,Wireless Earbuds
ORD_4101,Rajesh Menon,205.91,2026-08-22 19:37:00,completed,Notebook Set
ORD_4102,Karthik Sundaram,1865.75,2026-08-22 23:35:00,completed,Monitor Light
ORD_4103,Meera Iyer,1243.01,2026-08-23 04:54:00,completed,Desk Lamp
ORD_4104,Amit Kumar,937.75,2026-08-22 17:22:00,completed,Laptop Stand
ORD_4105,Shreya Bhat,3047.07,2026-08-23 02:04:00,completed,Running Shoes
ORD_4106,Sanjay Verma,1595.8,2026-08-22 22:41:00,completed,Sunglasses
ORD_4107,Anjali Saxena,1529.96,2026-08-22 20:30:00,completed,Wireless Earbuds
ORD_4108,Aakash Jain,1567.38,2026-08-23 05:22:00,completed,Sunglasses
ORD_4109,Ritu Bansal,457.03,2026-08-23 23:58:00,completed,Blue T-Shirt
ORD_4110,Rajesh Menon,2451.45,2026-08-23 01:27:00,completed,Keyboard
ORD_4111,Shreya Bhat,211.07,2026-08-23 02:50:00,completed,USB Cable
ORD_4112,Aakash Jain,218.44,2026-08-23 06:03:00,completed,USB Cable
ORD_4113,Priya Patel,1244.26,2026-08-22 23:21:00,completed,Desk Lamp
ORD_4114,Nikhil Agarwal,1175.7,2026-08-23 02:40:00,completed,Desk Lamp
ORD_4115,Nikhil Agarwal,1336.56,2026-08-23 00:13:00,completed,Power Bank
ORD_4116,Suresh Pillai,962.88,2026-08-23 06:35:00,completed,Yoga Mat
ORD_4117,Deepika Rao,1814.78,2026-08-23 08:07:00,completed,Backpack
ORD_4118,Manish Tiwari,2483.91,2026-08-23 01:40:00,completed,Keyboard
ORD_4119,Pooja Desai,397.24,2026-08-23 03:41:00,completed,Water Bottle
ORD_4120,Arjun Mehta,981.57,2026-08-22 22:11:00,completed,Yoga Mat
ORD_4121,Rahul Sharma,1457.1,2026-08-22 20:45:00,completed,Wireless Earbuds
ORD_4122,Vikram Singh,2482.18,2026-08-23 07:06:00,completed,Keyboard
ORD_4123,Rohit Joshi,2502.32,2026-08-23 06:05:00,completed,Keyboard
ORD_4124,Amit Kumar,3478.29,2026-08-23 06:40:00,completed,Webcam
ORD_4125,Rahul Sharma,348.28,2026-08-23 04:20:00,completed,Phone Case
ORD_4126,Meera Iyer,1606.32,2026-08-22 20:40:00,completed,Sunglasses
ORD_4127,Deepika Rao,1007.15,2026-08-22 20:10:00,completed,Yoga Mat
ORD_4128,Sanjay Verma,276.15,2026-08-22 20:58:00,completed,Notebook Set
ORD_4129,Amit Kumar,301.47,2026-08-22 18:24:00,completed,Phone Case
ORD_4130,Meera Iyer,373.56,2026-08-23 05:17:00,completed,Water Bottle
ORD_4131,Gaurav Malhotra,1475.9,2026-08-23 00:22:00,completed,Wireless Earbuds
ORD_4132,Priya Patel,965.95,2026-08-22 21:52:00,completed,Yoga Mat
ORD_4133,Amit Kumar,3025.38,2026-08-22 20:14:00,completed,Running Shoes
ORD_4134,Aakash Jain,2498.18,2026-08-23 04:26:00,completed,Keyboard
ORD_4135,Shreya Bhat,3528.47,2026-08-23 00:14:00,completed,Webcam
ORD_4136,Nikhil Agarwal,1505.38,2026-08-23 02:33:00,completed,Standing Desk Mat
ORD_4137,Divya Kulkarni,495.08,2026-08-22 21:25:00,completed,Blue T-Shirt
ORD_4138,Karthik Sundaram,340.24,2026-08-23 04:50:00,completed,Mouse Pad
ORD_4139,Ananya Reddy,265.38,2026-08-23 02:11:00,completed,Phone Case
ORD_4140,Kavita Nair,922.9,2026-08-23 05:48:00,completed,Laptop Stand
ORD_4141,Vikram Singh,3488.79,2026-08-22 21:13:00,completed,Webcam
ORD_4142,Arjun Mehta,162.64,2026-08-22 21:10:00,completed,USB Cable
ORD_4143,Shreya Bhat,1803.46,2026-08-22 22:16:00,completed,Backpack
ORD_4144,Ritu Bansal,410.66,2026-08-23 06:11:00,completed,Coffee Mug
ORD_4145,Meera Iyer,694.84,2026-08-22 23:24:00,completed,Watch Strap
ORD_4146,Rohit Joshi,2961.89,2026-08-22 20:46:00,completed,Running Shoes
ORD_4147,Nandini Choudhury,181.13,2026-08-23 08:45:00,completed,USB Cable
ORD_4148,Ananya Reddy,1465.0,2026-08-22 22:33:00,completed,Standing Desk Mat
ORD_4149,Shreya Bhat,413.45,2026-08-22 17:49:00,completed,Coffee Mug
ORD_4150,Ananya Reddy,182.84,2026-08-22 22:37:00,completed,USB Cable
ORD_4151,Ananya Reddy,2976.95,2026-08-22 23:12:00,completed,Running Shoes
ORD_4152,Manish Tiwari,699.85,2026-08-23 04:50:00,completed,Watch Strap
ORD_4153,Meera Iyer,1285.14,2026-08-22 23:58:00,completed,Power Bank
ORD_4154,Deepika Rao,3492.57,2026-08-23 02:25:00,completed,Webcam
ORD_4155,Gaurav Malhotra,953.13,2026-08-23 05:36:00,completed,Yoga Mat
ORD_4156,Sneha Gupta,288.23,2026-08-22 20:47:00,completed,Notebook Set
ORD_4157,Suresh Pillai,1638.63,2026-08-22 17:50:00,completed,Sunglasses
ORD_4158,Sanjay Verma,233.24,2026-08-22 23:45:00,completed,USB Cable
ORD_4159,Aakash Jain,3018.55,2026-08-22 23:30:00,completed,Running Shoes
ORD_4160,Rahul Sharma,3473.75,2026-08-23 04:15:00,completed,Webcam
ORD_4161,Nikhil Agarwal,655.17,2026-08-23 05:18:00,completed,Watch Strap
ORD_4162,Sneha Gupta,1522.32,2026-08-22 21:18:00,completed,Wireless Earbuds
ORD_4163,Arjun Mehta,451.55,2026-08-22 19:52:00,completed,Blue T-Shirt
ORD_4164,Deepika Rao,1848.92,2026-08-22 23:01:00,completed,Backpack
ORD_4165,Meera Iyer,529.07,2026-08-22 17:13:00,completed,Blue T-Shirt
ORD_4166,Arjun Mehta,875.73,2026-08-23 00:22:00,completed,Laptop Stand
ORD_4167,Sneha Gupta,1202.99,2026-08-22 20:21:00,completed,Desk Lamp
ORD_4168,Karthik Sundaram,210.19,2026-08-22 20:41:00,completed,Notebook Set
ORD_4169,Amit Kumar,1269.01,2026-08-22 22:09:00,completed,Power Bank
ORD_4170,Divya Kulkarni,3500.76,2026-08-22 18:47:00,completed,Webcam
ORD_4171,Amit Kumar,1506.51,2026-08-22 20:49:00,completed,Standing Desk Mat
ORD_4172,Rajesh Menon,1862.57,2026-08-22 22:33:00,completed,Monitor Light
ORD_4173,Sanjay Verma,378.79,2026-08-22 18:09:00,completed,Water Bottle
ORD_4174,Amit Kumar,3455.26,2026-08-22 18:21:00,completed,Webcam
ORD_4175,Nandini Choudhury,1296.07,2026-08-23 00:42:00,completed,Power Bank
ORD_4176,Rajesh Menon,957.32,2026-08-23 00:12:00,completed,Yoga Mat
ORD_4177,Nikhil Agarwal,1750.62,2026-08-22 21:37:00,completed,Backpack
ORD_4178,Amit Kumar,1626.59,2026-08-22 17:35:00,completed,Sunglasses
ORD_4179,Rahul Sharma,424.74,2026-08-23 06:14:00,completed,Water Bottle
ORD_4180,Suresh Pillai,334.42,2026-08-22 17:41:00,completed,Mouse Pad
ORD_4181,Meera Iyer,2531.95,2026-08-23 04:57:00,completed,Keyboard
ORD_4182,Rahul Sharma,403.82,2026-08-22 22:38:00,completed,Coffee Mug
ORD_4183,Ritu Bansal,3470.05,2026-08-23 01:39:00,completed,Webcam
ORD_4184,Meera Iyer,1592.89,2026-08-22 17:44:00,completed,Sunglasses
ORD_4185,Priya Patel,1811.08,2026-08-23 00:52:00,completed,Backpack
ORD_4186,Rohit Joshi,1344.15,2026-08-23 03:04:00,completed,Power Bank
ORD_4187,Priya Patel,2994.82,2026-08-22 17:13:00,completed,Running Shoes
ORD_4188,Karthik Sundaram,930.27,2026-08-22 17:38:00,completed,Laptop Stand
ORD_4189,Karthik Sundaram,498.87,2026-08-23 01:19:00,completed,Blue T-Shirt
ORD_4190,Ananya Reddy,261.51,2026-08-23 07:44:00,completed,Phone Case
ORD_4191,Pooja Desai,2513.97,2026-08-23 04:46:00,completed,Keyboard
ORD_4192,Rohit Joshi,1938.77,2026-08-23 07:17:00,completed,Monitor Light
ORD_4193,Divya Kulkarni,174.5,2026-08-23 00:42:00,completed,USB Cable
ORD_4194,Karthik Sundaram,1479.6,2026-08-22 23:06:00,completed,Standing Desk Mat
ORD_4195,Rohit Joshi,314.71,2026-08-23 02:25:00,completed,Mouse Pad
ORD_4196,Amit Kumar,1489.89,2026-08-22 17:24:00,completed,Standing Desk Mat
ORD_4197,Manish Tiwari,3462.08,2026-08-22 23:35:00,completed,Webcam
ORD_4198,Suresh Pillai,3488.94,2026-08-22 23:47:00,completed,Webcam
ORD_4199,Karthik Sundaram,309.5,2026-08-23 03:14:00,completed,Phone Case
ORD_4200,Deepika Rao,910.8,2026-08-23 08:33:00,completed,Laptop Stand
ORD_4201,Nandini Choudhury,306.04,2026-08-22 21:38:00,completed,Mouse Pad
ORD_4202,Rahul Sharma,337.35,2026-08-23 07:51:00,completed,Phone Case
ORD_4203,Nikhil Agarwal,2491.78,2026-08-23 03:21:00,completed,Keyboard
ORD_4204,Nikhil Agarwal,1188.25,2026-08-22 23:13:00,completed,Desk Lamp
ORD_4205,Pooja Desai,310.58,2026-08-23 06:45:00,completed,Phone Case
ORD_4206,Suresh Pillai,306.52,2026-08-22 22:44:00,completed,Mouse Pad
ORD_4207,Nandini Choudhury,275.59,2026-08-23 05:19:00,completed,Notebook Set
ORD_4208,Pooja Desai,1514.48,2026-08-22 21:28:00,completed,Standing Desk Mat
ORD_4209,Sneha Gupta,877.31,2026-08-22 23:28:00,completed,Laptop Stand
ORD_4210,Kavita Nair,317.08,2026-08-23 05:30:00,completed,Mouse Pad
ORD_4211,Nikhil Agarwal,1873.68,2026-08-23 04:39:00,completed,Monitor Light
ORD_4212,Ritu Bansal,287.54,2026-08-23 05:22:00,completed,Notebook Set
ORD_4213,Nandini Choudhury,476.25,2026-08-22 22:53:00,completed,Coffee Mug
ORD_4214,Gaurav Malhotra,2472.33,2026-08-23 01:14:00,completed,Keyboard
ORD_4215,Nandini Choudhury,205.07,2026-08-23 01:52:00,completed,Notebook Set
ORD_4216,Nikhil Agarwal,3002.93,2026-08-23 05:12:00,completed,Running Shoes
ORD_4217,Pooja Desai,3457.51,2026-08-22 20:53:00,completed,Webcam
ORD_4218,Gaurav Malhotra,151.01,2026-08-22 23:57:00,completed,USB Cable
ORD_4219,Suresh Pillai,1521.44,2026-08-23 06:30:00,completed,Standing Desk Mat
ORD_4220,Anjali Saxena,464.23,2026-08-23 06:28:00,completed,Coffee Mug
ORD_4221,Meera Iyer,344.61,2026-08-22 22:12:00,completed,Mouse Pad
ORD_4222,Arjun Mehta,1174.11,2026-08-22 21:18:00,completed,Desk Lamp
ORD_4223,Manish Tiwari,3460.33,2026-08-23 03:05:00,completed,Webcam
ORD_4224,Karthik Sundaram,869.95,2026-08-23 02:20:00,completed,Laptop Stand
ORD_4225,Amit Kumar,1830.54,2026-08-22 18:06:00,completed,Backpack
ORD_4226,Aakash Jain,1925.3,2026-08-23 07:30:00,completed,Monitor Light
ORD_4227,Rohit Joshi,1538.9,2026-08-23 03:19:00,completed,Wireless Earbuds
ORD_4228,Kavita Nair,1599.06,2026-08-23 06:40:00,completed,Sunglasses
ORD_4229,Aakash Jain,1634.94,2026-08-22 23:36:00,completed,Sunglasses
ORD_4230,Ananya Reddy,1457.96,2026-08-23 01:28:00,completed,Wireless Earbuds
ORD_4231,Suresh Pillai,1922.79,2026-08-23 08:08:00,completed,Monitor Light
ORD_4232,Rahul Sharma,2959.49,2026-08-23 04:39:00,completed,Running Shoes
ORD_4233,Divya Kulkarni,1152.81,2026-08-22 17:00:00,completed,Desk Lamp
ORD_4234,Pooja Desai,440.77,2026-08-22 17:58:00,completed,Water Bottle
ORD_4235,Aakash Jain,306.79,2026-08-23 08:38:00,completed,Phone Case
ORD_4236,Sanjay Verma,1313.34,2026-08-22 21:01:00,completed,Power Bank
ORD_4237,Rahul Sharma,1631.45,2026-08-22 20:48:00,completed,Sunglasses
ORD_4238,Nandini Choudhury,414.52,2026-08-23 08:13:00,completed,Water Bottle
ORD_4239,Aakash Jain,971.04,2026-08-23 04:27:00,completed,Yoga Mat
ORD_4240,Ritu Bansal,248.43,2026-08-22 18:16:00,completed,USB Cable
ORD_4241,Aakash Jain,3033.34,2026-08-23 07:48:00,completed,Running Shoes
ORD_4242,Aakash Jain,1518.36,2026-08-23 05:31:00,completed,Wireless Earbuds
ORD_4243,Suresh Pillai,2516.69,2026-08-22 21:20:00,completed,Keyboard
ORD_4244,Sanjay Verma,3531.84,2026-08-23 08:32:00,completed,Webcam
ORD_4245,Anjali Saxena,1045.72,2026-08-23 06:36:00,completed,Yoga Mat
ORD_4246,Gaurav Malhotra,1883.91,2026-08-22 20:59:00,completed,Monitor Light
ORD_4247,Suresh Pillai,3045.83,2026-08-23 04:19:00,completed,Running Shoes
ORD_4248,Ananya Reddy,216.84,2026-08-23 03:20:00,completed,USB Cable
ORD_4249,Amit Kumar,3493.54,2026-08-22 18:39:00,completed,Webcam
ORD_4250,Ananya Reddy,2545.95,2026-08-23 01:48:00,completed,Keyboard
ORD_4251,Amit Kumar,1878.86,2026-08-22 18:00:00,completed,Monitor Light
ORD_4252,Kavita Nair,464.05,2026-08-22 22:14:00,completed,Coffee Mug
ORD_4253,Rahul Sharma,1829.2,2026-08-23 08:16:00,completed,Backpack
ORD_4254,Aakash Jain,949.74,2026-08-23 01:10:00,completed,Yoga Mat
ORD_4255,Sneha Gupta,1795.69,2026-08-22 18:53:00,completed,Backpack
ORD_4256,Amit Kumar,982.96,2026-08-23 02:37:00,completed,Yoga Mat
ORD_4257,Arjun Mehta,3479.55,2026-08-23 08:59:00,completed,Webcam
ORD_4258,Kavita Nair,914.38,2026-08-23 01:09:00,completed,Laptop Stand
ORD_4259,Kavita Nair,321.17,2026-08-22 18:13:00,completed,Phone Case
ORD_4260,Kavita Nair,1757.36,2026-08-23 07:41:00,completed,Backpack
ORD_4261,Shreya Bhat,1251.35,2026-08-22 21:27:00,completed,Power Bank
ORD_4262,Manish Tiwari,989.28,2026-08-23 06:41:00,completed,Yoga Mat
ORD_4263,Manish Tiwari,418.0,2026-08-23 06:32:00,completed,Coffee Mug
ORD_4264,Amit Kumar,253.55,2026-08-22 21:56:00,completed,Phone Case
ORD_4265,Amit Kumar,425.4,2026-08-23 02:14:00,completed,Water Bottle
ORD_4266,Priya Patel,1607.22,2026-08-23 08:07:00,completed,Sunglasses
ORD_4267,Priya Patel,272.99,2026-08-22 23:31:00,completed,Phone Case
ORD_4268,Anjali Saxena,378.7,2026-08-23 02:45:00,completed,Mouse Pad
ORD_4269,Nikhil Agarwal,1013.61,2026-08-22 23:58:00,completed,Yoga Mat
ORD_4270,Rohit Joshi,1193.16,2026-08-23 05:24:00,completed,Desk Lamp
ORD_4271,Divya Kulkarni,1501.61,2026-08-23 08:45:00,completed,Wireless Earbuds
ORD_4272,Rajesh Menon,738.6,2026-08-23 00:41:00,completed,Watch Strap
ORD_4273,Gaurav Malhotra,261.79,2026-08-23 04:21:00,completed,Notebook Set
ORD_4274,Rohit Joshi,982.74,2026-08-22 17:01:00,completed,Yoga Mat
ORD_4275,Meera Iyer,1911.64,2026-08-23 05:28:00,completed,Monitor Light
ORD_4276,Vikram Singh,392.78,2026-08-22 21:50:00,completed,Water Bottle
ORD_4277,Shreya Bhat,1820.41,2026-08-22 20:46:00,completed,Backpack
ORD_4278,Sanjay Verma,922.48,2026-08-23 05:46:00,completed,Laptop Stand
ORD_4279,Suresh Pillai,390.53,2026-08-23 01:17:00,completed,Mouse Pad
ORD_4280,Karthik Sundaram,3002.78,2026-08-23 08:25:00,completed,Running Shoes
ORD_4281,Karthik Sundaram,311.46,2026-08-23 08:37:00,completed,Mouse Pad
ORD_4282,Priya Patel,1752.28,2026-08-23 02:13:00,completed,Backpack
ORD_4283,Divya Kulkarni,2505.64,2026-08-23 05:31:00,completed,Keyboard
ORD_4284,Suresh Pillai,744.54,2026-08-22 18:07:00,completed,Watch Strap
ORD_4285,Ritu Bansal,270.04,2026-08-23 03:02:00,completed,Phone Case
ORD_4286,Arjun Mehta,239.98,2026-08-22 20:59:00,completed,Notebook Set
ORD_4287,Karthik Sundaram,1790.81,2026-08-23 04:20:00,completed,Backpack
ORD_4288,Nandini Choudhury,1523.13,2026-08-22 18:19:00,completed,Wireless Earbuds
ORD_4289,Priya Patel,1507.7,2026-08-23 01:12:00,completed,Wireless Earbuds
ORD_4290,Ananya Reddy,1243.93,2026-08-23 01:25:00,completed,Desk Lamp
ORD_4291,Karthik Sundaram,1852.14,2026-08-23 03:48:00,completed,Monitor Light
ORD_4292,Nandini Choudhury,866.97,2026-08-22 22:43:00,completed,Laptop Stand
ORD_4293,Arjun Mehta,973.68,2026-08-22 19:35:00,completed,Yoga Mat
ORD_4294,Suresh Pillai,1033.07,2026-08-23 00:27:00,completed,Yoga Mat
ORD_4295,Gaurav Malhotra,2470.81,2026-08-22 20:22:00,completed,Keyboard
ORD_4296,Rahul Sharma,322.86,2026-08-22 18:11:00,completed,Mouse Pad
ORD_4297,Kavita Nair,3452.57,2026-08-23 23:58:00,completed,Webcam
ORD_4298,Rajesh Menon,1647.94,2026-08-23 01:55:00,completed,Sunglasses
ORD_4299,Suresh Pillai,1936.22,2026-08-22 23:09:00,completed,Monitor Light
ORD_4300,Rahul Sharma,1515.48,2026-08-22 17:38:00,completed,Wireless Earbuds
ORD_4301,Ananya Reddy,381.91,2026-08-23 08:23:00,completed,Mouse Pad
ORD_4302,Kavita Nair,398.67,2026-08-22 21:20:00,completed,Mouse Pad
ORD_4303,Karthik Sundaram,1519.46,2026-08-23 03:52:00,completed,Wireless Earbuds
ORD_4304,Divya Kulkarni,1591.61,2026-08-22 17:47:00,completed,Sunglasses
ORD_4305,Vikram Singh,2457.57,2026-08-22 17:29:00,completed,Keyboard
ORD_4306,Rajesh Menon,392.26,2026-08-23 03:57:00,completed,Water Bottle
ORD_4307,Pooja Desai,1486.91,2026-08-23 07:25:00,completed,Standing Desk Mat
ORD_4308,Rahul Sharma,1194.03,2026-08-23 01:12:00,completed,Desk Lamp
ORD_4309,Sneha Gupta,267.11,2026-08-22 22:43:00,completed,Phone Case
ORD_4310,Arjun Mehta,540.68,2026-08-23 07:13:00,completed,Blue T-Shirt
ORD_4311,Sneha Gupta,1165.83,2026-08-22 17:19:00,completed,Desk Lamp
ORD_4312,Amit Kumar,1518.68,2026-08-22 19:57:00,completed,Wireless Earbuds
ORD_4313,Gaurav Malhotra,1242.68,2026-08-22 22:20:00,completed,Desk Lamp
ORD_4314,Arjun Mehta,1939.23,2026-08-23 03:49:00,completed,Monitor Light
ORD_4315,Suresh Pillai,1915.38,2026-08-22 19:27:00,completed,Monitor Light
ORD_4316,Sneha Gupta,2545.64,2026-08-23 00:26:00,completed,Keyboard
ORD_4317,Rajesh Menon,1324.23,2026-08-23 00:24:00,completed,Power Bank
ORD_4318,Suresh Pillai,1759.8,2026-08-23 02:54:00,completed,Backpack
ORD_4319,Nandini Choudhury,3492.0,2026-08-22 23:04:00,completed,Webcam
ORD_4320,Ritu Bansal,468.02,2026-08-23 01:00:00,completed,Coffee Mug
ORD_4321,Deepika Rao,892.45,2026-08-23 00:34:00,completed,Laptop Stand
ORD_4322,Arjun Mehta,1878.43,2026-08-22 21:22:00,completed,Monitor Light
ORD_4323,Rohit Joshi,1767.98,2026-08-22 21:39:00,completed,Backpack
ORD_4324,Nandini Choudhury,1506.89,2026-08-23 07:56:00,completed,Standing Desk Mat
ORD_4325,Pooja Desai,1197.77,2026-08-22 23:26:00,completed,Desk Lamp
ORD_4326,Meera Iyer,1524.74,2026-08-22 23:38:00,completed,Standing Desk Mat
ORD_4327,Priya Patel,1572.55,2026-08-23 07:45:00,completed,Sunglasses
ORD_4328,Karthik Sundaram,1889.14,2026-08-22 21:19:00,completed,Monitor Light
ORD_4329,Rahul Sharma,748.18,2026-08-22 23:23:00,completed,Watch Strap
ORD_4330,Ritu Bansal,1930.19,2026-08-23 03:04:00,completed,Monitor Light
ORD_4331,Karthik Sundaram,507.28,2026-08-23 04:49:00,completed,Blue T-Shirt
ORD_4332,Divya Kulkarni,210.83,2026-08-22 19:31:00,completed,Notebook Set
ORD_4333,Meera Iyer,1807.51,2026-08-22 18:04:00,completed,Backpack
ORD_4334,Suresh Pillai,273.06,2026-08-22 23:44:00,completed,Phone Case
ORD_4335,Kavita Nair,331.47,2026-08-22 23:13:00,completed,Phone Case
ORD_4336,Anjali Saxena,420.29,2026-08-22 23:50:00,completed,Water Bottle
ORD_4337,Meera Iyer,1853.1,2026-08-23 00:55:00,completed,Monitor Light
ORD_4338,Rajesh Menon,3044.71,2026-08-23 07:07:00,completed,Running Shoes
ORD_4339,Kavita Nair,405.9,2026-08-22 19:33:00,completed,Water Bottle
ORD_4340,Kavita Nair,341.54,2026-08-23 00:56:00,completed,Phone Case
ORD_4341,Pooja Desai,1227.23,2026-08-23 02:17:00,completed,Desk Lamp
ORD_4342,Ananya Reddy,1919.14,2026-08-23 02:51:00,completed,Monitor Light
ORD_4343,Nandini Choudhury,231.08,2026-08-22 18:38:00,completed,Notebook Set
ORD_4344,Rajesh Menon,1451.46,2026-08-23 08:14:00,completed,Wireless Earbuds
ORD_4345,Manish Tiwari,1818.23,2026-08-23 05:25:00,completed,Backpack
ORD_4346,Rajesh Menon,947.2,2026-08-23 23:58:00,completed,Laptop Stand
ORD_4347,Rohit Joshi,650.39,2026-08-22 21:10:00,completed,Watch Strap
ORD_4348,Rahul Sharma,1206.42,2026-08-22 23:11:00,completed,Desk Lamp
ORD_4349,Sanjay Verma,666.23,2026-08-23 07:20:00,completed,Watch Strap
ORD_4350,Ananya Reddy,419.19,2026-08-22 22:22:00,completed,Water Bottle
ORD_4351,Meera Iyer,370.41,2026-08-23 04:35:00,completed,Water Bottle
ORD_4352,Divya Kulkarni,1452.29,2026-08-23 02:55:00,completed,Standing Desk Mat
ORD_4353,Deepika Rao,1045.13,2026-08-23 04:34:00,completed,Yoga Mat
ORD_4354,Meera Iyer,905.07,2026-08-22 18:25:00,completed,Laptop Stand
ORD_4355,Sanjay Verma,336.35,2026-08-23 06:32:00,completed,Phone Case
ORD_4356,Pooja Desai,217.86,2026-08-22 17:44:00,completed,USB Cable
ORD_4357,Gaurav Malhotra,299.01,2026-08-22 22:01:00,completed,Mouse Pad
ORD_4358,Karthik Sundaram,268.99,2026-08-22 21:57:00,completed,Notebook Set
ORD_4359,Vikram Singh,366.04,2026-08-23 03:17:00,completed,Mouse Pad
ORD_4360,Gaurav Malhotra,206.05,2026-08-22 19:27:00,completed,USB Cable
ORD_4361,Rahul Sharma,1461.97,2026-08-22 18:04:00,completed,Wireless Earbuds
ORD_4362,Rahul Sharma,391.36,2026-08-22 20:59:00,completed,Water Bottle
ORD_4363,Rajesh Menon,205.16,2026-08-23 04:39:00,completed,Notebook Set
ORD_4364,Suresh Pillai,1750.67,2026-08-23 02:52:00,completed,Backpack
ORD_4365,Rajesh Menon,331.9,2026-08-23 04:19:00,completed,Mouse Pad
ORD_4366,Shreya Bhat,1948.53,2026-08-22 17:54:00,completed,Monitor Light
ORD_4367,Nandini Choudhury,386.99,2026-08-23 03:49:00,completed,Water Bottle
ORD_4368,Shreya Bhat,1608.9,2026-08-22 20:52:00,completed,Sunglasses
ORD_4369,Ananya Reddy,850.94,2026-08-23 00:22:00,completed,Laptop Stand
ORD_4370,Arjun Mehta,1269.55,2026-08-23 01:56:00,completed,Power Bank
ORD_4371,Anjali Saxena,1473.27,2026-08-23 08:56:00,completed,Wireless Earbuds
ORD_4372,Nandini Choudhury,1228.64,2026-08-23 03:56:00,completed,Desk Lamp
ORD_4373,Ritu Bansal,297.97,2026-08-23 06:15:00,completed,Phone Case
ORD_4374,Vikram Singh,3032.05,2026-08-22 22:56:00,completed,Running Shoes
ORD_4375,Arjun Mehta,890.54,2026-08-23 04:30:00,completed,Laptop Stand
ORD_4376,Vikram Singh,2478.47,2026-08-23 01:48:00,completed,Keyboard
ORD_4377,Arjun Mehta,1298.22,2026-08-22 23:16:00,completed,Power Bank
ORD_4378,Kavita Nair,1271.32,2026-08-23 04:33:00,completed,Power Bank
ORD_4379,Suresh Pillai,1565.41,2026-08-22 21:06:00,completed,Sunglasses
ORD_4380,Vikram Singh,331.81,2026-08-22 20:48:00,completed,Phone Case
ORD_4381,Vikram Singh,301.71,2026-08-22 19:53:00,completed,Mouse Pad
ORD_4382,Nikhil Agarwal,284.18,2026-08-22 21:42:00,completed,Phone Case
ORD_4383,Arjun Mehta,1849.19,2026-08-23 05:20:00,completed,Monitor Light
ORD_4384,Rajesh Menon,1780.71,2026-08-23 05:19:00,completed,Backpack
ORD_4385,Nandini Choudhury,256.64,2026-08-22 20:14:00,completed,Phone Case
ORD_4386,Meera Iyer,722.78,2026-08-23 01:53:00,completed,Watch Strap
ORD_4387,Ananya Reddy,274.73,2026-08-23 02:30:00,completed,Notebook Set
ORD_4388,Shreya Bhat,1253.93,2026-08-22 18:54:00,completed,Power Bank
ORD_4389,Rahul Sharma,964.93,2026-08-23 03:58:00,completed,Yoga Mat
ORD_4390,Suresh Pillai,1843.75,2026-08-23 01:51:00,completed,Backpack
ORD_4391,Sneha Gupta,2461.25,2026-08-23 01:11:00,completed,Keyboard
ORD_4392,Deepika Rao,332.94,2026-08-22 23:12:00,completed,Mouse Pad
ORD_4393,Vikram Singh,367.52,2026-08-23 01:49:00,completed,Water Bottle
ORD_4394,Rohit Joshi,1160.16,2026-08-23 00:08:00,completed,Desk Lamp
ORD_4395,Ritu Bansal,1922.67,2026-08-22 20:57:00,completed,Monitor Light
ORD_4396,Sneha Gupta,279.33,2026-08-22 22:30:00,completed,Phone Case
ORD_4397,Deepika Rao,1848.64,2026-08-23 04:11:00,completed,Backpack
ORD_4398,Manish Tiwari,698.3,2026-08-23 04:06:00,completed,Watch Strap
ORD_4399,Priya Patel,692.76,2026-08-22 20:42:00,completed,Watch Strap
ORD_4400,Deepika Rao,3483.88,2026-08-23 00:37:00,completed,Webcam
ORD_4401,Karthik Sundaram,999.29,2026-08-23 00:55:00,completed,Yoga Mat
ORD_4402,Amit Kumar,381.54,2026-08-22 21:38:00,completed,Mouse Pad
ORD_4403,Nikhil Agarwal,2987.36,2026-08-23 02:35:00,completed,Running Shoes
ORD_4404,Amit Kumar,1286.61,2026-08-23 06:38:00,completed,Power Bank
ORD_4405,Rohit Joshi,1832.3,2026-08-23 07:10:00,completed,Backpack
ORD_4406,Arjun Mehta,707.8,2026-08-23 04:48:00,completed,Watch Strap
ORD_4407,Nikhil Agarwal,977.9,2026-08-22 18:24:00,completed,Yoga Mat
ORD_4408,Kavita Nair,1497.58,2026-08-22 19:06:00,completed,Standing Desk Mat
ORD_4409,Arjun Mehta,280.18,2026-08-22 17:05:00,completed,Notebook Set
ORD_4410,Suresh Pillai,502.12,2026-08-23 00:21:00,completed,Blue T-Shirt
ORD_4411,Nandini Choudhury,686.31,2026-08-23 07:36:00,completed,Watch Strap
ORD_4412,Ananya Reddy,387.46,2026-08-23 08:20:00,completed,Water Bottle
ORD_4413,Aakash Jain,1341.64,2026-08-23 03:14:00,completed,Power Bank
ORD_4414,Sneha Gupta,236.31,2026-08-23 00:43:00,completed,Notebook Set
ORD_4415,Rahul Sharma,851.03,2026-08-22 21:46:00,completed,Laptop Stand
ORD_4416,Ananya Reddy,2985.62,2026-08-22 18:36:00,completed,Running Shoes
ORD_4417,Shreya Bhat,1820.0,2026-08-23 02:04:00,completed,Backpack
ORD_4418,Amit Kumar,1875.62,2026-08-22 19:29:00,completed,Monitor Light
ORD_4419,Nikhil Agarwal,1854.71,2026-08-23 08:51:00,completed,Monitor Light
ORD_4420,Amit Kumar,1641.65,2026-08-22 18:01:00,completed,Sunglasses
ORD_4421,Shreya Bhat,286.04,2026-08-23 05:24:00,completed,Phone Case
ORD_4422,Vikram Singh,849.62,2026-08-22 21:08:00,completed,Laptop Stand
ORD_4423,Anjali Saxena,1525.14,2026-08-22 19:46:00,completed,Wireless Earbuds
ORD_4424,Sneha Gupta,1452.97,2026-08-23 02:39:00,completed,Wireless Earbuds
ORD_4425,Aakash Jain,1887.11,2026-08-22 21:58:00,completed,Monitor Light
ORD_4426,Deepika Rao,324.32,2026-08-23 05:20:00,completed,Mouse Pad
ORD_4427,Arjun Mehta,382.38,2026-08-22 18:21:00,completed,Mouse Pad
ORD_4428,Meera Iyer,1570.53,2026-08-22 22:14:00,completed,Sunglasses
ORD_4429,Rajesh Menon,489.06,2026-08-22 23:39:00,completed,Blue T-Shirt
ORD_4430,Ritu Bansal,1800.03,2026-08-23 17:31:00,completed,Backpack
ORD_4431,Pooja Desai,724.76,2026-08-23 22:36:00,completed,Watch Strap
ORD_4432,Ritu Bansal,278.2,2026-08-23 20:26:00,completed,Notebook Set
ORD_4433,Rajesh Menon,995.78,2026-08-23 20:15:00,completed,Yoga Mat
ORD_4434,Aakash Jain,363.6,2026-08-23 22:51:00,completed,Water Bottle
ORD_4435,Rajesh Menon,247.08,2026-08-24 02:21:00,completed,USB Cable
ORD_4436,Rohit Joshi,1878.39,2026-08-23 22:13:00,completed,Monitor Light
ORD_4437,Divya Kulkarni,2508.87,2026-08-24 23:58:00,completed,Keyboard
ORD_4438,Kavita Nair,460.3,2026-08-24 07:40:00,completed,Blue T-Shirt
ORD_4439,Aakash Jain,1484.61,2026-08-23 20:40:00,completed,Wireless Earbuds
ORD_4440,Aakash Jain,302.91,2026-08-23 19:24:00,completed,Mouse Pad
ORD_4441,Meera Iyer,936.18,2026-08-23 19:02:00,completed,Laptop Stand
ORD_4442,Shreya Bhat,324.0,2026-08-24 05:21:00,completed,Phone Case
ORD_4443,Nikhil Agarwal,1836.13,2026-08-24 06:47:00,completed,Backpack
ORD_4444,Arjun Mehta,1476.63,2026-08-23 22:27:00,completed,Wireless Earbuds
ORD_4445,Divya Kulkarni,2522.37,2026-08-23 19:26:00,completed,Keyboard
ORD_4446,Anjali Saxena,1274.96,2026-08-24 02:31:00,completed,Power Bank
ORD_4447,Anjali Saxena,3543.26,2026-08-23 22:11:00,completed,Webcam
ORD_4448,Sneha Gupta,1488.95,2026-08-24 08:28:00,completed,Standing Desk Mat
ORD_4449,Divya Kulkarni,492.35,2026-08-24 06:38:00,completed,Coffee Mug
ORD_4450,Rohit Joshi,1022.82,2026-08-24 03:55:00,completed,Yoga Mat
ORD_4451,Suresh Pillai,1780.15,2026-08-24 08:51:00,completed,Backpack
ORD_4452,Deepika Rao,390.13,2026-08-23 22:07:00,completed,Water Bottle
ORD_4453,Nandini Choudhury,394.09,2026-08-23 23:22:00,completed,Mouse Pad
ORD_4454,Ritu Bansal,1564.9,2026-08-23 23:39:00,completed,Sunglasses
ORD_4455,Anjali Saxena,3491.07,2026-08-24 08:35:00,completed,Webcam
ORD_4456,Divya Kulkarni,735.13,2026-08-24 04:02:00,completed,Watch Strap
ORD_4457,Arjun Mehta,355.54,2026-08-24 02:05:00,completed,Mouse Pad
ORD_4458,Ananya Reddy,245.43,2026-08-24 05:47:00,completed,USB Cable
ORD_4459,Anjali Saxena,1022.97,2026-08-24 03:55:00,completed,Yoga Mat
ORD_4460,Rohit Joshi,241.37,2026-08-23 17:00:00,completed,USB Cable
ORD_4461,Divya Kulkarni,1631.18,2026-08-24 04:55:00,completed,Sunglasses
ORD_4462,Nikhil Agarwal,352.98,2026-08-24 04:29:00,completed,Water Bottle
ORD_4463,Karthik Sundaram,1591.68,2026-08-24 04:01:00,completed,Sunglasses
ORD_4464,Rajesh Menon,2542.65,2026-08-23 21:27:00,completed,Keyboard
ORD_4465,Sneha Gupta,1276.11,2026-08-24 01:04:00,completed,Power Bank
ORD_4466,Rahul Sharma,404.01,2026-08-23 19:35:00,completed,Coffee Mug
ORD_4467,Manish Tiwari,296.68,2026-08-23 23:57:00,completed,Phone Case
ORD_4468,Meera Iyer,1495.54,2026-08-24 07:26:00,completed,Wireless Earbuds
ORD_4469,Sanjay Verma,1527.27,2026-08-23 21:43:00,completed,Standing Desk Mat
ORD_4470,Rohit Joshi,1269.09,2026-08-23 19:54:00,completed,Power Bank
ORD_4471,Meera Iyer,1827.34,2026-08-24 03:39:00,completed,Backpack
ORD_4472,Nandini Choudhury,887.34,2026-08-23 20:29:00,completed,Laptop Stand
ORD_4473,Sanjay Verma,161.15,2026-08-23 17:12:00,completed,USB Cable
ORD_4474,Sanjay Verma,191.79,2026-08-24 02:45:00,completed,USB Cable
ORD_4475,Suresh Pillai,389.55,2026-08-24 08:30:00,completed,Mouse Pad
ORD_4476,Shreya Bhat,3003.55,2026-08-24 06:20:00,completed,Running Shoes
ORD_4477,Sanjay Verma,157.68,2026-08-24 00:41:00,completed,USB Cable
ORD_4478,Nandini Choudhury,1522.03,2026-08-24 07:26:00,completed,Standing Desk Mat
ORD_4479,Karthik Sundaram,1170.4,2026-08-24 07:54:00,completed,Desk Lamp
ORD_4480,Rajesh Menon,900.98,2026-08-23 18:57:00,completed,Laptop Stand
ORD_4481,Divya Kulkarni,1268.81,2026-08-23 21:52:00,completed,Power Bank
ORD_4482,Suresh Pillai,1299.88,2026-08-24 08:45:00,completed,Power Bank
ORD_4483,Ritu Bansal,719.06,2026-08-23 19:06:00,completed,Watch Strap
ORD_4484,Ananya Reddy,1919.85,2026-08-24 00:40:00,completed,Monitor Light
ORD_4485,Karthik Sundaram,2545.22,2026-08-24 06:34:00,completed,Keyboard
ORD_4486,Arjun Mehta,390.59,2026-08-23 20:06:00,completed,Mouse Pad
ORD_4487,Ritu Bansal,209.02,2026-08-24 06:03:00,completed,USB Cable
ORD_4488,Manish Tiwari,1824.52,2026-08-24 08:03:00,completed,Backpack
ORD_4489,Gaurav Malhotra,414.23,2026-08-23 23:21:00,completed,Coffee Mug
ORD_4490,Deepika Rao,417.4,2026-08-24 04:15:00,completed,Water Bottle
ORD_4491,Shreya Bhat,1776.97,2026-08-24 07:02:00,completed,Backpack
ORD_4492,Gaurav Malhotra,155.26,2026-08-24 07:07:00,completed,USB Cable
ORD_4493,Gaurav Malhotra,345.18,2026-08-23 22:06:00,completed,Phone Case
ORD_4494,Divya Kulkarni,397.46,2026-08-24 08:43:00,completed,Mouse Pad
ORD_4495,Rajesh Menon,1539.03,2026-08-24 03:05:00,completed,Standing Desk Mat
ORD_4496,Aakash Jain,2492.59,2026-08-23 23:28:00,completed,Keyboard
ORD_4497,Ritu Bansal,1527.77,2026-08-24 05:46:00,completed,Standing Desk Mat
ORD_4498,Ananya Reddy,229.61,2026-08-24 07:32:00,completed,Notebook Set
ORD_4499,Sanjay Verma,1638.81,2026-08-24 02:47:00,completed,Sunglasses
ORD_4500,Rajesh Menon,1520.03,2026-08-23 22:00:00,completed,Standing Desk Mat
ORD_4501,Divya Kulkarni,1046.01,2026-08-24 08:34:00,completed,Yoga Mat
ORD_4502,Suresh Pillai,169.51,2026-08-23 20:14:00,completed,USB Cable
ORD_4503,Sanjay Verma,506.2,2026-08-24 04:47:00,completed,Blue T-Shirt
ORD_4504,Anjali Saxena,1549.24,2026-08-23 21:51:00,completed,Sunglasses
ORD_4505,Nikhil Agarwal,210.32,2026-08-24 00:38:00,completed,Notebook Set
ORD_4506,Divya Kulkarni,1199.55,2026-08-23 23:33:00,completed,Desk Lamp
ORD_4507,Divya Kulkarni,670.04,2026-08-24 06:34:00,completed,Watch Strap
ORD_4508,Ritu Bansal,1196.99,2026-08-24 00:46:00,completed,Desk Lamp
ORD_4509,Ananya Reddy,441.92,2026-08-24 04:03:00,completed,Water Bottle
ORD_4510,Nikhil Agarwal,694.69,2026-08-24 06:28:00,completed,Watch Strap
ORD_4511,Vikram Singh,1846.46,2026-08-24 05:07:00,completed,Backpack
ORD_4512,Anjali Saxena,1460.1,2026-08-24 06:48:00,completed,Standing Desk Mat
ORD_4513,Ritu Bansal,1504.07,2026-08-23 21:51:00,completed,Standing Desk Mat
ORD_4514,Rahul Sharma,2526.48,2026-08-23 17:37:00,completed,Keyboard
ORD_4515,Amit Kumar,541.98,2026-08-24 01:39:00,completed,Blue T-Shirt
ORD_4516,Deepika Rao,1248.14,2026-08-24 05:06:00,completed,Desk Lamp
ORD_4517,Sanjay Verma,1524.62,2026-08-24 00:15:00,completed,Wireless Earbuds
ORD_4518,Rajesh Menon,1325.4,2026-08-24 06:44:00,completed,Power Bank
ORD_4519,Suresh Pillai,942.06,2026-08-23 19:09:00,completed,Laptop Stand
ORD_4520,Meera Iyer,2537.46,2026-08-24 00:55:00,completed,Keyboard
ORD_4521,Anjali Saxena,879.37,2026-08-24 02:17:00,completed,Laptop Stand
ORD_4522,Aakash Jain,1467.95,2026-08-24 04:41:00,completed,Wireless Earbuds
ORD_4523,Meera Iyer,2997.16,2026-08-24 06:38:00,completed,Running Shoes
ORD_4524,Rajesh Menon,1278.13,2026-08-23 20:04:00,completed,Power Bank
ORD_4525,Suresh Pillai,3493.08,2026-08-24 05:08:00,completed,Webcam
ORD_4526,Priya Patel,337.33,2026-08-23 23:47:00,completed,Mouse Pad
ORD_4527,Anjali Saxena,260.33,2026-08-23 19:35:00,completed,Notebook Set
ORD_4528,Gaurav Malhotra,1839.45,2026-08-23 18:43:00,completed,Backpack
ORD_4529,Rahul Sharma,988.25,2026-08-24 02:17:00,completed,Yoga Mat
ORD_4530,Gaurav Malhotra,2990.7,2026-08-24 04:55:00,completed,Running Shoes
ORD_4531,Ritu Bansal,691.82,2026-08-23 23:52:00,completed,Watch Strap
ORD_4532,Sanjay Verma,3019.49,2026-08-23 23:58:00,completed,Running Shoes
ORD_4533,Gaurav Malhotra,1774.12,2026-08-24 00:10:00,completed,Backpack
ORD_4534,Kavita Nair,3459.91,2026-08-24 00:00:00,completed,Webcam
ORD_4535,Rohit Joshi,379.87,2026-08-23 23:47:00,completed,Water Bottle
ORD_4536,Sanjay Verma,3023.79,2026-08-23 18:02:00,completed,Running Shoes
ORD_4537,Sanjay Verma,3040.29,2026-08-24 01:14:00,completed,Running Shoes
ORD_4538,Sneha Gupta,1541.64,2026-08-24 02:56:00,completed,Standing Desk Mat
ORD_4539,Nandini Choudhury,1589.63,2026-08-24 03:16:00,completed,Sunglasses
ORD_4540,Sanjay Verma,3485.2,2026-08-24 03:15:00,completed,Webcam
ORD_4541,Aakash Jain,227.16,2026-08-23 21:14:00,completed,Notebook Set
ORD_4542,Ananya Reddy,880.21,2026-08-24 00:25:00,completed,Laptop Stand
ORD_4543,Sneha Gupta,383.55,2026-08-23 20:28:00,completed,Water Bottle
ORD_4544,Divya Kulkarni,1225.98,2026-08-23 20:30:00,completed,Desk Lamp
ORD_4545,Sneha Gupta,265.15,2026-08-23 23:40:00,completed,Notebook Set
ORD_4546,Pooja Desai,306.47,2026-08-23 20:47:00,completed,Phone Case
ORD_4547,Sneha Gupta,213.93,2026-08-23 19:32:00,completed,Notebook Set
ORD_4548,Anjali Saxena,1572.69,2026-08-24 01:00:00,completed,Sunglasses
ORD_4549,Rohit Joshi,179.59,2026-08-24 00:31:00,completed,USB Cable
ORD_4550,Ritu Bansal,1484.07,2026-08-24 00:12:00,completed,Wireless Earbuds
ORD_4551,Sneha Gupta,1449.58,2026-08-24 04:30:00,completed,Standing Desk Mat
ORD_4552,Anjali Saxena,3526.48,2026-08-24 08:54:00,completed,Webcam
ORD_4553,Suresh Pillai,223.12,2026-08-23 19:24:00,completed,Notebook Set
ORD_4554,Divya Kulkarni,527.76,2026-08-24 05:17:00,completed,Blue T-Shirt
ORD_4555,Suresh Pillai,3000.16,2026-08-24 08:14:00,completed,Running Shoes
ORD_4556,Pooja Desai,1271.2,2026-08-24 03:03:00,completed,Power Bank
ORD_4557,Aakash Jain,265.43,2026-08-24 04:16:00,completed,Phone Case
ORD_4558,Shreya Bhat,958.65,2026-08-24 04:51:00,completed,Yoga Mat
ORD_4559,Rahul Sharma,1795.71,2026-08-24 03:05:00,completed,Backpack
ORD_4560,Deepika Rao,1585.72,2026-08-23 18:41:00,completed,Sunglasses
ORD_4561,Arjun Mehta,1767.93,2026-08-23 23:23:00,completed,Backpack
ORD_4562,Gaurav Malhotra,281.6,2026-08-24 08:17:00,completed,Phone Case
ORD_4563,Amit Kumar,654.82,2026-08-23 17:05:00,completed,Watch Strap
ORD_4564,Deepika Rao,1756.37,2026-08-23 23:52:00,completed,Backpack
ORD_4565,Anjali Saxena,2546.06,2026-08-23 21:23:00,completed,Keyboard
ORD_4566,Rohit Joshi,955.32,2026-08-24 02:50:00,completed,Yoga Mat
ORD_4567,Meera Iyer,246.02,2026-08-24 08:49:00,completed,Notebook Set
ORD_4568,Sanjay Verma,269.96,2026-08-24 04:06:00,completed,Phone Case
ORD_4569,Kavita Nair,1789.93,2026-08-23 21:26:00,completed,Backpack
ORD_4570,Nikhil Agarwal,1303.36,2026-08-24 08:35:00,completed,Power Bank
ORD_4571,Ananya Reddy,167.62,2026-08-24 05:12:00,completed,USB Cable
ORD_4572,Sanjay Verma,3036.64,2026-08-24 07:05:00,completed,Running Shoes
ORD_4573,Aakash Jain,1292.7,2026-08-23 22:40:00,completed,Power Bank
ORD_4574,Ananya Reddy,399.66,2026-08-23 23:21:00,completed,Coffee Mug
ORD_4575,Rahul Sharma,1521.43,2026-08-24 08:44:00,completed,Standing Desk Mat
ORD_4576,Gaurav Malhotra,937.69,2026-08-24 02:35:00,completed,Laptop Stand
ORD_4577,Sanjay Verma,310.31,2026-08-24 05:57:00,completed,Mouse Pad
ORD_4578,Pooja Desai,1489.18,2026-08-24 06:51:00,completed,Standing Desk Mat
ORD_4579,Aakash Jain,1035.32,2026-08-23 19:19:00,completed,Yoga Mat
ORD_4580,Ritu Bansal,334.37,2026-08-23 19:42:00,completed,Mouse Pad
ORD_4581,Anjali Saxena,1925.33,2026-08-24 05:39:00,completed,Monitor Light
ORD_4582,Ananya Reddy,1823.18,2026-08-24 04:45:00,completed,Backpack
ORD_4583,Divya Kulkarni,3014.33,2026-08-23 20:20:00,completed,Running Shoes
ORD_4584,Arjun Mehta,246.92,2026-08-23 22:38:00,completed,Notebook Set
ORD_4585,Divya Kulkarni,1218.94,2026-08-23 22:18:00,completed,Desk Lamp
ORD_4586,Kavita Nair,285.74,2026-08-24 05:33:00,completed,Phone Case
ORD_4587,Deepika Rao,865.55,2026-08-24 05:24:00,completed,Laptop Stand
ORD_4588,Nandini Choudhury,1919.59,2026-08-24 06:43:00,completed,Monitor Light
ORD_4589,Shreya Bhat,654.49,2026-08-24 23:57:00,completed,Watch Strap
ORD_4590,Meera Iyer,667.01,2026-08-23 23:29:00,completed,Watch Strap
ORD_4591,Pooja Desai,1940.27,2026-08-24 01:28:00,completed,Monitor Light
ORD_4592,Aakash Jain,247.69,2026-08-24 02:10:00,completed,USB Cable
ORD_4593,Sneha Gupta,218.14,2026-08-24 00:04:00,completed,USB Cable
ORD_4594,Deepika Rao,307.35,2026-08-24 03:10:00,completed,Mouse Pad
ORD_4595,Nandini Choudhury,1493.69,2026-08-23 23:45:00,completed,Standing Desk Mat
ORD_4596,Shreya Bhat,1249.01,2026-08-24 05:18:00,completed,Power Bank
ORD_4597,Nikhil Agarwal,175.13,2026-08-23 23:00:00,completed,USB Cable
ORD_4598,Shreya Bhat,935.57,2026-08-24 04:08:00,completed,Laptop Stand
ORD_4599,Arjun Mehta,493.72,2026-08-24 03:18:00,completed,Coffee Mug
ORD_4600,Pooja Desai,458.59,2026-08-23 23:00:00,completed,Coffee Mug
ORD_4601,Gaurav Malhotra,649.12,2026-08-24 06:42:00,completed,Watch Strap
ORD_4602,Sneha Gupta,991.25,2026-08-24 06:47:00,completed,Yoga Mat
ORD_4603,Nikhil Agarwal,1846.07,2026-08-24 03:45:00,completed,Backpack
ORD_4604,Sanjay Verma,364.8,2026-08-24 07:33:00,completed,Water Bottle
ORD_4605,Ritu Bansal,222.59,2026-08-23 19:05:00,completed,USB Cable
ORD_4606,Rajesh Menon,1932.24,2026-08-23 20:44:00,completed,Monitor Light
ORD_4607,Manish Tiwari,271.26,2026-08-24 04:04:00,completed,Phone Case
ORD_4608,Nikhil Agarwal,709.16,2026-08-24 07:24:00,completed,Watch Strap
ORD_4609,Arjun Mehta,309.41,2026-08-24 01:50:00,completed,Mouse Pad
ORD_4610,Nandini Choudhury,229.95,2026-08-23 20:37:00,completed,USB Cable
ORD_4611,Deepika Rao,407.5,2026-08-23 19:37:00,completed,Water Bottle
ORD_4612,Arjun Mehta,724.3,2026-08-24 03:03:00,completed,Watch Strap
ORD_4613,Arjun Mehta,319.62,2026-08-24 01:48:00,completed,Phone Case
ORD_4614,Aakash Jain,2523.1,2026-08-24 03:55:00,completed,Keyboard
ORD_4615,Deepika Rao,1320.19,2026-08-23 19:02:00,completed,Power Bank
ORD_4616,Amit Kumar,401.64,2026-08-24 06:14:00,completed,Water Bottle
ORD_4617,Rohit Joshi,1259.64,2026-08-23 22:43:00,completed,Power Bank
ORD_4618,Anjali Saxena,932.91,2026-08-24 04:33:00,completed,Laptop Stand
ORD_4619,Suresh Pillai,1946.17,2026-08-23 22:32:00,completed,Monitor Light
ORD_4620,Karthik Sundaram,448.52,2026-08-24 05:03:00,completed,Coffee Mug
ORD_4621,Nandini Choudhury,1503.53,2026-08-23 23:54:00,completed,Wireless Earbuds
ORD_4622,Rahul Sharma,1272.26,2026-08-23 17:11:00,completed,Power Bank
ORD_4623,Rahul Sharma,222.8,2026-08-24 01:48:00,completed,USB Cable
ORD_4624,Priya Patel,234.97,2026-08-24 01:06:00,completed,Notebook Set
ORD_4625,Sneha Gupta,469.28,2026-08-24 05:43:00,completed,Coffee Mug
ORD_4626,Suresh Pillai,2497.87,2026-08-24 02:49:00,completed,Keyboard
ORD_4627,Nikhil Agarwal,2981.66,2026-08-23 21:54:00,completed,Running Shoes
ORD_4628,Rahul Sharma,1856.44,2026-08-24 01:37:00,completed,Monitor Light
ORD_4629,Suresh Pillai,1647.87,2026-08-24 05:15:00,completed,Sunglasses
ORD_4630,Aakash Jain,197.14,2026-08-24 04:44:00,completed,USB Cable
ORD_4631,Karthik Sundaram,1580.55,2026-08-24 06:29:00,completed,Sunglasses
ORD_4632,Aakash Jain,882.52,2026-08-23 20:05:00,completed,Laptop Stand
ORD_4633,Ritu Bansal,1005.97,2026-08-23 22:51:00,completed,Yoga Mat
ORD_4634,Nandini Choudhury,383.72,2026-08-24 01:34:00,completed,Water Bottle
ORD_4635,Vikram Singh,219.42,2026-08-23 22:37:00,completed,Notebook Set
ORD_4636,Anjali Saxena,1239.1,2026-08-23 23:00:00,completed,Desk Lamp
ORD_4637,Deepika Rao,459.6,2026-08-23 18:56:00,completed,Blue T-Shirt
ORD_4638,Priya Patel,1481.49,2026-08-23 21:43:00,completed,Standing Desk Mat
ORD_4639,Aakash Jain,2525.5,2026-08-24 06:56:00,completed,Keyboard
ORD_4640,Nikhil Agarwal,1337.55,2026-08-24 07:20:00,completed,Power Bank
ORD_4641,Gaurav Malhotra,269.73,2026-08-24 07:59:00,completed,Notebook Set
ORD_4642,Anjali Saxena,2985.16,2026-08-24 08:21:00,completed,Running Shoes
ORD_4643,Karthik Sundaram,3514.93,2026-08-24 07:33:00,completed,Webcam
ORD_4644,Ananya Reddy,1478.88,2026-08-23 17:06:00,completed,Wireless Earbuds
ORD_4645,Karthik Sundaram,150.67,2026-08-23 22:19:00,completed,USB Cable
ORD_4646,Suresh Pillai,1172.26,2026-08-23 17:15:00,completed,Desk Lamp
ORD_4647,Nandini Choudhury,1481.19,2026-08-24 05:35:00,completed,Standing Desk Mat
ORD_4648,Gaurav Malhotra,1910.08,2026-08-24 01:25:00,completed,Monitor Light
ORD_4649,Karthik Sundaram,347.24,2026-08-23 21:04:00,completed,Mouse Pad
ORD_4650,Priya Patel,951.33,2026-08-24 01:19:00,completed,Yoga Mat
ORD_4651,Vikram Singh,1286.3,2026-08-23 22:01:00,completed,Power Bank
ORD_4652,Gaurav Malhotra,923.43,2026-08-24 08:45:00,completed,Laptop Stand
ORD_4653,Aakash Jain,1468.33,2026-08-23 21:14:00,completed,Standing Desk Mat
ORD_4654,Arjun Mehta,432.08,2026-08-23 20:48:00,completed,Water Bottle
ORD_4655,Deepika Rao,1335.82,2026-08-24 06:50:00,completed,Power Bank
ORD_4656,Kavita Nair,293.84,2026-08-24 01:24:00,completed,Phone Case
ORD_4657,Amit Kumar,381.62,2026-08-24 07:30:00,completed,Water Bottle
ORD_4658,Shreya Bhat,407.42,2026-08-23 19:01:00,completed,Water Bottle
ORD_4659,Shreya Bhat,3036.49,2026-08-24 05:28:00,completed,Running Shoes
ORD_4660,Amit Kumar,416.54,2026-08-24 05:13:00,completed,Coffee Mug
ORD_4661,Kavita Nair,1516.67,2026-08-23 21:40:00,completed,Wireless Earbuds
ORD_4662,Pooja Desai,242.67,2026-08-23 18:50:00,completed,Notebook Set
ORD_4663,Ananya Reddy,1018.2,2026-08-23 22:24:00,completed,Yoga Mat
ORD_4664,Rohit Joshi,1305.12,2026-08-24 03:07:00,completed,Power Bank
ORD_4665,Vikram Singh,2454.02,2026-08-23 19:47:00,completed,Keyboard
ORD_4666,Kavita Nair,717.44,2026-08-24 02:43:00,completed,Watch Strap
ORD_4667,Divya Kulkarni,1588.02,2026-08-24 01:39:00,completed,Sunglasses
ORD_4668,Suresh Pillai,738.26,2026-08-24 01:48:00,completed,Watch Strap
ORD_4669,Manish Tiwari,2476.66,2026-08-23 17:38:00,completed,Keyboard
ORD_4670,Sanjay Verma,189.55,2026-08-24 08:11:00,completed,USB Cable
ORD_4671,Nikhil Agarwal,1943.68,2026-08-24 02:37:00,completed,Monitor Light
ORD_4672,Gaurav Malhotra,947.77,2026-08-24 04:05:00,completed,Laptop Stand
ORD_4673,Nikhil Agarwal,525.64,2026-08-24 08:30:00,completed,Blue T-Shirt
ORD_4674,Kavita Nair,2523.7,2026-08-23 22:27:00,completed,Keyboard
ORD_4675,Kavita Nair,270.83,2026-08-24 04:51:00,completed,Phone Case
ORD_4676,Arjun Mehta,1637.54,2026-08-24 03:38:00,completed,Sunglasses
ORD_4677,Suresh Pillai,2499.18,2026-08-23 23:47:00,completed,Keyboard
ORD_4678,Nikhil Agarwal,739.3,2026-08-24 08:53:00,completed,Watch Strap
ORD_4679,Ritu Bansal,222.61,2026-08-24 03:41:00,completed,USB Cable
ORD_4680,Priya Patel,360.71,2026-08-23 23:58:00,completed,Water Bottle
ORD_4681,Sneha Gupta,2470.37,2026-08-23 17:51:00,completed,Keyboard
ORD_4682,Ananya Reddy,952.45,2026-08-24 08:40:00,completed,Yoga Mat
ORD_4683,Kavita Nair,3452.1,2026-08-24 06:26:00,completed,Webcam
ORD_4684,Shreya Bhat,1931.17,2026-08-24 01:14:00,completed,Monitor Light
ORD_4685,Priya Patel,1249.54,2026-08-23 17:02:00,completed,Power Bank
ORD_4686,Priya Patel,497.59,2026-08-23 17:18:00,completed,Coffee Mug
ORD_4687,Nandini Choudhury,1038.69,2026-08-23 20:49:00,completed,Yoga Mat
ORD_4688,Pooja Desai,995.2,2026-08-23 18:11:00,completed,Yoga Mat
ORD_4689,Rohit Joshi,488.39,2026-08-23 21:47:00,completed,Blue T-Shirt
ORD_4690,Aakash Jain,1530.36,2026-08-24 03:27:00,completed,Standing Desk Mat
ORD_4691,Suresh Pillai,215.58,2026-08-24 02:00:00,completed,Notebook Set
ORD_4692,Sneha Gupta,247.91,2026-08-23 17:48:00,completed,Notebook Set
ORD_4693,Aakash Jain,1197.09,2026-08-23 22:41:00,completed,Desk Lamp
ORD_4694,Pooja Desai,3548.92,2026-08-23 19:02:00,completed,Webcam
ORD_4695,Nandini Choudhury,1524.22,2026-08-23 23:40:00,completed,Standing Desk Mat
ORD_4696,Rajesh Menon,1544.91,2026-08-24 04:40:00,completed,Wireless Earbuds
ORD_4697,Aakash Jain,899.9,2026-08-24 00:47:00,completed,Laptop Stand
ORD_4698,Gaurav Malhotra,915.76,2026-08-23 19:15:00,completed,Laptop Stand
ORD_4699,Nikhil Agarwal,298.08,2026-08-23 18:04:00,completed,Notebook Set
ORD_4700,Meera Iyer,389.16,2026-08-24 02:50:00,completed,Water Bottle
ORD_4701,Aakash Jain,680.36,2026-08-23 17:27:00,completed,Watch Strap
ORD_4702,Manish Tiwari,3467.69,2026-08-23 21:55:00,completed,Webcam
ORD_4703,Rajesh Menon,1247.86,2026-08-24 05:12:00,completed,Desk Lamp
ORD_4704,Sanjay Verma,914.93,2026-08-24 05:34:00,completed,Laptop Stand
ORD_4705,Aakash Jain,1629.92,2026-08-23 21:21:00,completed,Sunglasses
ORD_4706,Kavita Nair,989.57,2026-08-24 01:47:00,completed,Yoga Mat
ORD_4707,Aakash Jain,1538.37,2026-08-23 22:28:00,completed,Wireless Earbuds
ORD_4708,Suresh Pillai,342.97,2026-08-23 19:35:00,completed,Phone Case
ORD_4709,Pooja Desai,1336.17,2026-08-23 19:31:00,completed,Power Bank
ORD_4710,Amit Kumar,524.17,2026-08-24 00:15:00,completed,Blue T-Shirt
ORD_4711,Aakash Jain,1232.47,2026-08-23 22:06:00,completed,Desk Lamp
ORD_4712,Deepika Rao,720.07,2026-08-24 03:24:00,completed,Watch Strap
ORD_4713,Karthik Sundaram,369.64,2026-08-24 03:39:00,completed,Water Bottle
ORD_4714,Shreya Bhat,1467.51,2026-08-23 17:55:00,completed,Standing Desk Mat
ORD_4715,Amit Kumar,453.35,2026-08-23 21:24:00,completed,Coffee Mug
ORD_4716,Shreya Bhat,716.41,2026-08-24 06:44:00,completed,Watch Strap
ORD_4717,Nikhil Agarwal,1539.86,2026-08-24 08:27:00,completed,Standing Desk Mat
ORD_4718,Divya Kulkarni,1541.66,2026-08-23 22:27:00,completed,Wireless Earbuds
ORD_4719,Aakash Jain,523.39,2026-08-24 04:09:00,completed,Blue T-Shirt
ORD_4720,Gaurav Malhotra,1865.75,2026-08-23 17:10:00,completed,Monitor Light
ORD_4721,Shreya Bhat,3470.53,2026-08-23 18:28:00,completed,Webcam
ORD_4722,Kavita Nair,1023.09,2026-08-24 02:18:00,completed,Yoga Mat
ORD_4723,Rajesh Menon,1261.4,2026-08-24 07:48:00,completed,Power Bank
ORD_4724,Pooja Desai,1474.06,2026-08-23 21:40:00,completed,Standing Desk Mat
ORD_4725,Meera Iyer,333.72,2026-08-24 05:27:00,completed,Phone Case
ORD_4726,Ananya Reddy,1929.21,2026-08-23 18:30:00,completed,Monitor Light
ORD_4727,Priya Patel,402.24,2026-08-23 23:58:00,completed,Coffee Mug
ORD_4728,Meera Iyer,239.77,2026-08-24 04:19:00,completed,Notebook Set
ORD_4729,Ananya Reddy,307.59,2026-08-24 00:55:00,completed,Mouse Pad
ORD_4730,Rajesh Menon,418.34,2026-08-23 23:24:00,completed,Coffee Mug
ORD_4731,Rahul Sharma,383.72,2026-08-23 19:36:00,completed,Mouse Pad
ORD_4732,Sneha Gupta,1299.73,2026-08-23 23:16:00,completed,Power Bank
ORD_4733,Rahul Sharma,383.61,2026-08-23 17:42:00,completed,Water Bottle
ORD_4734,Gaurav Malhotra,1520.11,2026-08-24 05:23:00,completed,Standing Desk Mat
ORD_4735,Kavita Nair,296.92,2026-08-24 01:48:00,completed,Notebook Set
ORD_4736,Shreya Bhat,372.91,2026-08-23 21:42:00,completed,Water Bottle
ORD_4737,Nandini Choudhury,947.24,2026-08-23 22:45:00,completed,Laptop Stand
ORD_4738,Rohit Joshi,3460.27,2026-08-23 22:17:00,completed,Webcam
ORD_4739,Nandini Choudhury,896.23,2026-08-23 21:15:00,completed,Laptop Stand
ORD_4740,Anjali Saxena,1820.18,2026-08-24 07:46:00,completed,Backpack
ORD_4741,Nikhil Agarwal,209.35,2026-08-24 08:05:00,completed,Notebook Set
ORD_4742,Vikram Singh,418.46,2026-08-24 08:00:00,completed,Coffee Mug
ORD_4743,Ananya Reddy,346.1,2026-08-23 23:57:00,completed,Phone Case
ORD_4744,Sneha Gupta,1783.04,2026-08-24 02:21:00,completed,Backpack
ORD_4745,Rohit Joshi,691.43,2026-08-24 01:17:00,completed,Watch Strap
ORD_4746,Arjun Mehta,1212.21,2026-08-24 23:57:00,completed,Desk Lamp
ORD_4747,Arjun Mehta,1280.81,2026-08-24 08:08:00,completed,Power Bank
ORD_4748,Deepika Rao,1767.72,2026-08-23 23:42:00,completed,Backpack
ORD_4749,Ananya Reddy,1560.72,2026-08-24 00:00:00,completed,Sunglasses
ORD_4750,Suresh Pillai,508.4,2026-08-23 22:10:00,completed,Blue T-Shirt
ORD_4751,Amit Kumar,248.11,2026-08-23 23:03:00,completed,Notebook Set
ORD_4752,Anjali Saxena,1796.92,2026-08-23 21:54:00,completed,Backpack
ORD_4753,Priya Patel,365.88,2026-08-24 00:11:00,completed,Water Bottle
ORD_4754,Priya Patel,927.7,2026-08-24 05:34:00,completed,Laptop Stand
ORD_4755,Meera Iyer,3481.66,2026-08-23 19:49:00,completed,Webcam
ORD_4756,Sneha Gupta,1877.07,2026-08-23 20:49:00,completed,Monitor Light
ORD_4757,Shreya Bhat,1010.37,2026-08-23 17:48:00,completed,Yoga Mat
ORD_4758,Shreya Bhat,703.1,2026-08-24 06:40:00,completed,Watch Strap
ORD_4759,Nandini Choudhury,1541.31,2026-08-24 03:51:00,completed,Standing Desk Mat
ORD_4760,Rohit Joshi,2972.22,2026-08-24 00:25:00,completed,Running Shoes
ORD_4761,Divya Kulkarni,981.05,2026-08-24 06:26:00,completed,Yoga Mat
ORD_4762,Sneha Gupta,334.83,2026-08-23 20:54:00,completed,Phone Case
ORD_4763,Ritu Bansal,1882.58,2026-08-23 23:14:00,completed,Monitor Light
ORD_4764,Priya Patel,1505.68,2026-08-23 20:52:00,completed,Wireless Earbuds
ORD_4765,Sanjay Verma,2514.39,2026-08-24 03:04:00,completed,Keyboard
ORD_4766,Arjun Mehta,1009.24,2026-08-23 23:01:00,completed,Yoga Mat
ORD_4767,Rajesh Menon,1509.29,2026-08-23 23:12:00,completed,Wireless Earbuds
ORD_4768,Rahul Sharma,2993.7,2026-08-24 03:36:00,completed,Running Shoes
ORD_4769,Sneha Gupta,1486.58,2026-08-23 17:51:00,completed,Standing Desk Mat
ORD_4770,Rohit Joshi,3468.57,2026-08-23 19:33:00,completed,Webcam
ORD_4771,Aakash Jain,928.3,2026-08-24 06:33:00,completed,Laptop Stand
ORD_4772,Sneha Gupta,3500.4,2026-08-23 17:30:00,completed,Webcam
ORD_4773,Aakash Jain,498.05,2026-08-23 20:29:00,completed,Blue T-Shirt
ORD_4774,Nikhil Agarwal,865.54,2026-08-24 07:26:00,completed,Laptop Stand
ORD_4775,Shreya Bhat,455.11,2026-08-23 21:51:00,completed,Blue T-Shirt
ORD_4776,Meera Iyer,1915.46,2026-08-23 19:38:00,completed,Monitor Light
ORD_4777,Gaurav Malhotra,482.47,2026-08-24 02:19:00,completed,Blue T-Shirt
ORD_4778,Shreya Bhat,428.42,2026-08-23 18:29:00,completed,Water Bottle
ORD_4779,Manish Tiwari,347.08,2026-08-24 08:00:00,completed,Mouse Pad
ORD_4780,Sanjay Verma,1192.56,2026-08-23 18:43:00,completed,Desk Lamp
ORD_4781,Nandini Choudhury,434.65,2026-08-24 00:22:00,completed,Water Bottle
ORD_4782,Pooja Desai,328.3,2026-08-23 20:12:00,completed,Phone Case
ORD_4783,Gaurav Malhotra,270.38,2026-08-23 21:41:00,completed,Phone Case
ORD_4784,Sneha Gupta,527.08,2026-08-24 04:14:00,completed,Blue T-Shirt
ORD_4785,Shreya Bhat,682.95,2026-08-23 20:49:00,completed,Watch Strap
ORD_4786,Suresh Pillai,1574.34,2026-08-24 07:48:00,completed,Sunglasses
ORD_4787,Rahul Sharma,2453.63,2026-08-23 20:32:00,completed,Keyboard
ORD_4788,Aakash Jain,343.79,2026-08-24 04:06:00,completed,Phone Case
ORD_4789,Arjun Mehta,1939.15,2026-08-24 03:40:00,completed,Monitor Light
ORD_4790,Divya Kulkarni,897.55,2026-08-23 23:58:00,completed,Laptop Stand
ORD_4791,Rahul Sharma,1769.82,2026-08-23 18:59:00,completed,Backpack
ORD_4792,Rajesh Menon,422.6,2026-08-24 04:58:00,completed,Water Bottle
ORD_4793,Rahul Sharma,1793.19,2026-08-23 23:46:00,completed,Backpack
ORD_4794,Rajesh Menon,1341.02,2026-08-24 00:04:00,completed,Power Bank
ORD_4795,Karthik Sundaram,207.54,2026-08-24 06:34:00,completed,USB Cable
ORD_4796,Ananya Reddy,1231.6,2026-08-23 17:10:00,completed,Desk Lamp
ORD_4797,Karthik Sundaram,995.27,2026-08-24 03:19:00,completed,Yoga Mat
ORD_4798,Arjun Mehta,367.37,2026-08-24 07:16:00,completed,Mouse Pad
ORD_4799,Vikram Singh,904.8,2026-08-23 22:13:00,completed,Laptop Stand
ORD_4800,Divya Kulkarni,476.83,2026-08-24 02:19:00,completed,Coffee Mug
ORD_4801,Rohit Joshi,1255.42,2026-08-23 19:17:00,completed,Power Bank
ORD_4802,Divya Kulkarni,325.39,2026-08-23 21:57:00,completed,Mouse Pad
ORD_4803,Shreya Bhat,3043.38,2026-08-24 07:35:00,completed,Running Shoes
ORD_4804,Nandini Choudhury,1860.58,2026-08-23 19:48:00,completed,Monitor Light
ORD_4805,Nandini Choudhury,493.24,2026-08-24 02:34:00,completed,Blue T-Shirt
ORD_4806,Gaurav Malhotra,338.53,2026-08-24 06:10:00,completed,Mouse Pad
ORD_4807,Deepika Rao,944.84,2026-08-24 01:55:00,completed,Laptop Stand
ORD_4808,Karthik Sundaram,1478.61,2026-08-23 23:15:00,completed,Wireless Earbuds
ORD_4809,Sneha Gupta,2478.69,2026-08-23 23:05:00,completed,Keyboard
ORD_4810,Ananya Reddy,314.37,2026-08-23 21:45:00,completed,Phone Case
ORD_4811,Anjali Saxena,2469.13,2026-08-23 22:35:00,completed,Keyboard
ORD_4812,Deepika Rao,1181.77,2026-08-24 06:11:00,completed,Desk Lamp
ORD_4813,Arjun Mehta,1782.81,2026-08-23 23:27:00,completed,Backpack
ORD_4814,Ananya Reddy,250.5,2026-08-23 20:04:00,completed,Notebook Set
ORD_4815,Karthik Sundaram,1165.27,2026-08-24 03:56:00,completed,Desk Lamp
ORD_4816,Vikram Singh,2995.26,2026-08-24 02:50:00,completed,Running Shoes
ORD_4817,Suresh Pillai,449.54,2026-08-23 17:06:00,completed,Coffee Mug
ORD_4818,Shreya Bhat,2980.4,2026-08-23 23:47:00,completed,Running Shoes
ORD_4819,Arjun Mehta,1798.66,2026-08-23 21:57:00,completed,Backpack
ORD_4820,Kavita Nair,706.01,2026-08-24 07:30:00,completed,Watch Strap
ORD_4821,Deepika Rao,216.07,2026-08-24 07:33:00,completed,Notebook Set
ORD_4822,Manish Tiwari,697.8,2026-08-24 04:54:00,completed,Watch Strap
ORD_4823,Karthik Sundaram,3011.86,2026-08-24 02:43:00,completed,Running Shoes
ORD_4824,Sneha Gupta,1459.01,2026-08-24 03:41:00,completed,Standing Desk Mat
ORD_4825,Kavita Nair,892.34,2026-08-24 07:17:00,completed,Laptop Stand
ORD_4826,Rajesh Menon,1514.31,2026-08-23 20:06:00,completed,Wireless Earbuds
ORD_4827,Ananya Reddy,198.07,2026-08-24 03:26:00,completed,USB Cable
ORD_4828,Sneha Gupta,2469.31,2026-08-24 01:36:00,completed,Keyboard
ORD_4829,Shreya Bhat,1548.52,2026-08-24 08:36:00,completed,Wireless Earbuds
ORD_4830,Anjali Saxena,379.37,2026-08-23 21:16:00,completed,Mouse Pad
ORD_4831,Deepika Rao,389.97,2026-08-23 22:21:00,completed,Water Bottle
ORD_4832,Nandini Choudhury,439.57,2026-08-23 21:58:00,completed,Coffee Mug
ORD_4833,Suresh Pillai,746.64,2026-08-24 06:44:00,completed,Watch Strap
ORD_4834,Gaurav Malhotra,1805.96,2026-08-23 17:44:00,completed,Backpack
ORD_4835,Rohit Joshi,294.07,2026-08-24 06:44:00,completed,Phone Case
ORD_4836,Gaurav Malhotra,1789.08,2026-08-23 17:53:00,completed,Backpack
ORD_4837,Rahul Sharma,1496.26,2026-08-24 06:40:00,completed,Standing Desk Mat
ORD_4838,Anjali Saxena,861.78,2026-08-23 20:25:00,completed,Laptop Stand
ORD_4839,Kavita Nair,1798.49,2026-08-24 02:16:00,completed,Backpack
ORD_4840,Nandini Choudhury,3507.41,2026-08-24 01:34:00,completed,Webcam
ORD_4841,Manish Tiwari,909.17,2026-08-24 07:05:00,completed,Laptop Stand
ORD_4842,Arjun Mehta,1757.07,2026-08-24 04:42:00,completed,Backpack
ORD_4843,Aakash Jain,1329.21,2026-08-24 01:10:00,completed,Power Bank
ORD_4844,Nikhil Agarwal,2470.2,2026-08-24 01:54:00,completed,Keyboard
ORD_4845,Nikhil Agarwal,512.91,2026-08-24 08:15:00,completed,Blue T-Shirt
ORD_4846,Kavita Nair,733.05,2026-08-24 00:21:00,completed,Watch Strap
ORD_4847,Nandini Choudhury,2981.65,2026-08-24 02:43:00,completed,Running Shoes
ORD_4848,Karthik Sundaram,709.56,2026-08-23 21:17:00,completed,Watch Strap
ORD_4849,Nikhil Agarwal,1238.8,2026-08-23 21:03:00,completed,Desk Lamp
ORD_4850,Ritu Bansal,736.25,2026-08-24 00:23:00,completed,Watch Strap
ORD_4851,Rajesh Menon,1343.92,2026-08-24 05:31:00,completed,Power Bank
ORD_4852,Divya Kulkarni,1216.45,2026-08-23 17:58:00,completed,Desk Lamp
ORD_4853,Rohit Joshi,410.7,2026-08-23 18:49:00,completed,Water Bottle
ORD_4854,Rajesh Menon,864.1,2026-08-24 04:50:00,completed,Laptop Stand
ORD_4855,Manish Tiwari,1005.52,2026-08-24 07:14:00,completed,Yoga Mat
ORD_4856,Manish Tiwari,3488.61,2026-08-23 20:40:00,completed,Webcam
ORD_4857,Rahul Sharma,2990.95,2026-08-24 01:27:00,completed,Running Shoes
ORD_4858,Priya Patel,3488.29,2026-08-24 07:41:00,completed,Webcam
ORD_4859,Sneha Gupta,957.19,2026-08-24 03:16:00,completed,Yoga Mat
ORD_4860,Suresh Pillai,1262.56,2026-08-24 02:11:00,completed,Power Bank
ORD_4861,Ananya Reddy,917.72,2026-08-24 08:49:00,completed,Laptop Stand
ORD_4862,Aakash Jain,1595.2,2026-08-24 04:50:00,completed,Sunglasses
ORD_4863,Sanjay Verma,490.85,2026-08-24 07:18:00,completed,Coffee Mug
ORD_4864,Aakash Jain,1618.5,2026-08-24 05:50:00,completed,Sunglasses
ORD_4865,Anjali Saxena,540.41,2026-08-23 19:05:00,completed,Blue T-Shirt
ORD_4866,Gaurav Malhotra,1569.34,2026-08-24 01:04:00,completed,Sunglasses
ORD_4867,Ananya Reddy,1516.41,2026-08-24 08:55:00,completed,Standing Desk Mat
ORD_4868,Ritu Bansal,700.87,2026-08-23 22:18:00,completed,Watch Strap
ORD_4869,Aakash Jain,443.94,2026-08-24 01:08:00,completed,Coffee Mug
ORD_4870,Divya Kulkarni,280.71,2026-08-23 23:58:00,completed,Phone Case
ORD_4871,Rohit Joshi,1838.83,2026-08-24 03:51:00,completed,Backpack
ORD_4872,Sanjay Verma,1468.98,2026-08-24 06:08:00,completed,Standing Desk Mat
ORD_4873,Rajesh Menon,1784.48,2026-08-23 21:03:00,completed,Backpack
ORD_4874,Pooja Desai,464.85,2026-08-24 07:32:00,completed,Coffee Mug
ORD_4875,Pooja Desai,1470.31,2026-08-24 23:58:00,completed,Wireless Earbuds
ORD_4876,Rahul Sharma,1511.36,2026-08-24 01:39:00,completed,Wireless Earbuds
ORD_4877,Rajesh Menon,1933.75,2026-08-24 01:03:00,completed,Monitor Light
ORD_4878,Shreya Bhat,1327.54,2026-08-24 03:03:00,completed,Power Bank
ORD_4879,Deepika Rao,975.91,2026-08-24 04:59:00,completed,Yoga Mat
ORD_4880,Karthik Sundaram,272.77,2026-08-24 07:42:00,completed,Phone Case
ORD_4881,Deepika Rao,1311.15,2026-08-23 17:38:00,completed,Power Bank
ORD_4882,Karthik Sundaram,3450.5,2026-08-23 19:18:00,completed,Webcam
ORD_4883,Deepika Rao,2477.08,2026-08-23 19:40:00,completed,Keyboard
ORD_4884,Amit Kumar,1039.26,2026-08-24 08:49:00,completed,Yoga Mat
ORD_4885,Ritu Bansal,495.36,2026-08-23 17:42:00,completed,Coffee Mug
ORD_4886,Arjun Mehta,3516.33,2026-08-24 03:25:00,completed,Webcam
ORD_4887,Nandini Choudhury,2502.54,2026-08-24 08:23:00,completed,Keyboard
ORD_4888,Priya Patel,1600.5,2026-08-24 05:21:00,completed,Sunglasses
ORD_4889,Nikhil Agarwal,1496.47,2026-08-24 03:18:00,completed,Wireless Earbuds
ORD_4890,Shreya Bhat,3521.16,2026-08-23 23:19:00,completed,Webcam
ORD_4891,Sanjay Verma,1521.6,2026-08-24 06:23:00,completed,Wireless Earbuds
ORD_4892,Anjali Saxena,1902.78,2026-08-23 18:52:00,completed,Monitor Light
ORD_4893,Shreya Bhat,1552.91,2026-08-24 05:40:00,completed,Sunglasses
ORD_4894,Arjun Mehta,1214.39,2026-08-24 00:41:00,completed,Desk Lamp
ORD_4895,Rahul Sharma,3005.74,2026-08-23 21:54:00,completed,Running Shoes
ORD_4896,Karthik Sundaram,2520.75,2026-08-24 01:19:00,completed,Keyboard
ORD_4897,Nandini Choudhury,335.36,2026-08-24 02:59:00,completed,Phone Case
ORD_4898,Ananya Reddy,1947.02,2026-08-24 08:04:00,completed,Monitor Light
ORD_4899,Shreya Bhat,459.94,2026-08-23 18:48:00,completed,Blue T-Shirt
ORD_4900,Sneha Gupta,425.53,2026-08-24 08:47:00,completed,Coffee Mug
ORD_4901,Karthik Sundaram,258.85,2026-08-23 22:06:00,completed,Notebook Set
ORD_4902,Suresh Pillai,1618.47,2026-08-23 22:58:00,completed,Sunglasses
ORD_4903,Aakash Jain,218.58,2026-08-24 06:13:00,completed,USB Cable
ORD_4904,Manish Tiwari,291.44,2026-08-24 04:08:00,completed,Notebook Set
ORD_4905,Nandini Choudhury,2982.67,2026-08-24 02:16:00,completed,Running Shoes
ORD_4906,Ritu Bansal,2503.53,2026-08-23 17:40:00,completed,Keyboard
ORD_4907,Divya Kulkarni,656.28,2026-08-24 06:01:00,completed,Watch Strap
ORD_4908,Priya Patel,963.43,2026-08-23 18:33:00,completed,Yoga Mat
ORD_4909,Priya Patel,1765.54,2026-08-24 03:51:00,completed,Backpack
ORD_4910,Priya Patel,1624.41,2026-08-24 07:00:00,completed,Sunglasses
ORD_4911,Manish Tiwari,3512.27,2026-08-24 03:05:00,completed,Webcam
ORD_4912,Kavita Nair,411.98,2026-08-23 22:23:00,completed,Coffee Mug
ORD_4913,Pooja Desai,282.73,2026-08-23 23:19:00,completed,Phone Case
ORD_4914,Meera Iyer,241.4,2026-08-23 17:15:00,completed,Notebook Set
ORD_4915,Priya Patel,1259.51,2026-08-23 20:44:00,completed,Power Bank
ORD_4916,Manish Tiwari,203.1,2026-08-24 06:44:00,completed,Notebook Set
ORD_4917,Ananya Reddy,265.28,2026-08-24 07:28:00,completed,Phone Case
ORD_4918,Amit Kumar,1283.13,2026-08-23 23:09:00,completed,Power Bank
ORD_4919,Meera Iyer,3010.31,2026-08-23 22:12:00,completed,Running Shoes
ORD_4920,Ritu Bansal,344.65,2026-08-24 07:39:00,completed,Mouse Pad
ORD_4921,Meera Iyer,1282.79,2026-08-23 23:13:00,completed,Power Bank
ORD_4922,Vikram Singh,3484.6,2026-08-24 07:56:00,completed,Webcam
ORD_4923,Gaurav Malhotra,1897.93,2026-08-23 17:40:00,completed,Monitor Light
ORD_4924,Suresh Pillai,343.44,2026-08-23 23:26:00,completed,Phone Case
ORD_4925,Priya Patel,1029.32,2026-08-24 08:59:00,completed,Yoga Mat
ORD_4926,Rahul Sharma,3501.78,2026-08-23 19:31:00,completed,Webcam
ORD_4927,Karthik Sundaram,884.61,2026-08-23 22:41:00,completed,Laptop Stand
ORD_4928,Arjun Mehta,1450.05,2026-08-24 00:21:00,completed,Standing Desk Mat
ORD_4929,Rajesh Menon,1922.43,2026-08-23 21:42:00,completed,Monitor Light
ORD_4930,Ananya Reddy,261.04,2026-08-24 00:51:00,completed,Phone Case
ORD_4931,Aakash Jain,1493.29,2026-08-23 19:47:00,completed,Wireless Earbuds
ORD_4932,Manish Tiwari,514.19,2026-08-24 08:34:00,completed,Blue T-Shirt
ORD_4933,Nikhil Agarwal,978.23,2026-08-23 17:59:00,completed,Yoga Mat
ORD_4934,Pooja Desai,738.84,2026-08-24 01:48:00,completed,Watch Strap
ORD_4935,Sanjay Verma,1478.56,2026-08-24 00:48:00,completed,Wireless Earbuds
ORD_4936,Suresh Pillai,1015.64,2026-08-24 01:21:00,completed,Yoga Mat
ORD_4937,Ritu Bansal,1624.75,2026-08-23 21:21:00,completed,Sunglasses
ORD_4938,Ritu Bansal,2989.56,2026-08-24 02:41:00,completed,Running Shoes
ORD_4939,Shreya Bhat,850.94,2026-08-24 01:10:00,completed,Laptop Stand
ORD_4940,Vikram Singh,1934.32,2026-08-24 02:33:00,completed,Monitor Light
ORD_4941,Ananya Reddy,301.63,2026-08-24 07:59:00,completed,Mouse Pad
ORD_4942,Ritu Bansal,351.79,2026-08-24 08:46:00,completed,Mouse Pad
ORD_4943,Rohit Joshi,512.39,2026-08-24 01:08:00,completed,Blue T-Shirt
ORD_4944,Sanjay Verma,2961.53,2026-08-24 06:15:00,completed,Running Shoes
ORD_4945,Manish Tiwari,1456.09,2026-08-24 08:34:00,completed,Standing Desk Mat
ORD_4946,Ritu Bansal,1487.99,2026-08-23 23:31:00,completed,Standing Desk Mat
ORD_4947,Deepika Rao,421.96,2026-08-23 22:50:00,completed,Coffee Mug
ORD_4948,Shreya Bhat,524.62,2026-08-24 01:42:00,completed,Blue T-Shirt
ORD_4949,Ananya Reddy,434.34,2026-08-24 06:30:00,completed,Coffee Mug
ORD_4950,Rohit Joshi,1831.15,2026-08-24 00:19:00,completed,Backpack
ORD_4951,Priya Patel,197.69,2026-08-24 03:36:00,completed,USB Cable
ORD_4952,Deepika Rao,1226.37,2026-08-24 01:06:00,completed,Desk Lamp
ORD_4953,Deepika Rao,1459.09,2026-08-24 00:59:00,completed,Standing Desk Mat
ORD_4954,Suresh Pillai,467.84,2026-08-24 06:28:00,completed,Coffee Mug
ORD_4955,Sneha Gupta,1502.19,2026-08-24 05:39:00,completed,Wireless Earbuds
ORD_4956,Sanjay Verma,3020.35,2026-08-24 00:46:00,completed,Running Shoes
ORD_4957,Rajesh Menon,1878.92,2026-08-24 03:42:00,completed,Monitor Light
ORD_4958,Ananya Reddy,1547.54,2026-08-24 03:54:00,completed,Wireless Earbuds
ORD_4959,Anjali Saxena,1239.87,2026-08-23 20:02:00,completed,Desk Lamp
ORD_4960,Gaurav Malhotra,974.96,2026-08-24 07:57:00,completed,Yoga Mat
ORD_4961,Aakash Jain,291.84,2026-08-23 21:47:00,completed,Notebook Set
ORD_4962,Meera Iyer,2464.87,2026-08-24 01:51:00,completed,Keyboard
ORD_4963,Ananya Reddy,156.59,2026-08-23 19:09:00,completed,USB Cable
ORD_4964,Karthik Sundaram,1182.41,2026-08-24 01:45:00,completed,Desk Lamp
ORD_4965,Nandini Choudhury,1565.17,2026-08-24 01:31:00,completed,Sunglasses
ORD_4966,Kavita Nair,1476.95,2026-08-24 04:25:00,completed,Standing Desk Mat
ORD_4967,Deepika Rao,1222.33,2026-08-24 07:49:00,completed,Desk Lamp
ORD_4968,Anjali Saxena,473.79,2026-08-24 05:07:00,completed,Blue T-Shirt
ORD_4969,Divya Kulkarni,3468.97,2026-08-23 17:43:00,completed,Webcam
ORD_4970,Pooja Desai,252.93,2026-08-24 03:19:00,completed,Phone Case
ORD_4971,Vikram Singh,440.64,2026-08-23 21:56:00,completed,Water Bottle
ORD_4972,Rahul Sharma,3530.51,2026-08-24 02:41:00,completed,Webcam
ORD_4973,Divya Kulkarni,1930.19,2026-08-23 23:47:00,completed,Monitor Light
ORD_4974,Amit Kumar,337.8,2026-08-24 00:13:00,completed,Phone Case
ORD_4975,Amit Kumar,209.19,2026-08-23 19:14:00,completed,USB Cable
ORD_4976,Kavita Nair,3471.43,2026-08-23 17:44:00,completed,Webcam
ORD_4977,Divya Kulkarni,406.02,2026-08-23 23:58:00,completed,Coffee Mug
ORD_4978,Rajesh Menon,1450.17,2026-08-24 02:42:00,completed,Wireless Earbuds
ORD_4979,Rohit Joshi,2548.0,2026-08-23 21:02:00,completed,Keyboard
ORD_4980,Shreya Bhat,314.39,2026-08-24 08:19:00,completed,Phone Case
ORD_4981,Sanjay Verma,224.04,2026-08-24 00:31:00,completed,Notebook Set
ORD_4982,Suresh Pillai,407.38,2026-08-23 23:05:00,completed,Water Bottle
ORD_4983,Kavita Nair,1841.87,2026-08-24 02:57:00,completed,Backpack
ORD_4984,Aakash Jain,3040.7,2026-08-23 22:27:00,completed,Running Shoes
ORD_4985,Ritu Bansal,1557.74,2026-08-24 06:40:00,completed,Sunglasses
ORD_4986,Amit Kumar,1454.8,2026-08-24 02:04:00,completed,Wireless Earbuds
ORD_4987,Ananya Reddy,1290.36,2026-08-24 03:57:00,completed,Power Bank
ORD_4988,Rahul Sharma,1496.47,2026-08-24 01:08:00,completed,Wireless Earbuds
ORD_4989,Ananya Reddy,421.44,2026-08-24 01:18:00,completed,Coffee Mug
ORD_4990,Kavita Nair,451.81,2026-08-23 23:20:00,completed,Blue T-Shirt
ORD_4991,Suresh Pillai,1338.74,2026-08-23 23:10:00,completed,Power Bank
ORD_4992,Rajesh Menon,1940.0,2026-08-23 21:53:00,completed,Monitor Light
ORD_4993,Rohit Joshi,280.66,2026-08-23 18:42:00,completed,Notebook Set
ORD_4994,Anjali Saxena,1464.2,2026-08-23 18:46:00,completed,Standing Desk Mat
ORD_4995,Nandini Choudhury,355.72,2026-08-23 23:44:00,completed,Water Bottle
ORD_4996,Rahul Sharma,512.85,2026-08-24 04:12:00,completed,Blue T-Shirt
ORD_4997,Divya Kulkarni,1844.56,2026-08-24 01:25:00,completed,Backpack
ORD_4998,Manish Tiwari,3021.9,2026-08-24 00:17:00,completed,Running Shoes
ORD_4999,Nikhil Agarwal,934.44,2026-08-24 00:19:00,completed,Laptop Stand
ORD_5000,Sanjay Verma,359.17,2026-08-23 21:52:00,completed,Water Bottle
ORD_5001,Ritu Bansal,356.39,2026-08-24 03:54:00,completed,Mouse Pad
ORD_5002,Gaurav Malhotra,1898.1,2026-08-24 08:45:00,completed,Monitor Light
ORD_5003,Gaurav Malhotra,167.12,2026-08-24 02:37:00,completed,USB Cable
ORD_5004,Rajesh Menon,336.16,2026-08-24 02:04:00,completed,Phone Case
ORD_5005,Divya Kulkarni,1610.21,2026-08-23 23:39:00,completed,Sunglasses
ORD_5006,Kavita Nair,422.68,2026-08-23 17:18:00,completed,Water Bottle
ORD_5007,Kavita Nair,178.11,2026-08-24 08:58:00,completed,USB Cable
ORD_5008,Amit Kumar,1209.72,2026-08-23 20:41:00,completed,Desk Lamp
ORD_5009,Divya Kulkarni,2479.57,2026-08-24 02:14:00,completed,Keyboard
ORD_5010,Anjali Saxena,338.54,2026-08-23 21:33:00,completed,Phone Case
ORD_5011,Vikram Singh,1271.57,2026-08-24 08:07:00,completed,Power Bank
ORD_5012,Rohit Joshi,666.72,2026-08-23 22:12:00,completed,Watch Strap
ORD_5013,Meera Iyer,465.0,2026-08-24 03:35:00,completed,Blue T-Shirt
ORD_5014,Divya Kulkarni,1013.77,2026-08-23 17:52:00,completed,Yoga Mat
ORD_5015,Manish Tiwari,1853.61,2026-08-24 01:42:00,completed,Monitor Light
ORD_5016,Pooja Desai,224.96,2026-08-23 21:56:00,completed,USB Cable
ORD_5017,Aakash Jain,331.21,2026-08-24 05:12:00,completed,Mouse Pad
ORD_5018,Arjun Mehta,3023.72,2026-08-23 21:09:00,completed,Running Shoes
ORD_5019,Nikhil Agarwal,1825.75,2026-08-24 01:20:00,completed,Backpack
ORD_5020,Rajesh Menon,1196.51,2026-08-24 00:26:00,completed,Desk Lamp
ORD_5021,Sanjay Verma,3009.78,2026-08-23 23:51:00,completed,Running Shoes
ORD_5022,Ritu Bansal,393.25,2026-08-24 02:30:00,completed,Mouse Pad
ORD_5023,Suresh Pillai,2965.7,2026-08-24 07:51:00,completed,Running Shoes
ORD_5024,Nandini Choudhury,246.55,2026-08-23 23:23:00,completed,Notebook Set
ORD_5025,Nikhil Agarwal,332.11,2026-08-23 19:33:00,completed,Phone Case
ORD_5026,Ananya Reddy,442.93,2026-08-23 21:07:00,completed,Coffee Mug
ORD_5027,Kavita Nair,233.16,2026-08-24 07:46:00,completed,Notebook Set
ORD_5028,Priya Patel,1614.85,2026-08-24 05:14:00,completed,Sunglasses
ORD_5029,Ritu Bansal,1496.39,2026-08-23 23:42:00,completed,Wireless Earbuds
ORD_5030,Manish Tiwari,463.27,2026-08-24 08:28:00,completed,Coffee Mug
ORD_5031,Rahul Sharma,1601.33,2026-08-23 18:39:00,completed,Sunglasses
ORD_5032,Vikram Singh,484.51,2026-08-23 18:34:00,completed,Coffee Mug
ORD_5033,Kavita Nair,731.77,2026-08-24 05:24:00,completed,Watch Strap
ORD_5034,Rohit Joshi,210.42,2026-08-24 00:49:00,completed,Notebook Set
ORD_5035,Ritu Bansal,1450.2,2026-08-24 08:54:00,completed,Standing Desk Mat
ORD_5036,Ananya Reddy,203.01,2026-08-23 17:08:00,completed,Notebook Set
ORD_5037,Meera Iyer,1496.3,2026-08-24 06:25:00,completed,Wireless Earbuds
ORD_5038,Shreya Bhat,1866.56,2026-08-24 01:01:00,completed,Monitor Light
ORD_5039,Deepika Rao,746.55,2026-08-23 22:28:00,completed,Watch Strap
ORD_5040,Priya Patel,195.85,2026-08-23 21:27:00,completed,USB Cable
ORD_5041,Amit Kumar,899.1,2026-08-24 06:26:00,completed,Laptop Stand
ORD_5042,Shreya Bhat,437.31,2026-08-23 18:03:00,completed,Coffee Mug
ORD_5043,Vikram Singh,330.96,2026-08-23 17:38:00,completed,Mouse Pad
ORD_5044,Gaurav Malhotra,1785.1,2026-08-23 17:36:00,completed,Backpack
ORD_5045,Nandini Choudhury,340.57,2026-08-24 00:26:00,completed,Mouse Pad
ORD_5046,Ritu Bansal,1016.64,2026-08-23 21:03:00,completed,Yoga Mat
ORD_5047,Deepika Rao,2506.75,2026-08-24 07:02:00,completed,Keyboard
ORD_5048,Deepika Rao,1454.99,2026-08-23 18:31:00,completed,Wireless Earbuds
ORD_5049,Anjali Saxena,700.47,2026-08-23 17:12:00,completed,Watch Strap
ORD_5050,Rajesh Menon,306.59,2026-08-24 23:57:00,completed,Mouse Pad
ORD_5051,Rahul Sharma,1243.3,2026-08-23 17:16:00,completed,Desk Lamp
ORD_5052,Sneha Gupta,212.57,2026-08-23 17:52:00,completed,USB Cable
ORD_5053,Ananya Reddy,1003.64,2026-08-23 23:14:00,completed,Yoga Mat
ORD_5054,Ritu Bansal,445.87,2026-08-24 00:10:00,completed,Coffee Mug
ORD_5055,Manish Tiwari,260.58,2026-08-24 07:36:00,completed,Phone Case
ORD_5056,Sanjay Verma,2952.91,2026-08-24 05:33:00,completed,Running Shoes
ORD_5057,Ananya Reddy,1247.91,2026-08-24 05:12:00,completed,Desk Lamp
ORD_5058,Suresh Pillai,262.15,2026-08-23 23:02:00,completed,Phone Case
ORD_5059,Ritu Bansal,1646.17,2026-08-23 22:39:00,completed,Sunglasses
ORD_5060,Vikram Singh,716.39,2026-08-24 03:21:00,completed,Watch Strap
ORD_5061,Nikhil Agarwal,202.48,2026-08-24 06:49:00,completed,USB Cable
ORD_5062,Ananya Reddy,377.43,2026-08-23 20:06:00,completed,Mouse Pad
ORD_5063,Aakash Jain,360.34,2026-08-23 20:13:00,completed,Mouse Pad
ORD_5064,Shreya Bhat,404.1,2026-08-24 03:40:00,completed,Water Bottle
ORD_5065,Sanjay Verma,3500.77,2026-08-23 18:24:00,completed,Webcam
ORD_5066,Rahul Sharma,225.74,2026-08-24 05:02:00,completed,USB Cable
ORD_5067,Nandini Choudhury,1901.64,2026-08-23 17:11:00,completed,Monitor Light
ORD_5068,Rohit Joshi,1871.04,2026-08-24 05:51:00,completed,Monitor Light
ORD_5069,Kavita Nair,1912.21,2026-08-23 21:23:00,completed,Monitor Light
ORD_5070,Pooja Desai,224.79,2026-08-23 22:31:00,completed,USB Cable
ORD_5071,Suresh Pillai,213.7,2026-08-24 04:00:00,completed,USB Cable
ORD_5072,Ritu Bansal,873.68,2026-08-24 08:43:00,completed,Laptop Stand
ORD_5073,Ritu Bansal,493.69,2026-08-23 22:03:00,completed,Blue T-Shirt
ORD_5074,Pooja Desai,3483.24,2026-08-23 23:57:00,completed,Webcam
ORD_5075,Anjali Saxena,2546.67,2026-08-24 06:27:00,completed,Keyboard
ORD_5076,Deepika Rao,252.48,2026-08-23 20:26:00,completed,Phone Case
ORD_5077,Karthik Sundaram,1524.62,2026-08-23 20:59:00,completed,Wireless Earbuds
ORD_5078,Kavita Nair,702.82,2026-08-23 19:19:00,completed,Watch Strap
ORD_5079,Pooja Desai,1632.43,2026-08-24 02:45:00,completed,Sunglasses
ORD_5080,Kavita Nair,1813.93,2026-08-24 00:08:00,completed,Backpack
ORD_5081,Meera Iyer,674.23,2026-08-23 17:59:00,completed,Watch Strap
ORD_5082,Kavita Nair,376.65,2026-08-23 19:09:00,completed,Water Bottle
ORD_5083,Arjun Mehta,2978.73,2026-08-23 20:18:00,completed,Running Shoes
ORD_5084,Nikhil Agarwal,665.02,2026-08-24 05:57:00,completed,Watch Strap
ORD_5085,Ritu Bansal,395.22,2026-08-24 05:24:00,completed,Water Bottle
ORD_5086,Rajesh Menon,2480.19,2026-08-23 19:11:00,completed,Keyboard
ORD_5087,Rajesh Menon,1776.96,2026-08-24 07:28:00,completed,Backpack
ORD_5088,Nikhil Agarwal,866.75,2026-08-24 04:25:00,completed,Laptop Stand
ORD_5089,Suresh Pillai,2545.14,2026-08-23 19:01:00,completed,Keyboard
ORD_5090,Amit Kumar,1638.26,2026-08-23 22:01:00,completed,Sunglasses
ORD_5091,Manish Tiwari,460.36,2026-08-24 05:08:00,completed,Blue T-Shirt
ORD_5092,Ritu Bansal,1469.84,2026-08-24 03:24:00,completed,Wireless Earbuds
ORD_5093,Kavita Nair,1930.23,2026-08-24 04:53:00,completed,Monitor Light
ORD_5094,Aakash Jain,463.26,2026-08-24 06:00:00,completed,Coffee Mug
ORD_5095,Kavita Nair,2511.6,2026-08-23 22:09:00,completed,Keyboard
ORD_5096,Rajesh Menon,1515.72,2026-08-23 22:33:00,completed,Standing Desk Mat
ORD_5097,Aakash Jain,3460.04,2026-08-24 04:16:00,completed,Webcam
ORD_5098,Rohit Joshi,177.49,2026-08-24 02:29:00,completed,USB Cable
ORD_5099,Amit Kumar,1622.19,2026-08-23 20:49:00,completed,Sunglasses
ORD_5100,Pooja Desai,700.14,2026-08-24 06:01:00,completed,Watch Strap
ORD_5101,Anjali Saxena,494.25,2026-08-23 17:09:00,completed,Blue T-Shirt
ORD_5102,Manish Tiwari,1611.49,2026-08-24 02:25:00,completed,Sunglasses
ORD_5103,Anjali Saxena,3475.64,2026-08-24 06:35:00,completed,Webcam
ORD_5104,Meera Iyer,1884.37,2026-08-24 07:12:00,completed,Monitor Light
ORD_5105,Gaurav Malhotra,1557.39,2026-08-23 17:08:00,completed,Sunglasses
ORD_5106,Aakash Jain,1498.94,2026-08-24 07:25:00,completed,Standing Desk Mat
ORD_5107,Kavita Nair,1284.64,2026-08-24 01:02:00,completed,Power Bank
ORD_5108,Rohit Joshi,340.92,2026-08-24 02:52:00,completed,Mouse Pad
ORD_5109,Ritu Bansal,1545.14,2026-08-23 22:49:00,completed,Standing Desk Mat
ORD_5110,Pooja Desai,355.51,2026-08-23 22:19:00,completed,Water Bottle
ORD_5111,Meera Iyer,1594.87,2026-08-24 06:37:00,completed,Sunglasses
ORD_5112,Deepika Rao,267.58,2026-08-23 19:56:00,completed,Notebook Set
ORD_5113,Rohit Joshi,3482.16,2026-08-23 18:02:00,completed,Webcam
ORD_5114,Karthik Sundaram,2950.84,2026-08-24 04:46:00,completed,Running Shoes
ORD_5115,Vikram Singh,440.98,2026-08-23 17:45:00,completed,Water Bottle
ORD_5116,Gaurav Malhotra,2548.43,2026-08-23 17:42:00,completed,Keyboard
ORD_5117,Karthik Sundaram,349.74,2026-08-24 04:38:00,completed,Mouse Pad
ORD_5118,Rajesh Menon,1628.85,2026-08-23 22:10:00,completed,Sunglasses
ORD_5119,Karthik Sundaram,536.35,2026-08-24 00:38:00,completed,Blue T-Shirt
ORD_5120,Nikhil Agarwal,275.01,2026-08-24 02:00:00,completed,Phone Case
ORD_5121,Rahul Sharma,1811.06,2026-08-23 20:58:00,completed,Backpack
ORD_5122,Karthik Sundaram,3494.95,2026-08-24 08:43:00,completed,Webcam
ORD_5123,Gaurav Malhotra,476.06,2026-08-23 19:25:00,completed,Blue T-Shirt
ORD_5124,Aakash Jain,1007.57,2026-08-24 04:10:00,completed,Yoga Mat
ORD_5125,Sanjay Verma,1800.06,2026-08-23 17:44:00,completed,Backpack
ORD_5126,Manish Tiwari,1767.13,2026-08-23 22:44:00,completed,Backpack
ORD_5127,Manish Tiwari,262.43,2026-08-24 08:52:00,completed,Phone Case
ORD_5128,Kavita Nair,1860.88,2026-08-23 22:51:00,completed,Monitor Light
ORD_5129,Sneha Gupta,3004.24,2026-08-24 07:32:00,completed,Running Shoes
ORD_5130,Rajesh Menon,339.62,2026-08-24 04:29:00,completed,Phone Case
ORD_5131,Rahul Sharma,1864.71,2026-08-24 01:45:00,completed,Monitor Light
ORD_5132,Gaurav Malhotra,340.42,2026-08-24 00:30:00,completed,Phone Case
ORD_5133,Amit Kumar,322.06,2026-08-23 18:50:00,completed,Phone Case
ORD_5134,Kavita Nair,1479.38,2026-08-23 20:53:00,completed,Wireless Earbuds
ORD_5135,Kavita Nair,2508.41,2026-08-23 18:30:00,completed,Keyboard
ORD_5136,Kavita Nair,2979.26,2026-08-24 08:42:00,completed,Running Shoes
ORD_5137,Nikhil Agarwal,1820.8,2026-08-23 18:38:00,completed,Backpack
ORD_5138,Kavita Nair,243.85,2026-08-23 20:55:00,completed,USB Cable
ORD_5139,Arjun Mehta,1169.52,2026-08-23 18:11:00,completed,Desk Lamp
ORD_5140,Rahul Sharma,658.6,2026-08-24 07:17:00,completed,Watch Strap
ORD_5141,Amit Kumar,3481.51,2026-08-24 03:38:00,completed,Webcam
ORD_5142,Sanjay Verma,1346.33,2026-08-24 00:32:00,completed,Power Bank
ORD_5143,Shreya Bhat,533.71,2026-08-23 20:50:00,completed,Blue T-Shirt
ORD_5144,Rajesh Menon,1490.9,2026-08-23 19:51:00,completed,Wireless Earbuds
ORD_5145,Karthik Sundaram,908.93,2026-08-24 23:57:00,completed,Laptop Stand
ORD_5146,Deepika Rao,2544.81,2026-08-23 22:20:00,completed,Keyboard
ORD_5147,Rajesh Menon,1340.24,2026-08-23 17:49:00,completed,Power Bank
ORD_5148,Sneha Gupta,1040.57,2026-08-24 00:12:00,completed,Yoga Mat
ORD_5149,Sneha Gupta,1184.07,2026-08-24 06:39:00,completed,Desk Lamp
ORD_5150,Sneha Gupta,1948.71,2026-08-24 01:09:00,completed,Monitor Light
ORD_5151,Rahul Sharma,1801.1,2026-08-23 23:17:00,completed,Backpack
ORD_5152,Vikram Singh,1921.77,2026-08-24 03:13:00,completed,Monitor Light
ORD_5153,Gaurav Malhotra,1266.49,2026-08-23 23:36:00,completed,Power Bank
ORD_5154,Anjali Saxena,1815.56,2026-08-24 06:42:00,completed,Backpack
ORD_5155,Rajesh Menon,296.61,2026-08-24 06:37:00,completed,Notebook Set
ORD_5156,Kavita Nair,1184.42,2026-08-23 20:32:00,completed,Desk Lamp
ORD_5157,Shreya Bhat,1191.24,2026-08-23 17:52:00,completed,Desk Lamp
ORD_5158,Anjali Saxena,3466.43,2026-08-23 19:15:00,completed,Webcam
ORD_5159,Priya Patel,1890.97,2026-08-24 03:24:00,completed,Monitor Light
ORD_5160,Arjun Mehta,2482.68,2026-08-23 23:16:00,completed,Keyboard
ORD_5161,Rahul Sharma,373.83,2026-08-23 18:14:00,completed,Water Bottle
ORD_5162,Vikram Singh,459.86,2026-08-24 04:08:00,completed,Blue T-Shirt
ORD_5163,Ritu Bansal,1194.06,2026-08-23 18:40:00,completed,Desk Lamp
ORD_5164,Arjun Mehta,334.15,2026-08-24 06:47:00,completed,Mouse Pad
ORD_5165,Amit Kumar,1849.15,2026-08-23 21:24:00,completed,Monitor Light
ORD_5166,Suresh Pillai,2954.77,2026-08-24 05:21:00,completed,Running Shoes
ORD_5167,Meera Iyer,744.75,2026-08-24 04:27:00,completed,Watch Strap
ORD_5168,Ritu Bansal,1484.73,2026-08-24 06:10:00,completed,Wireless Earbuds
ORD_5169,Rahul Sharma,216.41,2026-08-23 21:19:00,completed,Notebook Set
ORD_5170,Rajesh Menon,269.79,2026-08-24 07:14:00,completed,Phone Case
ORD_5171,Shreya Bhat,969.89,2026-08-24 04:58:00,completed,Yoga Mat
ORD_5172,Priya Patel,173.81,2026-08-24 02:15:00,completed,USB Cable
ORD_5173,Deepika Rao,941.85,2026-08-24 02:47:00,completed,Laptop Stand
ORD_5174,Sneha Gupta,1917.29,2026-08-24 03:22:00,completed,Monitor Light
ORD_5175,Rahul Sharma,501.92,2026-08-24 06:12:00,completed,Blue T-Shirt
ORD_5176,Ritu Bansal,433.4,2026-08-23 18:54:00,completed,Coffee Mug
ORD_5177,Suresh Pillai,958.78,2026-08-24 00:17:00,completed,Yoga Mat
ORD_5178,Gaurav Malhotra,301.06,2026-08-23 23:27:00,completed,Mouse Pad
ORD_5179,Aakash Jain,3011.81,2026-08-24 02:24:00,completed,Running Shoes
ORD_5180,Pooja Desai,209.34,2026-08-24 05:55:00,completed,USB Cable
ORD_5181,Kavita Nair,1648.97,2026-08-23 23:05:00,completed,Sunglasses
ORD_5182,Ritu Bansal,403.27,2026-08-23 23:59:00,completed,Water Bottle
ORD_5183,Nikhil Agarwal,454.2,2026-08-23 17:44:00,completed,Coffee Mug
ORD_5184,Kavita Nair,1503.29,2026-08-23 19:42:00,completed,Standing Desk Mat
ORD_5185,Nandini Choudhury,1176.94,2026-08-24 01:30:00,completed,Desk Lamp
ORD_5186,Shreya Bhat,376.06,2026-08-24 04:33:00,completed,Mouse Pad
ORD_5187,Anjali Saxena,286.96,2026-08-24 05:03:00,completed,Phone Case
ORD_5188,Amit Kumar,492.56,2026-08-24 23:58:00,completed,Coffee Mug
ORD_5189,Priya Patel,499.13,2026-08-23 22:41:00,completed,Blue T-Shirt
ORD_5190,Meera Iyer,425.59,2026-08-23 21:31:00,completed,Coffee Mug
ORD_5191,Kavita Nair,1583.41,2026-08-23 23:31:00,completed,Sunglasses
ORD_5192,Ananya Reddy,465.85,2026-08-23 17:58:00,completed,Blue T-Shirt
ORD_5193,Deepika Rao,1303.4,2026-08-24 02:07:00,completed,Power Bank
ORD_5194,Nandini Choudhury,1547.15,2026-08-24 01:03:00,completed,Wireless Earbuds
ORD_5195,Aakash Jain,2546.33,2026-08-23 19:40:00,completed,Keyboard
ORD_5196,Kavita Nair,508.05,2026-08-23 23:12:00,completed,Blue T-Shirt
ORD_5197,Ritu Bansal,1023.95,2026-08-23 18:18:00,completed,Yoga Mat
ORD_5198,Manish Tiwari,247.1,2026-08-24 06:54:00,completed,Notebook Set
ORD_5199,Aakash Jain,1484.11,2026-08-24 04:34:00,completed,Wireless Earbuds
ORD_5200,Meera Iyer,1163.81,2026-08-23 20:04:00,completed,Desk Lamp
ORD_5201,Anjali Saxena,1495.96,2026-08-23 20:03:00,completed,Wireless Earbuds
ORD_5202,Kavita Nair,217.05,2026-08-24 07:22:00,completed,Notebook Set
ORD_5203,Pooja Desai,349.51,2026-08-24 03:44:00,completed,Water Bottle
ORD_5204,Amit Kumar,362.6,2026-08-24 07:09:00,completed,Mouse Pad
ORD_5205,Vikram Singh,1830.56,2026-08-24 02:21:00,completed,Backpack
ORD_5206,Rahul Sharma,325.81,2026-08-23 17:33:00,completed,Mouse Pad
ORD_5207,Sneha Gupta,1488.79,2026-08-23 18:55:00,completed,Standing Desk Mat
ORD_5208,Shreya Bhat,546.65,2026-08-24 07:33:00,completed,Blue T-Shirt
ORD_5209,Manish Tiwari,1253.91,2026-08-24 06:27:00,completed,Power Bank
ORD_5210,Meera Iyer,314.47,2026-08-24 07:39:00,completed,Phone Case
ORD_5211,Anjali Saxena,2527.51,2026-08-24 03:05:00,completed,Keyboard
ORD_5212,Anjali Saxena,2547.83,2026-08-24 03:07:00,completed,Keyboard
ORD_5213,Rohit Joshi,268.2,2026-08-24 02:11:00,completed,Phone Case
ORD_5214,Priya Patel,995.4,2026-08-23 20:27:00,completed,Yoga Mat
ORD_5215,Rohit Joshi,3510.42,2026-08-23 18:12:00,completed,Webcam
ORD_5216,Manish Tiwari,1563.42,2026-08-23 22:09:00,completed,Sunglasses
ORD_5217,Rajesh Menon,968.93,2026-08-24 07:08:00,completed,Yoga Mat
ORD_5218,Rahul Sharma,1270.39,2026-08-24 00:29:00,completed,Power Bank
ORD_5219,Karthik Sundaram,349.4,2026-08-23 21:36:00,completed,Water Bottle
ORD_5220,Aakash Jain,721.01,2026-08-23 19:58:00,completed,Watch Strap
ORD_5221,Ananya Reddy,663.62,2026-08-23 22:13:00,completed,Watch Strap
ORD_5222,Deepika Rao,1838.34,2026-08-23 22:17:00,completed,Backpack
ORD_5223,Arjun Mehta,1314.31,2026-08-23 18:02:00,completed,Power Bank
ORD_5224,Anjali Saxena,231.29,2026-08-23 23:56:00,completed,USB Cable
ORD_5225,Karthik Sundaram,3529.93,2026-08-24 04:35:00,completed,Webcam
ORD_5226,Anjali Saxena,1768.0,2026-08-24 05:16:00,completed,Backpack
ORD_5227,Meera Iyer,162.87,2026-08-24 02:58:00,completed,USB Cable
ORD_5228,Arjun Mehta,1829.05,2026-08-23 20:53:00,completed,Backpack
ORD_5229,Amit Kumar,1622.38,2026-08-24 05:35:00,completed,Sunglasses
ORD_5230,Ananya Reddy,224.69,2026-08-24 04:47:00,completed,Notebook Set
ORD_5231,Arjun Mehta,1266.29,2026-08-24 07:58:00,completed,Power Bank
ORD_5232,Nikhil Agarwal,250.73,2026-08-24 02:59:00,completed,Phone Case
ORD_5233,Amit Kumar,213.46,2026-08-23 20:17:00,completed,Notebook Set
ORD_5234,Rohit Joshi,498.46,2026-08-24 00:54:00,completed,Blue T-Shirt
ORD_5235,Vikram Singh,1862.37,2026-08-24 03:44:00,completed,Monitor Light
ORD_5236,Arjun Mehta,1031.24,2026-08-23 20:17:00,completed,Yoga Mat
ORD_5237,Priya Patel,1530.38,2026-08-23 19:08:00,completed,Wireless Earbuds
ORD_5238,Nikhil Agarwal,388.46,2026-08-24 04:26:00,completed,Mouse Pad
ORD_5239,Manish Tiwari,888.3,2026-08-24 01:58:00,completed,Laptop Stand
ORD_5240,Vikram Singh,218.12,2026-08-23 20:19:00,completed,USB Cable
ORD_5241,Rahul Sharma,408.51,2026-08-24 02:36:00,completed,Coffee Mug
ORD_5242,Deepika Rao,956.55,2026-08-24 05:37:00,completed,Yoga Mat
ORD_5243,Anjali Saxena,344.88,2026-08-23 23:48:00,completed,Mouse Pad
ORD_5244,Meera Iyer,289.29,2026-08-23 20:13:00,completed,Notebook Set
ORD_5245,Rahul Sharma,357.57,2026-08-23 23:50:00,completed,Mouse Pad
ORD_5246,Arjun Mehta,1926.53,2026-08-23 19:38:00,completed,Monitor Light
ORD_5247,Anjali Saxena,469.46,2026-08-23 18:42:00,completed,Blue T-Shirt
ORD_5248,Amit Kumar,1306.95,2026-08-24 06:21:00,completed,Power Bank
ORD_5249,Karthik Sundaram,1344.03,2026-08-23 20:07:00,completed,Power Bank
ORD_5250,Nandini Choudhury,361.71,2026-08-24 05:59:00,completed,Mouse Pad
ORD_5251,Rajesh Menon,168.79,2026-08-24 05:24:00,completed,USB Cable
ORD_5252,Karthik Sundaram,200.45,2026-08-23 17:04:00,completed,Notebook Set
ORD_5253,Rohit Joshi,970.99,2026-08-24 06:58:00,completed,Yoga Mat
ORD_5254,Nikhil Agarwal,1476.53,2026-08-24 04:07:00,completed,Standing Desk Mat
ORD_5255,Divya Kulkarni,2491.58,2026-08-24 05:05:00,completed,Keyboard
ORD_5256,Vikram Singh,1455.18,2026-08-24 01:43:00,completed,Standing Desk Mat
ORD_5257,Karthik Sundaram,1817.98,2026-08-24 00:13:00,completed,Backpack
ORD_5258,Kavita Nair,438.56,2026-08-24 01:10:00,completed,Water Bottle
ORD_5259,Aakash Jain,1023.32,2026-08-24 05:00:00,completed,Yoga Mat
ORD_5260,Ananya Reddy,348.96,2026-08-23 21:17:00,completed,Mouse Pad
ORD_5261,Karthik Sundaram,1487.94,2026-08-23 21:55:00,completed,Standing Desk Mat
ORD_5262,Arjun Mehta,234.49,2026-08-24 04:26:00,completed,Notebook Set
ORD_5263,Nandini Choudhury,1308.74,2026-08-24 02:59:00,completed,Power Bank
ORD_5264,Manish Tiwari,698.55,2026-08-24 04:38:00,completed,Watch Strap
ORD_5265,Sneha Gupta,1806.84,2026-08-24 02:55:00,completed,Backpack
ORD_5266,Gaurav Malhotra,410.03,2026-08-23 21:22:00,completed,Coffee Mug
ORD_5267,Sanjay Verma,475.46,2026-08-23 19:11:00,completed,Blue T-Shirt
ORD_5268,Pooja Desai,741.97,2026-08-24 00:25:00,completed,Watch Strap
ORD_5269,Karthik Sundaram,1785.28,2026-08-23 22:07:00,completed,Backpack
ORD_5270,Amit Kumar,1515.07,2026-08-24 06:40:00,completed,Standing Desk Mat
ORD_5271,Manish Tiwari,1528.01,2026-08-24 03:49:00,completed,Wireless Earbuds
ORD_5272,Sanjay Verma,1005.03,2026-08-24 03:53:00,completed,Yoga Mat
ORD_5273,Suresh Pillai,867.58,2026-08-24 05:28:00,completed,Laptop Stand
ORD_5274,Nikhil Agarwal,511.64,2026-08-23 19:38:00,completed,Blue T-Shirt
ORD_5275,Meera Iyer,1561.63,2026-08-24 06:40:00,completed,Sunglasses
ORD_5276,Suresh Pillai,1244.58,2026-08-24 06:42:00,completed,Desk Lamp
ORD_5277,Amit Kumar,1245.73,2026-08-24 06:21:00,completed,Desk Lamp
ORD_5278,Deepika Rao,473.59,2026-08-23 19:00:00,completed,Blue T-Shirt
ORD_5279,Divya Kulkarni,1875.92,2026-08-24 07:16:00,completed,Monitor Light
ORD_5280,Shreya Bhat,1513.01,2026-08-24 03:14:00,completed,Wireless Earbuds
ORD_5281,Shreya Bhat,705.01,2026-08-23 22:03:00,completed,Watch Strap
ORD_5282,Gaurav Malhotra,1525.84,2026-08-24 03:40:00,completed,Wireless Earbuds
ORD_5283,Shreya Bhat,1891.26,2026-08-24 23:57:00,completed,Monitor Light
ORD_5284,Sanjay Verma,1554.3,2026-08-23 18:45:00,completed,Sunglasses
ORD_5285,Nandini Choudhury,203.07,2026-08-23 17:17:00,completed,Notebook Set
ORD_5286,Shreya Bhat,1559.91,2026-08-24 04:10:00,completed,Sunglasses
ORD_5287,Karthik Sundaram,3505.63,2026-08-24 04:34:00,completed,Webcam
ORD_5288,Rahul Sharma,3481.39,2026-08-24 06:58:00,completed,Webcam
ORD_5289,Shreya Bhat,998.16,2026-08-24 06:21:00,completed,Yoga Mat
ORD_5290,Rahul Sharma,260.68,2026-08-24 07:41:00,completed,Notebook Set
ORD_5291,Ritu Bansal,2997.03,2026-08-23 20:56:00,completed,Running Shoes
ORD_5292,Nikhil Agarwal,1499.77,2026-08-24 06:53:00,completed,Wireless Earbuds
ORD_5293,Sneha Gupta,1301.8,2026-08-23 20:02:00,completed,Power Bank
ORD_5294,Vikram Singh,989.59,2026-08-23 19:52:00,completed,Yoga Mat
ORD_5295,Aakash Jain,434.36,2026-08-23 21:04:00,completed,Coffee Mug
ORD_5296,Gaurav Malhotra,3523.87,2026-08-24 08:41:00,completed,Webcam
ORD_5297,Shreya Bhat,1945.46,2026-08-23 23:05:00,completed,Monitor Light
ORD_5298,Nandini Choudhury,1916.53,2026-08-23 18:15:00,completed,Monitor Light
ORD_5299,Manish Tiwari,384.8,2026-08-24 00:13:00,completed,Mouse Pad
ORD_5300,Pooja Desai,291.28,2026-08-24 08:08:00,completed,Notebook Set
ORD_5301,Divya Kulkarni,924.66,2026-08-23 18:28:00,completed,Laptop Stand
ORD_5302,Meera Iyer,2974.18,2026-08-24 00:44:00,completed,Running Shoes
ORD_5303,Ritu Bansal,402.01,2026-08-23 17:11:00,completed,Coffee Mug
ORD_5304,Divya Kulkarni,889.31,2026-08-24 06:11:00,completed,Laptop Stand
ORD_5305,Anjali Saxena,216.01,2026-08-24 03:47:00,completed,Notebook Set
ORD_5306,Kavita Nair,1509.84,2026-08-23 21:04:00,completed,Standing Desk Mat
ORD_5307,Rajesh Menon,378.96,2026-08-24 04:26:00,completed,Water Bottle
ORD_5308,Rohit Joshi,889.47,2026-08-23 19:27:00,completed,Laptop Stand
ORD_5309,Sneha Gupta,278.78,2026-08-23 21:47:00,completed,Notebook Set
ORD_5310,Rahul Sharma,1608.35,2026-08-23 21:46:00,completed,Sunglasses
ORD_5311,Rahul Sharma,1281.95,2026-08-24 07:55:00,completed,Power Bank
ORD_5312,Amit Kumar,1646.38,2026-08-24 03:45:00,completed,Sunglasses
ORD_5313,Manish Tiwari,1327.77,2026-08-23 22:07:00,completed,Power Bank
ORD_5314,Rajesh Menon,1599.51,2026-08-24 08:08:00,completed,Sunglasses
ORD_5315,Manish Tiwari,3458.16,2026-08-24 06:13:00,completed,Webcam
ORD_5316,Shreya Bhat,455.71,2026-08-24 03:15:00,completed,Coffee Mug
ORD_5317,Pooja Desai,477.08,2026-08-24 05:05:00,completed,Blue T-Shirt
ORD_5318,Rohit Joshi,1501.92,2026-08-23 21:36:00,completed,Wireless Earbuds
ORD_5319,Priya Patel,1304.91,2026-08-24 00:52:00,completed,Power Bank
ORD_5320,Suresh Pillai,945.41,2026-08-23 19:08:00,completed,Laptop Stand
ORD_5321,Rahul Sharma,3494.47,2026-08-23 18:43:00,completed,Webcam
ORD_5322,Nikhil Agarwal,1195.8,2026-08-24 04:27:00,completed,Desk Lamp
ORD_5323,Karthik Sundaram,468.3,2026-08-24 01:37:00,completed,Blue T-Shirt
ORD_5324,Vikram Singh,320.41,2026-08-24 04:20:00,completed,Phone Case
ORD_5325,Vikram Singh,472.64,2026-08-24 04:56:00,completed,Coffee Mug
ORD_5326,Shreya Bhat,856.79,2026-08-24 00:31:00,completed,Laptop Stand
ORD_5327,Meera Iyer,423.13,2026-08-23 22:47:00,completed,Water Bottle
ORD_5328,Kavita Nair,1906.0,2026-08-23 23:02:00,completed,Monitor Light
ORD_5329,Aakash Jain,465.17,2026-08-23 21:35:00,completed,Blue T-Shirt
ORD_5330,Anjali Saxena,1566.92,2026-08-24 00:56:00,completed,Sunglasses
ORD_5331,Pooja Desai,2452.62,2026-08-24 08:36:00,completed,Keyboard
ORD_5332,Rahul Sharma,250.43,2026-08-23 22:43:00,completed,Notebook Set
ORD_5333,Priya Patel,3507.28,2026-08-23 19:19:00,completed,Webcam
ORD_5334,Aakash Jain,1488.16,2026-08-24 05:26:00,completed,Standing Desk Mat
ORD_5335,Manish Tiwari,1191.14,2026-08-23 23:41:00,completed,Desk Lamp
ORD_5336,Priya Patel,292.43,2026-08-24 04:30:00,completed,Notebook Set
ORD_5337,Karthik Sundaram,1890.78,2026-08-24 04:33:00,completed,Monitor Light
ORD_5338,Divya Kulkarni,1550.86,2026-08-24 01:34:00,completed,Sunglasses
ORD_5339,Nikhil Agarwal,723.8,2026-08-24 05:33:00,completed,Watch Strap
ORD_5340,Meera Iyer,2971.08,2026-08-23 18:29:00,completed,Running Shoes
ORD_5341,Rahul Sharma,332.72,2026-08-23 20:44:00,completed,Mouse Pad
ORD_5342,Nandini Choudhury,1318.96,2026-08-24 06:44:00,completed,Power Bank
ORD_5343,Suresh Pillai,882.17,2026-08-24 03:55:00,completed,Laptop Stand
ORD_5344,Rajesh Menon,1296.37,2026-08-24 02:26:00,completed,Power Bank
ORD_5345,Kavita Nair,1265.47,2026-08-24 02:02:00,completed,Power Bank
ORD_5346,Anjali Saxena,1527.05,2026-08-23 19:18:00,completed,Wireless Earbuds
ORD_5347,Divya Kulkarni,1044.44,2026-08-23 20:49:00,completed,Yoga Mat
ORD_5348,Kavita Nair,1475.31,2026-08-24 04:28:00,completed,Standing Desk Mat
ORD_5349,Sneha Gupta,182.29,2026-08-24 02:53:00,completed,USB Cable
ORD_5350,Vikram Singh,493.22,2026-08-24 00:12:00,completed,Blue T-Shirt
ORD_5351,Manish Tiwari,1207.91,2026-08-24 07:28:00,completed,Desk Lamp
ORD_5352,Meera Iyer,364.08,2026-08-23 18:25:00,completed,Water Bottle
ORD_5353,Rahul Sharma,163.99,2026-08-24 08:37:00,completed,USB Cable
ORD_5354,Manish Tiwari,1869.46,2026-08-23 22:31:00,completed,Monitor Light
ORD_5355,Shreya Bhat,1897.69,2026-08-23 22:52:00,completed,Monitor Light
ORD_5356,Vikram Singh,389.38,2026-08-24 01:00:00,completed,Water Bottle
ORD_5357,Pooja Desai,291.62,2026-08-23 23:46:00,completed,Notebook Set
ORD_5358,Rahul Sharma,2536.27,2026-08-24 04:36:00,completed,Keyboard
ORD_5359,Sneha Gupta,735.56,2026-08-24 02:55:00,completed,Watch Strap
ORD_5360,Anjali Saxena,259.75,2026-08-24 02:52:00,completed,Notebook Set
ORD_5361,Sneha Gupta,383.16,2026-08-23 22:59:00,completed,Mouse Pad
ORD_5362,Vikram Singh,1840.45,2026-08-24 01:31:00,completed,Backpack
ORD_5363,Deepika Rao,2987.83,2026-08-23 17:39:00,completed,Running Shoes
ORD_5364,Aakash Jain,366.53,2026-08-23 23:57:00,completed,Water Bottle
ORD_5365,Sanjay Verma,500.18,2026-08-24 08:03:00,completed,Blue T-Shirt
ORD_5366,Ananya Reddy,2462.65,2026-08-24 02:07:00,completed,Keyboard
ORD_5367,Manish Tiwari,870.73,2026-08-23 21:59:00,completed,Laptop Stand
ORD_5368,Nandini Choudhury,277.16,2026-08-23 19:25:00,completed,Notebook Set
ORD_5369,Deepika Rao,1299.24,2026-08-23 22:52:00,completed,Power Bank
ORD_5370,Nikhil Agarwal,1534.83,2026-08-23 19:31:00,completed,Standing Desk Mat
ORD_5371,Rajesh Menon,930.39,2026-08-24 07:03:00,completed,Laptop Stand
ORD_5372,Shreya Bhat,489.64,2026-08-24 04:24:00,completed,Blue T-Shirt
ORD_5373,Nandini Choudhury,1946.33,2026-08-24 07:08:00,completed,Monitor Light
ORD_5374,Pooja Desai,937.04,2026-08-24 07:53:00,completed,Laptop Stand
ORD_5375,Nikhil Agarwal,1046.72,2026-08-23 21:20:00,completed,Yoga Mat
ORD_5376,Suresh Pillai,1635.66,2026-08-24 08:35:00,completed,Sunglasses
ORD_5377,Arjun Mehta,977.89,2026-08-23 17:09:00,completed,Yoga Mat
ORD_5378,Anjali Saxena,265.6,2026-08-24 01:33:00,completed,Phone Case
ORD_5379,Priya Patel,239.03,2026-08-24 03:42:00,completed,USB Cable
ORD_5380,Meera Iyer,1171.28,2026-08-24 00:12:00,completed,Desk Lamp
ORD_5381,Priya Patel,1839.96,2026-08-24 03:44:00,completed,Backpack
ORD_5382,Nandini Choudhury,1584.65,2026-08-24 04:05:00,completed,Sunglasses
ORD_5383,Vikram Singh,1922.2,2026-08-23 17:37:00,completed,Monitor Light
ORD_5384,Manish Tiwari,241.91,2026-08-24 02:57:00,completed,USB Cable
ORD_5385,Nandini Choudhury,292.83,2026-08-24 06:47:00,completed,Phone Case
ORD_5386,Karthik Sundaram,3514.23,2026-08-24 02:04:00,completed,Webcam
ORD_5387,Ananya Reddy,1783.77,2026-08-23 20:07:00,completed,Backpack
ORD_5388,Gaurav Malhotra,421.28,2026-08-24 06:55:00,completed,Coffee Mug
ORD_5389,Rahul Sharma,481.2,2026-08-24 07:42:00,completed,Coffee Mug
ORD_5390,Vikram Singh,383.02,2026-08-23 23:46:00,completed,Water Bottle
ORD_5391,Karthik Sundaram,990.62,2026-08-24 03:57:00,completed,Yoga Mat
ORD_5392,Nikhil Agarwal,1931.36,2026-08-24 05:38:00,completed,Monitor Light
ORD_5393,Sanjay Verma,1799.32,2026-08-23 19:22:00,completed,Backpack
ORD_5394,Pooja Desai,1218.95,2026-08-23 18:07:00,completed,Desk Lamp
ORD_5395,Anjali Saxena,210.1,2026-08-23 18:40:00,completed,USB Cable
ORD_5396,Deepika Rao,739.17,2026-08-24 06:51:00,completed,Watch Strap
ORD_5397,Nandini Choudhury,1258.85,2026-08-23 21:05:00,completed,Power Bank
ORD_5398,Ritu Bansal,1339.32,2026-08-24 08:48:00,completed,Power Bank
ORD_5399,Pooja Desai,1311.87,2026-08-24 01:01:00,completed,Power Bank
ORD_5400,Sneha Gupta,1764.78,2026-08-23 21:52:00,completed,Backpack
ORD_5401,Anjali Saxena,692.05,2026-08-23 22:27:00,completed,Watch Strap
ORD_5402,Suresh Pillai,3473.43,2026-08-23 17:31:00,completed,Webcam
ORD_5403,Amit Kumar,3527.11,2026-08-23 23:34:00,completed,Webcam
ORD_5404,Rohit Joshi,1453.29,2026-08-23 17:34:00,completed,Wireless Earbuds
ORD_5405,Amit Kumar,942.18,2026-08-24 05:25:00,completed,Laptop Stand
ORD_5406,Rahul Sharma,227.51,2026-08-23 17:20:00,completed,USB Cable
ORD_5407,Manish Tiwari,1779.01,2026-08-24 00:32:00,completed,Backpack
ORD_5408,Anjali Saxena,232.67,2026-08-23 17:21:00,completed,Notebook Set
ORD_5409,Ananya Reddy,713.01,2026-08-24 02:23:00,completed,Watch Strap
ORD_5410,Amit Kumar,1571.86,2026-08-24 07:15:00,completed,Sunglasses
ORD_5411,Divya Kulkarni,652.96,2026-08-23 23:58:00,completed,Watch Strap
ORD_5412,Kavita Nair,417.42,2026-08-24 01:52:00,completed,Coffee Mug
ORD_5413,Pooja Desai,1212.99,2026-08-23 17:24:00,completed,Desk Lamp
ORD_5414,Sanjay Verma,228.84,2026-08-24 00:57:00,completed,USB Cable
ORD_5415,Pooja Desai,3003.91,2026-08-24 07:19:00,completed,Running Shoes
ORD_5416,Sneha Gupta,1619.1,2026-08-24 04:56:00,completed,Sunglasses
ORD_5417,Rohit Joshi,355.95,2026-08-23 17:14:00,completed,Water Bottle
ORD_5418,Divya Kulkarni,301.86,2026-08-24 01:08:00,completed,Mouse Pad
ORD_5419,Shreya Bhat,911.85,2026-08-24 06:33:00,completed,Laptop Stand
ORD_5420,Nandini Choudhury,452.1,2026-08-23 23:03:00,completed,Coffee Mug
ORD_5421,Sanjay Verma,1199.76,2026-08-23 17:33:00,completed,Desk Lamp
ORD_5422,Suresh Pillai,1185.72,2026-08-24 08:40:00,completed,Desk Lamp
ORD_5423,Manish Tiwari,273.49,2026-08-24 00:00:00,completed,Notebook Set
ORD_5424,Rajesh Menon,1871.93,2026-08-24 04:49:00,completed,Monitor Light
ORD_5425,Pooja Desai,2472.97,2026-08-24 03:18:00,completed,Keyboard
ORD_5426,Pooja Desai,970.71,2026-08-24 00:16:00,completed,Yoga Mat
ORD_5427,Gaurav Malhotra,3455.18,2026-08-24 02:16:00,completed,Webcam
ORD_5428,Sneha Gupta,356.18,2026-08-23 23:06:00,completed,Mouse Pad
ORD_5429,Divya Kulkarni,1487.42,2026-08-24 08:04:00,completed,Wireless Earbuds
ORD_5430,Ritu Bansal,209.37,2026-08-24 07:48:00,completed,Notebook Set
ORD_5431,Priya Patel,1570.81,2026-08-23 22:49:00,completed,Sunglasses
ORD_5432,Rohit Joshi,1588.11,2026-08-24 06:53:00,completed,Sunglasses
ORD_5433,Suresh Pillai,1310.13,2026-08-24 02:57:00,completed,Power Bank
ORD_5434,Anjali Saxena,327.96,2026-08-23 18:32:00,completed,Phone Case
ORD_5435,Kavita Nair,243.57,2026-08-23 21:59:00,completed,Notebook Set
ORD_5436,Meera Iyer,891.6,2026-08-24 05:58:00,completed,Laptop Stand
ORD_5437,Karthik Sundaram,732.44,2026-08-23 23:07:00,completed,Watch Strap
ORD_5438,Manish Tiwari,1500.85,2026-08-23 19:36:00,completed,Wireless Earbuds
ORD_5439,Kavita Nair,2537.69,2026-08-24 03:42:00,completed,Keyboard
ORD_5440,Anjali Saxena,376.5,2026-08-24 02:10:00,completed,Mouse Pad
ORD_5441,Aakash Jain,680.58,2026-08-24 06:26:00,completed,Watch Strap
ORD_5442,Rohit Joshi,397.84,2026-08-23 22:25:00,completed,Water Bottle
ORD_5443,Nikhil Agarwal,2478.66,2026-08-24 00:22:00,completed,Keyboard
ORD_5444,Ananya Reddy,2531.7,2026-08-24 06:05:00,completed,Keyboard
ORD_5445,Meera Iyer,1648.77,2026-08-23 21:57:00,completed,Sunglasses
ORD_5446,Priya Patel,321.32,2026-08-24 06:26:00,completed,Phone Case
ORD_5447,Priya Patel,653.7,2026-08-24 04:45:00,completed,Watch Strap
ORD_5448,Rohit Joshi,3474.49,2026-08-24 07:05:00,completed,Webcam
ORD_5449,Rajesh Menon,917.81,2026-08-24 08:53:00,completed,Laptop Stand
ORD_5450,Nandini Choudhury,1562.9,2026-08-23 23:29:00,completed,Sunglasses
ORD_5451,Priya Patel,849.96,2026-08-23 23:57:00,completed,Laptop Stand
ORD_5452,Rahul Sharma,439.12,2026-08-24 06:56:00,completed,Water Bottle
ORD_5453,Suresh Pillai,1328.61,2026-08-23 23:28:00,completed,Power Bank
ORD_5454,Rajesh Menon,1037.32,2026-08-23 22:39:00,completed,Yoga Mat
ORD_5455,Ritu Bansal,270.54,2026-08-24 06:14:00,completed,Notebook Set
ORD_5456,Rohit Joshi,2503.32,2026-08-24 04:37:00,completed,Keyboard
ORD_5457,Deepika Rao,2539.13,2026-08-24 03:43:00,completed,Keyboard
ORD_5458,Gaurav Malhotra,3500.88,2026-08-24 00:39:00,completed,Webcam
ORD_5459,Sanjay Verma,151.69,2026-08-24 02:31:00,completed,USB Cable
ORD_5460,Sneha Gupta,207.39,2026-08-24 01:43:00,completed,USB Cable
ORD_5461,Rahul Sharma,490.52,2026-08-24 01:53:00,completed,Coffee Mug
ORD_5462,Rajesh Menon,483.9,2026-08-24 04:12:00,completed,Coffee Mug
ORD_5463,Gaurav Malhotra,1478.01,2026-08-24 00:26:00,completed,Wireless Earbuds
ORD_5464,Ritu Bansal,2962.44,2026-08-23 17:32:00,completed,Running Shoes
ORD_5465,Karthik Sundaram,254.44,2026-08-24 08:35:00,completed,Notebook Set
ORD_5466,Rahul Sharma,1160.17,2026-08-24 02:42:00,completed,Desk Lamp
ORD_5467,Pooja Desai,259.51,2026-08-23 18:15:00,completed,Notebook Set
ORD_5468,Sneha Gupta,897.55,2026-08-24 04:15:00,completed,Laptop Stand
ORD_5469,Rohit Joshi,685.35,2026-08-23 19:50:00,completed,Watch Strap
ORD_5470,Anjali Saxena,2462.04,2026-08-24 00:24:00,completed,Keyboard
ORD_5471,Ananya Reddy,3494.98,2026-08-23 23:03:00,completed,Webcam
ORD_5472,Rohit Joshi,923.33,2026-08-23 17:02:00,completed,Laptop Stand
ORD_5473,Amit Kumar,1190.67,2026-08-24 02:45:00,completed,Desk Lamp
ORD_5474,Deepika Rao,466.66,2026-08-23 21:53:00,completed,Blue T-Shirt
ORD_5475,Gaurav Malhotra,666.46,2026-08-23 22:22:00,completed,Watch Strap
ORD_5476,Priya Patel,291.56,2026-08-23 19:40:00,completed,Phone Case
ORD_5477,Amit Kumar,3042.44,2026-08-23 21:10:00,completed,Running Shoes
ORD_5478,Nikhil Agarwal,2956.74,2026-08-24 01:21:00,completed,Running Shoes
ORD_5479,Rahul Sharma,881.16,2026-08-24 04:40:00,completed,Laptop Stand
ORD_5480,Amit Kumar,304.96,2026-08-23 20:10:00,completed,Mouse Pad
ORD_5481,Rahul Sharma,1273.63,2026-08-24 07:39:00,completed,Power Bank
ORD_5482,Rajesh Menon,874.58,2026-08-23 20:50:00,completed,Laptop Stand
ORD_5483,Nikhil Agarwal,1530.65,2026-08-24 03:56:00,completed,Wireless Earbuds
ORD_5484,Shreya Bhat,443.13,2026-08-24 02:30:00,completed,Water Bottle
ORD_5485,Gaurav Malhotra,283.36,2026-08-24 04:33:00,completed,Notebook Set
ORD_5486,Pooja Desai,1291.62,2026-08-23 21:58:00,completed,Power Bank
ORD_5487,Divya Kulkarni,441.1,2026-08-24 04:14:00,completed,Water Bottle
ORD_5488,Pooja Desai,488.0,2026-08-23 17:03:00,completed,Coffee Mug
ORD_5489,Arjun Mehta,1225.27,2026-08-24 01:26:00,completed,Desk Lamp
ORD_5490,Karthik Sundaram,1465.81,2026-08-23 22:26:00,completed,Standing Desk Mat
ORD_5491,Nandini Choudhury,290.41,2026-08-24 02:05:00,completed,Notebook Set
ORD_5492,Nandini Choudhury,385.95,2026-08-24 06:07:00,completed,Water Bottle
ORD_5493,Anjali Saxena,1529.08,2026-08-24 08:42:00,completed,Wireless Earbuds
ORD_5494,Sanjay Verma,1263.08,2026-08-24 02:03:00,completed,Power Bank
ORD_5495,Rahul Sharma,399.37,2026-08-24 06:33:00,completed,Coffee Mug
ORD_5496,Gaurav Malhotra,668.76,2026-08-24 01:01:00,completed,Watch Strap
ORD_5497,Vikram Singh,1293.78,2026-08-23 23:31:00,completed,Power Bank
ORD_5498,Sneha Gupta,1865.02,2026-08-24 06:18:00,completed,Monitor Light
ORD_5499,Sneha Gupta,282.88,2026-08-24 04:58:00,completed,Notebook Set
ORD_5500,Vikram Singh,1238.11,2026-08-24 06:34:00,completed,Desk Lamp
ORD_5501,Shreya Bhat,2997.38,2026-08-24 06:43:00,completed,Running Shoes
ORD_5502,Rahul Sharma,285.74,2026-08-24 06:54:00,completed,Phone Case
ORD_5503,Meera Iyer,360.94,2026-08-23 20:07:00,completed,Water Bottle
ORD_5504,Rajesh Menon,1454.88,2026-08-23 23:44:00,completed,Standing Desk Mat
ORD_5505,Rahul Sharma,732.41,2026-08-24 06:04:00,completed,Watch Strap
ORD_5506,Pooja Desai,3464.96,2026-08-24 01:03:00,completed,Webcam
ORD_5507,Amit Kumar,1908.44,2026-08-23 18:32:00,completed,Monitor Light
ORD_5508,Aakash Jain,1502.9,2026-08-23 23:10:00,completed,Wireless Earbuds
ORD_5509,Nandini Choudhury,345.42,2026-08-23 23:58:00,completed,Phone Case
ORD_5510,Shreya Bhat,1296.43,2026-08-24 05:02:00,completed,Power Bank
ORD_5511,Vikram Singh,1259.62,2026-08-24 05:21:00,completed,Power Bank
ORD_5512,Priya Patel,1003.17,2026-08-24 02:11:00,completed,Yoga Mat
ORD_5513,Rajesh Menon,1831.34,2026-08-23 22:19:00,completed,Backpack
ORD_5514,Amit Kumar,916.85,2026-08-23 19:15:00,completed,Laptop Stand
ORD_5515,Divya Kulkarni,692.3,2026-08-23 22:11:00,completed,Watch Strap
ORD_5516,Aakash Jain,1590.27,2026-08-24 02:52:00,completed,Sunglasses
ORD_5517,Manish Tiwari,660.43,2026-08-24 03:54:00,completed,Watch Strap
ORD_5518,Ritu Bansal,3458.28,2026-08-23 20:31:00,completed,Webcam
ORD_5519,Ananya Reddy,443.01,2026-08-24 01:31:00,completed,Water Bottle
ORD_5520,Priya Patel,865.52,2026-08-24 07:14:00,completed,Laptop Stand
ORD_5521,Sanjay Verma,468.35,2026-08-23 23:08:00,completed,Coffee Mug
ORD_5522,Manish Tiwari,243.14,2026-08-24 02:32:00,completed,USB Cable
ORD_5523,Rajesh Menon,444.18,2026-08-23 17:27:00,completed,Coffee Mug
ORD_5524,Nikhil Agarwal,542.03,2026-08-23 22:04:00,completed,Blue T-Shirt
ORD_5525,Nandini Choudhury,398.02,2026-08-23 17:48:00,completed,Mouse Pad
ORD_5526,Anjali Saxena,1181.56,2026-08-23 20:18:00,completed,Desk Lamp
ORD_5527,Shreya Bhat,1541.64,2026-08-24 00:53:00,completed,Standing Desk Mat
ORD_5528,Kavita Nair,365.72,2026-08-24 08:24:00,completed,Water Bottle
ORD_5529,Ananya Reddy,1834.78,2026-08-24 06:18:00,completed,Backpack
ORD_5530,Shreya Bhat,1762.61,2026-08-24 07:21:00,completed,Backpack
ORD_5531,Suresh Pillai,1151.53,2026-08-23 19:46:00,completed,Desk Lamp
ORD_5532,Kavita Nair,1808.96,2026-08-24 04:51:00,completed,Backpack
ORD_5533,Rahul Sharma,1503.72,2026-08-23 22:39:00,completed,Standing Desk Mat
ORD_5534,Nikhil Agarwal,1189.75,2026-08-24 04:53:00,completed,Desk Lamp
ORD_5535,Ritu Bansal,741.14,2026-08-23 21:27:00,completed,Watch Strap
ORD_5536,Sanjay Verma,1198.26,2026-08-23 19:14:00,completed,Desk Lamp
ORD_5537,Rajesh Menon,1042.8,2026-08-24 05:28:00,completed,Yoga Mat
ORD_5538,Kavita Nair,1227.93,2026-08-24 00:23:00,completed,Desk Lamp
ORD_5539,Amit Kumar,1221.87,2026-08-23 19:57:00,completed,Desk Lamp
ORD_5540,Anjali Saxena,1245.38,2026-08-23 22:54:00,completed,Desk Lamp
ORD_5541,Aakash Jain,1572.04,2026-08-24 08:01:00,completed,Sunglasses
ORD_5542,Anjali Saxena,394.41,2026-08-23 23:58:00,completed,Mouse Pad
ORD_5543,Manish Tiwari,300.42,2026-08-24 00:09:00,completed,Mouse Pad
ORD_5544,Amit Kumar,3018.68,2026-08-24 00:46:00,completed,Running Shoes
ORD_5545,Shreya Bhat,1531.56,2026-08-24 05:24:00,completed,Wireless Earbuds
ORD_5546,Nandini Choudhury,1628.7,2026-08-23 21:12:00,completed,Sunglasses
ORD_5547,Ananya Reddy,649.31,2026-08-23 22:26:00,completed,Watch Strap
ORD_5548,Kavita Nair,260.96,2026-08-23 20:56:00,completed,Notebook Set
ORD_5549,Vikram Singh,215.13,2026-08-24 00:47:00,completed,Notebook Set
ORD_5550,Ananya Reddy,420.24,2026-08-23 19:08:00,completed,Water Bottle
ORD_5551,Shreya Bhat,205.34,2026-08-23 17:18:00,completed,USB Cable
ORD_5552,Priya Patel,946.17,2026-08-24 02:21:00,completed,Laptop Stand
ORD_5553,Arjun Mehta,1796.28,2026-08-24 08:49:00,completed,Backpack
ORD_5554,Arjun Mehta,3007.16,2026-08-24 02:52:00,completed,Running Shoes
ORD_5555,Amit Kumar,1549.91,2026-08-24 05:05:00,completed,Sunglasses
ORD_5556,Shreya Bhat,333.07,2026-08-24 03:30:00,completed,Phone Case
ORD_5557,Rahul Sharma,3503.52,2026-08-23 21:36:00,completed,Webcam
ORD_5558,Rohit Joshi,2491.94,2026-08-24 01:55:00,completed,Keyboard
ORD_5559,Rahul Sharma,268.23,2026-08-24 04:24:00,completed,Phone Case
ORD_5560,Deepika Rao,1274.81,2026-08-23 22:07:00,completed,Power Bank
ORD_5561,Pooja Desai,892.53,2026-08-24 01:24:00,completed,Laptop Stand
ORD_5562,Gaurav Malhotra,960.09,2026-08-23 20:28:00,completed,Yoga Mat
ORD_5563,Manish Tiwari,377.55,2026-08-24 07:24:00,completed,Mouse Pad
ORD_5564,Sanjay Verma,370.39,2026-08-24 07:24:00,completed,Mouse Pad
ORD_5565,Ananya Reddy,1041.58,2026-08-23 19:15:00,completed,Yoga Mat
ORD_5566,Gaurav Malhotra,1514.54,2026-08-23 18:21:00,completed,Wireless Earbuds
ORD_5567,Rohit Joshi,352.85,2026-08-23 23:03:00,completed,Water Bottle
ORD_5568,Priya Patel,2503.33,2026-08-24 03:23:00,completed,Keyboard
ORD_5569,Anjali Saxena,176.57,2026-08-23 18:27:00,completed,USB Cable
ORD_5570,Meera Iyer,305.28,2026-08-23 19:08:00,completed,Mouse Pad
ORD_5571,Kavita Nair,885.33,2026-08-24 07:28:00,completed,Laptop Stand
ORD_5572,Karthik Sundaram,361.55,2026-08-24 00:42:00,completed,Mouse Pad
ORD_5573,Karthik Sundaram,1553.67,2026-08-24 21:00:00,completed,Sunglasses
ORD_5574,Priya Patel,1631.73,2026-08-25 00:05:00,completed,Sunglasses
ORD_5575,Aakash Jain,332.52,2026-08-25 00:47:00,completed,Mouse Pad
ORD_5576,Ananya Reddy,1010.76,2026-08-25 07:39:00,completed,Yoga Mat
ORD_5577,Divya Kulkarni,1540.16,2026-08-25 04:40:00,completed,Standing Desk Mat
ORD_5578,Manish Tiwari,1540.08,2026-08-24 23:07:00,completed,Wireless Earbuds
ORD_5579,Aakash Jain,366.79,2026-08-25 05:16:00,completed,Water Bottle
ORD_5580,Sneha Gupta,2490.01,2026-08-25 03:59:00,completed,Keyboard
ORD_5581,Rahul Sharma,1546.81,2026-08-25 06:01:00,completed,Standing Desk Mat
ORD_5582,Manish Tiwari,290.29,2026-08-25 07:04:00,completed,Notebook Set
ORD_5583,Shreya Bhat,1833.2,2026-08-25 07:39:00,completed,Backpack
ORD_5584,Karthik Sundaram,1489.35,2026-08-24 19:09:00,completed,Wireless Earbuds
ORD_5585,Rahul Sharma,2521.49,2026-08-24 22:24:00,completed,Keyboard
ORD_5586,Meera Iyer,1897.67,2026-08-24 20:13:00,completed,Monitor Light
ORD_5587,Priya Patel,3545.12,2026-08-24 21:59:00,completed,Webcam
ORD_5588,Vikram Singh,744.46,2026-08-24 19:28:00,completed,Watch Strap
ORD_5589,Rohit Joshi,155.75,2026-08-25 05:40:00,completed,USB Cable
ORD_5590,Suresh Pillai,2455.9,2026-08-24 22:39:00,completed,Keyboard
ORD_5591,Amit Kumar,361.16,2026-08-25 02:59:00,completed,Water Bottle
ORD_5592,Divya Kulkarni,286.13,2026-08-25 00:05:00,completed,Notebook Set
ORD_5593,Gaurav Malhotra,233.69,2026-08-24 19:59:00,completed,Notebook Set
ORD_5594,Amit Kumar,206.19,2026-08-25 01:33:00,completed,USB Cable
ORD_5595,Aakash Jain,1255.08,2026-08-25 06:40:00,completed,Power Bank
ORD_5596,Pooja Desai,457.78,2026-08-24 18:59:00,completed,Blue T-Shirt
ORD_5597,Suresh Pillai,1264.03,2026-08-24 17:27:00,completed,Power Bank
ORD_5598,Pooja Desai,3028.8,2026-08-25 23:57:00,completed,Running Shoes
ORD_5599,Amit Kumar,1558.4,2026-08-25 06:37:00,completed,Sunglasses
ORD_5600,Deepika Rao,3042.49,2026-08-25 01:38:00,completed,Running Shoes
ORD_5601,Nikhil Agarwal,902.55,2026-08-24 18:47:00,completed,Laptop Stand
ORD_5602,Shreya Bhat,431.16,2026-08-25 08:57:00,completed,Coffee Mug
ORD_5603,Ritu Bansal,1495.4,2026-08-25 00:41:00,completed,Wireless Earbuds
ORD_5604,Sneha Gupta,864.64,2026-08-25 04:04:00,completed,Laptop Stand
ORD_5605,Shreya Bhat,1558.4,2026-08-24 19:06:00,completed,Sunglasses
ORD_5606,Shreya Bhat,270.79,2026-08-25 00:32:00,completed,Notebook Set
ORD_5607,Nandini Choudhury,3541.85,2026-08-25 06:24:00,completed,Webcam
ORD_5608,Priya Patel,1342.23,2026-08-24 19:21:00,completed,Power Bank
ORD_5609,Amit Kumar,2467.51,2026-08-25 02:44:00,completed,Keyboard
ORD_5610,Anjali Saxena,1635.62,2026-08-25 07:19:00,completed,Sunglasses
ORD_5611,Nandini Choudhury,433.51,2026-08-25 08:36:00,completed,Coffee Mug
ORD_5612,Ananya Reddy,241.56,2026-08-25 07:51:00,completed,USB Cable
ORD_5613,Suresh Pillai,267.83,2026-08-24 19:08:00,completed,Phone Case
ORD_5614,Shreya Bhat,332.84,2026-08-25 00:36:00,completed,Phone Case
ORD_5615,Sneha Gupta,261.39,2026-08-24 22:59:00,completed,Notebook Set
ORD_5616,Ananya Reddy,517.3,2026-08-25 02:39:00,completed,Blue T-Shirt
ORD_5617,Ritu Bansal,309.81,2026-08-25 01:47:00,completed,Phone Case
ORD_5618,Manish Tiwari,1756.33,2026-08-24 21:30:00,completed,Backpack
ORD_5619,Shreya Bhat,1179.1,2026-08-25 07:59:00,completed,Desk Lamp
ORD_5620,Karthik Sundaram,1780.35,2026-08-25 08:17:00,completed,Backpack
ORD_5621,Pooja Desai,406.78,2026-08-24 22:14:00,completed,Coffee Mug
ORD_5622,Priya Patel,746.48,2026-08-25 08:08:00,completed,Watch Strap
ORD_5623,Rahul Sharma,1341.86,2026-08-25 01:35:00,completed,Power Bank
ORD_5624,Rohit Joshi,712.43,2026-08-25 06:05:00,completed,Watch Strap
ORD_5625,Gaurav Malhotra,2547.15,2026-08-25 07:36:00,completed,Keyboard
ORD_5626,Sneha Gupta,444.76,2026-08-25 07:37:00,completed,Coffee Mug
ORD_5627,Rajesh Menon,1789.7,2026-08-25 04:37:00,completed,Backpack
ORD_5628,Sneha Gupta,1530.16,2026-08-25 07:56:00,completed,Wireless Earbuds
ORD_5629,Arjun Mehta,304.42,2026-08-24 21:27:00,completed,Phone Case
ORD_5630,Sneha Gupta,250.73,2026-08-24 21:47:00,completed,Phone Case
ORD_5631,Rajesh Menon,1259.12,2026-08-25 04:33:00,completed,Power Bank
ORD_5632,Pooja Desai,390.98,2026-08-25 01:10:00,completed,Water Bottle
ORD_5633,Ritu Bansal,2520.18,2026-08-25 08:20:00,completed,Keyboard
ORD_5634,Ananya Reddy,1242.78,2026-08-25 06:48:00,completed,Desk Lamp
ORD_5635,Ritu Bansal,364.86,2026-08-25 01:15:00,completed,Mouse Pad
ORD_5636,Rajesh Menon,1301.85,2026-08-25 02:33:00,completed,Power Bank
ORD_5637,Ritu Bansal,310.29,2026-08-24 21:39:00,completed,Phone Case
ORD_5638,Amit Kumar,489.23,2026-08-24 18:56:00,completed,Blue T-Shirt
ORD_5639,Kavita Nair,1566.16,2026-08-25 08:20:00,completed,Sunglasses
ORD_5640,Rajesh Menon,288.79,2026-08-24 22:18:00,completed,Notebook Set
ORD_5641,Rohit Joshi,3028.74,2026-08-24 17:30:00,completed,Running Shoes
ORD_5642,Vikram Singh,1480.82,2026-08-25 02:46:00,completed,Standing Desk Mat
ORD_5643,Pooja Desai,682.2,2026-08-25 01:19:00,completed,Watch Strap
ORD_5644,Aakash Jain,3034.76,2026-08-24 23:25:00,completed,Running Shoes
ORD_5645,Sanjay Verma,291.7,2026-08-25 06:31:00,completed,Phone Case
ORD_5646,Suresh Pillai,1533.91,2026-08-24 18:34:00,completed,Wireless Earbuds
ORD_5647,Kavita Nair,1533.77,2026-08-25 05:34:00,completed,Wireless Earbuds
ORD_5648,Ritu Bansal,724.06,2026-08-25 01:05:00,completed,Watch Strap
ORD_5649,Shreya Bhat,455.47,2026-08-24 19:14:00,completed,Coffee Mug
ORD_5650,Sneha Gupta,362.44,2026-08-25 02:11:00,completed,Mouse Pad
ORD_5651,Sanjay Verma,321.92,2026-08-24 23:40:00,completed,Mouse Pad
ORD_5652,Aakash Jain,440.24,2026-08-24 18:53:00,completed,Coffee Mug
ORD_5653,Vikram Singh,1484.88,2026-08-25 05:56:00,completed,Wireless Earbuds
ORD_5654,Priya Patel,205.46,2026-08-25 02:58:00,completed,Notebook Set
ORD_5655,Arjun Mehta,519.78,2026-08-25 03:09:00,completed,Blue T-Shirt
ORD_5656,Ritu Bansal,935.67,2026-08-24 21:52:00,completed,Laptop Stand
ORD_5657,Meera Iyer,1809.83,2026-08-25 01:58:00,completed,Backpack
ORD_5658,Aakash Jain,1583.67,2026-08-25 08:02:00,completed,Sunglasses
ORD_5659,Amit Kumar,3457.81,2026-08-25 06:02:00,completed,Webcam
ORD_5660,Sneha Gupta,408.31,2026-08-24 17:57:00,completed,Coffee Mug
ORD_5661,Priya Patel,2526.86,2026-08-24 18:44:00,completed,Keyboard
ORD_5662,Ritu Bansal,1917.38,2026-08-25 06:19:00,completed,Monitor Light
ORD_5663,Nandini Choudhury,1882.63,2026-08-24 23:57:00,completed,Monitor Light
ORD_5664,Sneha Gupta,854.47,2026-08-25 04:54:00,completed,Laptop Stand
ORD_5665,Anjali Saxena,1523.56,2026-08-25 07:46:00,completed,Standing Desk Mat
ORD_5666,Pooja Desai,1910.41,2026-08-25 08:10:00,completed,Monitor Light
ORD_5667,Amit Kumar,1858.28,2026-08-24 18:03:00,completed,Monitor Light
ORD_5668,Kavita Nair,1946.69,2026-08-25 08:18:00,completed,Monitor Light
ORD_5669,Rohit Joshi,2488.9,2026-08-25 05:59:00,completed,Keyboard
ORD_5670,Meera Iyer,913.99,2026-08-24 18:27:00,completed,Laptop Stand
ORD_5671,Anjali Saxena,2463.08,2026-08-24 22:29:00,completed,Keyboard
ORD_5672,Amit Kumar,285.13,2026-08-24 19:30:00,completed,Notebook Set
ORD_5673,Sneha Gupta,883.22,2026-08-24 22:52:00,completed,Laptop Stand
ORD_5674,Rahul Sharma,872.26,2026-08-25 00:40:00,completed,Laptop Stand
ORD_5675,Nikhil Agarwal,986.88,2026-08-25 02:20:00,completed,Yoga Mat
ORD_5676,Rohit Joshi,1492.47,2026-08-24 20:09:00,completed,Wireless Earbuds
ORD_5677,Rajesh Menon,1162.8,2026-08-25 01:06:00,completed,Desk Lamp
ORD_5678,Amit Kumar,1279.26,2026-08-24 20:18:00,completed,Power Bank
ORD_5679,Aakash Jain,401.08,2026-08-24 22:48:00,completed,Water Bottle
ORD_5680,Kavita Nair,1904.73,2026-08-25 06:34:00,completed,Monitor Light
ORD_5681,Priya Patel,174.9,2026-08-24 18:03:00,completed,USB Cable
ORD_5682,Nikhil Agarwal,1771.17,2026-08-24 22:19:00,completed,Backpack
ORD_5683,Manish Tiwari,294.83,2026-08-25 03:11:00,completed,Notebook Set
ORD_5684,Arjun Mehta,427.79,2026-08-25 00:48:00,completed,Coffee Mug
ORD_5685,Suresh Pillai,983.98,2026-08-25 03:36:00,completed,Yoga Mat
ORD_5686,Manish Tiwari,273.5,2026-08-25 04:50:00,completed,Notebook Set
ORD_5687,Vikram Singh,3531.03,2026-08-24 19:57:00,completed,Webcam
ORD_5688,Aakash Jain,1043.56,2026-08-25 07:13:00,completed,Yoga Mat
ORD_5689,Sneha Gupta,314.3,2026-08-24 17:03:00,completed,Phone Case
ORD_5690,Arjun Mehta,2478.17,2026-08-25 00:55:00,completed,Keyboard
ORD_5691,Karthik Sundaram,1244.16,2026-08-24 21:09:00,completed,Desk Lamp
ORD_5692,Manish Tiwari,1018.54,2026-08-24 21:00:00,completed,Yoga Mat
ORD_5693,Ritu Bansal,3035.88,2026-08-24 22:26:00,completed,Running Shoes
ORD_5694,Ritu Bansal,377.92,2026-08-24 17:04:00,completed,Mouse Pad
ORD_5695,Suresh Pillai,316.93,2026-08-25 03:37:00,completed,Phone Case
ORD_5696,Karthik Sundaram,972.29,2026-08-25 08:44:00,completed,Yoga Mat
ORD_5697,Priya Patel,304.55,2026-08-24 23:26:00,completed,Phone Case
ORD_5698,Ritu Bansal,448.14,2026-08-24 21:11:00,completed,Water Bottle
ORD_5699,Meera Iyer,413.08,2026-08-25 00:25:00,completed,Coffee Mug
ORD_5700,Kavita Nair,899.12,2026-08-25 05:32:00,completed,Laptop Stand
ORD_5701,Deepika Rao,1488.0,2026-08-24 19:30:00,completed,Standing Desk Mat
ORD_5702,Sanjay Verma,312.86,2026-08-24 17:57:00,completed,Mouse Pad
ORD_5703,Suresh Pillai,1796.04,2026-08-25 08:03:00,completed,Backpack
ORD_5704,Rajesh Menon,352.97,2026-08-24 21:32:00,completed,Water Bottle
ORD_5705,Karthik Sundaram,2472.47,2026-08-24 21:47:00,completed,Keyboard
ORD_5706,Amit Kumar,746.68,2026-08-24 17:43:00,completed,Watch Strap
ORD_5707,Rohit Joshi,1593.8,2026-08-24 17:28:00,completed,Sunglasses
ORD_5708,Sneha Gupta,3518.0,2026-08-24 22:28:00,completed,Webcam
ORD_5709,Nandini Choudhury,271.02,2026-08-24 19:26:00,completed,Phone Case
ORD_5710,Rohit Joshi,1172.69,2026-08-25 00:07:00,completed,Desk Lamp
ORD_5711,Nandini Choudhury,210.91,2026-08-25 04:05:00,completed,Notebook Set
ORD_5712,Gaurav Malhotra,1039.87,2026-08-24 18:54:00,completed,Yoga Mat
ORD_5713,Kavita Nair,2534.58,2026-08-25 08:04:00,completed,Keyboard
ORD_5714,Shreya Bhat,1536.81,2026-08-24 20:54:00,completed,Standing Desk Mat
ORD_5715,Shreya Bhat,989.27,2026-08-24 19:05:00,completed,Yoga Mat
ORD_5716,Pooja Desai,1794.9,2026-08-24 19:29:00,completed,Backpack
ORD_5717,Divya Kulkarni,1828.95,2026-08-25 01:10:00,completed,Backpack
ORD_5718,Priya Patel,435.5,2026-08-24 21:04:00,completed,Water Bottle
ORD_5719,Suresh Pillai,181.16,2026-08-24 22:00:00,completed,USB Cable
ORD_5720,Nikhil Agarwal,1582.26,2026-08-24 17:39:00,completed,Sunglasses
ORD_5721,Nikhil Agarwal,496.48,2026-08-24 17:38:00,completed,Coffee Mug
ORD_5722,Meera Iyer,3505.83,2026-08-24 23:55:00,completed,Webcam
ORD_5723,Meera Iyer,1761.08,2026-08-25 04:08:00,completed,Backpack
ORD_5724,Rahul Sharma,3501.28,2026-08-25 02:49:00,completed,Webcam
ORD_5725,Priya Patel,1617.98,2026-08-24 21:46:00,completed,Sunglasses
ORD_5726,Kavita Nair,359.48,2026-08-24 23:44:00,completed,Water Bottle
ORD_5727,Sanjay Verma,659.72,2026-08-25 06:18:00,completed,Watch Strap
ORD_5728,Anjali Saxena,881.53,2026-08-25 06:00:00,completed,Laptop Stand
ORD_5729,Arjun Mehta,200.24,2026-08-24 17:07:00,completed,USB Cable
ORD_5730,Ritu Bansal,1777.47,2026-08-24 23:58:00,completed,Backpack
ORD_5731,Sneha Gupta,1455.04,2026-08-25 05:36:00,completed,Standing Desk Mat
ORD_5732,Deepika Rao,1228.29,2026-08-25 00:05:00,completed,Desk Lamp
ORD_5733,Sanjay Verma,1619.75,2026-08-25 08:03:00,completed,Sunglasses
ORD_5734,Nikhil Agarwal,986.43,2026-08-24 22:02:00,completed,Yoga Mat
ORD_5735,Rajesh Menon,1180.35,2026-08-25 00:53:00,completed,Desk Lamp
ORD_5736,Meera Iyer,1538.14,2026-08-25 00:40:00,completed,Wireless Earbuds
ORD_5737,Arjun Mehta,298.67,2026-08-25 01:29:00,completed,Phone Case
ORD_5738,Meera Iyer,338.42,2026-08-24 21:27:00,completed,Phone Case
ORD_5739,Rahul Sharma,1832.82,2026-08-24 18:55:00,completed,Backpack
ORD_5740,Nandini Choudhury,411.72,2026-08-24 23:33:00,completed,Water Bottle
ORD_5741,Anjali Saxena,165.72,2026-08-25 02:16:00,completed,USB Cable
ORD_5742,Rajesh Menon,2543.03,2026-08-24 20:34:00,completed,Keyboard
ORD_5743,Aakash Jain,261.74,2026-08-25 08:44:00,completed,Notebook Set
ORD_5744,Arjun Mehta,727.31,2026-08-24 19:36:00,completed,Watch Strap
ORD_5745,Rohit Joshi,1645.39,2026-08-25 00:19:00,completed,Sunglasses
ORD_5746,Kavita Nair,1503.4,2026-08-24 23:13:00,completed,Standing Desk Mat
ORD_5747,Nandini Choudhury,1942.41,2026-08-25 03:36:00,completed,Monitor Light
ORD_5748,Ananya Reddy,162.33,2026-08-25 07:12:00,completed,USB Cable
ORD_5749,Anjali Saxena,291.69,2026-08-24 20:38:00,completed,Notebook Set
ORD_5750,Arjun Mehta,2450.89,2026-08-25 07:50:00,completed,Keyboard
ORD_5751,Nikhil Agarwal,1308.48,2026-08-24 17:50:00,completed,Power Bank
ORD_5752,Ananya Reddy,1565.61,2026-08-25 03:23:00,completed,Sunglasses
ORD_5753,Manish Tiwari,1518.1,2026-08-25 03:31:00,completed,Wireless Earbuds
ORD_5754,Suresh Pillai,455.66,2026-08-24 19:40:00,completed,Coffee Mug
ORD_5755,Amit Kumar,3017.72,2026-08-24 18:30:00,completed,Running Shoes
ORD_5756,Deepika Rao,1787.82,2026-08-25 03:54:00,completed,Backpack
ORD_5757,Ananya Reddy,1258.84,2026-08-24 21:28:00,completed,Power Bank
ORD_5758,Rajesh Menon,1197.17,2026-08-24 22:46:00,completed,Desk Lamp
ORD_5759,Anjali Saxena,424.68,2026-08-24 23:21:00,completed,Water Bottle
ORD_5760,Deepika Rao,3470.16,2026-08-24 22:04:00,completed,Webcam
ORD_5761,Sanjay Verma,151.31,2026-08-25 07:37:00,completed,USB Cable
ORD_5762,Meera Iyer,679.5,2026-08-25 03:59:00,completed,Watch Strap
ORD_5763,Priya Patel,1767.87,2026-08-25 02:08:00,completed,Backpack
ORD_5764,Priya Patel,2547.17,2026-08-24 19:12:00,completed,Keyboard
ORD_5765,Amit Kumar,681.3,2026-08-25 00:10:00,completed,Watch Strap
ORD_5766,Gaurav Malhotra,1897.94,2026-08-25 03:58:00,completed,Monitor Light
ORD_5767,Ananya Reddy,2523.05,2026-08-25 07:37:00,completed,Keyboard
ORD_5768,Meera Iyer,460.93,2026-08-24 18:06:00,completed,Blue T-Shirt
ORD_5769,Rohit Joshi,884.77,2026-08-25 06:27:00,completed,Laptop Stand
ORD_5770,Nikhil Agarwal,919.2,2026-08-24 18:42:00,completed,Laptop Stand
ORD_5771,Ritu Bansal,468.72,2026-08-24 22:04:00,completed,Blue T-Shirt
ORD_5772,Priya Patel,190.99,2026-08-25 08:14:00,completed,USB Cable
ORD_5773,Vikram Singh,1633.99,2026-08-25 04:08:00,completed,Sunglasses
ORD_5774,Kavita Nair,684.38,2026-08-25 00:23:00,completed,Watch Strap
ORD_5775,Manish Tiwari,223.84,2026-08-25 08:36:00,completed,Notebook Set
ORD_5776,Vikram Singh,514.73,2026-08-24 21:33:00,completed,Blue T-Shirt
ORD_5777,Aakash Jain,255.11,2026-08-24 20:01:00,completed,Phone Case
ORD_5778,Vikram Singh,317.81,2026-08-25 00:35:00,completed,Mouse Pad
ORD_5779,Suresh Pillai,1834.84,2026-08-24 17:52:00,completed,Backpack
ORD_5780,Amit Kumar,3492.58,2026-08-24 19:33:00,completed,Webcam
ORD_5781,Rahul Sharma,1335.03,2026-08-25 23:57:00,completed,Power Bank
ORD_5782,Gaurav Malhotra,298.08,2026-08-24 18:15:00,completed,Phone Case
ORD_5783,Sanjay Verma,1192.18,2026-08-25 07:04:00,completed,Desk Lamp
ORD_5784,Meera Iyer,976.15,2026-08-25 08:48:00,completed,Yoga Mat
ORD_5785,Rahul Sharma,1278.09,2026-08-25 08:39:00,completed,Power Bank
ORD_5786,Rajesh Menon,414.09,2026-08-24 18:44:00,completed,Coffee Mug
ORD_5787,Gaurav Malhotra,1844.12,2026-08-24 20:33:00,completed,Backpack
ORD_5788,Deepika Rao,219.38,2026-08-24 18:37:00,completed,Notebook Set
ORD_5789,Sneha Gupta,349.64,2026-08-24 17:54:00,completed,Water Bottle
ORD_5790,Sanjay Verma,1268.46,2026-08-25 07:53:00,completed,Power Bank
ORD_5791,Arjun Mehta,269.17,2026-08-25 06:43:00,completed,Phone Case
ORD_5792,Rajesh Menon,1001.22,2026-08-24 23:19:00,completed,Yoga Mat
ORD_5793,Kavita Nair,439.79,2026-08-25 07:35:00,completed,Coffee Mug
ORD_5794,Meera Iyer,2974.26,2026-08-24 17:25:00,completed,Running Shoes
ORD_5795,Vikram Singh,1810.64,2026-08-25 07:42:00,completed,Backpack
ORD_5796,Anjali Saxena,1239.12,2026-08-25 00:37:00,completed,Desk Lamp
ORD_5797,Amit Kumar,875.42,2026-08-25 00:20:00,completed,Laptop Stand
ORD_5798,Rahul Sharma,1525.57,2026-08-25 05:31:00,completed,Wireless Earbuds
ORD_5799,Sanjay Verma,1561.2,2026-08-25 03:34:00,completed,Sunglasses
ORD_5800,Amit Kumar,1033.77,2026-08-24 22:16:00,completed,Yoga Mat
ORD_5801,Kavita Nair,184.33,2026-08-24 23:29:00,completed,USB Cable
ORD_5802,Gaurav Malhotra,694.78,2026-08-25 04:15:00,completed,Watch Strap
ORD_5803,Ananya Reddy,3504.22,2026-08-25 07:48:00,completed,Webcam
ORD_5804,Divya Kulkarni,983.06,2026-08-25 05:31:00,completed,Yoga Mat
ORD_5805,Rohit Joshi,3494.88,2026-08-25 01:06:00,completed,Webcam
ORD_5806,Rahul Sharma,746.47,2026-08-24 18:51:00,completed,Watch Strap
ORD_5807,Deepika Rao,335.9,2026-08-24 20:51:00,completed,Phone Case
ORD_5808,Sanjay Verma,3468.78,2026-08-25 08:26:00,completed,Webcam
ORD_5809,Anjali Saxena,739.37,2026-08-25 05:15:00,completed,Watch Strap
ORD_5810,Nikhil Agarwal,487.67,2026-08-24 23:29:00,completed,Coffee Mug
ORD_5811,Sneha Gupta,1583.89,2026-08-25 05:54:00,completed,Sunglasses
ORD_5812,Sanjay Verma,461.5,2026-08-24 20:41:00,completed,Blue T-Shirt
ORD_5813,Sanjay Verma,1002.45,2026-08-25 03:40:00,completed,Yoga Mat
ORD_5814,Rahul Sharma,1793.19,2026-08-25 06:45:00,completed,Backpack
ORD_5815,Rajesh Menon,858.42,2026-08-24 18:38:00,completed,Laptop Stand
ORD_5816,Kavita Nair,1318.32,2026-08-25 05:44:00,completed,Power Bank
ORD_5817,Vikram Singh,533.47,2026-08-25 07:10:00,completed,Blue T-Shirt
ORD_5818,Nikhil Agarwal,1861.82,2026-08-25 00:14:00,completed,Monitor Light
ORD_5819,Pooja Desai,477.09,2026-08-24 21:16:00,completed,Coffee Mug
ORD_5820,Karthik Sundaram,212.16,2026-08-25 06:13:00,completed,Notebook Set
ORD_5821,Gaurav Malhotra,399.18,2026-08-24 19:11:00,completed,Water Bottle
ORD_5822,Aakash Jain,511.41,2026-08-24 23:04:00,completed,Blue T-Shirt
ORD_5823,Gaurav Malhotra,1874.69,2026-08-25 01:42:00,completed,Monitor Light
ORD_5824,Meera Iyer,1892.94,2026-08-24 17:50:00,completed,Monitor Light
ORD_5825,Kavita Nair,1850.62,2026-08-24 20:15:00,completed,Monitor Light
ORD_5826,Rohit Joshi,3471.45,2026-08-24 21:52:00,completed,Webcam
ORD_5827,Nandini Choudhury,428.97,2026-08-24 18:15:00,completed,Coffee Mug
ORD_5828,Karthik Sundaram,3522.74,2026-08-24 23:58:00,completed,Webcam
ORD_5829,Rajesh Menon,1602.94,2026-08-25 07:31:00,completed,Sunglasses
ORD_5830,Divya Kulkarni,669.82,2026-08-25 02:41:00,completed,Watch Strap
ORD_5831,Rohit Joshi,2462.48,2026-08-25 08:36:00,completed,Keyboard
ORD_5832,Ananya Reddy,1240.27,2026-08-25 05:28:00,completed,Desk Lamp
ORD_5833,Karthik Sundaram,3028.89,2026-08-24 20:00:00,completed,Running Shoes
ORD_5834,Priya Patel,1483.16,2026-08-25 08:10:00,completed,Standing Desk Mat
ORD_5835,Amit Kumar,382.63,2026-08-25 04:53:00,completed,Mouse Pad
ORD_5836,Manish Tiwari,911.43,2026-08-25 03:39:00,completed,Laptop Stand
ORD_5837,Rohit Joshi,401.96,2026-08-24 22:41:00,completed,Coffee Mug
ORD_5838,Aakash Jain,1261.64,2026-08-25 00:44:00,completed,Power Bank
ORD_5839,Vikram Singh,3015.29,2026-08-25 04:09:00,completed,Running Shoes
ORD_5840,Ritu Bansal,3453.54,2026-08-24 22:56:00,completed,Webcam
ORD_5841,Amit Kumar,1556.07,2026-08-25 00:07:00,completed,Sunglasses
ORD_5842,Karthik Sundaram,1788.23,2026-08-25 08:17:00,completed,Backpack
ORD_5843,Nikhil Agarwal,405.84,2026-08-25 03:19:00,completed,Coffee Mug
ORD_5844,Amit Kumar,214.01,2026-08-25 04:59:00,completed,USB Cable
ORD_5845,Kavita Nair,1540.44,2026-08-24 21:06:00,completed,Wireless Earbuds
ORD_5846,Vikram Singh,3041.43,2026-08-25 06:03:00,completed,Running Shoes
ORD_5847,Priya Patel,152.33,2026-08-25 03:35:00,completed,USB Cable
ORD_5848,Nandini Choudhury,1838.36,2026-08-24 19:07:00,completed,Backpack
ORD_5849,Sanjay Verma,378.63,2026-08-25 08:19:00,completed,Mouse Pad
ORD_5850,Ananya Reddy,1027.75,2026-08-24 23:35:00,completed,Yoga Mat
ORD_5851,Gaurav Malhotra,324.04,2026-08-24 22:19:00,completed,Phone Case
ORD_5852,Pooja Desai,240.83,2026-08-25 08:41:00,completed,Notebook Set
ORD_5853,Ananya Reddy,711.76,2026-08-25 08:08:00,completed,Watch Strap
ORD_5854,Kavita Nair,2508.21,2026-08-24 23:45:00,completed,Keyboard
ORD_5855,Shreya Bhat,1260.33,2026-08-25 07:31:00,completed,Power Bank
ORD_5856,Deepika Rao,694.37,2026-08-24 19:58:00,completed,Watch Strap
ORD_5857,Ananya Reddy,1471.1,2026-08-24 21:29:00,completed,Standing Desk Mat
ORD_5858,Amit Kumar,314.74,2026-08-25 05:39:00,completed,Phone Case
ORD_5859,Rahul Sharma,900.73,2026-08-25 04:20:00,completed,Laptop Stand
ORD_5860,Pooja Desai,330.07,2026-08-24 21:01:00,completed,Phone Case
ORD_5861,Shreya Bhat,1793.33,2026-08-24 22:47:00,completed,Backpack
ORD_5862,Deepika Rao,1044.53,2026-08-24 18:28:00,completed,Yoga Mat
ORD_5863,Rahul Sharma,2464.17,2026-08-25 01:13:00,completed,Keyboard
ORD_5864,Gaurav Malhotra,1302.61,2026-08-25 01:12:00,completed,Power Bank
ORD_5865,Anjali Saxena,3021.41,2026-08-24 17:52:00,completed,Running Shoes
ORD_5866,Rajesh Menon,682.84,2026-08-25 01:02:00,completed,Watch Strap
ORD_5867,Suresh Pillai,262.86,2026-08-24 19:40:00,completed,Phone Case
ORD_5868,Rajesh Menon,374.69,2026-08-25 08:29:00,completed,Water Bottle
ORD_5869,Priya Patel,326.39,2026-08-25 06:31:00,completed,Mouse Pad
ORD_5870,Ritu Bansal,1629.92,2026-08-25 05:42:00,completed,Sunglasses
ORD_5871,Nikhil Agarwal,2465.54,2026-08-24 17:25:00,completed,Keyboard
ORD_5872,Priya Patel,732.08,2026-08-24 21:13:00,completed,Watch Strap
ORD_5873,Meera Iyer,1537.64,2026-08-25 02:24:00,completed,Wireless Earbuds
ORD_5874,Shreya Bhat,667.93,2026-08-25 01:46:00,completed,Watch Strap
ORD_5875,Rajesh Menon,902.16,2026-08-24 18:53:00,completed,Laptop Stand
ORD_5876,Divya Kulkarni,1181.45,2026-08-25 08:50:00,completed,Desk Lamp
ORD_5877,Meera Iyer,3479.67,2026-08-25 06:12:00,completed,Webcam
ORD_5878,Rahul Sharma,325.08,2026-08-25 04:43:00,completed,Mouse Pad
ORD_5879,Anjali Saxena,1597.06,2026-08-25 02:17:00,completed,Sunglasses
ORD_5880,Arjun Mehta,733.82,2026-08-24 17:00:00,completed,Watch Strap
ORD_5881,Karthik Sundaram,383.44,2026-08-24 17:28:00,completed,Water Bottle
ORD_5882,Ananya Reddy,987.15,2026-08-25 02:48:00,completed,Yoga Mat
ORD_5883,Priya Patel,661.5,2026-08-24 23:40:00,completed,Watch Strap
ORD_5884,Priya Patel,2467.71,2026-08-25 05:47:00,completed,Keyboard
ORD_5885,Nikhil Agarwal,1830.31,2026-08-24 17:26:00,completed,Backpack
ORD_5886,Arjun Mehta,1599.23,2026-08-24 21:55:00,completed,Sunglasses
ORD_5887,Ananya Reddy,1585.38,2026-08-25 07:09:00,completed,Sunglasses
ORD_5888,Shreya Bhat,1829.73,2026-08-25 23:57:00,completed,Backpack
ORD_5889,Arjun Mehta,1637.1,2026-08-24 19:33:00,completed,Sunglasses
ORD_5890,Vikram Singh,425.97,2026-08-24 17:57:00,completed,Water Bottle
ORD_5891,Kavita Nair,1892.4,2026-08-25 06:24:00,completed,Monitor Light
ORD_5892,Nandini Choudhury,1279.17,2026-08-24 19:19:00,completed,Power Bank
ORD_5893,Aakash Jain,431.6,2026-08-24 18:57:00,completed,Water Bottle
ORD_5894,Ananya Reddy,3538.3,2026-08-25 08:03:00,completed,Webcam
ORD_5895,Gaurav Malhotra,985.92,2026-08-25 05:27:00,completed,Yoga Mat
ORD_5896,Meera Iyer,1797.87,2026-08-25 02:57:00,completed,Backpack
ORD_5897,Ritu Bansal,1010.23,2026-08-25 05:13:00,completed,Yoga Mat
ORD_5898,Priya Patel,890.63,2026-08-24 20:29:00,completed,Laptop Stand
ORD_5899,Rajesh Menon,231.95,2026-08-25 01:20:00,completed,Notebook Set
ORD_5900,Gaurav Malhotra,3493.77,2026-08-24 21:42:00,completed,Webcam
ORD_5901,Divya Kulkarni,1016.73,2026-08-25 05:34:00,completed,Yoga Mat
ORD_5902,Meera Iyer,958.46,2026-08-24 17:15:00,completed,Yoga Mat
ORD_5903,Shreya Bhat,484.55,2026-08-25 08:30:00,completed,Blue T-Shirt
ORD_5904,Divya Kulkarni,1646.61,2026-08-25 00:31:00,completed,Sunglasses
ORD_5905,Amit Kumar,2494.29,2026-08-24 20:51:00,completed,Keyboard
ORD_5906,Sanjay Verma,1267.41,2026-08-24 23:21:00,completed,Power Bank
ORD_5907,Meera Iyer,3015.03,2026-08-25 03:42:00,completed,Running Shoes
ORD_5908,Arjun Mehta,1909.57,2026-08-24 21:14:00,completed,Monitor Light
ORD_5909,Rohit Joshi,1816.71,2026-08-24 17:09:00,completed,Backpack
ORD_5910,Rahul Sharma,1622.4,2026-08-25 01:52:00,completed,Sunglasses
ORD_5911,Divya Kulkarni,739.94,2026-08-24 17:51:00,completed,Watch Strap
ORD_5912,Nikhil Agarwal,1016.82,2026-08-25 02:14:00,completed,Yoga Mat
ORD_5913,Ritu Bansal,388.17,2026-08-25 03:01:00,completed,Water Bottle
ORD_5914,Deepika Rao,1304.64,2026-08-25 04:43:00,completed,Power Bank
ORD_5915,Rahul Sharma,1627.44,2026-08-24 22:28:00,completed,Sunglasses
ORD_5916,Divya Kulkarni,1809.43,2026-08-24 17:01:00,completed,Backpack
ORD_5917,Manish Tiwari,506.48,2026-08-25 06:22:00,completed,Blue T-Shirt
ORD_5918,Nikhil Agarwal,1524.86,2026-08-24 19:13:00,completed,Wireless Earbuds
ORD_5919,Aakash Jain,361.78,2026-08-25 00:56:00,completed,Water Bottle
ORD_5920,Rahul Sharma,1468.88,2026-08-25 03:55:00,completed,Standing Desk Mat
ORD_5921,Amit Kumar,458.4,2026-08-25 06:00:00,completed,Coffee Mug
ORD_5922,Meera Iyer,484.06,2026-08-25 06:08:00,completed,Blue T-Shirt
ORD_5923,Kavita Nair,294.79,2026-08-25 07:57:00,completed,Phone Case
ORD_5924,Nandini Choudhury,1026.56,2026-08-25 02:04:00,completed,Yoga Mat
ORD_5925,Aakash Jain,973.1,2026-08-24 23:46:00,completed,Yoga Mat
ORD_5926,Shreya Bhat,2485.68,2026-08-25 00:32:00,completed,Keyboard
ORD_5927,Rajesh Menon,3537.95,2026-08-25 04:45:00,completed,Webcam
ORD_5928,Rahul Sharma,900.77,2026-08-25 00:39:00,completed,Laptop Stand
ORD_5929,Vikram Singh,1475.51,2026-08-24 19:26:00,completed,Standing Desk Mat
ORD_5930,Deepika Rao,276.03,2026-08-25 06:49:00,completed,Phone Case
ORD_5931,Ritu Bansal,1034.08,2026-08-24 21:29:00,completed,Yoga Mat
ORD_5932,Kavita Nair,408.86,2026-08-25 03:14:00,completed,Coffee Mug
ORD_5933,Shreya Bhat,1523.04,2026-08-24 22:24:00,completed,Standing Desk Mat
ORD_5934,Aakash Jain,199.87,2026-08-24 21:49:00,completed,USB Cable
ORD_5935,Sneha Gupta,3542.5,2026-08-25 02:33:00,completed,Webcam
ORD_5936,Priya Patel,308.85,2026-08-25 06:49:00,completed,Phone Case
ORD_5937,Pooja Desai,1504.84,2026-08-25 07:33:00,completed,Wireless Earbuds
ORD_5938,Anjali Saxena,421.42,2026-08-25 08:52:00,completed,Coffee Mug
ORD_5939,Sneha Gupta,220.58,2026-08-25 07:01:00,completed,USB Cable
ORD_5940,Divya Kulkarni,1832.43,2026-08-24 20:14:00,completed,Backpack
ORD_5941,Rajesh Menon,3464.46,2026-08-24 17:30:00,completed,Webcam
ORD_5942,Divya Kulkarni,233.36,2026-08-24 20:46:00,completed,Notebook Set
ORD_5943,Shreya Bhat,372.59,2026-08-24 20:16:00,completed,Mouse Pad
ORD_5944,Meera Iyer,346.79,2026-08-24 19:03:00,completed,Phone Case
ORD_5945,Deepika Rao,377.27,2026-08-24 21:33:00,completed,Water Bottle
ORD_5946,Ritu Bansal,259.04,2026-08-25 05:18:00,completed,Notebook Set
ORD_5947,Priya Patel,894.79,2026-08-25 04:10:00,completed,Laptop Stand
ORD_5948,Deepika Rao,1916.22,2026-08-24 17:10:00,completed,Monitor Light
ORD_5949,Suresh Pillai,1261.27,2026-08-25 06:46:00,completed,Power Bank
ORD_5950,Sanjay Verma,462.55,2026-08-24 17:18:00,completed,Coffee Mug
ORD_5951,Anjali Saxena,209.47,2026-08-24 19:33:00,completed,USB Cable
ORD_5952,Sneha Gupta,1173.36,2026-08-24 19:44:00,completed,Desk Lamp
ORD_5953,Manish Tiwari,1923.56,2026-08-24 17:17:00,completed,Monitor Light
ORD_5954,Rahul Sharma,2482.49,2026-08-24 22:39:00,completed,Keyboard
ORD_5955,Rajesh Menon,691.57,2026-08-24 19:18:00,completed,Watch Strap
ORD_5956,Divya Kulkarni,487.32,2026-08-24 21:25:00,completed,Blue T-Shirt
ORD_5957,Arjun Mehta,893.32,2026-08-25 02:18:00,completed,Laptop Stand
ORD_5958,Kavita Nair,313.46,2026-08-25 07:13:00,completed,Mouse Pad
ORD_5959,Priya Patel,3518.36,2026-08-24 17:25:00,completed,Webcam
ORD_5960,Suresh Pillai,250.46,2026-08-25 07:07:00,completed,Notebook Set
ORD_5961,Sneha Gupta,3011.12,2026-08-25 01:38:00,completed,Running Shoes
ORD_5962,Rohit Joshi,245.28,2026-08-25 00:42:00,completed,Notebook Set
ORD_5963,Vikram Singh,1200.98,2026-08-24 21:43:00,completed,Desk Lamp
ORD_5964,Aakash Jain,360.22,2026-08-25 03:01:00,completed,Mouse Pad
ORD_5965,Divya Kulkarni,1289.62,2026-08-25 07:34:00,completed,Power Bank
ORD_5966,Rohit Joshi,469.32,2026-08-24 21:39:00,completed,Coffee Mug
ORD_5967,Gaurav Malhotra,445.53,2026-08-24 17:27:00,completed,Coffee Mug
ORD_5968,Anjali Saxena,219.5,2026-08-24 17:05:00,completed,Notebook Set
ORD_5969,Anjali Saxena,3481.08,2026-08-25 02:50:00,completed,Webcam
ORD_5970,Aakash Jain,401.82,2026-08-24 23:58:00,completed,Coffee Mug
ORD_5971,Divya Kulkarni,275.1,2026-08-25 06:48:00,completed,Phone Case
ORD_5972,Kavita Nair,1510.44,2026-08-25 03:46:00,completed,Wireless Earbuds
ORD_5973,Kavita Nair,1320.17,2026-08-25 02:41:00,completed,Power Bank
ORD_5974,Priya Patel,2465.05,2026-08-25 06:09:00,completed,Keyboard
ORD_5975,Gaurav Malhotra,1822.27,2026-08-25 04:54:00,completed,Backpack
ORD_5976,Nandini Choudhury,1837.05,2026-08-25 03:32:00,completed,Backpack
ORD_5977,Meera Iyer,503.36,2026-08-24 18:08:00,completed,Blue T-Shirt
ORD_5978,Meera Iyer,427.96,2026-08-25 03:26:00,completed,Water Bottle
ORD_5979,Ritu Bansal,1527.2,2026-08-24 23:24:00,completed,Standing Desk Mat
ORD_5980,Deepika Rao,1461.29,2026-08-25 01:34:00,completed,Wireless Earbuds
ORD_5981,Suresh Pillai,379.47,2026-08-25 07:32:00,completed,Mouse Pad
ORD_5982,Meera Iyer,1242.1,2026-08-25 02:02:00,completed,Desk Lamp
ORD_5983,Shreya Bhat,3522.43,2026-08-24 18:52:00,completed,Webcam
ORD_5984,Rajesh Menon,462.06,2026-08-24 19:52:00,completed,Blue T-Shirt
ORD_5985,Amit Kumar,492.42,2026-08-25 04:10:00,completed,Coffee Mug
ORD_5986,Priya Patel,712.98,2026-08-24 17:55:00,completed,Watch Strap
ORD_5987,Priya Patel,3513.5,2026-08-24 22:12:00,completed,Webcam
ORD_5988,Divya Kulkarni,1592.32,2026-08-25 04:31:00,completed,Sunglasses
ORD_5989,Sanjay Verma,1822.16,2026-08-24 22:08:00,completed,Backpack
ORD_5990,Pooja Desai,1488.58,2026-08-24 19:13:00,completed,Wireless Earbuds
ORD_5991,Gaurav Malhotra,346.48,2026-08-25 07:40:00,completed,Phone Case
ORD_5992,Anjali Saxena,1877.1,2026-08-24 17:26:00,completed,Monitor Light
ORD_5993,Priya Patel,664.7,2026-08-24 23:12:00,completed,Watch Strap
ORD_5994,Ananya Reddy,182.68,2026-08-24 20:13:00,completed,USB Cable
ORD_5995,Priya Patel,407.58,2026-08-24 23:35:00,completed,Coffee Mug
ORD_5996,Manish Tiwari,1473.22,2026-08-25 05:52:00,completed,Wireless Earbuds
ORD_5997,Karthik Sundaram,378.16,2026-08-24 22:04:00,completed,Water Bottle
ORD_5998,Manish Tiwari,1284.53,2026-08-25 02:07:00,completed,Power Bank
ORD_5999,Priya Patel,1463.68,2026-08-25 05:51:00,completed,Standing Desk Mat
ORD_6000,Anjali Saxena,1526.29,2026-08-24 17:00:00,completed,Standing Desk Mat
ORD_6001,Pooja Desai,1760.52,2026-08-24 23:23:00,completed,Backpack
ORD_6002,Suresh Pillai,194.65,2026-08-24 20:51:00,completed,USB Cable
ORD_6003,Rajesh Menon,162.34,2026-08-24 17:31:00,completed,USB Cable
ORD_6004,Ananya Reddy,879.2,2026-08-25 00:11:00,completed,Laptop Stand
ORD_6005,Deepika Rao,320.96,2026-08-24 23:00:00,completed,Mouse Pad
ORD_6006,Kavita Nair,370.84,2026-08-24 20:15:00,completed,Water Bottle
ORD_6007,Shreya Bhat,1456.11,2026-08-25 06:31:00,completed,Wireless Earbuds
ORD_6008,Rohit Joshi,1499.39,2026-08-24 18:50:00,completed,Wireless Earbuds
ORD_6009,Manish Tiwari,1809.9,2026-08-24 19:44:00,completed,Backpack
ORD_6010,Rajesh Menon,457.01,2026-08-24 22:53:00,completed,Blue T-Shirt
ORD_6011,Amit Kumar,1561.29,2026-08-25 07:31:00,completed,Sunglasses
ORD_6012,Arjun Mehta,248.36,2026-08-25 02:06:00,completed,USB Cable
ORD_6013,Anjali Saxena,2467.37,2026-08-24 19:13:00,completed,Keyboard
ORD_6014,Sanjay Verma,265.75,2026-08-25 07:59:00,completed,Notebook Set
ORD_6015,Arjun Mehta,359.76,2026-08-25 06:59:00,completed,Water Bottle
ORD_6016,Suresh Pillai,1854.62,2026-08-24 22:27:00,completed,Monitor Light
ORD_6017,Amit Kumar,1483.88,2026-08-24 23:52:00,completed,Standing Desk Mat
ORD_6018,Aakash Jain,1004.3,2026-08-24 21:22:00,completed,Yoga Mat
ORD_6019,Rajesh Menon,446.71,2026-08-24 23:10:00,completed,Water Bottle
ORD_6020,Anjali Saxena,1475.77,2026-08-25 04:19:00,completed,Wireless Earbuds
ORD_6021,Anjali Saxena,896.88,2026-08-25 03:08:00,completed,Laptop Stand
ORD_6022,Rajesh Menon,405.58,2026-08-25 04:43:00,completed,Coffee Mug
ORD_6023,Sneha Gupta,1210.99,2026-08-25 05:07:00,completed,Desk Lamp
ORD_6024,Deepika Rao,1272.02,2026-08-24 18:23:00,completed,Power Bank
ORD_6025,Kavita Nair,1490.62,2026-08-24 20:27:00,completed,Wireless Earbuds
ORD_6026,Divya Kulkarni,1598.02,2026-08-25 01:04:00,completed,Sunglasses
ORD_6027,Deepika Rao,227.63,2026-08-25 01:42:00,completed,USB Cable
ORD_6028,Divya Kulkarni,3547.89,2026-08-25 02:20:00,completed,Webcam
ORD_6029,Sanjay Verma,335.89,2026-08-25 01:05:00,completed,Mouse Pad
ORD_6030,Karthik Sundaram,951.39,2026-08-24 23:19:00,completed,Yoga Mat
ORD_6031,Divya Kulkarni,2547.57,2026-08-24 22:27:00,completed,Keyboard
ORD_6032,Amit Kumar,312.57,2026-08-24 23:25:00,completed,Mouse Pad
ORD_6033,Arjun Mehta,519.91,2026-08-25 07:16:00,completed,Blue T-Shirt
ORD_6034,Rohit Joshi,994.48,2026-08-25 00:57:00,completed,Yoga Mat
ORD_6035,Ritu Bansal,1518.46,2026-08-25 02:51:00,completed,Standing Desk Mat
ORD_6036,Anjali Saxena,1492.32,2026-08-24 23:42:00,completed,Standing Desk Mat
ORD_6037,Rohit Joshi,342.56,2026-08-25 06:48:00,completed,Mouse Pad
ORD_6038,Arjun Mehta,395.12,2026-08-25 05:23:00,completed,Mouse Pad
ORD_6039,Arjun Mehta,399.78,2026-08-25 01:01:00,completed,Water Bottle
ORD_6040,Divya Kulkarni,1346.65,2026-08-24 19:19:00,completed,Power Bank
ORD_6041,Suresh Pillai,1192.2,2026-08-25 03:28:00,completed,Desk Lamp
ORD_6042,Priya Patel,922.51,2026-08-24 22:49:00,completed,Laptop Stand
ORD_6043,Pooja Desai,1937.68,2026-08-25 00:12:00,completed,Monitor Light
ORD_6044,Nikhil Agarwal,2959.13,2026-08-24 17:56:00,completed,Running Shoes
ORD_6045,Aakash Jain,421.73,2026-08-25 06:47:00,completed,Coffee Mug
ORD_6046,Rajesh Menon,2983.48,2026-08-25 03:11:00,completed,Running Shoes
ORD_6047,Pooja Desai,228.96,2026-08-24 18:32:00,completed,USB Cable
ORD_6048,Ritu Bansal,3012.44,2026-08-25 06:33:00,completed,Running Shoes
ORD_6049,Karthik Sundaram,3537.95,2026-08-25 03:19:00,completed,Webcam
ORD_6050,Nandini Choudhury,1017.79,2026-08-25 03:36:00,completed,Yoga Mat
ORD_6051,Deepika Rao,3518.12,2026-08-25 00:40:00,completed,Webcam
ORD_6052,Nandini Choudhury,1487.28,2026-08-24 20:12:00,completed,Wireless Earbuds
ORD_6053,Suresh Pillai,1499.19,2026-08-24 20:50:00,completed,Standing Desk Mat
ORD_6054,Gaurav Malhotra,1779.77,2026-08-24 18:40:00,completed,Backpack
ORD_6055,Rajesh Menon,1511.7,2026-08-25 00:39:00,completed,Standing Desk Mat
ORD_6056,Nikhil Agarwal,937.5,2026-08-24 22:13:00,completed,Laptop Stand
ORD_6057,Ananya Reddy,850.2,2026-08-24 18:08:00,completed,Laptop Stand
ORD_6058,Vikram Singh,442.91,2026-08-25 01:40:00,completed,Water Bottle
ORD_6059,Meera Iyer,1460.69,2026-08-25 07:45:00,completed,Wireless Earbuds
ORD_6060,Meera Iyer,352.64,2026-08-25 07:11:00,completed,Water Bottle
ORD_6061,Nandini Choudhury,1647.73,2026-08-25 06:47:00,completed,Sunglasses
ORD_6062,Vikram Singh,1030.38,2026-08-24 20:20:00,completed,Yoga Mat
ORD_6063,Suresh Pillai,493.97,2026-08-25 08:36:00,completed,Coffee Mug
ORD_6064,Nandini Choudhury,737.77,2026-08-25 07:55:00,completed,Watch Strap
ORD_6065,Kavita Nair,1513.95,2026-08-24 23:27:00,completed,Standing Desk Mat
ORD_6066,Priya Patel,315.35,2026-08-25 02:34:00,completed,Mouse Pad
ORD_6067,Rohit Joshi,1173.38,2026-08-25 23:57:00,completed,Desk Lamp
ORD_6068,Karthik Sundaram,208.95,2026-08-24 22:51:00,completed,Notebook Set
ORD_6069,Priya Patel,1576.44,2026-08-25 01:01:00,completed,Sunglasses
ORD_6070,Suresh Pillai,2976.66,2026-08-24 19:06:00,completed,Running Shoes
ORD_6071,Aakash Jain,1501.81,2026-08-24 17:04:00,completed,Wireless Earbuds
ORD_6072,Amit Kumar,451.69,2026-08-24 19:41:00,completed,Coffee Mug
ORD_6073,Rohit Joshi,326.9,2026-08-25 04:45:00,completed,Phone Case
ORD_6074,Aakash Jain,938.55,2026-08-25 00:36:00,completed,Laptop Stand
ORD_6075,Shreya Bhat,1319.15,2026-08-25 01:56:00,completed,Power Bank
ORD_6076,Arjun Mehta,492.15,2026-08-25 05:42:00,completed,Blue T-Shirt
ORD_6077,Karthik Sundaram,269.32,2026-08-25 03:47:00,completed,Phone Case
ORD_6078,Rahul Sharma,1774.4,2026-08-25 00:03:00,completed,Backpack
ORD_6079,Gaurav Malhotra,508.35,2026-08-24 18:24:00,completed,Blue T-Shirt
ORD_6080,Meera Iyer,189.8,2026-08-24 19:21:00,completed,USB Cable
ORD_6081,Vikram Singh,1947.62,2026-08-25 01:51:00,completed,Monitor Light
ORD_6082,Rajesh Menon,3451.03,2026-08-25 08:37:00,completed,Webcam
ORD_6083,Kavita Nair,1308.72,2026-08-25 06:53:00,completed,Power Bank
ORD_6084,Ananya Reddy,2509.69,2026-08-25 06:36:00,completed,Keyboard
ORD_6085,Vikram Singh,996.37,2026-08-24 23:46:00,completed,Yoga Mat
ORD_6086,Ritu Bansal,998.02,2026-08-25 01:32:00,completed,Yoga Mat
ORD_6087,Aakash Jain,743.73,2026-08-25 05:45:00,completed,Watch Strap
ORD_6088,Meera Iyer,1021.02,2026-08-25 07:14:00,completed,Yoga Mat
ORD_6089,Rajesh Menon,1544.9,2026-08-24 23:10:00,completed,Standing Desk Mat
ORD_6090,Nandini Choudhury,3040.38,2026-08-24 19:08:00,completed,Running Shoes
ORD_6091,Rajesh Menon,339.55,2026-08-25 08:09:00,completed,Mouse Pad
ORD_6092,Amit Kumar,1318.73,2026-08-25 01:25:00,completed,Power Bank
ORD_6093,Rahul Sharma,1797.58,2026-08-24 23:07:00,completed,Backpack
ORD_6094,Shreya Bhat,714.17,2026-08-25 04:05:00,completed,Watch Strap
ORD_6095,Pooja Desai,957.44,2026-08-25 00:32:00,completed,Yoga Mat
ORD_6096,Sanjay Verma,971.19,2026-08-25 03:37:00,completed,Yoga Mat
ORD_6097,Rajesh Menon,512.59,2026-08-25 02:54:00,completed,Blue T-Shirt
ORD_6098,Amit Kumar,729.32,2026-08-24 18:24:00,completed,Watch Strap
ORD_6099,Deepika Rao,1184.48,2026-08-25 00:12:00,completed,Desk Lamp
ORD_6100,Amit Kumar,934.4,2026-08-25 05:14:00,completed,Laptop Stand
ORD_6101,Anjali Saxena,268.01,2026-08-25 01:13:00,completed,Notebook Set
ORD_6102,Sneha Gupta,1449.41,2026-08-25 04:40:00,completed,Wireless Earbuds
ORD_6103,Shreya Bhat,356.5,2026-08-25 04:46:00,completed,Mouse Pad
ORD_6104,Arjun Mehta,214.08,2026-08-25 03:00:00,completed,Notebook Set
ORD_6105,Gaurav Malhotra,1561.22,2026-08-25 03:28:00,completed,Sunglasses
ORD_6106,Manish Tiwari,1843.93,2026-08-25 06:12:00,completed,Backpack
ORD_6107,Nikhil Agarwal,2981.02,2026-08-25 05:17:00,completed,Running Shoes
ORD_6108,Ananya Reddy,335.35,2026-08-25 05:25:00,completed,Mouse Pad
ORD_6109,Rahul Sharma,3488.4,2026-08-24 22:08:00,completed,Webcam
ORD_6110,Sneha Gupta,380.21,2026-08-25 08:26:00,completed,Water Bottle
ORD_6111,Rahul Sharma,245.57,2026-08-25 01:52:00,completed,Notebook Set
ORD_6112,Rajesh Menon,223.93,2026-08-24 19:50:00,completed,Notebook Set
ORD_6113,Nandini Choudhury,1024.25,2026-08-24 22:57:00,completed,Yoga Mat
ORD_6114,Gaurav Malhotra,212.48,2026-08-25 08:18:00,completed,USB Cable
ORD_6115,Deepika Rao,2498.97,2026-08-24 17:08:00,completed,Keyboard
ORD_6116,Pooja Desai,1859.34,2026-08-25 03:32:00,completed,Monitor Light
ORD_6117,Sneha Gupta,469.24,2026-08-24 17:20:00,completed,Coffee Mug
ORD_6118,Kavita Nair,498.79,2026-08-24 20:35:00,completed,Blue T-Shirt
ORD_6119,Sanjay Verma,1947.05,2026-08-25 00:58:00,completed,Monitor Light
ORD_6120,Aakash Jain,1924.08,2026-08-25 02:55:00,completed,Monitor Light
ORD_6121,Karthik Sundaram,3449.48,2026-08-25 05:16:00,completed,Webcam
ORD_6122,Sanjay Verma,2484.67,2026-08-24 20:09:00,completed,Keyboard
ORD_6123,Gaurav Malhotra,527.64,2026-08-25 23:58:00,completed,Blue T-Shirt
ORD_6124,Sanjay Verma,1546.26,2026-08-24 17:38:00,completed,Wireless Earbuds
ORD_6125,Manish Tiwari,916.13,2026-08-24 17:22:00,completed,Laptop Stand
ORD_6126,Gaurav Malhotra,2459.9,2026-08-25 05:44:00,completed,Keyboard
ORD_6127,Ritu Bansal,3464.86,2026-08-25 06:35:00,completed,Webcam
ORD_6128,Rahul Sharma,1487.35,2026-08-24 21:27:00,completed,Wireless Earbuds
ORD_6129,Nikhil Agarwal,423.77,2026-08-25 03:22:00,completed,Coffee Mug
ORD_6130,Amit Kumar,736.98,2026-08-25 05:10:00,completed,Watch Strap
ORD_6131,Manish Tiwari,3496.63,2026-08-24 23:56:00,completed,Webcam
ORD_6132,Vikram Singh,2523.08,2026-08-24 17:30:00,completed,Keyboard
ORD_6133,Meera Iyer,707.54,2026-08-25 00:39:00,completed,Watch Strap
ORD_6134,Karthik Sundaram,2986.53,2026-08-25 07:44:00,completed,Running Shoes
ORD_6135,Sneha Gupta,1280.56,2026-08-25 06:00:00,completed,Power Bank
ORD_6136,Rajesh Menon,1804.59,2026-08-25 00:23:00,completed,Backpack
ORD_6137,Sanjay Verma,1855.14,2026-08-25 02:30:00,completed,Monitor Light
ORD_6138,Rajesh Menon,1488.45,2026-08-25 03:54:00,completed,Standing Desk Mat
ORD_6139,Pooja Desai,849.19,2026-08-25 08:02:00,completed,Laptop Stand
ORD_6140,Meera Iyer,377.08,2026-08-24 21:30:00,completed,Water Bottle
ORD_6141,Aakash Jain,2454.48,2026-08-24 18:34:00,completed,Keyboard
ORD_6142,Divya Kulkarni,1612.26,2026-08-25 07:17:00,completed,Sunglasses
ORD_6143,Nikhil Agarwal,202.6,2026-08-24 21:56:00,completed,USB Cable
ORD_6144,Anjali Saxena,317.94,2026-08-25 02:54:00,completed,Mouse Pad
ORD_6145,Pooja Desai,370.48,2026-08-25 07:09:00,completed,Mouse Pad
ORD_6146,Rohit Joshi,399.29,2026-08-25 04:04:00,completed,Water Bottle
ORD_6147,Divya Kulkarni,226.07,2026-08-25 07:26:00,completed,USB Cable
ORD_6148,Shreya Bhat,650.7,2026-08-24 22:06:00,completed,Watch Strap
ORD_6149,Sneha Gupta,1785.01,2026-08-25 02:22:00,completed,Backpack
ORD_6150,Kavita Nair,2966.06,2026-08-24 18:00:00,completed,Running Shoes
ORD_6151,Shreya Bhat,1452.64,2026-08-24 17:28:00,completed,Standing Desk Mat
ORD_6152,Meera Iyer,304.5,2026-08-24 22:42:00,completed,Mouse Pad
ORD_6153,Sanjay Verma,167.06,2026-08-25 08:31:00,completed,USB Cable
ORD_6154,Rohit Joshi,1165.85,2026-08-24 18:04:00,completed,Desk Lamp
ORD_6155,Nandini Choudhury,1559.04,2026-08-25 02:12:00,completed,Sunglasses
ORD_6156,Gaurav Malhotra,1541.57,2026-08-25 01:18:00,completed,Wireless Earbuds
ORD_6157,Priya Patel,3513.4,2026-08-24 20:54:00,completed,Webcam
ORD_6158,Meera Iyer,2963.56,2026-08-25 05:46:00,completed,Running Shoes
ORD_6159,Divya Kulkarni,173.5,2026-08-24 19:12:00,completed,USB Cable
ORD_6160,Rajesh Menon,1459.2,2026-08-24 18:28:00,completed,Standing Desk Mat
ORD_6161,Kavita Nair,1628.79,2026-08-25 00:16:00,completed,Sunglasses
ORD_6162,Rahul Sharma,1502.22,2026-08-25 03:00:00,completed,Wireless Earbuds
ORD_6163,Arjun Mehta,918.78,2026-08-24 17:43:00,completed,Laptop Stand
ORD_6164,Karthik Sundaram,1628.07,2026-08-24 21:08:00,completed,Sunglasses
ORD_6165,Sanjay Verma,423.38,2026-08-25 00:00:00,completed,Water Bottle
ORD_6166,Deepika Rao,656.75,2026-08-24 17:55:00,completed,Watch Strap
ORD_6167,Karthik Sundaram,895.51,2026-08-24 17:59:00,completed,Laptop Stand
ORD_6168,Amit Kumar,459.2,2026-08-24 17:14:00,completed,Coffee Mug
ORD_6169,Vikram Singh,1279.99,2026-08-24 21:05:00,completed,Power Bank
ORD_6170,Shreya Bhat,387.7,2026-08-25 07:42:00,completed,Water Bottle
ORD_6171,Sanjay Verma,2514.37,2026-08-25 00:52:00,completed,Keyboard
ORD_6172,Gaurav Malhotra,1330.12,2026-08-24 22:39:00,completed,Power Bank
ORD_6173,Divya Kulkarni,1758.36,2026-08-24 20:10:00,completed,Backpack
ORD_6174,Sanjay Verma,3013.51,2026-08-25 02:58:00,completed,Running Shoes
ORD_6175,Divya Kulkarni,219.82,2026-08-24 22:11:00,completed,USB Cable
ORD_6176,Divya Kulkarni,1520.04,2026-08-24 18:47:00,completed,Standing Desk Mat
ORD_6177,Priya Patel,922.78,2026-08-25 07:13:00,completed,Laptop Stand
ORD_6178,Shreya Bhat,977.77,2026-08-24 17:56:00,completed,Yoga Mat
ORD_6179,Amit Kumar,920.85,2026-08-25 00:51:00,completed,Laptop Stand
ORD_6180,Vikram Singh,1786.7,2026-08-25 00:48:00,completed,Backpack
ORD_6181,Nikhil Agarwal,2480.63,2026-08-24 17:41:00,completed,Keyboard
ORD_6182,Ananya Reddy,866.82,2026-08-24 17:52:00,completed,Laptop Stand
ORD_6183,Ananya Reddy,262.91,2026-08-24 19:48:00,completed,Phone Case
ORD_6184,Rajesh Menon,1009.12,2026-08-25 00:21:00,completed,Yoga Mat
ORD_6185,Anjali Saxena,400.12,2026-08-24 21:51:00,completed,Coffee Mug
ORD_6186,Arjun Mehta,1542.28,2026-08-25 07:25:00,completed,Standing Desk Mat
ORD_6187,Nandini Choudhury,1483.83,2026-08-25 04:03:00,completed,Wireless Earbuds
ORD_6188,Deepika Rao,1151.62,2026-08-25 03:24:00,completed,Desk Lamp
ORD_6189,Gaurav Malhotra,1233.11,2026-08-25 02:48:00,completed,Desk Lamp
ORD_6190,Rajesh Menon,2541.36,2026-08-24 20:24:00,completed,Keyboard
ORD_6191,Divya Kulkarni,1906.11,2026-08-24 23:09:00,completed,Monitor Light
ORD_6192,Nikhil Agarwal,1826.34,2026-08-25 05:05:00,completed,Backpack
ORD_6193,Rajesh Menon,3003.48,2026-08-25 02:02:00,completed,Running Shoes
ORD_6194,Anjali Saxena,1510.03,2026-08-25 03:29:00,completed,Wireless Earbuds
ORD_6195,Deepika Rao,2994.41,2026-08-25 05:03:00,completed,Running Shoes
ORD_6196,Nikhil Agarwal,3017.45,2026-08-24 23:57:00,completed,Running Shoes
ORD_6197,Ananya Reddy,501.23,2026-08-24 22:33:00,completed,Blue T-Shirt
ORD_6198,Nandini Choudhury,1825.79,2026-08-25 06:30:00,completed,Backpack
ORD_6199,Arjun Mehta,2541.21,2026-08-24 22:33:00,completed,Keyboard
ORD_6200,Sneha Gupta,1484.75,2026-08-25 04:30:00,completed,Standing Desk Mat
ORD_6201,Sanjay Verma,982.23,2026-08-24 19:16:00,completed,Yoga Mat
ORD_6202,Manish Tiwari,1759.28,2026-08-25 00:06:00,completed,Backpack
ORD_6203,Pooja Desai,2505.17,2026-08-25 08:06:00,completed,Keyboard
ORD_6204,Ritu Bansal,465.82,2026-08-24 20:53:00,completed,Coffee Mug
ORD_6205,Aakash Jain,1214.46,2026-08-25 00:17:00,completed,Desk Lamp
ORD_6206,Aakash Jain,2949.97,2026-08-25 06:02:00,completed,Running Shoes
ORD_6207,Divya Kulkarni,407.25,2026-08-25 06:20:00,completed,Coffee Mug
ORD_6208,Amit Kumar,3520.04,2026-08-24 23:30:00,completed,Webcam
ORD_6209,Pooja Desai,1310.92,2026-08-25 01:53:00,completed,Power Bank
ORD_6210,Priya Patel,3037.19,2026-08-24 19:33:00,completed,Running Shoes
ORD_6211,Rahul Sharma,3497.0,2026-08-24 18:37:00,completed,Webcam
ORD_6212,Gaurav Malhotra,302.58,2026-08-25 01:49:00,completed,Mouse Pad
ORD_6213,Sanjay Verma,1513.3,2026-08-24 21:01:00,completed,Standing Desk Mat
ORD_6214,Ritu Bansal,417.86,2026-08-24 18:07:00,completed,Water Bottle
ORD_6215,Shreya Bhat,1900.46,2026-08-25 01:30:00,completed,Monitor Light
ORD_6216,Aakash Jain,452.48,2026-08-24 19:56:00,completed,Coffee Mug
ORD_6217,Ritu Bansal,535.04,2026-08-24 23:41:00,completed,Blue T-Shirt
ORD_6218,Sanjay Verma,2470.02,2026-08-25 03:28:00,completed,Keyboard
ORD_6219,Sanjay Verma,1018.33,2026-08-24 21:55:00,completed,Yoga Mat
ORD_6220,Rahul Sharma,294.96,2026-08-24 17:46:00,completed,Notebook Set
ORD_6221,Anjali Saxena,1907.2,2026-08-24 21:41:00,completed,Monitor Light
ORD_6222,Nandini Choudhury,499.47,2026-08-25 08:30:00,completed,Blue T-Shirt
ORD_6223,Priya Patel,1947.42,2026-08-24 22:51:00,completed,Monitor Light
ORD_6224,Deepika Rao,385.33,2026-08-25 04:12:00,completed,Mouse Pad
ORD_6225,Ritu Bansal,389.31,2026-08-25 02:57:00,completed,Mouse Pad
ORD_6226,Nikhil Agarwal,2536.86,2026-08-24 19:02:00,completed,Keyboard
ORD_6227,Rohit Joshi,473.27,2026-08-25 01:22:00,completed,Coffee Mug
ORD_6228,Gaurav Malhotra,3456.39,2026-08-25 01:53:00,completed,Webcam
ORD_6229,Sneha Gupta,180.31,2026-08-25 03:11:00,completed,USB Cable
ORD_6230,Kavita Nair,538.97,2026-08-25 03:42:00,completed,Blue T-Shirt
ORD_6231,Rajesh Menon,1336.79,2026-08-25 00:27:00,completed,Power Bank
ORD_6232,Aakash Jain,2456.07,2026-08-25 05:40:00,completed,Keyboard
ORD_6233,Shreya Bhat,260.33,2026-08-24 21:43:00,completed,Phone Case
ORD_6234,Nandini Choudhury,1307.59,2026-08-25 00:05:00,completed,Power Bank
ORD_6235,Sanjay Verma,677.43,2026-08-25 04:24:00,completed,Watch Strap
ORD_6236,Priya Patel,336.05,2026-08-25 03:01:00,completed,Phone Case
ORD_6237,Nikhil Agarwal,2968.6,2026-08-25 00:23:00,completed,Running Shoes
ORD_6238,Meera Iyer,1555.79,2026-08-24 19:23:00,completed,Sunglasses
ORD_6239,Gaurav Malhotra,391.93,2026-08-24 23:57:00,completed,Water Bottle
ORD_6240,Ananya Reddy,308.49,2026-08-24 21:29:00,completed,Mouse Pad
ORD_6241,Shreya Bhat,177.86,2026-08-24 21:48:00,completed,USB Cable
ORD_6242,Nandini Choudhury,1466.49,2026-08-25 03:07:00,completed,Wireless Earbuds
ORD_6243,Meera Iyer,490.28,2026-08-25 07:17:00,completed,Coffee Mug
ORD_6244,Manish Tiwari,364.69,2026-08-25 01:14:00,completed,Mouse Pad
ORD_6245,Manish Tiwari,979.63,2026-08-25 01:28:00,completed,Yoga Mat
ORD_6246,Aakash Jain,347.29,2026-08-24 17:41:00,completed,Phone Case
ORD_6247,Pooja Desai,344.61,2026-08-25 07:42:00,completed,Mouse Pad
ORD_6248,Rohit Joshi,732.62,2026-08-24 18:10:00,completed,Watch Strap
ORD_6249,Manish Tiwari,1504.01,2026-08-25 04:52:00,completed,Wireless Earbuds
ORD_6250,Meera Iyer,961.07,2026-08-24 20:01:00,completed,Yoga Mat
ORD_6251,Divya Kulkarni,2458.19,2026-08-25 08:49:00,completed,Keyboard
ORD_6252,Sneha Gupta,1243.04,2026-08-24 19:01:00,completed,Desk Lamp
ORD_6253,Vikram Singh,2459.13,2026-08-25 01:01:00,completed,Keyboard
ORD_6254,Sanjay Verma,460.4,2026-08-24 22:58:00,completed,Blue T-Shirt
ORD_6255,Nikhil Agarwal,399.43,2026-08-25 03:00:00,completed,Water Bottle
ORD_6256,Ritu Bansal,1497.94,2026-08-25 08:28:00,completed,Standing Desk Mat
ORD_6257,Rohit Joshi,1524.63,2026-08-25 08:09:00,completed,Standing Desk Mat
ORD_6258,Anjali Saxena,459.59,2026-08-24 20:48:00,completed,Blue T-Shirt
ORD_6259,Gaurav Malhotra,405.76,2026-08-24 18:23:00,completed,Coffee Mug
ORD_6260,Priya Patel,3544.62,2026-08-24 20:20:00,completed,Webcam
ORD_6261,Anjali Saxena,1897.48,2026-08-25 01:28:00,completed,Monitor Light
ORD_6262,Kavita Nair,534.67,2026-08-24 22:45:00,completed,Blue T-Shirt
ORD_6263,Shreya Bhat,211.82,2026-08-25 03:32:00,completed,Notebook Set
ORD_6264,Sneha Gupta,1751.34,2026-08-25 06:32:00,completed,Backpack
ORD_6265,Karthik Sundaram,487.76,2026-08-25 08:00:00,completed,Blue T-Shirt
ORD_6266,Ananya Reddy,516.38,2026-08-25 08:13:00,completed,Blue T-Shirt
ORD_6267,Anjali Saxena,1264.78,2026-08-24 22:22:00,completed,Power Bank
ORD_6268,Amit Kumar,1339.44,2026-08-25 04:28:00,completed,Power Bank
ORD_6269,Sneha Gupta,2971.06,2026-08-25 01:15:00,completed,Running Shoes
ORD_6270,Anjali Saxena,659.8,2026-08-24 23:00:00,completed,Watch Strap
ORD_6271,Shreya Bhat,201.11,2026-08-25 07:20:00,completed,USB Cable
ORD_6272,Vikram Singh,523.57,2026-08-24 19:20:00,completed,Blue T-Shirt
ORD_6273,Ritu Bansal,1763.2,2026-08-25 02:30:00,completed,Backpack
ORD_6274,Kavita Nair,855.36,2026-08-25 06:11:00,completed,Laptop Stand
ORD_6275,Pooja Desai,1259.8,2026-08-25 04:10:00,completed,Power Bank
ORD_6276,Nikhil Agarwal,313.25,2026-08-24 23:36:00,completed,Phone Case
ORD_6277,Shreya Bhat,420.99,2026-08-24 19:42:00,completed,Water Bottle
ORD_6278,Shreya Bhat,248.39,2026-08-25 00:01:00,completed,Notebook Set
ORD_6279,Rohit Joshi,413.08,2026-08-25 04:26:00,completed,Water Bottle
ORD_6280,Ananya Reddy,295.77,2026-08-24 18:33:00,completed,Phone Case
ORD_6281,Vikram Singh,1899.46,2026-08-24 21:01:00,completed,Monitor Light
ORD_6282,Suresh Pillai,1184.78,2026-08-24 22:41:00,completed,Desk Lamp
ORD_6283,Ritu Bansal,1495.31,2026-08-25 07:48:00,completed,Wireless Earbuds
ORD_6284,Gaurav Malhotra,1639.9,2026-08-24 17:13:00,completed,Sunglasses
ORD_6285,Karthik Sundaram,952.77,2026-08-24 18:15:00,completed,Yoga Mat
ORD_6286,Vikram Singh,1639.04,2026-08-24 22:37:00,completed,Sunglasses
ORD_6287,Aakash Jain,1208.82,2026-08-25 08:04:00,completed,Desk Lamp
ORD_6288,Nandini Choudhury,2988.65,2026-08-25 08:55:00,completed,Running Shoes
ORD_6289,Amit Kumar,375.7,2026-08-24 18:21:00,completed,Water Bottle
ORD_6290,Ananya Reddy,2539.18,2026-08-25 07:07:00,completed,Keyboard
ORD_6291,Kavita Nair,875.37,2026-08-25 06:17:00,completed,Laptop Stand
ORD_6292,Rahul Sharma,1317.97,2026-08-24 18:55:00,completed,Power Bank
ORD_6293,Amit Kumar,1175.21,2026-08-24 20:00:00,completed,Desk Lamp
ORD_6294,Nikhil Agarwal,1542.3,2026-08-24 23:58:00,completed,Standing Desk Mat
ORD_6295,Ananya Reddy,330.02,2026-08-25 03:10:00,completed,Phone Case
ORD_6296,Manish Tiwari,489.1,2026-08-24 22:16:00,completed,Blue T-Shirt
ORD_6297,Arjun Mehta,1851.17,2026-08-25 03:02:00,completed,Monitor Light
ORD_6298,Nandini Choudhury,1831.03,2026-08-25 08:10:00,completed,Backpack
ORD_6299,Nandini Choudhury,3475.66,2026-08-24 18:58:00,completed,Webcam
ORD_6300,Suresh Pillai,347.8,2026-08-25 00:48:00,completed,Phone Case
ORD_6301,Shreya Bhat,672.79,2026-08-25 03:17:00,completed,Watch Strap
ORD_6302,Shreya Bhat,3455.76,2026-08-25 07:13:00,completed,Webcam
ORD_6303,Shreya Bhat,965.64,2026-08-25 08:12:00,completed,Yoga Mat
ORD_6304,Kavita Nair,1319.15,2026-08-25 03:18:00,completed,Power Bank
ORD_6305,Manish Tiwari,3528.52,2026-08-25 04:06:00,completed,Webcam
ORD_6306,Priya Patel,2534.51,2026-08-24 18:00:00,completed,Keyboard
ORD_6307,Rahul Sharma,926.29,2026-08-24 23:54:00,completed,Laptop Stand
ORD_6308,Priya Patel,977.55,2026-08-24 19:55:00,completed,Yoga Mat
ORD_6309,Manish Tiwari,1896.82,2026-08-24 19:20:00,completed,Monitor Light
ORD_6310,Rajesh Menon,1195.95,2026-08-25 04:59:00,completed,Desk Lamp
ORD_6311,Ritu Bansal,404.81,2026-08-24 22:38:00,completed,Coffee Mug
ORD_6312,Pooja Desai,3045.32,2026-08-24 18:38:00,completed,Running Shoes
ORD_6313,Priya Patel,441.57,2026-08-24 17:23:00,completed,Water Bottle
ORD_6314,Arjun Mehta,1242.73,2026-08-24 22:43:00,completed,Desk Lamp
ORD_6315,Gaurav Malhotra,1195.43,2026-08-24 20:45:00,completed,Desk Lamp
ORD_6316,Anjali Saxena,1561.74,2026-08-24 22:24:00,completed,Sunglasses
ORD_6317,Kavita Nair,1880.96,2026-08-24 21:37:00,completed,Monitor Light
ORD_6318,Nikhil Agarwal,1504.38,2026-08-24 17:00:00,completed,Wireless Earbuds
ORD_6319,Pooja Desai,235.54,2026-08-24 18:40:00,completed,USB Cable
ORD_6320,Rajesh Menon,372.16,2026-08-25 03:52:00,completed,Water Bottle
ORD_6321,Kavita Nair,3451.93,2026-08-24 20:50:00,completed,Webcam
ORD_6322,Ritu Bansal,2482.4,2026-08-25 03:04:00,completed,Keyboard
ORD_6323,Kavita Nair,726.39,2026-08-24 20:19:00,completed,Watch Strap
ORD_6324,Divya Kulkarni,1917.62,2026-08-25 01:25:00,completed,Monitor Light
ORD_6325,Aakash Jain,410.77,2026-08-25 03:02:00,completed,Coffee Mug
ORD_6326,Ritu Bansal,883.67,2026-08-24 19:03:00,completed,Laptop Stand
ORD_6327,Rajesh Menon,212.92,2026-08-25 07:04:00,completed,USB Cable
ORD_6328,Amit Kumar,1501.39,2026-08-25 04:37:00,completed,Standing Desk Mat
ORD_6329,Sanjay Verma,1930.12,2026-08-24 22:48:00,completed,Monitor Light
ORD_6330,Kavita Nair,226.88,2026-08-24 19:24:00,completed,Notebook Set
ORD_6331,Rohit Joshi,2524.37,2026-08-25 03:00:00,completed,Keyboard
ORD_6332,Suresh Pillai,418.8,2026-08-25 06:31:00,completed,Coffee Mug
ORD_6333,Vikram Singh,2987.21,2026-08-24 20:31:00,completed,Running Shoes
ORD_6334,Nandini Choudhury,1851.15,2026-08-24 20:21:00,completed,Monitor Light
ORD_6335,Rahul Sharma,358.04,2026-08-24 19:11:00,completed,Mouse Pad
ORD_6336,Nikhil Agarwal,1808.66,2026-08-24 20:10:00,completed,Backpack
ORD_6337,Karthik Sundaram,221.93,2026-08-25 06:36:00,completed,Notebook Set
ORD_6338,Suresh Pillai,1452.86,2026-08-25 08:20:00,completed,Standing Desk Mat
ORD_6339,Rahul Sharma,222.53,2026-08-25 01:30:00,completed,Notebook Set
ORD_6340,Sneha Gupta,205.93,2026-08-25 06:07:00,completed,USB Cable
ORD_6341,Gaurav Malhotra,1225.62,2026-08-25 05:47:00,completed,Desk Lamp
ORD_6342,Suresh Pillai,1009.07,2026-08-25 02:42:00,completed,Yoga Mat
ORD_6343,Rajesh Menon,2532.63,2026-08-24 22:03:00,completed,Keyboard
ORD_6344,Pooja Desai,3033.5,2026-08-24 22:38:00,completed,Running Shoes
ORD_6345,Meera Iyer,304.98,2026-08-24 23:13:00,completed,Phone Case
ORD_6346,Arjun Mehta,1878.47,2026-08-24 21:07:00,completed,Monitor Light
ORD_6347,Karthik Sundaram,344.82,2026-08-24 22:10:00,completed,Mouse Pad
ORD_6348,Pooja Desai,895.99,2026-08-25 04:39:00,completed,Laptop Stand
ORD_6349,Gaurav Malhotra,423.71,2026-08-25 04:39:00,completed,Coffee Mug
ORD_6350,Sneha Gupta,381.66,2026-08-24 17:49:00,completed,Water Bottle
ORD_6351,Manish Tiwari,2517.53,2026-08-24 19:55:00,completed,Keyboard
ORD_6352,Sneha Gupta,2953.22,2026-08-24 17:56:00,completed,Running Shoes
ORD_6353,Arjun Mehta,1318.17,2026-08-25 05:02:00,completed,Power Bank
ORD_6354,Pooja Desai,449.32,2026-08-24 17:18:00,completed,Coffee Mug
ORD_6355,Rajesh Menon,1298.63,2026-08-24 18:49:00,completed,Power Bank
ORD_6356,Amit Kumar,1937.6,2026-08-25 00:39:00,completed,Monitor Light
ORD_6357,Nikhil Agarwal,1306.9,2026-08-24 23:56:00,completed,Power Bank
ORD_6358,Gaurav Malhotra,262.14,2026-08-24 17:22:00,completed,Notebook Set
ORD_6359,Anjali Saxena,1583.91,2026-08-25 01:01:00,completed,Sunglasses
ORD_6360,Karthik Sundaram,370.22,2026-08-24 22:07:00,completed,Water Bottle
ORD_6361,Sneha Gupta,365.47,2026-08-24 23:26:00,completed,Mouse Pad
ORD_6362,Vikram Singh,1461.54,2026-08-24 18:19:00,completed,Wireless Earbuds
ORD_6363,Manish Tiwari,1911.26,2026-08-25 02:36:00,completed,Monitor Light
ORD_6364,Aakash Jain,441.41,2026-08-25 23:58:00,completed,Coffee Mug
ORD_6365,Ritu Bansal,374.55,2026-08-24 17:14:00,completed,Mouse Pad
ORD_6366,Nandini Choudhury,1288.33,2026-08-25 00:56:00,completed,Power Bank
ORD_6367,Nikhil Agarwal,198.2,2026-08-25 01:06:00,completed,USB Cable
ORD_6368,Anjali Saxena,2957.78,2026-08-24 17:11:00,completed,Running Shoes
ORD_6369,Nikhil Agarwal,334.97,2026-08-24 22:03:00,completed,Mouse Pad
ORD_6370,Karthik Sundaram,3006.07,2026-08-25 07:00:00,completed,Running Shoes
ORD_6371,Suresh Pillai,401.95,2026-08-25 08:32:00,completed,Water Bottle
ORD_6372,Sneha Gupta,3523.28,2026-08-25 04:57:00,completed,Webcam
ORD_6373,Rahul Sharma,1334.59,2026-08-25 01:14:00,completed,Power Bank
ORD_6374,Nandini Choudhury,1799.4,2026-08-25 07:43:00,completed,Backpack
ORD_6375,Shreya Bhat,1489.95,2026-08-24 17:46:00,completed,Wireless Earbuds
ORD_6376,Anjali Saxena,875.62,2026-08-25 02:02:00,completed,Laptop Stand
ORD_6377,Manish Tiwari,1544.0,2026-08-24 18:03:00,completed,Standing Desk Mat
ORD_6378,Rohit Joshi,2490.03,2026-08-24 18:07:00,completed,Keyboard
ORD_6379,Nandini Choudhury,973.59,2026-08-25 04:48:00,completed,Yoga Mat
ORD_6380,Nandini Choudhury,160.86,2026-08-25 04:35:00,completed,USB Cable
ORD_6381,Sanjay Verma,1831.65,2026-08-25 03:03:00,completed,Backpack
ORD_6382,Amit Kumar,1268.34,2026-08-25 07:15:00,completed,Power Bank
ORD_6383,Manish Tiwari,1032.53,2026-08-25 07:22:00,completed,Yoga Mat
ORD_6384,Aakash Jain,857.28,2026-08-25 03:01:00,completed,Laptop Stand
ORD_6385,Nandini Choudhury,1557.34,2026-08-25 03:34:00,completed,Sunglasses
ORD_6386,Suresh Pillai,168.48,2026-08-24 21:09:00,completed,USB Cable
ORD_6387,Sanjay Verma,393.27,2026-08-24 22:21:00,completed,Mouse Pad
ORD_6388,Suresh Pillai,328.63,2026-08-24 21:02:00,completed,Phone Case
ORD_6389,Kavita Nair,491.76,2026-08-24 20:40:00,completed,Coffee Mug
ORD_6390,Ananya Reddy,1552.42,2026-08-24 18:55:00,completed,Sunglasses
ORD_6391,Deepika Rao,1201.36,2026-08-25 02:32:00,completed,Desk Lamp
ORD_6392,Meera Iyer,1859.53,2026-08-25 07:45:00,completed,Monitor Light
ORD_6393,Vikram Singh,1909.45,2026-08-24 20:03:00,completed,Monitor Light
ORD_6394,Pooja Desai,1323.4,2026-08-24 20:44:00,completed,Power Bank
ORD_6395,Deepika Rao,932.13,2026-08-25 04:29:00,completed,Laptop Stand
ORD_6396,Meera Iyer,949.31,2026-08-24 21:17:00,completed,Yoga Mat
ORD_6397,Karthik Sundaram,377.94,2026-08-24 22:38:00,completed,Water Bottle
ORD_6398,Suresh Pillai,1569.71,2026-08-25 04:51:00,completed,Sunglasses
ORD_6399,Priya Patel,365.06,2026-08-24 21:15:00,completed,Mouse Pad
ORD_6400,Suresh Pillai,406.93,2026-08-24 21:56:00,completed,Coffee Mug
ORD_6401,Kavita Nair,540.4,2026-08-24 17:06:00,completed,Blue T-Shirt
ORD_6402,Pooja Desai,1889.8,2026-08-25 05:30:00,completed,Monitor Light
ORD_6403,Amit Kumar,1838.55,2026-08-24 17:16:00,completed,Backpack
ORD_6404,Aakash Jain,224.73,2026-08-25 05:48:00,completed,Notebook Set
ORD_6405,Priya Patel,412.32,2026-08-25 23:57:00,completed,Water Bottle
ORD_6406,Karthik Sundaram,275.0,2026-08-25 00:34:00,completed,Notebook Set
ORD_6407,Gaurav Malhotra,1853.57,2026-08-25 03:40:00,completed,Monitor Light
ORD_6408,Nikhil Agarwal,1839.56,2026-08-25 04:02:00,completed,Backpack
ORD_6409,Rajesh Menon,390.93,2026-08-25 06:45:00,completed,Mouse Pad
ORD_6410,Priya Patel,3519.91,2026-08-24 23:43:00,completed,Webcam
ORD_6411,Vikram Singh,518.02,2026-08-24 19:29:00,completed,Blue T-Shirt
ORD_6412,Sneha Gupta,1451.71,2026-08-25 05:36:00,completed,Standing Desk Mat
ORD_6413,Karthik Sundaram,486.15,2026-08-25 08:00:00,completed,Coffee Mug
ORD_6414,Rajesh Menon,3514.43,2026-08-25 08:34:00,completed,Webcam
ORD_6415,Meera Iyer,1548.86,2026-08-25 04:08:00,completed,Wireless Earbuds
ORD_6416,Divya Kulkarni,1491.34,2026-08-25 05:38:00,completed,Wireless Earbuds
ORD_6417,Manish Tiwari,1490.16,2026-08-25 06:36:00,completed,Standing Desk Mat
ORD_6418,Rahul Sharma,481.18,2026-08-25 01:07:00,completed,Coffee Mug
ORD_6419,Deepika Rao,404.16,2026-08-24 20:00:00,completed,Water Bottle
ORD_6420,Rahul Sharma,2479.57,2026-08-24 22:48:00,completed,Keyboard
ORD_6421,Vikram Singh,2964.1,2026-08-24 23:36:00,completed,Running Shoes
ORD_6422,Nikhil Agarwal,1265.03,2026-08-24 19:08:00,completed,Power Bank
ORD_6423,Deepika Rao,364.69,2026-08-25 05:03:00,completed,Mouse Pad
ORD_6424,Priya Patel,1501.33,2026-08-24 17:20:00,completed,Standing Desk Mat
ORD_6425,Nandini Choudhury,1492.9,2026-08-24 21:52:00,completed,Wireless Earbuds
ORD_6426,Rajesh Menon,361.44,2026-08-25 05:52:00,completed,Mouse Pad
ORD_6427,Rohit Joshi,364.41,2026-08-24 21:59:00,completed,Mouse Pad
ORD_6428,Priya Patel,1487.66,2026-08-25 03:09:00,completed,Standing Desk Mat
ORD_6429,Amit Kumar,2499.1,2026-08-25 04:32:00,completed,Keyboard
ORD_6430,Gaurav Malhotra,1510.09,2026-08-25 07:34:00,completed,Standing Desk Mat
ORD_6431,Nikhil Agarwal,940.86,2026-08-24 18:01:00,completed,Laptop Stand
ORD_6432,Nikhil Agarwal,429.96,2026-08-24 22:54:00,completed,Coffee Mug
ORD_6433,Aakash Jain,2480.7,2026-08-25 03:52:00,completed,Keyboard
ORD_6434,Vikram Singh,418.28,2026-08-25 03:57:00,completed,Coffee Mug
ORD_6435,Nandini Choudhury,2966.07,2026-08-24 18:18:00,completed,Running Shoes
ORD_6436,Rajesh Menon,686.21,2026-08-25 08:27:00,completed,Watch Strap
ORD_6437,Suresh Pillai,896.33,2026-08-25 02:30:00,completed,Laptop Stand
ORD_6438,Kavita Nair,3533.31,2026-08-25 00:13:00,completed,Webcam
ORD_6439,Vikram Singh,249.46,2026-08-24 21:58:00,completed,Phone Case
ORD_6440,Nikhil Agarwal,368.1,2026-08-24 22:41:00,completed,Mouse Pad
ORD_6441,Priya Patel,1185.25,2026-08-25 04:08:00,completed,Desk Lamp
ORD_6442,Suresh Pillai,1450.08,2026-08-25 23:57:00,completed,Standing Desk Mat
ORD_6443,Ananya Reddy,309.33,2026-08-24 22:21:00,completed,Phone Case
ORD_6444,Amit Kumar,3006.17,2026-08-25 01:18:00,completed,Running Shoes
ORD_6445,Nikhil Agarwal,1895.83,2026-08-24 23:49:00,completed,Monitor Light
ORD_6446,Anjali Saxena,1871.2,2026-08-24 18:29:00,completed,Monitor Light
ORD_6447,Sneha Gupta,1582.42,2026-08-25 03:56:00,completed,Sunglasses
ORD_6448,Anjali Saxena,714.92,2026-08-25 08:46:00,completed,Watch Strap
ORD_6449,Vikram Singh,950.74,2026-08-24 19:06:00,completed,Yoga Mat
ORD_6450,Nikhil Agarwal,376.03,2026-08-24 18:40:00,completed,Mouse Pad
ORD_6451,Shreya Bhat,242.53,2026-08-25 00:18:00,completed,Notebook Set
ORD_6452,Vikram Singh,1270.0,2026-08-24 17:19:00,completed,Power Bank
ORD_6453,Nandini Choudhury,1345.24,2026-08-24 21:32:00,completed,Power Bank
ORD_6454,Ritu Bansal,227.68,2026-08-25 05:58:00,completed,Notebook Set
ORD_6455,Meera Iyer,1006.74,2026-08-25 04:38:00,completed,Yoga Mat
ORD_6456,Aakash Jain,449.31,2026-08-25 07:05:00,completed,Blue T-Shirt
ORD_6457,Karthik Sundaram,282.58,2026-08-25 02:37:00,completed,Notebook Set
ORD_6458,Vikram Singh,1291.65,2026-08-25 01:51:00,completed,Power Bank
ORD_6459,Nandini Choudhury,381.47,2026-08-25 02:39:00,completed,Mouse Pad
ORD_6460,Meera Iyer,996.13,2026-08-25 01:39:00,completed,Yoga Mat
ORD_6461,Divya Kulkarni,1523.03,2026-08-25 04:42:00,completed,Wireless Earbuds
ORD_6462,Priya Patel,880.01,2026-08-25 07:27:00,completed,Laptop Stand
ORD_6463,Shreya Bhat,1853.39,2026-08-24 17:55:00,completed,Monitor Light
ORD_6464,Ritu Bansal,326.74,2026-08-25 01:57:00,completed,Phone Case
ORD_6465,Kavita Nair,210.42,2026-08-25 08:08:00,completed,USB Cable
ORD_6466,Vikram Singh,404.74,2026-08-25 06:54:00,completed,Coffee Mug
ORD_6467,Suresh Pillai,188.05,2026-08-25 04:32:00,completed,USB Cable
ORD_6468,Rohit Joshi,1285.04,2026-08-24 22:52:00,completed,Power Bank
ORD_6469,Meera Iyer,240.36,2026-08-24 22:37:00,completed,Notebook Set
ORD_6470,Rahul Sharma,316.83,2026-08-25 03:16:00,completed,Phone Case
ORD_6471,Divya Kulkarni,1487.52,2026-08-25 07:16:00,completed,Standing Desk Mat
ORD_6472,Kavita Nair,328.8,2026-08-25 03:46:00,completed,Phone Case
ORD_6473,Meera Iyer,207.82,2026-08-25 06:44:00,completed,Notebook Set
ORD_6474,Sanjay Verma,1503.19,2026-08-25 03:10:00,completed,Standing Desk Mat
ORD_6475,Manish Tiwari,325.74,2026-08-25 08:56:00,completed,Phone Case
ORD_6476,Arjun Mehta,3000.56,2026-08-25 04:09:00,completed,Running Shoes
ORD_6477,Nandini Choudhury,2513.33,2026-08-24 23:17:00,completed,Keyboard
ORD_6478,Gaurav Malhotra,1457.33,2026-08-24 19:26:00,completed,Wireless Earbuds
ORD_6479,Suresh Pillai,1545.51,2026-08-25 07:24:00,completed,Standing Desk Mat
ORD_6480,Sanjay Verma,1183.34,2026-08-25 02:44:00,completed,Desk Lamp
ORD_6481,Ananya Reddy,936.64,2026-08-24 20:42:00,completed,Laptop Stand
ORD_6482,Gaurav Malhotra,195.74,2026-08-25 00:51:00,completed,USB Cable
ORD_6483,Vikram Singh,1774.0,2026-08-24 17:52:00,completed,Backpack
ORD_6484,Kavita Nair,916.85,2026-08-25 05:41:00,completed,Laptop Stand
ORD_6485,Rajesh Menon,2449.72,2026-08-24 20:59:00,completed,Keyboard
ORD_6486,Amit Kumar,362.14,2026-08-24 19:30:00,completed,Mouse Pad
ORD_6487,Kavita Nair,1451.13,2026-08-24 18:24:00,completed,Standing Desk Mat
ORD_6488,Suresh Pillai,3028.65,2026-08-24 23:57:00,completed,Running Shoes
ORD_6489,Pooja Desai,354.65,2026-08-24 17:55:00,completed,Water Bottle
ORD_6490,Sneha Gupta,1517.43,2026-08-25 08:09:00,completed,Wireless Earbuds
ORD_6491,Manish Tiwari,860.4,2026-08-25 05:41:00,completed,Laptop Stand
ORD_6492,Sanjay Verma,3483.24,2026-08-25 08:25:00,completed,Webcam
ORD_6493,Rohit Joshi,672.24,2026-08-24 18:46:00,completed,Watch Strap
ORD_6494,Manish Tiwari,1196.46,2026-08-24 17:54:00,completed,Desk Lamp
ORD_6495,Gaurav Malhotra,942.76,2026-08-25 07:42:00,completed,Laptop Stand
ORD_6496,Rohit Joshi,3034.85,2026-08-24 19:47:00,completed,Running Shoes
ORD_6497,Rohit Joshi,1260.28,2026-08-24 21:49:00,completed,Power Bank
ORD_6498,Sanjay Verma,1242.79,2026-08-24 19:02:00,completed,Desk Lamp
ORD_6499,Anjali Saxena,853.96,2026-08-24 20:35:00,completed,Laptop Stand
ORD_6500,Kavita Nair,859.14,2026-08-24 21:57:00,completed,Laptop Stand
ORD_6501,Rahul Sharma,457.17,2026-08-25 07:08:00,completed,Coffee Mug
ORD_6502,Rohit Joshi,853.79,2026-08-24 19:36:00,completed,Laptop Stand
ORD_6503,Manish Tiwari,498.39,2026-08-24 19:56:00,completed,Blue T-Shirt
ORD_6504,Sneha Gupta,375.88,2026-08-25 02:59:00,completed,Mouse Pad
ORD_6505,Kavita Nair,2996.41,2026-08-25 03:12:00,completed,Running Shoes
ORD_6506,Nandini Choudhury,1002.24,2026-08-24 20:08:00,completed,Yoga Mat
ORD_6507,Karthik Sundaram,2510.55,2026-08-25 03:41:00,completed,Keyboard
ORD_6508,Ritu Bansal,946.1,2026-08-24 21:19:00,completed,Laptop Stand
ORD_6509,Vikram Singh,344.96,2026-08-24 20:57:00,completed,Phone Case
ORD_6510,Divya Kulkarni,334.52,2026-08-24 18:53:00,completed,Mouse Pad
ORD_6511,Vikram Singh,916.1,2026-08-25 01:49:00,completed,Laptop Stand
ORD_6512,Suresh Pillai,1452.89,2026-08-25 02:08:00,completed,Wireless Earbuds
ORD_6513,Rajesh Menon,1495.81,2026-08-25 06:30:00,completed,Standing Desk Mat
ORD_6514,Arjun Mehta,1812.2,2026-08-24 19:57:00,completed,Backpack
ORD_6515,Sneha Gupta,1455.88,2026-08-25 06:37:00,completed,Standing Desk Mat
ORD_6516,Shreya Bhat,1754.63,2026-08-25 03:46:00,completed,Backpack
ORD_6517,Rohit Joshi,1538.86,2026-08-24 18:12:00,completed,Wireless Earbuds
ORD_6518,Vikram Singh,1159.33,2026-08-24 20:47:00,completed,Desk Lamp
ORD_6519,Deepika Rao,1328.81,2026-08-24 19:52:00,completed,Power Bank
ORD_6520,Sneha Gupta,976.65,2026-08-25 04:29:00,completed,Yoga Mat
ORD_6521,Pooja Desai,701.67,2026-08-24 21:09:00,completed,Watch Strap
ORD_6522,Manish Tiwari,3498.34,2026-08-25 08:13:00,completed,Webcam
ORD_6523,Anjali Saxena,198.43,2026-08-25 04:39:00,completed,USB Cable
ORD_6524,Amit Kumar,1477.24,2026-08-25 07:29:00,completed,Standing Desk Mat
ORD_6525,Karthik Sundaram,973.98,2026-08-24 21:59:00,completed,Yoga Mat
ORD_6526,Sanjay Verma,2533.06,2026-08-25 06:16:00,completed,Keyboard
ORD_6527,Pooja Desai,395.08,2026-08-25 02:13:00,completed,Mouse Pad
ORD_6528,Pooja Desai,238.73,2026-08-24 18:46:00,completed,Notebook Set
ORD_6529,Rahul Sharma,482.04,2026-08-25 05:17:00,completed,Blue T-Shirt
ORD_6530,Kavita Nair,442.23,2026-08-25 03:18:00,completed,Coffee Mug
ORD_6531,Anjali Saxena,1480.43,2026-08-24 20:25:00,completed,Wireless Earbuds
ORD_6532,Kavita Nair,380.94,2026-08-24 23:57:00,completed,Water Bottle
ORD_6533,Anjali Saxena,345.83,2026-08-25 08:22:00,completed,Mouse Pad
ORD_6534,Sneha Gupta,329.4,2026-08-25 07:05:00,completed,Mouse Pad
ORD_6535,Aakash Jain,441.01,2026-08-25 02:44:00,completed,Water Bottle
ORD_6536,Arjun Mehta,1909.8,2026-08-25 03:45:00,completed,Monitor Light
ORD_6537,Rahul Sharma,456.11,2026-08-25 04:57:00,completed,Coffee Mug
ORD_6538,Shreya Bhat,1025.69,2026-08-24 19:41:00,completed,Yoga Mat
ORD_6539,Ritu Bansal,261.22,2026-08-24 18:31:00,completed,Notebook Set
ORD_6540,Rahul Sharma,890.52,2026-08-25 07:15:00,completed,Laptop Stand
ORD_6541,Sneha Gupta,467.65,2026-08-24 22:56:00,completed,Coffee Mug
ORD_6542,Deepika Rao,712.86,2026-08-24 18:24:00,completed,Watch Strap
ORD_6543,Rahul Sharma,1319.18,2026-08-24 21:30:00,completed,Power Bank
ORD_6544,Arjun Mehta,1528.13,2026-08-24 23:24:00,completed,Standing Desk Mat
ORD_6545,Pooja Desai,1770.14,2026-08-24 17:26:00,completed,Backpack
ORD_6546,Manish Tiwari,306.41,2026-08-25 04:36:00,completed,Phone Case
ORD_6547,Arjun Mehta,2462.85,2026-08-24 17:59:00,completed,Keyboard
ORD_6548,Divya Kulkarni,352.85,2026-08-25 02:53:00,completed,Mouse Pad
ORD_6549,Ritu Bansal,1619.99,2026-08-24 18:21:00,completed,Sunglasses
ORD_6550,Sanjay Verma,2496.87,2026-08-24 22:31:00,completed,Keyboard
ORD_6551,Sneha Gupta,661.47,2026-08-24 21:09:00,completed,Watch Strap
ORD_6552,Aakash Jain,2951.12,2026-08-24 20:38:00,completed,Running Shoes
ORD_6553,Rahul Sharma,240.27,2026-08-25 04:29:00,completed,Notebook Set
ORD_6554,Suresh Pillai,511.46,2026-08-25 02:45:00,completed,Blue T-Shirt
ORD_6555,Vikram Singh,1295.94,2026-08-24 20:04:00,completed,Power Bank
ORD_6556,Ananya Reddy,1513.22,2026-08-24 17:16:00,completed,Standing Desk Mat
ORD_6557,Pooja Desai,282.02,2026-08-25 00:11:00,completed,Phone Case
ORD_6558,Amit Kumar,1637.45,2026-08-25 02:26:00,completed,Sunglasses
ORD_6559,Rohit Joshi,1882.81,2026-08-24 21:49:00,completed,Monitor Light
ORD_6560,Anjali Saxena,2994.01,2026-08-24 18:31:00,completed,Running Shoes
ORD_6561,Rahul Sharma,912.52,2026-08-24 21:07:00,completed,Laptop Stand
ORD_6562,Ananya Reddy,337.13,2026-08-25 03:28:00,completed,Phone Case
ORD_6563,Rahul Sharma,470.7,2026-08-25 08:57:00,completed,Blue T-Shirt
ORD_6564,Gaurav Malhotra,236.35,2026-08-25 06:42:00,completed,Notebook Set
ORD_6565,Rohit Joshi,1509.49,2026-08-24 22:11:00,completed,Standing Desk Mat
ORD_6566,Karthik Sundaram,660.51,2026-08-25 05:13:00,completed,Watch Strap
ORD_6567,Arjun Mehta,1326.57,2026-08-24 22:39:00,completed,Power Bank
ORD_6568,Meera Iyer,3046.79,2026-08-24 17:56:00,completed,Running Shoes
ORD_6569,Rohit Joshi,261.97,2026-08-25 08:01:00,completed,Phone Case
ORD_6570,Aakash Jain,1544.6,2026-08-25 06:00:00,completed,Wireless Earbuds
ORD_6571,Divya Kulkarni,1836.61,2026-08-24 21:38:00,completed,Backpack
ORD_6572,Deepika Rao,331.57,2026-08-25 04:51:00,completed,Phone Case
ORD_6573,Aakash Jain,283.62,2026-08-24 17:34:00,completed,Phone Case
ORD_6574,Sanjay Verma,1885.74,2026-08-25 00:38:00,completed,Monitor Light
ORD_6575,Amit Kumar,1540.79,2026-08-24 23:58:00,completed,Wireless Earbuds
ORD_6576,Ananya Reddy,1163.6,2026-08-25 06:44:00,completed,Desk Lamp
ORD_6577,Kavita Nair,1645.87,2026-08-25 04:25:00,completed,Sunglasses
ORD_6578,Rahul Sharma,345.74,2026-08-25 08:28:00,completed,Mouse Pad
ORD_6579,Aakash Jain,1756.94,2026-08-25 08:01:00,completed,Backpack
ORD_6580,Ritu Bansal,270.49,2026-08-25 08:06:00,completed,Phone Case
ORD_6581,Priya Patel,292.18,2026-08-24 19:34:00,completed,Phone Case
ORD_6582,Sneha Gupta,2952.76,2026-08-24 20:58:00,completed,Running Shoes
ORD_6583,Anjali Saxena,3464.71,2026-08-25 00:08:00,completed,Webcam
ORD_6584,Aakash Jain,330.12,2026-08-24 23:06:00,completed,Phone Case
ORD_6585,Suresh Pillai,197.93,2026-08-25 00:47:00,completed,USB Cable
ORD_6586,Meera Iyer,195.36,2026-08-25 04:15:00,completed,USB Cable
ORD_6587,Manish Tiwari,400.77,2026-08-24 21:20:00,completed,Water Bottle
ORD_6588,Gaurav Malhotra,920.81,2026-08-24 22:38:00,completed,Laptop Stand
ORD_6589,Amit Kumar,657.66,2026-08-25 03:10:00,completed,Watch Strap
ORD_6590,Aakash Jain,2495.92,2026-08-24 19:12:00,completed,Keyboard
ORD_6591,Deepika Rao,1503.44,2026-08-24 18:23:00,completed,Standing Desk Mat
ORD_6592,Divya Kulkarni,3523.67,2026-08-24 22:43:00,completed,Webcam
ORD_6593,Priya Patel,1628.31,2026-08-25 08:46:00,completed,Sunglasses
ORD_6594,Ritu Bansal,1031.4,2026-08-25 06:41:00,completed,Yoga Mat
ORD_6595,Nikhil Agarwal,250.65,2026-08-24 19:53:00,completed,Phone Case
ORD_6596,Gaurav Malhotra,1345.16,2026-08-25 01:18:00,completed,Power Bank
ORD_6597,Kavita Nair,303.94,2026-08-24 19:49:00,completed,Phone Case
ORD_6598,Shreya Bhat,256.74,2026-08-24 23:27:00,completed,Phone Case
ORD_6599,Meera Iyer,1201.19,2026-08-25 05:38:00,completed,Desk Lamp
ORD_6600,Amit Kumar,885.91,2026-08-24 19:41:00,completed,Laptop Stand
ORD_6601,Divya Kulkarni,1542.91,2026-08-25 05:07:00,completed,Wireless Earbuds
ORD_6602,Sneha Gupta,366.63,2026-08-24 19:53:00,completed,Mouse Pad
ORD_6603,Nandini Choudhury,217.54,2026-08-25 08:22:00,completed,USB Cable
ORD_6604,Nikhil Agarwal,1567.06,2026-08-25 04:28:00,completed,Sunglasses
ORD_6605,Nikhil Agarwal,369.51,2026-08-24 21:24:00,completed,Water Bottle
ORD_6606,Nandini Choudhury,1031.27,2026-08-24 19:20:00,completed,Yoga Mat
ORD_6607,Ananya Reddy,1760.37,2026-08-24 20:31:00,completed,Backpack
ORD_6608,Deepika Rao,2463.21,2026-08-25 01:47:00,completed,Keyboard
ORD_6609,Ritu Bansal,542.41,2026-08-24 21:14:00,completed,Blue T-Shirt
ORD_6610,Anjali Saxena,277.48,2026-08-25 01:17:00,completed,Phone Case
ORD_6611,Suresh Pillai,324.5,2026-08-24 17:02:00,completed,Mouse Pad
ORD_6612,Ananya Reddy,1900.9,2026-08-24 23:12:00,completed,Monitor Light
ORD_6613,Rajesh Menon,1499.53,2026-08-24 20:48:00,completed,Wireless Earbuds
ORD_6614,Aakash Jain,1471.35,2026-08-25 02:31:00,completed,Wireless Earbuds
ORD_6615,Nandini Choudhury,2515.44,2026-08-25 04:56:00,completed,Keyboard
ORD_6616,Anjali Saxena,1204.58,2026-08-25 03:28:00,completed,Desk Lamp
ORD_6617,Manish Tiwari,1905.43,2026-08-24 17:50:00,completed,Monitor Light
ORD_6618,Vikram Singh,323.42,2026-08-24 20:27:00,completed,Mouse Pad
ORD_6619,Rohit Joshi,246.48,2026-08-25 00:17:00,completed,Notebook Set
ORD_6620,Rohit Joshi,1781.52,2026-08-25 06:50:00,completed,Backpack
ORD_6621,Rahul Sharma,656.36,2026-08-24 18:43:00,completed,Watch Strap
ORD_6622,Nandini Choudhury,357.64,2026-08-25 04:27:00,completed,Water Bottle
ORD_6623,Rahul Sharma,1458.18,2026-08-25 00:51:00,completed,Standing Desk Mat
ORD_6624,Nikhil Agarwal,1526.61,2026-08-24 23:04:00,completed,Standing Desk Mat
ORD_6625,Rajesh Menon,3537.55,2026-08-25 00:41:00,completed,Webcam
ORD_6626,Vikram Singh,924.85,2026-08-24 23:36:00,completed,Laptop Stand
ORD_6627,Sneha Gupta,1836.79,2026-08-25 00:31:00,completed,Backpack
ORD_6628,Suresh Pillai,3477.15,2026-08-24 19:32:00,completed,Webcam
ORD_6629,Sneha Gupta,2539.0,2026-08-24 22:06:00,completed,Keyboard
ORD_6630,Manish Tiwari,1883.09,2026-08-24 21:50:00,completed,Monitor Light
ORD_6631,Divya Kulkarni,2990.02,2026-08-25 01:52:00,completed,Running Shoes
ORD_6632,Manish Tiwari,1509.3,2026-08-24 23:57:00,completed,Standing Desk Mat
ORD_6633,Ananya Reddy,3515.17,2026-08-25 02:14:00,completed,Webcam
ORD_6634,Manish Tiwari,985.07,2026-08-24 17:13:00,completed,Yoga Mat
ORD_6635,Kavita Nair,1578.42,2026-08-24 21:30:00,completed,Sunglasses
ORD_6636,Nikhil Agarwal,1464.37,2026-08-24 17:17:00,completed,Wireless Earbuds
ORD_6637,Nikhil Agarwal,913.96,2026-08-25 02:37:00,completed,Laptop Stand
ORD_6638,Gaurav Malhotra,163.5,2026-08-25 08:16:00,completed,USB Cable
ORD_6639,Rajesh Menon,960.76,2026-08-24 19:27:00,completed,Yoga Mat
ORD_6640,Rohit Joshi,683.1,2026-08-24 19:24:00,completed,Watch Strap
ORD_6641,Deepika Rao,1482.71,2026-08-24 18:15:00,completed,Wireless Earbuds
ORD_6642,Nandini Choudhury,465.28,2026-08-25 02:26:00,completed,Blue T-Shirt
ORD_6643,Rohit Joshi,1885.8,2026-08-24 21:05:00,completed,Monitor Light
ORD_6644,Rahul Sharma,1770.46,2026-08-25 03:20:00,completed,Backpack
ORD_6645,Anjali Saxena,1850.23,2026-08-25 08:47:00,completed,Monitor Light
ORD_6646,Meera Iyer,1261.08,2026-08-25 07:44:00,completed,Power Bank
ORD_6647,Aakash Jain,1529.32,2026-08-25 06:09:00,completed,Wireless Earbuds
ORD_6648,Sneha Gupta,687.22,2026-08-25 07:29:00,completed,Watch Strap
ORD_6649,Arjun Mehta,1528.63,2026-08-25 03:02:00,completed,Wireless Earbuds
ORD_6650,Vikram Singh,661.79,2026-08-25 02:29:00,completed,Watch Strap
ORD_6651,Vikram Singh,3455.18,2026-08-24 23:59:00,completed,Webcam
ORD_6652,Ananya Reddy,424.32,2026-08-24 21:25:00,completed,Coffee Mug
ORD_6653,Rahul Sharma,1544.0,2026-08-24 18:53:00,completed,Wireless Earbuds
ORD_6654,Meera Iyer,2499.73,2026-08-24 19:56:00,completed,Keyboard
ORD_6655,Pooja Desai,1476.65,2026-08-25 03:02:00,completed,Wireless Earbuds
ORD_6656,Suresh Pillai,261.59,2026-08-25 05:26:00,completed,Notebook Set
ORD_6657,Priya Patel,702.04,2026-08-25 07:01:00,completed,Watch Strap
ORD_6658,Kavita Nair,3002.92,2026-08-24 21:31:00,completed,Running Shoes
ORD_6659,Anjali Saxena,1514.68,2026-08-25 05:51:00,completed,Standing Desk Mat
ORD_6660,Vikram Singh,341.38,2026-08-25 00:04:00,completed,Mouse Pad
ORD_6661,Anjali Saxena,516.63,2026-08-25 07:20:00,completed,Blue T-Shirt
ORD_6662,Sanjay Verma,2472.7,2026-08-24 19:25:00,completed,Keyboard
ORD_6663,Priya Patel,994.08,2026-08-24 17:39:00,completed,Yoga Mat
ORD_6664,Karthik Sundaram,950.66,2026-08-25 02:20:00,completed,Yoga Mat
ORD_6665,Rajesh Menon,871.55,2026-08-25 03:38:00,completed,Laptop Stand
ORD_6666,Vikram Singh,1039.76,2026-08-24 21:34:00,completed,Yoga Mat
ORD_6667,Nandini Choudhury,1780.33,2026-08-25 03:41:00,completed,Backpack
ORD_6668,Rahul Sharma,524.98,2026-08-25 05:30:00,completed,Blue T-Shirt
ORD_6669,Pooja Desai,1524.45,2026-08-24 21:53:00,completed,Wireless Earbuds
ORD_6670,Gaurav Malhotra,1207.2,2026-08-25 07:00:00,completed,Desk Lamp
ORD_6671,Ananya Reddy,1555.65,2026-08-24 20:38:00,completed,Sunglasses
ORD_6672,Manish Tiwari,1539.56,2026-08-25 02:17:00,completed,Standing Desk Mat
ORD_6673,Manish Tiwari,299.54,2026-08-24 17:30:00,completed,Mouse Pad
ORD_6674,Kavita Nair,880.85,2026-08-25 05:51:00,completed,Laptop Stand
ORD_6675,Rahul Sharma,2467.13,2026-08-24 20:31:00,completed,Keyboard
ORD_6676,Nikhil Agarwal,3546.84,2026-08-25 04:21:00,completed,Webcam
ORD_6677,Vikram Singh,3002.17,2026-08-25 00:34:00,completed,Running Shoes
ORD_6678,Karthik Sundaram,2979.96,2026-08-25 02:02:00,completed,Running Shoes
ORD_6679,Nikhil Agarwal,371.38,2026-08-25 02:53:00,completed,Water Bottle
ORD_6680,Vikram Singh,1253.3,2026-08-25 02:27:00,completed,Power Bank
ORD_6681,Ritu Bansal,302.12,2026-08-24 21:32:00,completed,Mouse Pad
ORD_6682,Pooja Desai,2547.66,2026-08-24 21:58:00,completed,Keyboard
ORD_6683,Ananya Reddy,1802.89,2026-08-25 00:49:00,completed,Backpack
ORD_6684,Meera Iyer,2992.48,2026-08-25 04:55:00,completed,Running Shoes
ORD_6685,Nandini Choudhury,1259.47,2026-08-25 02:29:00,completed,Power Bank
ORD_6686,Rahul Sharma,1775.64,2026-08-25 03:15:00,completed,Backpack
ORD_6687,Sanjay Verma,377.97,2026-08-25 06:57:00,completed,Water Bottle
ORD_6688,Rohit Joshi,545.53,2026-08-25 01:57:00,completed,Blue T-Shirt
ORD_6689,Sanjay Verma,212.95,2026-08-25 04:41:00,completed,Notebook Set
ORD_6690,Arjun Mehta,1573.85,2026-08-25 00:58:00,completed,Sunglasses
ORD_6691,Deepika Rao,1456.97,2026-08-24 21:21:00,completed,Standing Desk Mat
ORD_6692,Sanjay Verma,857.52,2026-08-25 05:15:00,completed,Laptop Stand
ORD_6693,Suresh Pillai,1904.63,2026-08-25 07:16:00,completed,Monitor Light
ORD_6694,Vikram Singh,856.8,2026-08-25 05:13:00,completed,Laptop Stand
ORD_6695,Rahul Sharma,1234.84,2026-08-24 17:36:00,completed,Desk Lamp
ORD_6696,Aakash Jain,1616.82,2026-08-24 19:17:00,completed,Sunglasses
ORD_6697,Shreya Bhat,3519.47,2026-08-25 07:13:00,completed,Webcam
ORD_6698,Sanjay Verma,1752.16,2026-08-24 21:10:00,completed,Backpack
ORD_6699,Aakash Jain,918.77,2026-08-24 21:42:00,completed,Laptop Stand
ORD_6700,Meera Iyer,1489.54,2026-08-25 02:37:00,completed,Wireless Earbuds
ORD_6701,Suresh Pillai,1505.51,2026-08-25 03:00:00,completed,Standing Desk Mat
ORD_6702,Sanjay Verma,1532.16,2026-08-25 01:10:00,completed,Standing Desk Mat
ORD_6703,Suresh Pillai,287.42,2026-08-25 07:18:00,completed,Notebook Set
ORD_6704,Meera Iyer,322.52,2026-08-25 08:12:00,completed,Phone Case
ORD_6705,Sneha Gupta,1162.44,2026-08-25 05:19:00,completed,Desk Lamp
ORD_6706,Suresh Pillai,1910.33,2026-08-25 08:16:00,completed,Monitor Light
ORD_6707,Manish Tiwari,350.71,2026-08-24 18:25:00,completed,Mouse Pad
ORD_6708,Arjun Mehta,669.66,2026-08-24 18:58:00,completed,Watch Strap
ORD_6709,Ritu Bansal,2526.25,2026-08-25 05:04:00,completed,Keyboard
ORD_6710,Nandini Choudhury,3534.27,2026-08-24 17:45:00,completed,Webcam
ORD_6711,Kavita Nair,190.11,2026-08-25 01:11:00,completed,USB Cable
ORD_6712,Kavita Nair,314.4,2026-08-25 23:58:00,completed,Mouse Pad
ORD_6713,Gaurav Malhotra,485.07,2026-08-25 08:45:00,completed,Coffee Mug
ORD_6714,Gaurav Malhotra,1494.88,2026-08-25 05:24:00,completed,Standing Desk Mat
ORD_6715,Aakash Jain,1195.51,2026-08-25 06:48:00,completed,Desk Lamp
ORD_6716,Gaurav Malhotra,1175.39,2026-08-25 18:11:00,completed,Desk Lamp
ORD_6717,Nikhil Agarwal,1877.49,2026-08-26 07:18:00,completed,Monitor Light
ORD_6718,Shreya Bhat,456.88,2026-08-25 22:06:00,completed,Coffee Mug
ORD_6719,Arjun Mehta,1924.91,2026-08-26 07:38:00,completed,Monitor Light
ORD_6720,Meera Iyer,2507.14,2026-08-25 22:30:00,completed,Keyboard
ORD_6721,Sneha Gupta,1516.49,2026-08-26 06:47:00,completed,Standing Desk Mat
ORD_6722,Meera Iyer,669.15,2026-08-26 04:55:00,completed,Watch Strap
ORD_6723,Rohit Joshi,2518.81,2026-08-26 02:48:00,completed,Keyboard
ORD_6724,Shreya Bhat,1308.28,2026-08-25 17:32:00,completed,Power Bank
ORD_6725,Gaurav Malhotra,246.53,2026-08-25 19:44:00,completed,USB Cable
ORD_6726,Sneha Gupta,209.96,2026-08-26 02:28:00,completed,Notebook Set
ORD_6727,Karthik Sundaram,3465.12,2026-08-26 07:05:00,completed,Webcam
ORD_6728,Anjali Saxena,328.6,2026-08-25 19:22:00,completed,Phone Case
ORD_6729,Rohit Joshi,916.81,2026-08-26 02:21:00,completed,Laptop Stand
ORD_6730,Divya Kulkarni,2533.73,2026-08-26 08:39:00,completed,Keyboard
ORD_6731,Priya Patel,172.49,2026-08-26 06:30:00,completed,USB Cable
ORD_6732,Karthik Sundaram,1898.88,2026-08-26 08:32:00,completed,Monitor Light
ORD_6733,Sanjay Verma,1623.21,2026-08-25 21:12:00,completed,Sunglasses
ORD_6734,Sanjay Verma,369.3,2026-08-26 06:04:00,completed,Water Bottle
ORD_6735,Aakash Jain,3046.5,2026-08-26 07:28:00,completed,Running Shoes
ORD_6736,Kavita Nair,2475.55,2026-08-26 08:18:00,completed,Keyboard
ORD_6737,Kavita Nair,1336.48,2026-08-26 07:49:00,completed,Power Bank
ORD_6738,Rohit Joshi,2473.18,2026-08-26 00:05:00,completed,Keyboard
ORD_6739,Karthik Sundaram,1490.26,2026-08-25 22:41:00,completed,Standing Desk Mat
ORD_6740,Vikram Singh,1597.4,2026-08-25 23:44:00,completed,Sunglasses
ORD_6741,Rajesh Menon,1015.19,2026-08-25 21:28:00,completed,Yoga Mat
ORD_6742,Divya Kulkarni,851.72,2026-08-25 22:46:00,completed,Laptop Stand
ORD_6743,Rajesh Menon,937.95,2026-08-26 04:24:00,completed,Laptop Stand
ORD_6744,Vikram Singh,338.23,2026-08-26 02:03:00,completed,Phone Case
ORD_6745,Amit Kumar,3495.54,2026-08-26 00:12:00,completed,Webcam
ORD_6746,Kavita Nair,249.24,2026-08-26 06:21:00,completed,Notebook Set
ORD_6747,Ritu Bansal,368.36,2026-08-25 23:53:00,completed,Mouse Pad
ORD_6748,Priya Patel,1807.34,2026-08-25 22:46:00,completed,Backpack
ORD_6749,Nandini Choudhury,545.62,2026-08-25 23:11:00,completed,Blue T-Shirt
ORD_6750,Amit Kumar,1943.02,2026-08-25 23:21:00,completed,Monitor Light
ORD_6751,Kavita Nair,304.28,2026-08-26 00:33:00,completed,Phone Case
ORD_6752,Divya Kulkarni,470.11,2026-08-25 18:10:00,completed,Coffee Mug
ORD_6753,Vikram Singh,2469.24,2026-08-26 02:55:00,completed,Keyboard
ORD_6754,Sneha Gupta,1253.63,2026-08-25 20:26:00,completed,Power Bank
ORD_6755,Priya Patel,748.58,2026-08-25 20:41:00,completed,Watch Strap
ORD_6756,Nandini Choudhury,212.43,2026-08-26 03:19:00,completed,Notebook Set
ORD_6757,Meera Iyer,1217.59,2026-08-25 17:54:00,completed,Desk Lamp
ORD_6758,Sneha Gupta,491.97,2026-08-25 21:48:00,completed,Coffee Mug
ORD_6759,Aakash Jain,2964.52,2026-08-25 23:46:00,completed,Running Shoes
ORD_6760,Suresh Pillai,217.69,2026-08-26 00:15:00,completed,Notebook Set
ORD_6761,Manish Tiwari,1801.2,2026-08-25 22:14:00,completed,Backpack
ORD_6762,Vikram Singh,1498.49,2026-08-26 00:57:00,completed,Wireless Earbuds
ORD_6763,Vikram Singh,712.27,2026-08-26 00:31:00,completed,Watch Strap
ORD_6764,Sneha Gupta,2964.33,2026-08-25 21:01:00,completed,Running Shoes
ORD_6765,Suresh Pillai,1241.72,2026-08-26 05:19:00,completed,Desk Lamp
ORD_6766,Kavita Nair,2464.16,2026-08-25 19:30:00,completed,Keyboard
ORD_6767,Ritu Bansal,454.06,2026-08-26 03:52:00,completed,Coffee Mug
ORD_6768,Gaurav Malhotra,1533.99,2026-08-26 04:56:00,completed,Standing Desk Mat
ORD_6769,Amit Kumar,3015.3,2026-08-26 07:36:00,completed,Running Shoes
ORD_6770,Shreya Bhat,1837.94,2026-08-25 17:09:00,completed,Backpack
ORD_6771,Shreya Bhat,941.62,2026-08-26 06:29:00,completed,Laptop Stand
ORD_6772,Ananya Reddy,3048.61,2026-08-26 23:57:00,completed,Running Shoes
ORD_6773,Anjali Saxena,1511.05,2026-08-26 00:36:00,completed,Standing Desk Mat
ORD_6774,Sneha Gupta,903.6,2026-08-26 02:33:00,completed,Laptop Stand
ORD_6775,Priya Patel,489.77,2026-08-25 22:19:00,completed,Blue T-Shirt
ORD_6776,Manish Tiwari,1457.33,2026-08-25 22:43:00,completed,Standing Desk Mat
ORD_6777,Aakash Jain,2484.19,2026-08-26 04:54:00,completed,Keyboard
ORD_6778,Amit Kumar,1539.87,2026-08-26 05:09:00,completed,Wireless Earbuds
ORD_6779,Nikhil Agarwal,1284.56,2026-08-26 01:18:00,completed,Power Bank
ORD_6780,Amit Kumar,270.39,2026-08-26 07:36:00,completed,Phone Case
ORD_6781,Ritu Bansal,1489.63,2026-08-25 17:09:00,completed,Wireless Earbuds
ORD_6782,Divya Kulkarni,192.45,2026-08-26 08:11:00,completed,USB Cable
ORD_6783,Nandini Choudhury,354.04,2026-08-26 05:04:00,completed,Water Bottle
ORD_6784,Deepika Rao,1262.42,2026-08-25 21:43:00,completed,Power Bank
ORD_6785,Rajesh Menon,1319.61,2026-08-25 21:33:00,completed,Power Bank
ORD_6786,Anjali Saxena,1912.71,2026-08-25 19:22:00,completed,Monitor Light
ORD_6787,Anjali Saxena,1797.33,2026-08-26 07:08:00,completed,Backpack
ORD_6788,Meera Iyer,1171.46,2026-08-25 23:25:00,completed,Desk Lamp
ORD_6789,Divya Kulkarni,154.44,2026-08-25 19:38:00,completed,USB Cable
ORD_6790,Rohit Joshi,1509.8,2026-08-25 19:37:00,completed,Standing Desk Mat
ORD_6791,Aakash Jain,1494.47,2026-08-26 02:39:00,completed,Wireless Earbuds
ORD_6792,Suresh Pillai,1888.13,2026-08-26 07:11:00,completed,Monitor Light
ORD_6793,Divya Kulkarni,175.38,2026-08-26 08:22:00,completed,USB Cable
ORD_6794,Arjun Mehta,248.25,2026-08-25 19:04:00,completed,Notebook Set
ORD_6795,Karthik Sundaram,1544.46,2026-08-25 20:06:00,completed,Wireless Earbuds
ORD_6796,Gaurav Malhotra,3468.62,2026-08-26 07:55:00,completed,Webcam
ORD_6797,Divya Kulkarni,244.5,2026-08-26 01:08:00,completed,Notebook Set
ORD_6798,Sanjay Verma,390.78,2026-08-25 20:40:00,completed,Water Bottle
ORD_6799,Rahul Sharma,742.46,2026-08-26 08:54:00,completed,Watch Strap
ORD_6800,Meera Iyer,264.47,2026-08-26 07:54:00,completed,Notebook Set
ORD_6801,Suresh Pillai,2511.12,2026-08-25 22:44:00,completed,Keyboard
ORD_6802,Manish Tiwari,893.36,2026-08-25 22:26:00,completed,Laptop Stand
ORD_6803,Gaurav Malhotra,3503.37,2026-08-25 21:34:00,completed,Webcam
ORD_6804,Deepika Rao,2519.47,2026-08-26 06:15:00,completed,Keyboard
ORD_6805,Anjali Saxena,1813.16,2026-08-25 22:39:00,completed,Backpack
ORD_6806,Divya Kulkarni,3020.17,2026-08-25 23:46:00,completed,Running Shoes
ORD_6807,Anjali Saxena,1282.96,2026-08-26 01:45:00,completed,Power Bank
ORD_6808,Manish Tiwari,1307.2,2026-08-26 01:22:00,completed,Power Bank
ORD_6809,Karthik Sundaram,3536.53,2026-08-26 07:58:00,completed,Webcam
ORD_6810,Gaurav Malhotra,872.21,2026-08-26 00:43:00,completed,Laptop Stand
ORD_6811,Pooja Desai,1815.78,2026-08-25 18:34:00,completed,Backpack
ORD_6812,Gaurav Malhotra,1646.99,2026-08-26 03:18:00,completed,Sunglasses
ORD_6813,Kavita Nair,926.94,2026-08-25 22:55:00,completed,Laptop Stand
ORD_6814,Aakash Jain,1822.8,2026-08-26 05:33:00,completed,Backpack
ORD_6815,Sneha Gupta,446.47,2026-08-26 01:02:00,completed,Water Bottle
ORD_6816,Karthik Sundaram,1574.34,2026-08-25 18:33:00,completed,Sunglasses
ORD_6817,Nikhil Agarwal,1015.04,2026-08-26 03:50:00,completed,Yoga Mat
ORD_6818,Rahul Sharma,1867.98,2026-08-26 02:34:00,completed,Monitor Light
ORD_6819,Arjun Mehta,1578.05,2026-08-25 22:01:00,completed,Sunglasses
ORD_6820,Ritu Bansal,446.04,2026-08-25 22:27:00,completed,Water Bottle
ORD_6821,Rahul Sharma,1944.8,2026-08-25 19:11:00,completed,Monitor Light
ORD_6822,Anjali Saxena,1886.73,2026-08-25 17:31:00,completed,Monitor Light
ORD_6823,Nandini Choudhury,290.22,2026-08-26 04:06:00,completed,Phone Case
ORD_6824,Suresh Pillai,278.12,2026-08-26 04:32:00,completed,Notebook Set
ORD_6825,Nandini Choudhury,1849.4,2026-08-25 20:19:00,completed,Monitor Light
ORD_6826,Nikhil Agarwal,2981.97,2026-08-26 00:13:00,completed,Running Shoes
ORD_6827,Kavita Nair,168.4,2026-08-26 04:25:00,completed,USB Cable
ORD_6828,Arjun Mehta,478.48,2026-08-25 22:30:00,completed,Blue T-Shirt
ORD_6829,Amit Kumar,2975.29,2026-08-26 06:23:00,completed,Running Shoes
ORD_6830,Sanjay Verma,915.73,2026-08-26 00:39:00,completed,Laptop Stand
ORD_6831,Deepika Rao,1551.88,2026-08-25 17:44:00,completed,Sunglasses
ORD_6832,Kavita Nair,312.14,2026-08-25 19:21:00,completed,Mouse Pad
ORD_6833,Manish Tiwari,376.59,2026-08-26 03:52:00,completed,Water Bottle
ORD_6834,Ananya Reddy,1839.74,2026-08-26 03:45:00,completed,Backpack
ORD_6835,Karthik Sundaram,261.57,2026-08-26 04:30:00,completed,Phone Case
ORD_6836,Sanjay Verma,164.14,2026-08-26 07:38:00,completed,USB Cable
ORD_6837,Priya Patel,217.63,2026-08-25 19:35:00,completed,Notebook Set
ORD_6838,Rohit Joshi,188.96,2026-08-25 20:28:00,completed,USB Cable
ORD_6839,Sneha Gupta,1891.75,2026-08-26 07:35:00,completed,Monitor Light
ORD_6840,Deepika Rao,1496.37,2026-08-25 17:09:00,completed,Standing Desk Mat
ORD_6841,Rahul Sharma,1500.32,2026-08-25 22:07:00,completed,Wireless Earbuds
ORD_6842,Ananya Reddy,2983.95,2026-08-26 03:57:00,completed,Running Shoes
ORD_6843,Rajesh Menon,360.77,2026-08-26 05:44:00,completed,Mouse Pad
ORD_6844,Sanjay Verma,387.84,2026-08-26 02:52:00,completed,Mouse Pad
ORD_6845,Priya Patel,3519.29,2026-08-26 02:52:00,completed,Webcam
ORD_6846,Vikram Singh,1775.25,2026-08-26 08:17:00,completed,Backpack
ORD_6847,Aakash Jain,936.98,2026-08-26 02:34:00,completed,Laptop Stand
ORD_6848,Ritu Bansal,245.54,2026-08-25 21:20:00,completed,Notebook Set
ORD_6849,Gaurav Malhotra,2987.67,2026-08-26 02:10:00,completed,Running Shoes
ORD_6850,Arjun Mehta,1299.16,2026-08-25 19:35:00,completed,Power Bank
ORD_6851,Nandini Choudhury,3043.49,2026-08-25 22:43:00,completed,Running Shoes
ORD_6852,Amit Kumar,1501.07,2026-08-26 03:33:00,completed,Wireless Earbuds
ORD_6853,Sanjay Verma,1858.33,2026-08-26 02:12:00,completed,Monitor Light
ORD_6854,Aakash Jain,915.85,2026-08-25 21:51:00,completed,Laptop Stand
ORD_6855,Rahul Sharma,1013.22,2026-08-26 06:12:00,completed,Yoga Mat
ORD_6856,Nikhil Agarwal,1494.02,2026-08-25 22:03:00,completed,Wireless Earbuds
ORD_6857,Ananya Reddy,896.24,2026-08-26 00:49:00,completed,Laptop Stand
ORD_6858,Arjun Mehta,649.79,2026-08-26 03:38:00,completed,Watch Strap
ORD_6859,Divya Kulkarni,1941.56,2026-08-25 19:46:00,completed,Monitor Light
ORD_6860,Manish Tiwari,1288.64,2026-08-26 07:41:00,completed,Power Bank
ORD_6861,Nikhil Agarwal,1818.99,2026-08-26 06:51:00,completed,Backpack
ORD_6862,Rohit Joshi,184.86,2026-08-25 19:37:00,completed,USB Cable
ORD_6863,Deepika Rao,430.89,2026-08-25 21:03:00,completed,Coffee Mug
ORD_6864,Divya Kulkarni,1479.66,2026-08-25 22:04:00,completed,Wireless Earbuds
ORD_6865,Nandini Choudhury,468.91,2026-08-26 00:20:00,completed,Coffee Mug
ORD_6866,Sanjay Verma,1517.19,2026-08-25 21:51:00,completed,Wireless Earbuds
ORD_6867,Rohit Joshi,387.99,2026-08-26 00:43:00,completed,Mouse Pad
ORD_6868,Rahul Sharma,334.09,2026-08-26 23:57:00,completed,Phone Case
ORD_6869,Deepika Rao,968.12,2026-08-26 06:00:00,completed,Yoga Mat
ORD_6870,Deepika Rao,680.62,2026-08-25 22:16:00,completed,Watch Strap
ORD_6871,Rohit Joshi,279.9,2026-08-25 23:07:00,completed,Notebook Set
ORD_6872,Rohit Joshi,1255.19,2026-08-26 04:53:00,completed,Power Bank
ORD_6873,Rohit Joshi,293.44,2026-08-25 18:47:00,completed,Notebook Set
ORD_6874,Karthik Sundaram,204.77,2026-08-26 05:31:00,completed,Notebook Set
ORD_6875,Rahul Sharma,940.27,2026-08-26 06:54:00,completed,Laptop Stand
ORD_6876,Priya Patel,316.27,2026-08-26 05:48:00,completed,Phone Case
ORD_6877,Nikhil Agarwal,1201.53,2026-08-26 05:29:00,completed,Desk Lamp
ORD_6878,Karthik Sundaram,1316.46,2026-08-25 17:35:00,completed,Power Bank
ORD_6879,Aakash Jain,922.15,2026-08-25 21:20:00,completed,Laptop Stand
ORD_6880,Divya Kulkarni,492.17,2026-08-25 21:53:00,completed,Blue T-Shirt
ORD_6881,Kavita Nair,205.77,2026-08-26 05:19:00,completed,USB Cable
ORD_6882,Vikram Singh,2455.46,2026-08-26 01:24:00,completed,Keyboard
ORD_6883,Rahul Sharma,1605.59,2026-08-25 22:23:00,completed,Sunglasses
ORD_6884,Kavita Nair,2960.53,2026-08-25 17:43:00,completed,Running Shoes
ORD_6885,Aakash Jain,1479.75,2026-08-26 08:40:00,completed,Wireless Earbuds
ORD_6886,Ananya Reddy,1568.52,2026-08-25 21:58:00,completed,Sunglasses
ORD_6887,Ritu Bansal,1844.82,2026-08-25 18:42:00,completed,Backpack
ORD_6888,Aakash Jain,205.45,2026-08-26 05:17:00,completed,Notebook Set
ORD_6889,Priya Patel,1595.46,2026-08-25 20:26:00,completed,Sunglasses
ORD_6890,Nikhil Agarwal,275.38,2026-08-25 19:06:00,completed,Notebook Set
ORD_6891,Arjun Mehta,389.3,2026-08-26 08:47:00,completed,Mouse Pad
ORD_6892,Gaurav Malhotra,3525.16,2026-08-26 03:04:00,completed,Webcam
ORD_6893,Karthik Sundaram,2971.37,2026-08-26 07:47:00,completed,Running Shoes
ORD_6894,Karthik Sundaram,448.28,2026-08-25 20:42:00,completed,Water Bottle
ORD_6895,Suresh Pillai,3046.47,2026-08-25 19:35:00,completed,Running Shoes
ORD_6896,Rajesh Menon,3523.54,2026-08-25 23:57:00,completed,Webcam
ORD_6897,Priya Patel,1228.08,2026-08-25 19:41:00,completed,Desk Lamp
ORD_6898,Vikram Singh,674.46,2026-08-26 06:56:00,completed,Watch Strap
ORD_6899,Priya Patel,375.89,2026-08-26 07:32:00,completed,Water Bottle
ORD_6900,Meera Iyer,2496.38,2026-08-26 00:20:00,completed,Keyboard
ORD_6901,Pooja Desai,2533.02,2026-08-26 02:11:00,completed,Keyboard
ORD_6902,Divya Kulkarni,440.73,2026-08-26 06:54:00,completed,Water Bottle
ORD_6903,Priya Patel,3522.59,2026-08-26 07:51:00,completed,Webcam
ORD_6904,Amit Kumar,2967.5,2026-08-26 01:30:00,completed,Running Shoes
ORD_6905,Manish Tiwari,725.44,2026-08-26 00:07:00,completed,Watch Strap
ORD_6906,Ritu Bansal,447.96,2026-08-26 06:56:00,completed,Water Bottle
ORD_6907,Priya Patel,423.19,2026-08-25 22:20:00,completed,Coffee Mug
ORD_6908,Manish Tiwari,204.01,2026-08-25 21:10:00,completed,Notebook Set
ORD_6909,Karthik Sundaram,203.49,2026-08-26 01:24:00,completed,Notebook Set
ORD_6910,Nikhil Agarwal,1002.12,2026-08-25 18:29:00,completed,Yoga Mat
ORD_6911,Sanjay Verma,2485.16,2026-08-25 21:36:00,completed,Keyboard
ORD_6912,Manish Tiwari,944.45,2026-08-26 04:20:00,completed,Laptop Stand
ORD_6913,Suresh Pillai,3454.61,2026-08-25 19:48:00,completed,Webcam
ORD_6914,Sneha Gupta,1551.77,2026-08-25 19:00:00,completed,Sunglasses
ORD_6915,Manish Tiwari,2951.62,2026-08-26 06:12:00,completed,Running Shoes
ORD_6916,Nikhil Agarwal,1010.95,2026-08-25 23:51:00,completed,Yoga Mat
ORD_6917,Ananya Reddy,1176.92,2026-08-25 21:11:00,completed,Desk Lamp
ORD_6918,Manish Tiwari,204.82,2026-08-26 04:39:00,completed,USB Cable
ORD_6919,Anjali Saxena,1201.23,2026-08-26 05:51:00,completed,Desk Lamp
ORD_6920,Shreya Bhat,323.05,2026-08-25 20:09:00,completed,Phone Case
ORD_6921,Deepika Rao,2461.21,2026-08-26 02:14:00,completed,Keyboard
ORD_6922,Arjun Mehta,1209.87,2026-08-25 20:00:00,completed,Desk Lamp
ORD_6923,Karthik Sundaram,889.6,2026-08-25 19:55:00,completed,Laptop Stand
ORD_6924,Amit Kumar,238.12,2026-08-26 02:21:00,completed,Notebook Set
ORD_6925,Suresh Pillai,325.87,2026-08-26 02:16:00,completed,Mouse Pad
ORD_6926,Manish Tiwari,375.94,2026-08-26 05:52:00,completed,Water Bottle
ORD_6927,Pooja Desai,1832.88,2026-08-25 23:57:00,completed,Backpack
ORD_6928,Priya Patel,286.28,2026-08-26 08:27:00,completed,Notebook Set
ORD_6929,Divya Kulkarni,1019.99,2026-08-25 22:40:00,completed,Yoga Mat
ORD_6930,Anjali Saxena,1797.03,2026-08-26 01:34:00,completed,Backpack
ORD_6931,Nandini Choudhury,3025.4,2026-08-25 18:56:00,completed,Running Shoes
ORD_6932,Rahul Sharma,331.16,2026-08-25 22:03:00,completed,Phone Case
ORD_6933,Priya Patel,1302.41,2026-08-25 19:22:00,completed,Power Bank
ORD_6934,Pooja Desai,1641.66,2026-08-26 08:21:00,completed,Sunglasses
ORD_6935,Aakash Jain,2453.75,2026-08-25 22:34:00,completed,Keyboard
ORD_6936,Ritu Bansal,1882.25,2026-08-26 07:19:00,completed,Monitor Light
ORD_6937,Rohit Joshi,3537.23,2026-08-26 08:35:00,completed,Webcam
ORD_6938,Nandini Choudhury,1613.87,2026-08-25 18:51:00,completed,Sunglasses
ORD_6939,Sneha Gupta,1537.21,2026-08-25 19:18:00,completed,Standing Desk Mat
ORD_6940,Ritu Bansal,337.21,2026-08-25 18:56:00,completed,Phone Case
ORD_6941,Sneha Gupta,3523.29,2026-08-26 00:02:00,completed,Webcam
ORD_6942,Divya Kulkarni,1541.41,2026-08-25 23:36:00,completed,Wireless Earbuds
ORD_6943,Rajesh Menon,1464.27,2026-08-26 02:00:00,completed,Standing Desk Mat
ORD_6944,Nikhil Agarwal,209.69,2026-08-25 23:21:00,completed,Notebook Set
ORD_6945,Ananya Reddy,1483.78,2026-08-25 20:44:00,completed,Standing Desk Mat
ORD_6946,Arjun Mehta,447.8,2026-08-25 18:54:00,completed,Coffee Mug
ORD_6947,Ananya Reddy,3464.32,2026-08-25 19:07:00,completed,Webcam
ORD_6948,Pooja Desai,878.7,2026-08-25 23:22:00,completed,Laptop Stand
ORD_6949,Meera Iyer,196.91,2026-08-26 04:35:00,completed,USB Cable
ORD_6950,Anjali Saxena,1294.93,2026-08-26 07:15:00,completed,Power Bank
ORD_6951,Priya Patel,319.01,2026-08-26 08:17:00,completed,Mouse Pad
ORD_6952,Suresh Pillai,1915.09,2026-08-25 22:57:00,completed,Monitor Light
ORD_6953,Deepika Rao,1912.91,2026-08-25 20:16:00,completed,Monitor Light
ORD_6954,Kavita Nair,1025.07,2026-08-25 19:55:00,completed,Yoga Mat
ORD_6955,Anjali Saxena,3481.63,2026-08-26 02:46:00,completed,Webcam
ORD_6956,Anjali Saxena,1338.19,2026-08-26 04:47:00,completed,Power Bank
ORD_6957,Manish Tiwari,1242.26,2026-08-26 03:06:00,completed,Desk Lamp
ORD_6958,Kavita Nair,1786.85,2026-08-25 22:17:00,completed,Backpack
ORD_6959,Vikram Singh,1574.92,2026-08-26 03:47:00,completed,Sunglasses
ORD_6960,Ritu Bansal,437.2,2026-08-26 05:20:00,completed,Water Bottle
ORD_6961,Rahul Sharma,217.59,2026-08-26 01:48:00,completed,USB Cable
ORD_6962,Aakash Jain,1029.22,2026-08-26 07:11:00,completed,Yoga Mat
ORD_6963,Rohit Joshi,508.73,2026-08-25 22:37:00,completed,Blue T-Shirt
ORD_6964,Rahul Sharma,2541.46,2026-08-25 21:08:00,completed,Keyboard
ORD_6965,Karthik Sundaram,914.8,2026-08-26 01:21:00,completed,Laptop Stand
ORD_6966,Vikram Singh,268.54,2026-08-25 21:32:00,completed,Notebook Set
ORD_6967,Kavita Nair,930.25,2026-08-26 05:02:00,completed,Laptop Stand
ORD_6968,Karthik Sundaram,1546.05,2026-08-26 04:25:00,completed,Wireless Earbuds
ORD_6969,Sanjay Verma,895.05,2026-08-26 23:57:00,completed,Laptop Stand
ORD_6970,Divya Kulkarni,1343.77,2026-08-25 23:52:00,completed,Power Bank
ORD_6971,Sneha Gupta,255.15,2026-08-26 04:44:00,completed,Notebook Set
ORD_6972,Shreya Bhat,218.5,2026-08-25 22:37:00,completed,Notebook Set
ORD_6973,Aakash Jain,2508.26,2026-08-25 22:28:00,completed,Keyboard
ORD_6974,Gaurav Malhotra,234.98,2026-08-26 00:32:00,completed,USB Cable
ORD_6975,Nikhil Agarwal,1258.8,2026-08-26 07:26:00,completed,Power Bank
ORD_6976,Karthik Sundaram,1875.4,2026-08-26 08:34:00,completed,Monitor Light
ORD_6977,Nandini Choudhury,701.81,2026-08-26 08:26:00,completed,Watch Strap
ORD_6978,Rahul Sharma,303.42,2026-08-26 07:55:00,completed,Phone Case
ORD_6979,Karthik Sundaram,1514.89,2026-08-26 00:05:00,completed,Wireless Earbuds
ORD_6980,Aakash Jain,294.94,2026-08-26 07:01:00,completed,Notebook Set
ORD_6981,Amit Kumar,3497.15,2026-08-26 01:23:00,completed,Webcam
ORD_6982,Ananya Reddy,980.79,2026-08-26 05:44:00,completed,Yoga Mat
ORD_6983,Nikhil Agarwal,1454.16,2026-08-26 01:22:00,completed,Standing Desk Mat
ORD_6984,Karthik Sundaram,508.26,2026-08-25 23:43:00,completed,Blue T-Shirt
ORD_6985,Gaurav Malhotra,1483.08,2026-08-26 05:26:00,completed,Wireless Earbuds
ORD_6986,Manish Tiwari,418.5,2026-08-26 05:46:00,completed,Water Bottle
ORD_6987,Vikram Singh,295.75,2026-08-26 07:44:00,completed,Phone Case
ORD_6988,Shreya Bhat,1922.46,2026-08-26 04:22:00,completed,Monitor Light
ORD_6989,Anjali Saxena,2958.39,2026-08-26 01:29:00,completed,Running Shoes
ORD_6990,Rahul Sharma,402.75,2026-08-26 06:08:00,completed,Coffee Mug
ORD_6991,Ritu Bansal,1944.86,2026-08-26 04:53:00,completed,Monitor Light
ORD_6992,Gaurav Malhotra,2979.8,2026-08-26 07:32:00,completed,Running Shoes
ORD_6993,Meera Iyer,313.2,2026-08-26 07:22:00,completed,Mouse Pad
ORD_6994,Rohit Joshi,252.07,2026-08-26 01:00:00,completed,Notebook Set
ORD_6995,Deepika Rao,239.23,2026-08-25 23:04:00,completed,Notebook Set
ORD_6996,Amit Kumar,3463.06,2026-08-26 23:57:00,completed,Webcam
ORD_6997,Priya Patel,1531.01,2026-08-25 19:08:00,completed,Wireless Earbuds
ORD_6998,Ritu Bansal,2470.73,2026-08-25 17:47:00,completed,Keyboard
ORD_6999,Vikram Singh,497.93,2026-08-26 02:19:00,completed,Coffee Mug
ORD_7000,Rohit Joshi,1937.03,2026-08-25 21:46:00,completed,Monitor Light
ORD_7001,Rohit Joshi,458.66,2026-08-26 04:17:00,completed,Coffee Mug
ORD_7002,Ananya Reddy,1881.75,2026-08-26 00:24:00,completed,Monitor Light
ORD_7003,Kavita Nair,3507.87,2026-08-26 08:44:00,completed,Webcam
ORD_7004,Arjun Mehta,1529.17,2026-08-26 02:35:00,completed,Wireless Earbuds
ORD_7005,Ananya Reddy,372.91,2026-08-26 05:03:00,completed,Mouse Pad
ORD_7006,Priya Patel,1923.17,2026-08-25 17:09:00,completed,Monitor Light
ORD_7007,Manish Tiwari,275.07,2026-08-26 08:30:00,completed,Phone Case
ORD_7008,Suresh Pillai,1017.85,2026-08-26 01:15:00,completed,Yoga Mat
ORD_7009,Priya Patel,1477.83,2026-08-26 04:58:00,completed,Standing Desk Mat
ORD_7010,Sanjay Verma,1612.95,2026-08-26 02:50:00,completed,Sunglasses
ORD_7011,Shreya Bhat,994.68,2026-08-26 03:30:00,completed,Yoga Mat
ORD_7012,Priya Patel,366.91,2026-08-26 03:46:00,completed,Water Bottle
ORD_7013,Amit Kumar,3480.11,2026-08-26 04:52:00,completed,Webcam
ORD_7014,Ananya Reddy,252.4,2026-08-26 05:29:00,completed,Notebook Set
ORD_7015,Ananya Reddy,3458.13,2026-08-26 08:54:00,completed,Webcam
ORD_7016,Rajesh Menon,678.31,2026-08-25 19:43:00,completed,Watch Strap
ORD_7017,Ananya Reddy,1498.6,2026-08-25 22:02:00,completed,Standing Desk Mat
ORD_7018,Rohit Joshi,352.94,2026-08-26 07:17:00,completed,Mouse Pad
ORD_7019,Sneha Gupta,1793.06,2026-08-26 04:35:00,completed,Backpack
ORD_7020,Karthik Sundaram,215.14,2026-08-26 06:13:00,completed,Notebook Set
ORD_7021,Amit Kumar,3502.67,2026-08-25 19:07:00,completed,Webcam
ORD_7022,Vikram Singh,1494.21,2026-08-25 23:51:00,completed,Wireless Earbuds
ORD_7023,Kavita Nair,1502.07,2026-08-26 06:51:00,completed,Wireless Earbuds
ORD_7024,Sneha Gupta,1326.96,2026-08-26 08:54:00,completed,Power Bank
ORD_7025,Rajesh Menon,1485.48,2026-08-26 00:11:00,completed,Wireless Earbuds
ORD_7026,Amit Kumar,492.64,2026-08-25 22:32:00,completed,Blue T-Shirt
ORD_7027,Suresh Pillai,3519.29,2026-08-25 22:39:00,completed,Webcam
ORD_7028,Divya Kulkarni,1583.17,2026-08-25 18:53:00,completed,Sunglasses
ORD_7029,Vikram Singh,1452.62,2026-08-26 04:25:00,completed,Standing Desk Mat
ORD_7030,Manish Tiwari,1009.86,2026-08-25 21:31:00,completed,Yoga Mat
ORD_7031,Pooja Desai,374.83,2026-08-25 17:21:00,completed,Mouse Pad
ORD_7032,Arjun Mehta,258.47,2026-08-26 04:41:00,completed,Phone Case
ORD_7033,Anjali Saxena,1572.18,2026-08-26 08:40:00,completed,Sunglasses
ORD_7034,Rahul Sharma,1645.52,2026-08-26 04:32:00,completed,Sunglasses
ORD_7035,Sanjay Verma,489.6,2026-08-25 17:21:00,completed,Coffee Mug
ORD_7036,Manish Tiwari,2453.15,2026-08-25 20:23:00,completed,Keyboard
ORD_7037,Nandini Choudhury,3008.91,2026-08-25 22:37:00,completed,Running Shoes
ORD_7038,Nikhil Agarwal,432.14,2026-08-25 23:54:00,completed,Water Bottle
ORD_7039,Rajesh Menon,476.32,2026-08-26 03:25:00,completed,Coffee Mug
ORD_7040,Priya Patel,1482.62,2026-08-25 17:00:00,completed,Standing Desk Mat
ORD_7041,Shreya Bhat,857.24,2026-08-25 23:39:00,completed,Laptop Stand
ORD_7042,Ritu Bansal,1211.36,2026-08-26 07:44:00,completed,Desk Lamp
ORD_7043,Meera Iyer,1635.12,2026-08-26 06:39:00,completed,Sunglasses
ORD_7044,Meera Iyer,959.73,2026-08-26 04:51:00,completed,Yoga Mat
ORD_7045,Pooja Desai,2966.29,2026-08-25 23:12:00,completed,Running Shoes
ORD_7046,Aakash Jain,893.24,2026-08-26 07:53:00,completed,Laptop Stand
ORD_7047,Sneha Gupta,218.49,2026-08-25 20:26:00,completed,Notebook Set
ORD_7048,Manish Tiwari,440.03,2026-08-25 18:39:00,completed,Water Bottle
ORD_7049,Rahul Sharma,2527.71,2026-08-26 01:25:00,completed,Keyboard
ORD_7050,Sneha Gupta,2960.46,2026-08-26 06:47:00,completed,Running Shoes
ORD_7051,Amit Kumar,1642.53,2026-08-25 20:36:00,completed,Sunglasses
ORD_7052,Kavita Nair,679.04,2026-08-26 04:05:00,completed,Watch Strap
ORD_7053,Meera Iyer,444.23,2026-08-25 18:13:00,completed,Coffee Mug
ORD_7054,Shreya Bhat,1545.18,2026-08-26 02:48:00,completed,Standing Desk Mat
ORD_7055,Sanjay Verma,177.06,2026-08-25 18:10:00,completed,USB Cable
ORD_7056,Anjali Saxena,2497.3,2026-08-26 08:32:00,completed,Keyboard
ORD_7057,Manish Tiwari,874.43,2026-08-25 19:56:00,completed,Laptop Stand
ORD_7058,Anjali Saxena,1512.52,2026-08-26 01:43:00,completed,Wireless Earbuds
ORD_7059,Meera Iyer,912.11,2026-08-26 04:09:00,completed,Laptop Stand
ORD_7060,Pooja Desai,1289.85,2026-08-26 02:58:00,completed,Power Bank
ORD_7061,Vikram Singh,738.55,2026-08-25 22:32:00,completed,Watch Strap
ORD_7062,Nandini Choudhury,2978.06,2026-08-26 07:52:00,completed,Running Shoes
ORD_7063,Nikhil Agarwal,731.15,2026-08-26 08:05:00,completed,Watch Strap
ORD_7064,Meera Iyer,229.57,2026-08-25 19:42:00,completed,Notebook Set
ORD_7065,Anjali Saxena,1459.68,2026-08-26 01:13:00,completed,Wireless Earbuds
ORD_7066,Rohit Joshi,1939.46,2026-08-26 03:09:00,completed,Monitor Light
ORD_7067,Suresh Pillai,679.54,2026-08-25 18:07:00,completed,Watch Strap
ORD_7068,Nandini Choudhury,301.91,2026-08-26 23:57:00,completed,Mouse Pad
ORD_7069,Rahul Sharma,1474.47,2026-08-25 18:17:00,completed,Wireless Earbuds
ORD_7070,Sanjay Verma,681.06,2026-08-25 19:32:00,completed,Watch Strap
ORD_7071,Rohit Joshi,451.06,2026-08-25 22:22:00,completed,Blue T-Shirt
ORD_7072,Rahul Sharma,1465.2,2026-08-26 06:39:00,completed,Wireless Earbuds
ORD_7073,Nikhil Agarwal,1834.26,2026-08-25 18:33:00,completed,Backpack
ORD_7074,Nikhil Agarwal,1488.04,2026-08-26 00:35:00,completed,Standing Desk Mat
ORD_7075,Divya Kulkarni,952.99,2026-08-26 05:23:00,completed,Yoga Mat
ORD_7076,Divya Kulkarni,2959.82,2026-08-25 22:25:00,completed,Running Shoes
ORD_7077,Meera Iyer,1773.13,2026-08-26 04:51:00,completed,Backpack
ORD_7078,Pooja Desai,170.54,2026-08-26 04:44:00,completed,USB Cable
ORD_7079,Arjun Mehta,1040.98,2026-08-25 21:59:00,completed,Yoga Mat
ORD_7080,Rajesh Menon,1018.13,2026-08-26 01:22:00,completed,Yoga Mat
ORD_7081,Nandini Choudhury,1503.5,2026-08-25 17:49:00,completed,Standing Desk Mat
ORD_7082,Priya Patel,1221.19,2026-08-25 21:06:00,completed,Desk Lamp
ORD_7083,Amit Kumar,492.77,2026-08-25 18:32:00,completed,Blue T-Shirt
ORD_7084,Divya Kulkarni,1193.5,2026-08-26 00:03:00,completed,Desk Lamp
ORD_7085,Shreya Bhat,727.03,2026-08-25 21:44:00,completed,Watch Strap
ORD_7086,Anjali Saxena,1519.42,2026-08-26 00:10:00,completed,Wireless Earbuds
ORD_7087,Pooja Desai,442.19,2026-08-25 21:11:00,completed,Water Bottle
ORD_7088,Arjun Mehta,877.16,2026-08-26 08:15:00,completed,Laptop Stand
ORD_7089,Aakash Jain,517.21,2026-08-26 04:50:00,completed,Blue T-Shirt
ORD_7090,Vikram Singh,850.77,2026-08-26 07:21:00,completed,Laptop Stand
ORD_7091,Deepika Rao,1453.96,2026-08-25 23:47:00,completed,Standing Desk Mat
ORD_7092,Ananya Reddy,353.97,2026-08-26 07:08:00,completed,Water Bottle
ORD_7093,Kavita Nair,356.42,2026-08-26 00:35:00,completed,Water Bottle
ORD_7094,Ananya Reddy,1847.71,2026-08-25 21:20:00,completed,Backpack
ORD_7095,Manish Tiwari,286.92,2026-08-25 20:38:00,completed,Phone Case
ORD_7096,Arjun Mehta,3474.87,2026-08-26 06:29:00,completed,Webcam
ORD_7097,Meera Iyer,225.39,2026-08-26 06:19:00,completed,USB Cable
ORD_7098,Priya Patel,473.45,2026-08-25 23:13:00,completed,Coffee Mug
ORD_7099,Sanjay Verma,394.31,2026-08-25 19:19:00,completed,Mouse Pad
ORD_7100,Karthik Sundaram,2981.44,2026-08-26 07:05:00,completed,Running Shoes
ORD_7101,Amit Kumar,879.46,2026-08-25 21:16:00,completed,Laptop Stand
ORD_7102,Amit Kumar,491.69,2026-08-26 03:28:00,completed,Coffee Mug
ORD_7103,Karthik Sundaram,1569.3,2026-08-26 00:35:00,completed,Sunglasses
ORD_7104,Priya Patel,1932.84,2026-08-25 20:50:00,completed,Monitor Light
ORD_7105,Priya Patel,1908.33,2026-08-26 05:29:00,completed,Monitor Light
ORD_7106,Anjali Saxena,1003.38,2026-08-26 08:06:00,completed,Yoga Mat
ORD_7107,Nikhil Agarwal,486.08,2026-08-26 02:04:00,completed,Blue T-Shirt
ORD_7108,Priya Patel,436.0,2026-08-25 17:35:00,completed,Water Bottle
ORD_7109,Arjun Mehta,311.39,2026-08-25 23:09:00,completed,Phone Case
ORD_7110,Nandini Choudhury,1273.92,2026-08-26 00:56:00,completed,Power Bank
ORD_7111,Priya Patel,1449.36,2026-08-26 08:16:00,completed,Standing Desk Mat
ORD_7112,Meera Iyer,438.41,2026-08-25 18:18:00,completed,Coffee Mug
ORD_7113,Vikram Singh,657.91,2026-08-26 00:03:00,completed,Watch Strap
ORD_7114,Ritu Bansal,2961.84,2026-08-25 21:57:00,completed,Running Shoes
ORD_7115,Priya Patel,305.92,2026-08-25 20:06:00,completed,Phone Case
ORD_7116,Deepika Rao,1463.0,2026-08-26 06:27:00,completed,Wireless Earbuds
ORD_7117,Manish Tiwari,170.61,2026-08-25 22:46:00,completed,USB Cable
ORD_7118,Nandini Choudhury,1333.99,2026-08-25 22:03:00,completed,Power Bank
ORD_7119,Nikhil Agarwal,340.99,2026-08-25 23:53:00,completed,Mouse Pad
ORD_7120,Manish Tiwari,1844.26,2026-08-26 23:57:00,completed,Backpack
ORD_7121,Anjali Saxena,711.31,2026-08-26 08:15:00,completed,Watch Strap
ORD_7122,Divya Kulkarni,2501.66,2026-08-26 04:58:00,completed,Keyboard
ORD_7123,Nikhil Agarwal,300.96,2026-08-26 03:58:00,completed,Phone Case
ORD_7124,Manish Tiwari,466.43,2026-08-25 22:39:00,completed,Coffee Mug
ORD_7125,Gaurav Malhotra,3510.01,2026-08-25 23:08:00,completed,Webcam
ORD_7126,Arjun Mehta,291.56,2026-08-25 17:13:00,completed,Notebook Set
ORD_7127,Ananya Reddy,1249.64,2026-08-26 05:33:00,completed,Power Bank
ORD_7128,Rajesh Menon,1512.45,2026-08-25 22:53:00,completed,Standing Desk Mat
ORD_7129,Rohit Joshi,388.94,2026-08-25 18:54:00,completed,Mouse Pad
ORD_7130,Divya Kulkarni,1792.35,2026-08-25 18:00:00,completed,Backpack
ORD_7131,Arjun Mehta,224.27,2026-08-26 05:49:00,completed,USB Cable
ORD_7132,Kavita Nair,2489.03,2026-08-26 01:21:00,completed,Keyboard
ORD_7133,Manish Tiwari,943.08,2026-08-26 08:36:00,completed,Laptop Stand
ORD_7134,Kavita Nair,3014.98,2026-08-26 00:06:00,completed,Running Shoes
ORD_7135,Divya Kulkarni,1817.29,2026-08-26 02:38:00,completed,Backpack
ORD_7136,Aakash Jain,274.26,2026-08-25 20:52:00,completed,Notebook Set
ORD_7137,Karthik Sundaram,965.38,2026-08-25 18:34:00,completed,Yoga Mat
ORD_7138,Suresh Pillai,1890.66,2026-08-25 18:44:00,completed,Monitor Light
ORD_7139,Manish Tiwari,1009.51,2026-08-26 07:28:00,completed,Yoga Mat
ORD_7140,Nikhil Agarwal,1531.0,2026-08-25 23:35:00,completed,Wireless Earbuds
ORD_7141,Shreya Bhat,315.54,2026-08-25 22:49:00,completed,Mouse Pad
ORD_7142,Nandini Choudhury,1166.61,2026-08-25 19:12:00,completed,Desk Lamp
ORD_7143,Nikhil Agarwal,367.33,2026-08-26 02:20:00,completed,Water Bottle
ORD_7144,Arjun Mehta,1345.01,2026-08-25 21:49:00,completed,Power Bank
ORD_7145,Sneha Gupta,1610.38,2026-08-26 06:18:00,completed,Sunglasses
ORD_7146,Aakash Jain,1522.45,2026-08-26 04:49:00,completed,Wireless Earbuds
ORD_7147,Nikhil Agarwal,2544.4,2026-08-26 05:24:00,completed,Keyboard
ORD_7148,Suresh Pillai,967.84,2026-08-26 06:13:00,completed,Yoga Mat
ORD_7149,Nandini Choudhury,3504.36,2026-08-26 07:33:00,completed,Webcam
ORD_7150,Ritu Bansal,1856.78,2026-08-25 18:20:00,completed,Monitor Light
ORD_7151,Suresh Pillai,1510.39,2026-08-26 08:10:00,completed,Standing Desk Mat
ORD_7152,Meera Iyer,1529.75,2026-08-25 20:50:00,completed,Wireless Earbuds
ORD_7153,Anjali Saxena,1887.55,2026-08-25 19:49:00,completed,Monitor Light
ORD_7154,Rohit Joshi,289.19,2026-08-25 20:18:00,completed,Phone Case
ORD_7155,Sneha Gupta,1203.64,2026-08-25 18:49:00,completed,Desk Lamp
ORD_7156,Sneha Gupta,361.32,2026-08-26 00:40:00,completed,Water Bottle
ORD_7157,Ananya Reddy,216.25,2026-08-26 04:08:00,completed,Notebook Set
ORD_7158,Anjali Saxena,289.52,2026-08-25 21:30:00,completed,Notebook Set
ORD_7159,Shreya Bhat,1323.13,2026-08-26 02:39:00,completed,Power Bank
ORD_7160,Pooja Desai,1589.55,2026-08-25 23:57:00,completed,Sunglasses
ORD_7161,Priya Patel,490.37,2026-08-26 06:02:00,completed,Coffee Mug
ORD_7162,Karthik Sundaram,3494.97,2026-08-26 02:20:00,completed,Webcam
ORD_7163,Rajesh Menon,1285.87,2026-08-25 17:41:00,completed,Power Bank
ORD_7164,Ritu Bansal,394.52,2026-08-26 00:47:00,completed,Water Bottle
ORD_7165,Arjun Mehta,1769.34,2026-08-25 21:06:00,completed,Backpack
ORD_7166,Vikram Singh,533.39,2026-08-25 19:54:00,completed,Blue T-Shirt
ORD_7167,Sneha Gupta,990.08,2026-08-25 23:39:00,completed,Yoga Mat
ORD_7168,Suresh Pillai,996.62,2026-08-26 08:50:00,completed,Yoga Mat
ORD_7169,Sneha Gupta,1780.11,2026-08-25 17:03:00,completed,Backpack
ORD_7170,Pooja Desai,2989.96,2026-08-25 19:00:00,completed,Running Shoes
ORD_7171,Nikhil Agarwal,1175.38,2026-08-26 00:04:00,completed,Desk Lamp
ORD_7172,Ananya Reddy,2987.89,2026-08-26 01:20:00,completed,Running Shoes
ORD_7173,Anjali Saxena,303.28,2026-08-25 17:07:00,completed,Mouse Pad
ORD_7174,Anjali Saxena,231.59,2026-08-26 01:31:00,completed,Notebook Set
ORD_7175,Deepika Rao,1823.27,2026-08-26 00:52:00,completed,Backpack
ORD_7176,Nikhil Agarwal,1151.94,2026-08-25 20:04:00,completed,Desk Lamp
ORD_7177,Deepika Rao,2468.78,2026-08-26 04:40:00,completed,Keyboard
ORD_7178,Pooja Desai,1477.39,2026-08-25 18:30:00,completed,Wireless Earbuds
ORD_7179,Arjun Mehta,722.43,2026-08-26 07:26:00,completed,Watch Strap
ORD_7180,Vikram Singh,1596.99,2026-08-25 23:27:00,completed,Sunglasses
ORD_7181,Amit Kumar,2980.32,2026-08-26 08:45:00,completed,Running Shoes
ORD_7182,Shreya Bhat,167.22,2026-08-25 18:08:00,completed,USB Cable
ORD_7183,Vikram Singh,1883.56,2026-08-26 02:08:00,completed,Monitor Light
ORD_7184,Suresh Pillai,1283.8,2026-08-25 20:28:00,completed,Power Bank
ORD_7185,Pooja Desai,1554.44,2026-08-25 17:34:00,completed,Sunglasses
ORD_7186,Amit Kumar,1801.21,2026-08-25 18:42:00,completed,Backpack
ORD_7187,Pooja Desai,350.69,2026-08-25 22:25:00,completed,Mouse Pad
ORD_7188,Sneha Gupta,464.31,2026-08-25 18:05:00,completed,Coffee Mug
ORD_7189,Karthik Sundaram,439.83,2026-08-25 18:31:00,completed,Water Bottle
ORD_7190,Vikram Singh,275.88,2026-08-26 01:36:00,completed,Notebook Set
ORD_7191,Vikram Singh,881.05,2026-08-25 23:07:00,completed,Laptop Stand
ORD_7192,Meera Iyer,1021.37,2026-08-25 22:23:00,completed,Yoga Mat
ORD_7193,Suresh Pillai,681.79,2026-08-25 22:33:00,completed,Watch Strap
ORD_7194,Nikhil Agarwal,1492.24,2026-08-25 21:03:00,completed,Wireless Earbuds
ORD_7195,Gaurav Malhotra,1789.66,2026-08-26 03:38:00,completed,Backpack
ORD_7196,Vikram Singh,337.0,2026-08-26 07:21:00,completed,Mouse Pad
ORD_7197,Divya Kulkarni,336.3,2026-08-25 23:35:00,completed,Mouse Pad
ORD_7198,Ritu Bansal,1930.76,2026-08-26 06:27:00,completed,Monitor Light
ORD_7199,Rajesh Menon,1585.59,2026-08-25 17:56:00,completed,Sunglasses
ORD_7200,Rahul Sharma,3047.96,2026-08-26 06:29:00,completed,Running Shoes
ORD_7201,Vikram Singh,2493.23,2026-08-26 03:47:00,completed,Keyboard
ORD_7202,Kavita Nair,483.8,2026-08-26 01:26:00,completed,Blue T-Shirt
ORD_7203,Suresh Pillai,1153.34,2026-08-26 03:41:00,completed,Desk Lamp
ORD_7204,Sanjay Verma,1199.15,2026-08-26 06:03:00,completed,Desk Lamp
ORD_7205,Priya Patel,240.35,2026-08-25 19:42:00,completed,Notebook Set
ORD_7206,Meera Iyer,1000.82,2026-08-25 20:16:00,completed,Yoga Mat
ORD_7207,Gaurav Malhotra,152.97,2026-08-26 01:19:00,completed,USB Cable
ORD_7208,Rohit Joshi,1484.85,2026-08-26 03:17:00,completed,Standing Desk Mat
ORD_7209,Sneha Gupta,381.5,2026-08-25 22:55:00,completed,Water Bottle
ORD_7210,Priya Patel,492.68,2026-08-26 05:43:00,completed,Coffee Mug
ORD_7211,Rohit Joshi,713.14,2026-08-26 05:10:00,completed,Watch Strap
ORD_7212,Karthik Sundaram,857.22,2026-08-25 20:30:00,completed,Laptop Stand
ORD_7213,Nikhil Agarwal,516.41,2026-08-25 18:30:00,completed,Blue T-Shirt
ORD_7214,Kavita Nair,407.27,2026-08-25 17:14:00,completed,Coffee Mug
ORD_7215,Priya Patel,3540.5,2026-08-25 18:52:00,completed,Webcam
ORD_7216,Sneha Gupta,939.76,2026-08-25 18:40:00,completed,Laptop Stand
ORD_7217,Deepika Rao,423.81,2026-08-25 22:40:00,completed,Water Bottle
ORD_7218,Meera Iyer,850.9,2026-08-25 20:04:00,completed,Laptop Stand
ORD_7219,Divya Kulkarni,374.24,2026-08-25 19:34:00,completed,Water Bottle
ORD_7220,Gaurav Malhotra,2982.26,2026-08-26 04:42:00,completed,Running Shoes
ORD_7221,Kavita Nair,1530.21,2026-08-26 01:06:00,completed,Wireless Earbuds
ORD_7222,Deepika Rao,1218.67,2026-08-25 17:33:00,completed,Desk Lamp
ORD_7223,Rahul Sharma,1923.08,2026-08-25 17:08:00,completed,Monitor Light
ORD_7224,Ritu Bansal,923.09,2026-08-26 01:19:00,completed,Laptop Stand
ORD_7225,Pooja Desai,189.29,2026-08-25 22:39:00,completed,USB Cable
ORD_7226,Sanjay Verma,1292.31,2026-08-25 18:15:00,completed,Power Bank
ORD_7227,Suresh Pillai,1926.21,2026-08-26 01:50:00,completed,Monitor Light
ORD_7228,Priya Patel,354.8,2026-08-26 05:55:00,completed,Water Bottle
ORD_7229,Nikhil Agarwal,977.34,2026-08-26 03:52:00,completed,Yoga Mat
ORD_7230,Pooja Desai,943.63,2026-08-25 23:17:00,completed,Laptop Stand
ORD_7231,Shreya Bhat,212.23,2026-08-25 23:40:00,completed,Notebook Set
ORD_7232,Priya Patel,1458.41,2026-08-26 02:42:00,completed,Wireless Earbuds
ORD_7233,Nandini Choudhury,283.37,2026-08-25 18:31:00,completed,Notebook Set
ORD_7234,Sneha Gupta,265.19,2026-08-26 06:25:00,completed,Notebook Set
ORD_7235,Manish Tiwari,262.97,2026-08-25 23:23:00,completed,Notebook Set
ORD_7236,Sneha Gupta,1524.34,2026-08-26 06:18:00,completed,Standing Desk Mat
ORD_7237,Divya Kulkarni,2960.51,2026-08-26 01:57:00,completed,Running Shoes
ORD_7238,Amit Kumar,481.59,2026-08-26 03:29:00,completed,Coffee Mug
ORD_7239,Kavita Nair,277.7,2026-08-25 17:06:00,completed,Notebook Set
ORD_7240,Ritu Bansal,1177.97,2026-08-25 18:05:00,completed,Desk Lamp
ORD_7241,Rahul Sharma,299.72,2026-08-26 05:25:00,completed,Phone Case
ORD_7242,Nandini Choudhury,1642.27,2026-08-26 23:57:00,completed,Sunglasses
ORD_7243,Vikram Singh,3451.08,2026-08-26 02:12:00,completed,Webcam
ORD_7244,Karthik Sundaram,380.25,2026-08-26 03:58:00,completed,Water Bottle
ORD_7245,Nandini Choudhury,1595.21,2026-08-26 08:04:00,completed,Sunglasses
ORD_7246,Suresh Pillai,182.7,2026-08-25 22:20:00,completed,USB Cable
ORD_7247,Nikhil Agarwal,265.53,2026-08-25 23:23:00,completed,Phone Case
ORD_7248,Rajesh Menon,429.73,2026-08-26 08:19:00,completed,Water Bottle
ORD_7249,Rohit Joshi,2486.23,2026-08-26 00:42:00,completed,Keyboard
ORD_7250,Priya Patel,1483.21,2026-08-26 05:04:00,completed,Wireless Earbuds
ORD_7251,Rohit Joshi,498.3,2026-08-26 00:57:00,completed,Blue T-Shirt
ORD_7252,Rohit Joshi,1802.96,2026-08-25 23:14:00,completed,Backpack
ORD_7253,Nikhil Agarwal,1771.33,2026-08-25 22:01:00,completed,Backpack
ORD_7254,Nikhil Agarwal,3496.27,2026-08-25 20:15:00,completed,Webcam
ORD_7255,Kavita Nair,1510.0,2026-08-25 22:47:00,completed,Wireless Earbuds
ORD_7256,Arjun Mehta,702.72,2026-08-25 23:19:00,completed,Watch Strap
ORD_7257,Vikram Singh,381.24,2026-08-26 01:25:00,completed,Mouse Pad
ORD_7258,Gaurav Malhotra,3486.87,2026-08-26 07:15:00,completed,Webcam
ORD_7259,Rohit Joshi,1539.5,2026-08-25 23:52:00,completed,Standing Desk Mat
ORD_7260,Amit Kumar,482.68,2026-08-26 06:50:00,completed,Blue T-Shirt
ORD_7261,Nandini Choudhury,239.07,2026-08-25 19:26:00,completed,USB Cable
ORD_7262,Rahul Sharma,382.16,2026-08-26 00:16:00,completed,Water Bottle
ORD_7263,Nandini Choudhury,2451.67,2026-08-26 01:50:00,completed,Keyboard
ORD_7264,Arjun Mehta,2450.58,2026-08-25 20:05:00,completed,Keyboard
ORD_7265,Nikhil Agarwal,490.58,2026-08-25 17:54:00,completed,Blue T-Shirt
ORD_7266,Meera Iyer,1924.31,2026-08-26 03:09:00,completed,Monitor Light
ORD_7267,Suresh Pillai,1005.94,2026-08-26 01:07:00,completed,Yoga Mat
ORD_7268,Divya Kulkarni,539.5,2026-08-26 03:49:00,completed,Blue T-Shirt
ORD_7269,Shreya Bhat,686.7,2026-08-26 08:49:00,completed,Watch Strap
ORD_7270,Karthik Sundaram,710.42,2026-08-26 03:05:00,completed,Watch Strap
ORD_7271,Suresh Pillai,302.25,2026-08-26 00:48:00,completed,Mouse Pad
ORD_7272,Aakash Jain,1014.94,2026-08-25 22:56:00,completed,Yoga Mat
ORD_7273,Karthik Sundaram,302.04,2026-08-25 22:18:00,completed,Mouse Pad
ORD_7274,Kavita Nair,697.18,2026-08-26 02:03:00,completed,Watch Strap
ORD_7275,Pooja Desai,404.79,2026-08-26 08:40:00,completed,Water Bottle
ORD_7276,Karthik Sundaram,232.35,2026-08-26 01:23:00,completed,Notebook Set
ORD_7277,Aakash Jain,2538.08,2026-08-25 23:46:00,completed,Keyboard
ORD_7278,Sneha Gupta,382.55,2026-08-25 21:13:00,completed,Mouse Pad
ORD_7279,Deepika Rao,1301.42,2026-08-25 18:13:00,completed,Power Bank
ORD_7280,Nandini Choudhury,692.78,2026-08-25 23:42:00,completed,Watch Strap
ORD_7281,Arjun Mehta,324.77,2026-08-25 18:07:00,completed,Mouse Pad
ORD_7282,Nikhil Agarwal,431.35,2026-08-25 18:11:00,completed,Coffee Mug
ORD_7283,Meera Iyer,3453.93,2026-08-25 17:03:00,completed,Webcam
ORD_7284,Kavita Nair,851.23,2026-08-26 07:50:00,completed,Laptop Stand
ORD_7285,Rohit Joshi,2452.95,2026-08-26 01:53:00,completed,Keyboard
ORD_7286,Pooja Desai,325.13,2026-08-25 18:06:00,completed,Phone Case
ORD_7287,Gaurav Malhotra,1250.29,2026-08-25 21:18:00,completed,Power Bank
ORD_7288,Gaurav Malhotra,1935.85,2026-08-26 08:42:00,completed,Monitor Light
ORD_7289,Meera Iyer,497.92,2026-08-25 18:56:00,completed,Blue T-Shirt
ORD_7290,Suresh Pillai,3507.23,2026-08-26 00:52:00,completed,Webcam
ORD_7291,Kavita Nair,871.37,2026-08-25 21:30:00,completed,Laptop Stand
ORD_7292,Pooja Desai,1033.64,2026-08-26 08:04:00,completed,Yoga Mat
ORD_7293,Deepika Rao,3002.58,2026-08-25 17:12:00,completed,Running Shoes
ORD_7294,Nandini Choudhury,724.08,2026-08-26 04:51:00,completed,Watch Strap
ORD_7295,Karthik Sundaram,440.52,2026-08-25 17:51:00,completed,Water Bottle
ORD_7296,Meera Iyer,304.94,2026-08-26 04:44:00,completed,Phone Case
ORD_7297,Sanjay Verma,1463.64,2026-08-25 23:58:00,completed,Wireless Earbuds
ORD_7298,Arjun Mehta,2496.82,2026-08-25 19:50:00,completed,Keyboard
ORD_7299,Vikram Singh,1770.33,2026-08-26 06:22:00,completed,Backpack
ORD_7300,Deepika Rao,217.08,2026-08-26 03:52:00,completed,Notebook Set
ORD_7301,Sneha Gupta,179.81,2026-08-26 04:53:00,completed,USB Cable
ORD_7302,Anjali Saxena,1026.99,2026-08-26 08:45:00,completed,Yoga Mat
ORD_7303,Suresh Pillai,1182.14,2026-08-26 02:24:00,completed,Desk Lamp
ORD_7304,Nandini Choudhury,309.35,2026-08-25 17:15:00,completed,Phone Case
ORD_7305,Meera Iyer,998.79,2026-08-25 21:07:00,completed,Yoga Mat
ORD_7306,Karthik Sundaram,1572.41,2026-08-25 18:58:00,completed,Sunglasses
ORD_7307,Suresh Pillai,1027.53,2026-08-26 04:08:00,completed,Yoga Mat
ORD_7308,Priya Patel,460.44,2026-08-26 08:26:00,completed,Blue T-Shirt
ORD_7309,Divya Kulkarni,258.92,2026-08-26 01:46:00,completed,Notebook Set
ORD_7310,Gaurav Malhotra,356.04,2026-08-25 23:17:00,completed,Water Bottle
ORD_7311,Aakash Jain,1273.25,2026-08-26 05:35:00,completed,Power Bank
ORD_7312,Shreya Bhat,3031.92,2026-08-25 19:43:00,completed,Running Shoes
ORD_7313,Vikram Singh,1844.57,2026-08-25 23:55:00,completed,Backpack
ORD_7314,Rahul Sharma,208.47,2026-08-26 06:31:00,completed,Notebook Set
ORD_7315,Amit Kumar,907.36,2026-08-25 19:07:00,completed,Laptop Stand
ORD_7316,Vikram Singh,1179.03,2026-08-26 06:42:00,completed,Desk Lamp
ORD_7317,Manish Tiwari,223.54,2026-08-26 04:12:00,completed,USB Cable
ORD_7318,Divya Kulkarni,1620.92,2026-08-25 21:13:00,completed,Sunglasses
ORD_7319,Divya Kulkarni,1475.22,2026-08-25 23:57:00,completed,Standing Desk Mat
ORD_7320,Nandini Choudhury,1599.48,2026-08-26 05:17:00,completed,Sunglasses
ORD_7321,Rajesh Menon,2485.43,2026-08-25 20:55:00,completed,Keyboard
ORD_7322,Ritu Bansal,343.5,2026-08-25 23:38:00,completed,Mouse Pad
ORD_7323,Ritu Bansal,1638.57,2026-08-25 17:14:00,completed,Sunglasses
ORD_7324,Nikhil Agarwal,1214.72,2026-08-26 08:21:00,completed,Desk Lamp
ORD_7325,Shreya Bhat,442.41,2026-08-26 01:46:00,completed,Coffee Mug
ORD_7326,Ritu Bansal,453.96,2026-08-26 04:10:00,completed,Blue T-Shirt
ORD_7327,Aakash Jain,486.68,2026-08-25 19:00:00,completed,Coffee Mug
ORD_7328,Sanjay Verma,973.7,2026-08-26 00:34:00,completed,Yoga Mat
ORD_7329,Arjun Mehta,1166.44,2026-08-26 07:18:00,completed,Desk Lamp
ORD_7330,Suresh Pillai,1614.58,2026-08-26 08:36:00,completed,Sunglasses
ORD_7331,Amit Kumar,309.2,2026-08-26 07:58:00,completed,Phone Case
ORD_7332,Sneha Gupta,1607.07,2026-08-26 06:11:00,completed,Sunglasses
ORD_7333,Karthik Sundaram,1488.65,2026-08-25 17:56:00,completed,Standing Desk Mat
ORD_7334,Rahul Sharma,215.94,2026-08-25 17:35:00,completed,USB Cable
ORD_7335,Meera Iyer,489.45,2026-08-26 05:19:00,completed,Blue T-Shirt
ORD_7336,Aakash Jain,165.67,2026-08-25 21:41:00,completed,USB Cable
ORD_7337,Nikhil Agarwal,1165.11,2026-08-25 19:22:00,completed,Desk Lamp
ORD_7338,Sneha Gupta,303.69,2026-08-26 03:44:00,completed,Phone Case
ORD_7339,Shreya Bhat,432.95,2026-08-25 17:15:00,completed,Coffee Mug
ORD_7340,Gaurav Malhotra,264.68,2026-08-26 03:27:00,completed,Phone Case
ORD_7341,Aakash Jain,675.03,2026-08-25 21:43:00,completed,Watch Strap
ORD_7342,Divya Kulkarni,1499.47,2026-08-26 05:12:00,completed,Wireless Earbuds
ORD_7343,Amit Kumar,2962.04,2026-08-26 02:03:00,completed,Running Shoes
ORD_7344,Sanjay Verma,1458.12,2026-08-26 02:03:00,completed,Standing Desk Mat
ORD_7345,Rohit Joshi,3521.05,2026-08-25 23:42:00,completed,Webcam
ORD_7346,Anjali Saxena,1882.28,2026-08-25 20:00:00,completed,Monitor Light
ORD_7347,Meera Iyer,430.01,2026-08-26 05:47:00,completed,Coffee Mug
ORD_7348,Priya Patel,671.63,2026-08-26 00:27:00,completed,Watch Strap
ORD_7349,Priya Patel,242.47,2026-08-25 18:32:00,completed,Notebook Set
ORD_7350,Ananya Reddy,697.75,2026-08-26 05:51:00,completed,Watch Strap
ORD_7351,Anjali Saxena,421.67,2026-08-26 00:18:00,completed,Coffee Mug
ORD_7352,Vikram Singh,1785.58,2026-08-26 01:14:00,completed,Backpack
ORD_7353,Deepika Rao,1943.39,2026-08-26 07:11:00,completed,Monitor Light
ORD_7354,Rohit Joshi,217.22,2026-08-26 00:42:00,completed,Notebook Set
ORD_7355,Ritu Bansal,735.75,2026-08-25 18:55:00,completed,Watch Strap
ORD_7356,Anjali Saxena,2544.99,2026-08-26 01:42:00,completed,Keyboard
ORD_7357,Gaurav Malhotra,2544.16,2026-08-26 00:11:00,completed,Keyboard
ORD_7358,Manish Tiwari,2460.77,2026-08-26 03:29:00,completed,Keyboard
ORD_7359,Rajesh Menon,359.43,2026-08-25 21:41:00,completed,Mouse Pad
ORD_7360,Nandini Choudhury,1019.26,2026-08-25 23:09:00,completed,Yoga Mat
ORD_7361,Ananya Reddy,1512.99,2026-08-26 06:32:00,completed,Standing Desk Mat
ORD_7362,Nandini Choudhury,1489.94,2026-08-25 20:49:00,completed,Wireless Earbuds
ORD_7363,Priya Patel,867.78,2026-08-25 22:27:00,completed,Laptop Stand
ORD_7364,Nikhil Agarwal,1235.55,2026-08-26 02:56:00,completed,Desk Lamp
ORD_7365,Amit Kumar,1520.09,2026-08-26 04:48:00,completed,Wireless Earbuds
ORD_7366,Sanjay Verma,219.48,2026-08-26 07:39:00,completed,Notebook Set
ORD_7367,Rahul Sharma,224.11,2026-08-26 00:07:00,completed,USB Cable
ORD_7368,Vikram Singh,475.31,2026-08-26 05:51:00,completed,Blue T-Shirt
ORD_7369,Ananya Reddy,236.68,2026-08-26 03:39:00,completed,Notebook Set
ORD_7370,Priya Patel,1538.8,2026-08-26 02:00:00,completed,Wireless Earbuds
ORD_7371,Arjun Mehta,254.75,2026-08-25 18:46:00,completed,Phone Case
ORD_7372,Ananya Reddy,957.21,2026-08-25 23:07:00,completed,Yoga Mat
ORD_7373,Sneha Gupta,1255.07,2026-08-25 21:56:00,completed,Power Bank
ORD_7374,Deepika Rao,3473.13,2026-08-26 01:43:00,completed,Webcam
ORD_7375,Nandini Choudhury,514.87,2026-08-26 01:38:00,completed,Blue T-Shirt
ORD_7376,Sanjay Verma,1287.58,2026-08-25 19:54:00,completed,Power Bank
ORD_7377,Nikhil Agarwal,195.09,2026-08-25 20:50:00,completed,USB Cable
ORD_7378,Suresh Pillai,3478.38,2026-08-26 06:59:00,completed,Webcam
ORD_7379,Meera Iyer,735.74,2026-08-25 23:43:00,completed,Watch Strap
ORD_7380,Ananya Reddy,711.79,2026-08-26 08:54:00,completed,Watch Strap
ORD_7381,Aakash Jain,380.56,2026-08-26 06:30:00,completed,Water Bottle
ORD_7382,Divya Kulkarni,1941.31,2026-08-26 01:25:00,completed,Monitor Light
ORD_7383,Arjun Mehta,1589.05,2026-08-26 04:52:00,completed,Sunglasses
ORD_7384,Arjun Mehta,3040.59,2026-08-26 05:09:00,completed,Running Shoes
ORD_7385,Shreya Bhat,663.98,2026-08-26 02:32:00,completed,Watch Strap
ORD_7386,Kavita Nair,452.17,2026-08-26 08:52:00,completed,Blue T-Shirt
ORD_7387,Manish Tiwari,1191.47,2026-08-26 08:46:00,completed,Desk Lamp
ORD_7388,Kavita Nair,1467.58,2026-08-25 19:33:00,completed,Standing Desk Mat
ORD_7389,Rohit Joshi,3470.67,2026-08-26 00:39:00,completed,Webcam
ORD_7390,Suresh Pillai,2485.11,2026-08-26 08:19:00,completed,Keyboard
ORD_7391,Pooja Desai,3022.38,2026-08-26 23:58:00,completed,Running Shoes
ORD_7392,Rajesh Menon,3045.47,2026-08-25 20:19:00,completed,Running Shoes
ORD_7393,Rohit Joshi,665.47,2026-08-26 06:59:00,completed,Watch Strap
ORD_7394,Suresh Pillai,2974.47,2026-08-26 05:04:00,completed,Running Shoes
ORD_7395,Meera Iyer,265.48,2026-08-26 00:47:00,completed,Notebook Set
ORD_7396,Manish Tiwari,306.86,2026-08-26 04:22:00,completed,Phone Case
ORD_7397,Priya Patel,1869.65,2026-08-26 01:29:00,completed,Monitor Light
ORD_7398,Karthik Sundaram,1480.04,2026-08-25 21:01:00,completed,Wireless Earbuds
ORD_7399,Pooja Desai,223.98,2026-08-26 06:49:00,completed,Notebook Set
ORD_7400,Deepika Rao,352.93,2026-08-25 17:11:00,completed,Water Bottle
ORD_7401,Shreya Bhat,3043.0,2026-08-26 04:19:00,completed,Running Shoes
ORD_7402,Manish Tiwari,1541.29,2026-08-26 04:18:00,completed,Standing Desk Mat
ORD_7403,Ritu Bansal,2973.54,2026-08-25 18:26:00,completed,Running Shoes
ORD_7404,Divya Kulkarni,1826.9,2026-08-26 08:08:00,completed,Backpack
ORD_7405,Rahul Sharma,360.74,2026-08-26 05:42:00,completed,Water Bottle
ORD_7406,Arjun Mehta,216.87,2026-08-25 19:02:00,completed,USB Cable
ORD_7407,Shreya Bhat,1523.45,2026-08-25 20:16:00,completed,Wireless Earbuds
ORD_7408,Rohit Joshi,288.89,2026-08-26 06:39:00,completed,Phone Case
ORD_7409,Divya Kulkarni,718.46,2026-08-26 03:21:00,completed,Watch Strap
ORD_7410,Nandini Choudhury,3534.51,2026-08-25 23:09:00,completed,Webcam
ORD_7411,Arjun Mehta,2958.54,2026-08-25 23:25:00,completed,Running Shoes
ORD_7412,Manish Tiwari,953.65,2026-08-26 07:04:00,completed,Yoga Mat
ORD_7413,Priya Patel,2501.86,2026-08-26 08:41:00,completed,Keyboard
ORD_7414,Vikram Singh,260.17,2026-08-26 02:14:00,completed,Phone Case
ORD_7415,Sanjay Verma,909.96,2026-08-26 01:59:00,completed,Laptop Stand
ORD_7416,Suresh Pillai,497.88,2026-08-26 08:52:00,completed,Blue T-Shirt
ORD_7417,Rajesh Menon,1450.75,2026-08-26 07:07:00,completed,Standing Desk Mat
ORD_7418,Anjali Saxena,1181.12,2026-08-26 02:38:00,completed,Desk Lamp
ORD_7419,Karthik Sundaram,3473.56,2026-08-25 19:25:00,completed,Webcam
ORD_7420,Rajesh Menon,687.91,2026-08-26 05:47:00,completed,Watch Strap
ORD_7421,Deepika Rao,3022.91,2026-08-26 06:50:00,completed,Running Shoes
ORD_7422,Deepika Rao,1212.63,2026-08-25 18:07:00,completed,Desk Lamp
ORD_7423,Ritu Bansal,720.13,2026-08-25 17:44:00,completed,Watch Strap
ORD_7424,Nandini Choudhury,2454.2,2026-08-26 06:20:00,completed,Keyboard
ORD_7425,Deepika Rao,1557.0,2026-08-26 04:42:00,completed,Sunglasses
ORD_7426,Rajesh Menon,1882.95,2026-08-25 22:17:00,completed,Monitor Light
ORD_7427,Ritu Bansal,3024.29,2026-08-26 04:15:00,completed,Running Shoes
ORD_7428,Arjun Mehta,487.68,2026-08-26 01:14:00,completed,Coffee Mug
ORD_7429,Vikram Singh,1230.47,2026-08-26 07:34:00,completed,Desk Lamp
ORD_7430,Vikram Singh,350.79,2026-08-25 23:58:00,completed,Water Bottle
ORD_7431,Gaurav Malhotra,1519.99,2026-08-25 18:48:00,completed,Standing Desk Mat
ORD_7432,Rajesh Menon,224.95,2026-08-25 22:13:00,completed,Notebook Set
ORD_7433,Nikhil Agarwal,1921.92,2026-08-26 04:48:00,completed,Monitor Light
ORD_7434,Rohit Joshi,736.19,2026-08-26 02:33:00,completed,Watch Strap
ORD_7435,Kavita Nair,392.77,2026-08-26 08:02:00,completed,Mouse Pad
ORD_7436,Vikram Singh,1173.42,2026-08-25 22:28:00,completed,Desk Lamp
ORD_7437,Priya Patel,201.09,2026-08-26 23:57:00,completed,USB Cable
ORD_7438,Shreya Bhat,369.68,2026-08-25 23:34:00,completed,Mouse Pad
ORD_7439,Rahul Sharma,488.92,2026-08-25 23:01:00,completed,Blue T-Shirt
ORD_7440,Nandini Choudhury,1462.84,2026-08-26 01:57:00,completed,Standing Desk Mat
ORD_7441,Arjun Mehta,1804.15,2026-08-25 22:50:00,completed,Backpack
ORD_7442,Sneha Gupta,1607.77,2026-08-25 19:24:00,completed,Sunglasses
ORD_7443,Amit Kumar,1536.99,2026-08-26 07:02:00,completed,Standing Desk Mat
ORD_7444,Ananya Reddy,442.66,2026-08-26 06:44:00,completed,Coffee Mug
ORD_7445,Sanjay Verma,1638.28,2026-08-25 17:20:00,completed,Sunglasses
ORD_7446,Kavita Nair,1803.76,2026-08-25 23:08:00,completed,Backpack
ORD_7447,Shreya Bhat,1531.72,2026-08-25 21:55:00,completed,Wireless Earbuds
ORD_7448,Amit Kumar,2955.5,2026-08-25 23:18:00,completed,Running Shoes
ORD_7449,Amit Kumar,249.84,2026-08-26 03:30:00,completed,Notebook Set
ORD_7450,Nikhil Agarwal,1811.61,2026-08-25 18:38:00,completed,Backpack
ORD_7451,Sneha Gupta,1525.1,2026-08-26 00:06:00,completed,Standing Desk Mat
ORD_7452,Anjali Saxena,2544.08,2026-08-25 19:26:00,completed,Keyboard
ORD_7453,Anjali Saxena,1785.1,2026-08-26 08:05:00,completed,Backpack
ORD_7454,Suresh Pillai,680.33,2026-08-26 03:45:00,completed,Watch Strap
ORD_7455,Rajesh Menon,213.71,2026-08-26 06:56:00,completed,Notebook Set
ORD_7456,Amit Kumar,2546.4,2026-08-25 21:41:00,completed,Keyboard
ORD_7457,Ritu Bansal,3521.95,2026-08-25 23:07:00,completed,Webcam
ORD_7458,Nikhil Agarwal,436.36,2026-08-26 05:14:00,completed,Water Bottle
ORD_7459,Suresh Pillai,934.58,2026-08-25 23:25:00,completed,Laptop Stand
ORD_7460,Shreya Bhat,329.13,2026-08-26 08:24:00,completed,Phone Case
ORD_7461,Rahul Sharma,1610.91,2026-08-26 00:20:00,completed,Sunglasses
ORD_7462,Rahul Sharma,3510.36,2026-08-25 23:42:00,completed,Webcam
ORD_7463,Divya Kulkarni,1809.24,2026-08-26 05:40:00,completed,Backpack
ORD_7464,Gaurav Malhotra,3468.51,2026-08-25 23:47:00,completed,Webcam
ORD_7465,Kavita Nair,3519.85,2026-08-25 20:35:00,completed,Webcam
ORD_7466,Rohit Joshi,3491.01,2026-08-25 23:53:00,completed,Webcam
ORD_7467,Arjun Mehta,1515.52,2026-08-25 21:07:00,completed,Standing Desk Mat
ORD_7468,Suresh Pillai,3523.48,2026-08-25 17:09:00,completed,Webcam
ORD_7469,Anjali Saxena,1875.85,2026-08-25 23:04:00,completed,Monitor Light
ORD_7470,Kavita Nair,1198.54,2026-08-25 23:36:00,completed,Desk Lamp
ORD_7471,Rohit Joshi,1834.69,2026-08-25 22:58:00,completed,Backpack
ORD_7472,Shreya Bhat,932.52,2026-08-26 03:04:00,completed,Laptop Stand
ORD_7473,Kavita Nair,1204.76,2026-08-26 02:46:00,completed,Desk Lamp
ORD_7474,Nikhil Agarwal,1516.12,2026-08-26 03:43:00,completed,Standing Desk Mat
ORD_7475,Anjali Saxena,2531.4,2026-08-26 02:06:00,completed,Keyboard
ORD_7476,Gaurav Malhotra,2491.13,2026-08-25 23:26:00,completed,Keyboard
ORD_7477,Ritu Bansal,340.35,2026-08-25 23:04:00,completed,Mouse Pad
ORD_7478,Priya Patel,1581.04,2026-08-26 00:00:00,completed,Sunglasses
ORD_7479,Gaurav Malhotra,875.46,2026-08-26 06:36:00,completed,Laptop Stand
ORD_7480,Amit Kumar,295.98,2026-08-25 23:59:00,completed,Phone Case
ORD_7481,Sanjay Verma,1017.76,2026-08-25 22:00:00,completed,Yoga Mat
ORD_7482,Vikram Singh,3458.34,2026-08-25 17:41:00,completed,Webcam
ORD_7483,Anjali Saxena,438.12,2026-08-26 02:00:00,completed,Water Bottle
ORD_7484,Deepika Rao,475.92,2026-08-25 21:31:00,completed,Coffee Mug
ORD_7485,Kavita Nair,383.89,2026-08-26 01:27:00,completed,Water Bottle
ORD_7486,Amit Kumar,1301.24,2026-08-26 08:29:00,completed,Power Bank
ORD_7487,Aakash Jain,936.91,2026-08-25 21:47:00,completed,Laptop Stand
ORD_7488,Rohit Joshi,1162.71,2026-08-25 20:27:00,completed,Desk Lamp
ORD_7489,Gaurav Malhotra,1639.94,2026-08-26 04:59:00,completed,Sunglasses
ORD_7490,Sneha Gupta,1504.02,2026-08-26 05:47:00,completed,Standing Desk Mat
ORD_7491,Anjali Saxena,156.69,2026-08-26 03:51:00,completed,USB Cable
ORD_7492,Karthik Sundaram,3009.48,2026-08-26 04:20:00,completed,Running Shoes
ORD_7493,Ananya Reddy,1903.81,2026-08-26 05:32:00,completed,Monitor Light
ORD_7494,Sanjay Verma,2965.83,2026-08-25 20:56:00,completed,Running Shoes
ORD_7495,Arjun Mehta,545.81,2026-08-26 08:26:00,completed,Blue T-Shirt
ORD_7496,Divya Kulkarni,1153.11,2026-08-25 18:36:00,completed,Desk Lamp
ORD_7497,Meera Iyer,1767.19,2026-08-26 04:54:00,completed,Backpack
ORD_7498,Ananya Reddy,3026.53,2026-08-25 20:49:00,completed,Running Shoes
ORD_7499,Kavita Nair,1569.4,2026-08-26 07:35:00,completed,Sunglasses
ORD_7500,Karthik Sundaram,1586.88,2026-08-26 01:23:00,completed,Sunglasses
ORD_7501,Suresh Pillai,238.55,2026-08-25 17:16:00,completed,USB Cable
ORD_7502,Aakash Jain,385.06,2026-08-26 02:54:00,completed,Water Bottle
ORD_7503,Sanjay Verma,661.26,2026-08-26 08:38:00,completed,Watch Strap
ORD_7504,Divya Kulkarni,439.88,2026-08-26 02:15:00,completed,Coffee Mug
ORD_7505,Arjun Mehta,1479.54,2026-08-26 05:28:00,completed,Standing Desk Mat
ORD_7506,Pooja Desai,3029.28,2026-08-25 21:55:00,completed,Running Shoes
ORD_7507,Ritu Bansal,1465.88,2026-08-26 00:26:00,completed,Wireless Earbuds
ORD_7508,Kavita Nair,491.62,2026-08-25 22:27:00,completed,Blue T-Shirt
ORD_7509,Sanjay Verma,499.38,2026-08-25 23:03:00,completed,Blue T-Shirt
ORD_7510,Vikram Singh,353.21,2026-08-26 01:04:00,completed,Water Bottle
ORD_7511,Divya Kulkarni,304.99,2026-08-25 20:58:00,completed,Mouse Pad
ORD_7512,Gaurav Malhotra,1287.37,2026-08-26 06:14:00,completed,Power Bank
ORD_7513,Arjun Mehta,219.08,2026-08-25 21:01:00,completed,Notebook Set
ORD_7514,Ritu Bansal,337.52,2026-08-25 23:05:00,completed,Mouse Pad
ORD_7515,Divya Kulkarni,520.78,2026-08-26 04:18:00,completed,Blue T-Shirt
ORD_7516,Sneha Gupta,1835.6,2026-08-25 22:25:00,completed,Backpack
ORD_7517,Priya Patel,350.15,2026-08-25 19:12:00,completed,Mouse Pad
ORD_7518,Pooja Desai,2525.08,2026-08-26 04:13:00,completed,Keyboard
ORD_7519,Meera Iyer,438.45,2026-08-26 02:32:00,completed,Coffee Mug
ORD_7520,Suresh Pillai,158.37,2026-08-26 07:58:00,completed,USB Cable
ORD_7521,Gaurav Malhotra,672.01,2026-08-25 19:19:00,completed,Watch Strap
ORD_7522,Meera Iyer,1483.21,2026-08-25 23:58:00,completed,Wireless Earbuds
ORD_7523,Karthik Sundaram,265.29,2026-08-26 04:41:00,completed,Phone Case
ORD_7524,Nandini Choudhury,367.44,2026-08-26 04:21:00,completed,Water Bottle
ORD_7525,Divya Kulkarni,1764.28,2026-08-26 04:40:00,completed,Backpack
ORD_7526,Anjali Saxena,3029.56,2026-08-26 05:32:00,completed,Running Shoes
ORD_7527,Sneha Gupta,1149.11,2026-08-25 21:47:00,completed,Desk Lamp
ORD_7528,Shreya Bhat,397.03,2026-08-26 07:11:00,completed,Water Bottle
ORD_7529,Nikhil Agarwal,689.42,2026-08-26 03:44:00,completed,Watch Strap
ORD_7530,Gaurav Malhotra,323.18,2026-08-26 06:05:00,completed,Mouse Pad
ORD_7531,Sneha Gupta,1619.02,2026-08-25 21:46:00,completed,Sunglasses
ORD_7532,Deepika Rao,1516.49,2026-08-26 00:50:00,completed,Wireless Earbuds
ORD_7533,Ananya Reddy,1773.64,2026-08-25 19:59:00,completed,Backpack
ORD_7534,Nikhil Agarwal,1018.62,2026-08-25 20:18:00,completed,Yoga Mat
ORD_7535,Divya Kulkarni,1021.86,2026-08-25 18:06:00,completed,Yoga Mat
ORD_7536,Vikram Singh,318.42,2026-08-26 06:04:00,completed,Mouse Pad
ORD_7537,Deepika Rao,1884.16,2026-08-26 05:38:00,completed,Monitor Light
ORD_7538,Amit Kumar,988.28,2026-08-26 07:47:00,completed,Yoga Mat
ORD_7539,Sneha Gupta,1451.88,2026-08-26 04:36:00,completed,Standing Desk Mat
ORD_7540,Nandini Choudhury,911.86,2026-08-25 22:48:00,completed,Laptop Stand
ORD_7541,Deepika Rao,1585.12,2026-08-25 23:36:00,completed,Sunglasses
ORD_7542,Karthik Sundaram,1245.43,2026-08-25 21:27:00,completed,Desk Lamp
ORD_7543,Vikram Singh,1044.88,2026-08-26 03:22:00,completed,Yoga Mat
ORD_7544,Priya Patel,2504.15,2026-08-26 07:09:00,completed,Keyboard
ORD_7545,Sanjay Verma,541.11,2026-08-25 19:00:00,completed,Blue T-Shirt
ORD_7546,Meera Iyer,858.27,2026-08-25 21:08:00,completed,Laptop Stand
ORD_7547,Meera Iyer,1525.66,2026-08-26 06:01:00,completed,Standing Desk Mat
ORD_7548,Kavita Nair,1518.79,2026-08-26 06:59:00,completed,Wireless Earbuds
ORD_7549,Sanjay Verma,1486.26,2026-08-25 21:06:00,completed,Standing Desk Mat
ORD_7550,Pooja Desai,231.37,2026-08-26 01:58:00,completed,Notebook Set
ORD_7551,Rahul Sharma,294.65,2026-08-26 05:51:00,completed,Phone Case
ORD_7552,Arjun Mehta,865.58,2026-08-26 00:52:00,completed,Laptop Stand
ORD_7553,Aakash Jain,723.09,2026-08-26 06:59:00,completed,Watch Strap
ORD_7554,Kavita Nair,351.35,2026-08-26 04:24:00,completed,Water Bottle
ORD_7555,Karthik Sundaram,1002.3,2026-08-25 17:43:00,completed,Yoga Mat
ORD_7556,Meera Iyer,959.65,2026-08-26 00:12:00,completed,Yoga Mat
ORD_7557,Rajesh Menon,1603.66,2026-08-25 23:32:00,completed,Sunglasses
ORD_7558,Rahul Sharma,1940.31,2026-08-25 22:26:00,completed,Monitor Light
ORD_7559,Rohit Joshi,2958.89,2026-08-25 19:30:00,completed,Running Shoes
ORD_7560,Amit Kumar,2539.06,2026-08-25 19:04:00,completed,Keyboard
ORD_7561,Deepika Rao,1619.13,2026-08-26 06:41:00,completed,Sunglasses
ORD_7562,Ananya Reddy,1559.62,2026-08-26 00:17:00,completed,Sunglasses
ORD_7563,Karthik Sundaram,1769.12,2026-08-25 19:11:00,completed,Backpack
ORD_7564,Pooja Desai,1253.11,2026-08-25 20:08:00,completed,Power Bank
ORD_7565,Suresh Pillai,373.34,2026-08-25 22:14:00,completed,Mouse Pad
ORD_7566,Nikhil Agarwal,744.52,2026-08-26 04:13:00,completed,Watch Strap
ORD_7567,Ananya Reddy,1461.81,2026-08-26 02:09:00,completed,Wireless Earbuds
ORD_7568,Kavita Nair,203.95,2026-08-26 05:31:00,completed,Notebook Set
ORD_7569,Nikhil Agarwal,888.74,2026-08-26 04:57:00,completed,Laptop Stand
ORD_7570,Rohit Joshi,307.58,2026-08-25 19:25:00,completed,Mouse Pad
ORD_7571,Sneha Gupta,293.06,2026-08-26 05:02:00,completed,Notebook Set
ORD_7572,Rohit Joshi,264.59,2026-08-25 18:18:00,completed,Notebook Set
ORD_7573,Priya Patel,210.31,2026-08-25 20:52:00,completed,USB Cable
ORD_7574,Divya Kulkarni,1528.59,2026-08-25 23:41:00,completed,Wireless Earbuds
ORD_7575,Priya Patel,345.88,2026-08-26 02:14:00,completed,Phone Case
ORD_7576,Meera Iyer,864.13,2026-08-25 18:07:00,completed,Laptop Stand
ORD_7577,Sneha Gupta,467.76,2026-08-25 21:39:00,completed,Coffee Mug
ORD_7578,Ritu Bansal,1561.98,2026-08-25 21:58:00,completed,Sunglasses
ORD_7579,Anjali Saxena,2490.71,2026-08-26 05:04:00,completed,Keyboard
ORD_7580,Nikhil Agarwal,1635.95,2026-08-26 02:56:00,completed,Sunglasses
ORD_7581,Ritu Bansal,934.74,2026-08-26 05:12:00,completed,Laptop Stand
ORD_7582,Ananya Reddy,999.47,2026-08-26 06:13:00,completed,Yoga Mat
ORD_7583,Deepika Rao,1294.08,2026-08-25 22:41:00,completed,Power Bank
ORD_7584,Manish Tiwari,412.22,2026-08-26 00:02:00,completed,Coffee Mug
ORD_7585,Rajesh Menon,1765.37,2026-08-26 05:17:00,completed,Backpack
ORD_7586,Rahul Sharma,289.9,2026-08-25 17:40:00,completed,Notebook Set
ORD_7587,Gaurav Malhotra,968.6,2026-08-26 02:03:00,completed,Yoga Mat
ORD_7588,Vikram Singh,1187.11,2026-08-26 05:14:00,completed,Desk Lamp
ORD_7589,Amit Kumar,1484.04,2026-08-26 00:23:00,completed,Standing Desk Mat
ORD_7590,Nandini Choudhury,1458.78,2026-08-26 08:25:00,completed,Standing Desk Mat
ORD_7591,Anjali Saxena,714.51,2026-08-26 08:59:00,completed,Watch Strap
ORD_7592,Priya Patel,447.09,2026-08-26 05:58:00,completed,Coffee Mug
ORD_7593,Priya Patel,177.76,2026-08-26 05:07:00,completed,USB Cable
ORD_7594,Pooja Desai,3498.38,2026-08-26 07:13:00,completed,Webcam
ORD_7595,Divya Kulkarni,2462.53,2026-08-26 04:42:00,completed,Keyboard
ORD_7596,Deepika Rao,923.21,2026-08-25 18:47:00,completed,Laptop Stand
ORD_7597,Anjali Saxena,891.3,2026-08-26 04:01:00,completed,Laptop Stand
ORD_7598,Vikram Singh,1894.37,2026-08-25 17:06:00,completed,Monitor Light
ORD_7599,Amit Kumar,2994.54,2026-08-26 01:35:00,completed,Running Shoes
ORD_7600,Deepika Rao,2488.45,2026-08-26 01:40:00,completed,Keyboard
ORD_7601,Pooja Desai,468.58,2026-08-26 01:41:00,completed,Coffee Mug
ORD_7602,Arjun Mehta,169.79,2026-08-25 19:07:00,completed,USB Cable
ORD_7603,Ananya Reddy,528.26,2026-08-26 01:41:00,completed,Blue T-Shirt
ORD_7604,Deepika Rao,1214.24,2026-08-25 23:44:00,completed,Desk Lamp
ORD_7605,Sneha Gupta,3021.49,2026-08-26 07:35:00,completed,Running Shoes
ORD_7606,Ananya Reddy,378.5,2026-08-26 03:07:00,completed,Water Bottle
ORD_7607,Karthik Sundaram,291.79,2026-08-25 23:58:00,completed,Notebook Set
ORD_7608,Nikhil Agarwal,2524.96,2026-08-25 17:34:00,completed,Keyboard
ORD_7609,Aakash Jain,548.9,2026-08-26 03:44:00,completed,Blue T-Shirt
ORD_7610,Nandini Choudhury,1340.56,2026-08-26 07:35:00,completed,Power Bank
ORD_7611,Arjun Mehta,987.6,2026-08-26 05:45:00,completed,Yoga Mat
ORD_7612,Pooja Desai,930.69,2026-08-25 22:44:00,completed,Laptop Stand
ORD_7613,Karthik Sundaram,392.31,2026-08-26 06:24:00,completed,Water Bottle
ORD_7614,Priya Patel,1336.39,2026-08-25 23:21:00,completed,Power Bank
ORD_7615,Meera Iyer,248.66,2026-08-25 21:36:00,completed,Notebook Set
ORD_7616,Priya Patel,219.59,2026-08-25 17:45:00,completed,Notebook Set
ORD_7617,Pooja Desai,296.19,2026-08-25 18:03:00,completed,Notebook Set
ORD_7618,Shreya Bhat,1007.65,2026-08-26 01:02:00,completed,Yoga Mat
ORD_7619,Rahul Sharma,300.63,2026-08-25 17:52:00,completed,Mouse Pad
ORD_7620,Arjun Mehta,1560.7,2026-08-26 07:24:00,completed,Sunglasses
ORD_7621,Deepika Rao,3516.95,2026-08-26 04:12:00,completed,Webcam
ORD_7622,Ananya Reddy,212.28,2026-08-26 00:06:00,completed,USB Cable
ORD_7623,Priya Patel,1529.77,2026-08-25 23:03:00,completed,Standing Desk Mat
ORD_7624,Suresh Pillai,207.5,2026-08-25 17:32:00,completed,Notebook Set
ORD_7625,Meera Iyer,962.78,2026-08-25 21:46:00,completed,Yoga Mat
ORD_7626,Karthik Sundaram,2956.96,2026-08-25 23:07:00,completed,Running Shoes
ORD_7627,Meera Iyer,1893.65,2026-08-26 00:22:00,completed,Monitor Light
ORD_7628,Rahul Sharma,1569.72,2026-08-25 19:50:00,completed,Sunglasses
ORD_7629,Anjali Saxena,738.04,2026-08-26 04:28:00,completed,Watch Strap
ORD_7630,Divya Kulkarni,3501.12,2026-08-25 17:23:00,completed,Webcam
ORD_7631,Ananya Reddy,3048.61,2026-08-26 23:58:00,completed,Running Shoes
ORD_7632,Rohit Joshi,1763.28,2026-08-25 18:37:00,completed,Backpack
ORD_7633,Nikhil Agarwal,331.74,2026-08-26 01:45:00,completed,Phone Case
ORD_7634,Vikram Singh,487.58,2026-08-26 01:12:00,completed,Blue T-Shirt
ORD_7635,Vikram Singh,2996.47,2026-08-25 22:28:00,completed,Running Shoes
ORD_7636,Ritu Bansal,245.3,2026-08-25 18:12:00,completed,Notebook Set
ORD_7637,Karthik Sundaram,1245.26,2026-08-26 08:37:00,completed,Desk Lamp
ORD_7638,Ritu Bansal,1347.73,2026-08-25 19:40:00,completed,Power Bank
ORD_7639,Arjun Mehta,449.18,2026-08-26 06:22:00,completed,Blue T-Shirt
ORD_7640,Ritu Bansal,250.02,2026-08-25 19:48:00,completed,Notebook Set
ORD_7641,Deepika Rao,1904.49,2026-08-25 20:12:00,completed,Monitor Light
ORD_7642,Ritu Bansal,169.91,2026-08-26 02:56:00,completed,USB Cable
ORD_7643,Vikram Singh,507.37,2026-08-26 08:26:00,completed,Blue T-Shirt
ORD_7644,Vikram Singh,3535.46,2026-08-25 21:21:00,completed,Webcam
ORD_7645,Gaurav Malhotra,3525.17,2026-08-25 17:50:00,completed,Webcam
ORD_7646,Rajesh Menon,259.44,2026-08-26 00:39:00,completed,Notebook Set
ORD_7647,Suresh Pillai,3027.34,2026-08-26 02:50:00,completed,Running Shoes
ORD_7648,Suresh Pillai,1305.62,2026-08-25 21:26:00,completed,Power Bank
ORD_7649,Ananya Reddy,876.0,2026-08-26 07:02:00,completed,Laptop Stand
ORD_7650,Vikram Singh,1189.84,2026-08-26 06:31:00,completed,Desk Lamp
ORD_7651,Priya Patel,975.31,2026-08-26 01:07:00,completed,Yoga Mat
ORD_7652,Gaurav Malhotra,1174.63,2026-08-25 20:52:00,completed,Desk Lamp
ORD_7653,Gaurav Malhotra,383.93,2026-08-25 17:04:00,completed,Water Bottle
ORD_7654,Rahul Sharma,2949.48,2026-08-25 20:28:00,completed,Running Shoes
ORD_7655,Sanjay Verma,1526.79,2026-08-25 21:38:00,completed,Wireless Earbuds
ORD_7656,Rohit Joshi,151.92,2026-08-25 17:21:00,completed,USB Cable
ORD_7657,Amit Kumar,2480.26,2026-08-26 00:52:00,completed,Keyboard
ORD_7658,Aakash Jain,1813.29,2026-08-26 00:32:00,completed,Backpack
ORD_7659,Meera Iyer,1165.42,2026-08-26 05:47:00,completed,Desk Lamp
ORD_7660,Sneha Gupta,290.46,2026-08-26 08:11:00,completed,Notebook Set
ORD_7661,Ritu Bansal,2482.5,2026-08-26 00:33:00,completed,Keyboard
ORD_7662,Rajesh Menon,1486.96,2026-08-26 06:50:00,completed,Wireless Earbuds
ORD_7663,Vikram Singh,202.23,2026-08-25 22:11:00,completed,USB Cable
ORD_7664,Meera Iyer,438.37,2026-08-26 08:33:00,completed,Water Bottle
ORD_7665,Ritu Bansal,350.52,2026-08-25 19:17:00,completed,Mouse Pad
ORD_7666,Meera Iyer,450.79,2026-08-26 04:11:00,completed,Blue T-Shirt
ORD_7667,Meera Iyer,1178.58,2026-08-25 17:36:00,completed,Desk Lamp
ORD_7668,Deepika Rao,464.97,2026-08-26 08:32:00,completed,Coffee Mug
ORD_7669,Sanjay Verma,854.51,2026-08-25 17:26:00,completed,Laptop Stand
ORD_7670,Arjun Mehta,3517.77,2026-08-25 18:23:00,completed,Webcam
ORD_7671,Karthik Sundaram,348.65,2026-08-25 18:20:00,completed,Phone Case
ORD_7672,Arjun Mehta,3480.85,2026-08-26 03:52:00,completed,Webcam
ORD_7673,Ananya Reddy,899.68,2026-08-26 01:56:00,completed,Laptop Stand
ORD_7674,Divya Kulkarni,1874.23,2026-08-25 20:28:00,completed,Monitor Light
ORD_7675,Amit Kumar,3008.43,2026-08-25 18:46:00,completed,Running Shoes
ORD_7676,Aakash Jain,731.8,2026-08-26 08:47:00,completed,Watch Strap
ORD_7677,Sneha Gupta,370.98,2026-08-25 19:47:00,completed,Mouse Pad
ORD_7678,Divya Kulkarni,976.22,2026-08-25 18:02:00,completed,Yoga Mat
ORD_7679,Priya Patel,319.14,2026-08-25 18:39:00,completed,Mouse Pad
ORD_7680,Sanjay Verma,990.81,2026-08-26 06:21:00,completed,Yoga Mat
ORD_7681,Nandini Choudhury,443.86,2026-08-26 07:20:00,completed,Coffee Mug
ORD_7682,Anjali Saxena,1452.15,2026-08-25 22:48:00,completed,Wireless Earbuds
ORD_7683,Ritu Bansal,1912.6,2026-08-25 23:41:00,completed,Monitor Light
ORD_7684,Nandini Choudhury,456.18,2026-08-26 03:54:00,completed,Coffee Mug
ORD_7685,Suresh Pillai,1021.78,2026-08-26 05:42:00,completed,Yoga Mat
ORD_7686,Ritu Bansal,2507.65,2026-08-25 22:48:00,completed,Keyboard
ORD_7687,Meera Iyer,466.74,2026-08-26 08:43:00,completed,Coffee Mug
ORD_7688,Rahul Sharma,426.7,2026-08-25 18:25:00,completed,Water Bottle
ORD_7689,Gaurav Malhotra,685.79,2026-08-25 21:27:00,completed,Watch Strap
ORD_7690,Kavita Nair,1568.19,2026-08-25 20:21:00,completed,Sunglasses
ORD_7691,Manish Tiwari,501.23,2026-08-26 07:46:00,completed,Blue T-Shirt
ORD_7692,Gaurav Malhotra,242.75,2026-08-25 18:44:00,completed,USB Cable
ORD_7693,Meera Iyer,264.28,2026-08-26 08:27:00,completed,Phone Case
ORD_7694,Manish Tiwari,742.96,2026-08-25 18:21:00,completed,Watch Strap
ORD_7695,Sneha Gupta,731.5,2026-08-26 07:39:00,completed,Watch Strap
ORD_7696,Nandini Choudhury,289.75,2026-08-25 17:58:00,completed,Phone Case
ORD_7697,Karthik Sundaram,1883.01,2026-08-25 22:20:00,completed,Monitor Light
ORD_7698,Rajesh Menon,696.77,2026-08-25 20:33:00,completed,Watch Strap
ORD_7699,Pooja Desai,1925.29,2026-08-25 18:02:00,completed,Monitor Light
ORD_7700,Vikram Singh,859.67,2026-08-25 17:13:00,completed,Laptop Stand
ORD_7701,Nikhil Agarwal,2540.0,2026-08-26 07:49:00,completed,Keyboard
ORD_7702,Shreya Bhat,3533.12,2026-08-26 04:40:00,completed,Webcam
ORD_7703,Shreya Bhat,1532.8,2026-08-26 05:52:00,completed,Standing Desk Mat
ORD_7704,Sanjay Verma,279.57,2026-08-25 18:27:00,completed,Phone Case
ORD_7705,Rohit Joshi,2484.48,2026-08-26 07:36:00,completed,Keyboard
ORD_7706,Arjun Mehta,533.72,2026-08-26 02:49:00,completed,Blue T-Shirt
ORD_7707,Karthik Sundaram,349.59,2026-08-26 04:22:00,completed,Water Bottle
ORD_7708,Divya Kulkarni,3494.41,2026-08-25 23:22:00,completed,Webcam
ORD_7709,Nikhil Agarwal,209.01,2026-08-26 06:49:00,completed,Notebook Set
ORD_7710,Nikhil Agarwal,853.96,2026-08-26 04:31:00,completed,Laptop Stand
ORD_7711,Suresh Pillai,2988.22,2026-08-25 23:33:00,completed,Running Shoes
ORD_7712,Sneha Gupta,1029.7,2026-08-25 21:46:00,completed,Yoga Mat
ORD_7713,Deepika Rao,497.16,2026-08-26 01:54:00,completed,Coffee Mug
ORD_7714,Divya Kulkarni,2985.38,2026-08-25 17:52:00,completed,Running Shoes
ORD_7715,Sneha Gupta,868.82,2026-08-26 05:32:00,completed,Laptop Stand
ORD_7716,Nikhil Agarwal,1587.35,2026-08-25 22:02:00,completed,Sunglasses
ORD_7717,Vikram Singh,160.4,2026-08-26 03:18:00,completed,USB Cable
ORD_7718,Priya Patel,905.7,2026-08-26 08:51:00,completed,Laptop Stand
ORD_7719,Priya Patel,285.61,2026-08-26 00:58:00,completed,Phone Case
ORD_7720,Ananya Reddy,190.92,2026-08-26 02:02:00,completed,USB Cable
ORD_7721,Shreya Bhat,741.86,2026-08-26 08:11:00,completed,Watch Strap
ORD_7722,Amit Kumar,892.43,2026-08-26 23:57:00,completed,Laptop Stand
ORD_7723,Anjali Saxena,213.56,2026-08-26 07:06:00,completed,USB Cable
ORD_7724,Karthik Sundaram,1017.27,2026-08-26 03:00:00,completed,Yoga Mat
ORD_7725,Gaurav Malhotra,270.74,2026-08-26 02:30:00,completed,Phone Case
ORD_7726,Sneha Gupta,1768.97,2026-08-25 20:41:00,completed,Backpack
ORD_7727,Nikhil Agarwal,1836.7,2026-08-25 20:54:00,completed,Backpack
ORD_7728,Rohit Joshi,1470.99,2026-08-25 22:29:00,completed,Wireless Earbuds
ORD_7729,Nikhil Agarwal,3546.36,2026-08-26 03:04:00,completed,Webcam
ORD_7730,Manish Tiwari,651.11,2026-08-26 06:15:00,completed,Watch Strap
ORD_7731,Deepika Rao,271.79,2026-08-26 02:37:00,completed,Phone Case
ORD_7732,Sneha Gupta,296.86,2026-08-26 06:57:00,completed,Phone Case
ORD_7733,Amit Kumar,268.85,2026-08-25 23:46:00,completed,Notebook Set
ORD_7734,Ritu Bansal,2967.32,2026-08-26 03:38:00,completed,Running Shoes
ORD_7735,Rahul Sharma,1934.65,2026-08-26 03:50:00,completed,Monitor Light
ORD_7736,Rahul Sharma,663.96,2026-08-26 07:57:00,completed,Watch Strap
ORD_7737,Rohit Joshi,1751.89,2026-08-26 07:03:00,completed,Backpack
ORD_7738,Aakash Jain,312.45,2026-08-26 04:40:00,completed,Mouse Pad
ORD_7739,Rohit Joshi,2487.35,2026-08-25 19:27:00,completed,Keyboard
ORD_7740,Deepika Rao,1202.2,2026-08-26 07:06:00,completed,Desk Lamp
ORD_7741,Pooja Desai,1160.71,2026-08-26 02:00:00,completed,Desk Lamp
ORD_7742,Manish Tiwari,1017.62,2026-08-25 17:45:00,completed,Yoga Mat
ORD_7743,Priya Patel,2474.92,2026-08-26 07:36:00,completed,Keyboard
ORD_7744,Aakash Jain,1918.64,2026-08-26 03:14:00,completed,Monitor Light
ORD_7745,Rahul Sharma,921.7,2026-08-25 19:33:00,completed,Laptop Stand
ORD_7746,Shreya Bhat,418.41,2026-08-26 06:49:00,completed,Water Bottle
ORD_7747,Aakash Jain,864.29,2026-08-26 00:50:00,completed,Laptop Stand
ORD_7748,Kavita Nair,1643.52,2026-08-25 19:35:00,completed,Sunglasses
ORD_7749,Divya Kulkarni,313.02,2026-08-26 03:57:00,completed,Mouse Pad
ORD_7750,Sneha Gupta,1333.91,2026-08-25 23:21:00,completed,Power Bank
ORD_7751,Rajesh Menon,2457.3,2026-08-25 20:57:00,completed,Keyboard
ORD_7752,Divya Kulkarni,1043.82,2026-08-25 19:05:00,completed,Yoga Mat
ORD_7753,Anjali Saxena,1470.67,2026-08-26 03:23:00,completed,Wireless Earbuds
ORD_7754,Sneha Gupta,394.74,2026-08-25 17:11:00,completed,Water Bottle
ORD_7755,Anjali Saxena,427.56,2026-08-25 20:15:00,completed,Coffee Mug
ORD_7756,Shreya Bhat,211.93,2026-08-25 19:45:00,completed,USB Cable
ORD_7757,Manish Tiwari,434.75,2026-08-25 21:34:00,completed,Coffee Mug
ORD_7758,Aakash Jain,1921.22,2026-08-25 22:04:00,completed,Monitor Light
ORD_7759,Suresh Pillai,932.13,2026-08-26 08:34:00,completed,Laptop Stand
ORD_7760,Karthik Sundaram,244.94,2026-08-25 17:05:00,completed,USB Cable
ORD_7761,Rohit Joshi,3546.5,2026-08-25 22:07:00,completed,Webcam
ORD_7762,Gaurav Malhotra,268.62,2026-08-26 02:49:00,completed,Phone Case
ORD_7763,Amit Kumar,234.93,2026-08-26 00:54:00,completed,USB Cable
ORD_7764,Ananya Reddy,2489.57,2026-08-26 08:55:00,completed,Keyboard
ORD_7765,Sneha Gupta,489.76,2026-08-25 19:58:00,completed,Coffee Mug
ORD_7766,Kavita Nair,1344.78,2026-08-25 19:34:00,completed,Power Bank
ORD_7767,Priya Patel,1845.83,2026-08-26 07:38:00,completed,Backpack
ORD_7768,Ananya Reddy,374.25,2026-08-25 17:50:00,completed,Water Bottle
ORD_7769,Deepika Rao,907.86,2026-08-25 19:10:00,completed,Laptop Stand
ORD_7770,Manish Tiwari,1225.8,2026-08-25 18:33:00,completed,Desk Lamp
ORD_7771,Amit Kumar,1517.05,2026-08-25 22:00:00,completed,Standing Desk Mat
ORD_7772,Ritu Bansal,200.49,2026-08-25 19:37:00,completed,USB Cable
ORD_7773,Rajesh Menon,1201.4,2026-08-25 22:33:00,completed,Desk Lamp
ORD_7774,Anjali Saxena,892.83,2026-08-25 23:02:00,completed,Laptop Stand
ORD_7775,Karthik Sundaram,1942.45,2026-08-26 03:44:00,completed,Monitor Light
ORD_7776,Nandini Choudhury,1934.7,2026-08-26 08:41:00,completed,Monitor Light
ORD_7777,Aakash Jain,1492.75,2026-08-26 05:56:00,completed,Standing Desk Mat
ORD_7778,Kavita Nair,173.37,2026-08-25 23:31:00,completed,USB Cable
ORD_7779,Suresh Pillai,340.66,2026-08-26 05:35:00,completed,Phone Case
ORD_7780,Aakash Jain,179.19,2026-08-25 19:11:00,completed,USB Cable
ORD_7781,Rajesh Menon,537.5,2026-08-25 21:35:00,completed,Blue T-Shirt
ORD_7782,Karthik Sundaram,259.02,2026-08-25 19:55:00,completed,Notebook Set
ORD_7783,Rohit Joshi,388.72,2026-08-26 00:05:00,completed,Water Bottle
ORD_7784,Kavita Nair,397.61,2026-08-25 21:55:00,completed,Water Bottle
ORD_7785,Sneha Gupta,1750.93,2026-08-26 06:02:00,completed,Backpack
ORD_7786,Karthik Sundaram,1852.35,2026-08-26 03:10:00,completed,Monitor Light
ORD_7787,Deepika Rao,341.06,2026-08-26 01:53:00,completed,Mouse Pad
ORD_7788,Meera Iyer,1002.59,2026-08-26 01:09:00,completed,Yoga Mat
ORD_7789,Rohit Joshi,258.36,2026-08-26 05:26:00,completed,Notebook Set
ORD_7790,Nandini Choudhury,974.9,2026-08-25 19:23:00,completed,Yoga Mat
ORD_7791,Aakash Jain,1333.63,2026-08-26 01:59:00,completed,Power Bank
ORD_7792,Suresh Pillai,317.98,2026-08-25 18:20:00,completed,Mouse Pad
ORD_7793,Gaurav Malhotra,950.28,2026-08-26 04:03:00,completed,Yoga Mat
ORD_7794,Divya Kulkarni,3013.06,2026-08-25 21:31:00,completed,Running Shoes
ORD_7795,Rohit Joshi,882.23,2026-08-25 17:36:00,completed,Laptop Stand
ORD_7796,Nikhil Agarwal,1631.98,2026-08-26 00:21:00,completed,Sunglasses
ORD_7797,Rajesh Menon,1876.71,2026-08-25 20:37:00,completed,Monitor Light
ORD_7798,Divya Kulkarni,1341.3,2026-08-26 01:03:00,completed,Power Bank
ORD_7799,Ritu Bansal,470.48,2026-08-26 06:59:00,completed,Coffee Mug
ORD_7800,Meera Iyer,521.63,2026-08-26 08:03:00,completed,Blue T-Shirt
ORD_7801,Divya Kulkarni,1465.09,2026-08-25 19:25:00,completed,Wireless Earbuds
ORD_7802,Kavita Nair,304.25,2026-08-25 19:23:00,completed,Mouse Pad
ORD_7803,Rajesh Menon,407.98,2026-08-25 21:53:00,completed,Water Bottle
ORD_7804,Meera Iyer,733.09,2026-08-26 08:50:00,completed,Watch Strap
ORD_7805,Sanjay Verma,895.42,2026-08-26 03:31:00,completed,Laptop Stand
ORD_7806,Amit Kumar,1521.19,2026-08-25 18:34:00,completed,Wireless Earbuds
ORD_7807,Nikhil Agarwal,1493.95,2026-08-26 04:34:00,completed,Wireless Earbuds
ORD_7808,Arjun Mehta,1603.75,2026-08-26 08:51:00,completed,Sunglasses
ORD_7809,Arjun Mehta,1182.69,2026-08-25 19:20:00,completed,Desk Lamp
ORD_7810,Deepika Rao,1855.51,2026-08-26 06:54:00,completed,Monitor Light
ORD_7811,Arjun Mehta,1933.68,2026-08-26 00:41:00,completed,Monitor Light
ORD_7812,Priya Patel,3015.32,2026-08-26 00:40:00,completed,Running Shoes
ORD_7813,Karthik Sundaram,308.34,2026-08-25 18:31:00,completed,Mouse Pad
ORD_7814,Nandini Choudhury,444.13,2026-08-26 07:06:00,completed,Coffee Mug
ORD_7815,Shreya Bhat,495.11,2026-08-26 06:33:00,completed,Blue T-Shirt
ORD_7816,Nandini Choudhury,1559.08,2026-08-25 18:06:00,completed,Sunglasses
ORD_7817,Rahul Sharma,953.67,2026-08-26 02:39:00,completed,Yoga Mat
ORD_7818,Gaurav Malhotra,1765.46,2026-08-25 18:02:00,completed,Backpack
ORD_7819,Amit Kumar,401.37,2026-08-26 04:51:00,completed,Coffee Mug
ORD_7820,Suresh Pillai,3047.27,2026-08-26 00:59:00,completed,Running Shoes
ORD_7821,Kavita Nair,447.08,2026-08-26 04:29:00,completed,Coffee Mug
ORD_7822,Rahul Sharma,3039.87,2026-08-26 03:55:00,completed,Running Shoes
ORD_7823,Kavita Nair,1643.68,2026-08-26 03:03:00,completed,Sunglasses
ORD_7824,Divya Kulkarni,1770.09,2026-08-26 00:59:00,completed,Backpack
ORD_7825,Karthik Sundaram,3037.31,2026-08-26 01:15:00,completed,Running Shoes
ORD_7826,Divya Kulkarni,3548.76,2026-08-26 07:01:00,completed,Webcam
ORD_7827,Manish Tiwari,498.25,2026-08-25 20:18:00,completed,Coffee Mug
ORD_7828,Kavita Nair,396.65,2026-08-25 23:54:00,completed,Mouse Pad
ORD_7829,Anjali Saxena,2518.27,2026-08-25 23:37:00,completed,Keyboard
ORD_7830,Manish Tiwari,939.21,2026-08-26 04:01:00,completed,Laptop Stand
ORD_7831,Pooja Desai,723.27,2026-08-25 21:29:00,completed,Watch Strap
ORD_7832,Gaurav Malhotra,1013.98,2026-08-26 01:09:00,completed,Yoga Mat
ORD_7833,Aakash Jain,1768.36,2026-08-25 17:21:00,completed,Backpack
ORD_7834,Shreya Bhat,411.9,2026-08-26 23:58:00,completed,Water Bottle
ORD_7835,Anjali Saxena,422.71,2026-08-26 04:24:00,completed,Coffee Mug
ORD_7836,Ananya Reddy,222.92,2026-08-25 21:30:00,completed,USB Cable
ORD_7837,Deepika Rao,474.01,2026-08-26 00:46:00,completed,Blue T-Shirt
ORD_7838,Priya Patel,486.58,2026-08-25 23:09:00,completed,Blue T-Shirt
ORD_7839,Pooja Desai,337.06,2026-08-25 21:20:00,completed,Mouse Pad
ORD_7840,Amit Kumar,1213.81,2026-08-25 23:34:00,completed,Desk Lamp
ORD_7841,Pooja Desai,1820.47,2026-08-26 05:11:00,completed,Backpack
ORD_7842,Nikhil Agarwal,479.43,2026-08-26 06:28:00,completed,Blue T-Shirt
ORD_7843,Priya Patel,1454.55,2026-08-25 23:40:00,completed,Standing Desk Mat
ORD_7844,Gaurav Malhotra,261.6,2026-08-26 04:41:00,completed,Phone Case
ORD_7845,Gaurav Malhotra,1462.08,2026-08-25 20:07:00,completed,Wireless Earbuds
ORD_7846,Deepika Rao,714.17,2026-08-26 02:19:00,completed,Watch Strap
ORD_7847,Nikhil Agarwal,3503.91,2026-08-26 06:54:00,completed,Webcam
ORD_7848,Rahul Sharma,2510.99,2026-08-26 06:14:00,completed,Keyboard
ORD_7849,Nandini Choudhury,1871.93,2026-08-26 00:53:00,completed,Monitor Light
ORD_7850,Manish Tiwari,1479.3,2026-08-25 19:45:00,completed,Standing Desk Mat
ORD_7851,Divya Kulkarni,350.93,2026-08-25 21:53:00,completed,Mouse Pad
ORD_7852,Meera Iyer,182.57,2026-08-25 21:29:00,completed,USB Cable
ORD_7853,Meera Iyer,885.64,2026-08-25 20:58:00,completed,Laptop Stand
ORD_7854,Ritu Bansal,1332.92,2026-08-26 08:42:00,completed,Power Bank
ORD_7855,Rahul Sharma,1621.4,2026-08-25 18:12:00,completed,Sunglasses
ORD_7856,Anjali Saxena,327.71,2026-08-25 18:19:00,completed,Phone Case
ORD_7857,Nandini Choudhury,1532.22,2026-08-26 04:21:00,completed,Standing Desk Mat
ORD_7858,Nandini Choudhury,1335.9,2026-08-25 23:16:00,completed,Power Bank
ORD_7859,Sneha Gupta,450.99,2026-08-26 17:36:00,completed,Blue T-Shirt
ORD_7860,Rajesh Menon,1848.52,2026-08-26 21:03:00,completed,Backpack
ORD_7861,Rajesh Menon,1048.68,2026-08-27 04:03:00,completed,Yoga Mat
ORD_7862,Manish Tiwari,1762.43,2026-08-26 17:03:00,completed,Backpack
ORD_7863,Rahul Sharma,1766.28,2026-08-26 23:25:00,completed,Backpack
ORD_7864,Rajesh Menon,921.08,2026-08-26 22:40:00,completed,Laptop Stand
ORD_7865,Nandini Choudhury,1562.96,2026-08-26 21:28:00,completed,Sunglasses
ORD_7866,Aakash Jain,704.48,2026-08-27 06:06:00,completed,Watch Strap
ORD_7867,Priya Patel,1866.02,2026-08-26 18:29:00,completed,Monitor Light
ORD_7868,Aakash Jain,283.17,2026-08-27 02:26:00,completed,Phone Case
ORD_7869,Nandini Choudhury,872.81,2026-08-26 21:21:00,completed,Laptop Stand
ORD_7870,Rajesh Menon,262.02,2026-08-27 00:19:00,completed,Phone Case
ORD_7871,Sanjay Verma,359.48,2026-08-27 00:08:00,completed,Mouse Pad
ORD_7872,Aakash Jain,671.66,2026-08-27 06:21:00,completed,Watch Strap
ORD_7873,Aakash Jain,307.16,2026-08-26 23:01:00,completed,Phone Case
ORD_7874,Priya Patel,1041.3,2026-08-26 20:30:00,completed,Yoga Mat
ORD_7875,Rajesh Menon,309.34,2026-08-26 18:24:00,completed,Phone Case
ORD_7876,Aakash Jain,1535.99,2026-08-27 01:15:00,completed,Standing Desk Mat
ORD_7877,Ritu Bansal,331.43,2026-08-26 19:05:00,completed,Phone Case
ORD_7878,Rohit Joshi,203.68,2026-08-27 03:23:00,completed,USB Cable
ORD_7879,Rajesh Menon,1167.39,2026-08-26 17:36:00,completed,Desk Lamp
ORD_7880,Nandini Choudhury,310.76,2026-08-26 19:27:00,completed,Phone Case
ORD_7881,Vikram Singh,882.79,2026-08-27 04:46:00,completed,Laptop Stand
ORD_7882,Amit Kumar,1557.49,2026-08-27 07:33:00,completed,Sunglasses
ORD_7883,Ritu Bansal,2949.98,2026-08-26 18:12:00,completed,Running Shoes
ORD_7884,Aakash Jain,3030.36,2026-08-26 17:49:00,completed,Running Shoes
ORD_7885,Nandini Choudhury,1261.83,2026-08-26 22:58:00,completed,Power Bank
ORD_7886,Priya Patel,1751.44,2026-08-27 07:13:00,completed,Backpack
ORD_7887,Karthik Sundaram,1041.22,2026-08-27 05:14:00,completed,Yoga Mat
ORD_7888,Arjun Mehta,325.29,2026-08-26 17:04:00,completed,Phone Case
ORD_7889,Sneha Gupta,2487.15,2026-08-27 03:53:00,completed,Keyboard
ORD_7890,Ritu Bansal,688.63,2026-08-27 06:32:00,completed,Watch Strap
ORD_7891,Nandini Choudhury,379.38,2026-08-27 05:51:00,completed,Water Bottle
ORD_7892,Amit Kumar,855.09,2026-08-26 23:19:00,completed,Laptop Stand
ORD_7893,Shreya Bhat,257.69,2026-08-27 05:16:00,completed,Phone Case
ORD_7894,Rahul Sharma,664.83,2026-08-27 04:28:00,completed,Watch Strap
ORD_7895,Pooja Desai,2474.8,2026-08-27 08:52:00,completed,Keyboard
ORD_7896,Rohit Joshi,1828.8,2026-08-26 22:45:00,completed,Backpack
ORD_7897,Manish Tiwari,257.89,2026-08-27 01:48:00,completed,Phone Case
ORD_7898,Rohit Joshi,1925.24,2026-08-27 06:21:00,completed,Monitor Light
ORD_7899,Sneha Gupta,1803.12,2026-08-26 20:59:00,completed,Backpack
ORD_7900,Ananya Reddy,218.58,2026-08-26 22:39:00,completed,USB Cable
ORD_7901,Priya Patel,881.19,2026-08-27 07:11:00,completed,Laptop Stand
ORD_7902,Pooja Desai,414.32,2026-08-27 04:30:00,completed,Coffee Mug
ORD_7903,Gaurav Malhotra,203.61,2026-08-26 21:43:00,completed,Notebook Set
ORD_7904,Sneha Gupta,935.75,2026-08-27 04:31:00,completed,Laptop Stand
ORD_7905,Deepika Rao,219.88,2026-08-26 23:50:00,completed,Notebook Set
ORD_7906,Gaurav Malhotra,341.76,2026-08-27 01:45:00,completed,Mouse Pad
ORD_7907,Gaurav Malhotra,1183.15,2026-08-26 20:19:00,completed,Desk Lamp
ORD_7908,Shreya Bhat,1018.03,2026-08-26 18:02:00,completed,Yoga Mat
ORD_7909,Amit Kumar,327.21,2026-08-26 18:21:00,completed,Phone Case
ORD_7910,Sanjay Verma,1846.03,2026-08-26 19:28:00,completed,Backpack
ORD_7911,Anjali Saxena,297.28,2026-08-27 00:42:00,completed,Phone Case
ORD_7912,Kavita Nair,3007.07,2026-08-26 22:54:00,completed,Running Shoes
ORD_7913,Ritu Bansal,213.55,2026-08-26 17:11:00,completed,USB Cable
ORD_7914,Divya Kulkarni,225.28,2026-08-27 00:07:00,completed,USB Cable
ORD_7915,Sneha Gupta,378.91,2026-08-26 22:45:00,completed,Water Bottle
ORD_7916,Ritu Bansal,1485.83,2026-08-27 02:39:00,completed,Wireless Earbuds
ORD_7917,Priya Patel,185.64,2026-08-26 22:20:00,completed,USB Cable
ORD_7918,Priya Patel,3512.92,2026-08-27 03:11:00,completed,Webcam
ORD_7919,Manish Tiwari,464.55,2026-08-26 23:43:00,completed,Blue T-Shirt
ORD_7920,Rohit Joshi,2488.86,2026-08-27 01:12:00,completed,Keyboard
ORD_7921,Suresh Pillai,951.63,2026-08-27 08:43:00,completed,Yoga Mat
ORD_7922,Aakash Jain,314.83,2026-08-26 17:28:00,completed,Mouse Pad
ORD_7923,Anjali Saxena,1313.79,2026-08-27 06:47:00,completed,Power Bank
ORD_7924,Shreya Bhat,1463.16,2026-08-27 02:31:00,completed,Standing Desk Mat
ORD_7925,Rohit Joshi,426.55,2026-08-27 05:39:00,completed,Coffee Mug
ORD_7926,Sanjay Verma,330.96,2026-08-27 02:01:00,completed,Phone Case
ORD_7927,Deepika Rao,1253.44,2026-08-26 19:02:00,completed,Power Bank
ORD_7928,Ananya Reddy,210.78,2026-08-27 08:56:00,completed,Notebook Set
ORD_7929,Ananya Reddy,3459.94,2026-08-27 08:03:00,completed,Webcam
ORD_7930,Kavita Nair,441.09,2026-08-26 22:25:00,completed,Water Bottle
ORD_7931,Kavita Nair,1759.27,2026-08-27 03:50:00,completed,Backpack
ORD_7932,Rahul Sharma,900.78,2026-08-27 23:57:00,completed,Laptop Stand
ORD_7933,Nandini Choudhury,3452.02,2026-08-26 22:24:00,completed,Webcam
ORD_7934,Kavita Nair,3522.36,2026-08-27 06:30:00,completed,Webcam
ORD_7935,Suresh Pillai,1533.47,2026-08-26 18:50:00,completed,Wireless Earbuds
ORD_7936,Ritu Bansal,1795.29,2026-08-26 18:42:00,completed,Backpack
ORD_7937,Divya Kulkarni,224.15,2026-08-27 02:54:00,completed,Notebook Set
ORD_7938,Meera Iyer,1642.84,2026-08-26 18:10:00,completed,Sunglasses
ORD_7939,Rohit Joshi,1205.15,2026-08-26 19:52:00,completed,Desk Lamp
ORD_7940,Karthik Sundaram,1509.42,2026-08-27 03:44:00,completed,Standing Desk Mat
ORD_7941,Rajesh Menon,1912.77,2026-08-26 17:07:00,completed,Monitor Light
ORD_7942,Kavita Nair,1752.92,2026-08-27 04:42:00,completed,Backpack
ORD_7943,Nandini Choudhury,412.23,2026-08-27 01:42:00,completed,Water Bottle
ORD_7944,Rahul Sharma,1273.06,2026-08-26 22:05:00,completed,Power Bank
ORD_7945,Nikhil Agarwal,2476.85,2026-08-27 05:10:00,completed,Keyboard
ORD_7946,Sneha Gupta,1930.97,2026-08-26 23:35:00,completed,Monitor Light
ORD_7947,Kavita Nair,323.9,2026-08-27 02:28:00,completed,Phone Case
ORD_7948,Rajesh Menon,405.66,2026-08-26 23:28:00,completed,Water Bottle
ORD_7949,Amit Kumar,2541.88,2026-08-27 01:16:00,completed,Keyboard
ORD_7950,Arjun Mehta,315.55,2026-08-27 02:24:00,completed,Phone Case
ORD_7951,Ritu Bansal,1172.1,2026-08-26 21:30:00,completed,Desk Lamp
ORD_7952,Karthik Sundaram,1538.37,2026-08-26 20:16:00,completed,Standing Desk Mat
ORD_7953,Divya Kulkarni,469.77,2026-08-26 17:01:00,completed,Blue T-Shirt
ORD_7954,Rajesh Menon,1807.52,2026-08-26 22:00:00,completed,Backpack
ORD_7955,Ritu Bansal,2514.51,2026-08-27 00:14:00,completed,Keyboard
ORD_7956,Rajesh Menon,149.63,2026-08-27 07:57:00,completed,USB Cable
ORD_7957,Deepika Rao,1471.98,2026-08-27 06:36:00,completed,Wireless Earbuds
ORD_7958,Gaurav Malhotra,1283.25,2026-08-26 18:40:00,completed,Power Bank
ORD_7959,Rohit Joshi,411.41,2026-08-27 02:38:00,completed,Water Bottle
ORD_7960,Pooja Desai,413.78,2026-08-27 08:22:00,completed,Water Bottle
ORD_7961,Aakash Jain,440.67,2026-08-27 08:48:00,completed,Water Bottle
ORD_7962,Pooja Desai,918.71,2026-08-27 02:51:00,completed,Laptop Stand
ORD_7963,Ananya Reddy,1571.5,2026-08-26 19:47:00,completed,Sunglasses
ORD_7964,Sanjay Verma,1863.82,2026-08-26 20:08:00,completed,Monitor Light
ORD_7965,Manish Tiwari,3015.66,2026-08-26 19:15:00,completed,Running Shoes
ORD_7966,Rahul Sharma,721.65,2026-08-27 00:44:00,completed,Watch Strap
ORD_7967,Sanjay Verma,1174.79,2026-08-27 03:23:00,completed,Desk Lamp
ORD_7968,Arjun Mehta,731.41,2026-08-26 18:35:00,completed,Watch Strap
ORD_7969,Ritu Bansal,258.5,2026-08-27 01:19:00,completed,Notebook Set
ORD_7970,Shreya Bhat,732.5,2026-08-26 20:17:00,completed,Watch Strap
ORD_7971,Manish Tiwari,1536.15,2026-08-26 19:11:00,completed,Standing Desk Mat
ORD_7972,Gaurav Malhotra,1866.81,2026-08-26 20:34:00,completed,Monitor Light
ORD_7973,Ritu Bansal,220.71,2026-08-27 04:09:00,completed,Notebook Set
ORD_7974,Pooja Desai,1609.57,2026-08-27 00:42:00,completed,Sunglasses
ORD_7975,Ananya Reddy,451.84,2026-08-27 02:58:00,completed,Coffee Mug
ORD_7976,Vikram Singh,1521.62,2026-08-27 00:23:00,completed,Standing Desk Mat
ORD_7977,Nandini Choudhury,349.5,2026-08-26 22:28:00,completed,Water Bottle
ORD_7978,Ananya Reddy,1809.33,2026-08-27 01:50:00,completed,Backpack
ORD_7979,Ananya Reddy,671.4,2026-08-27 00:41:00,completed,Watch Strap
ORD_7980,Ritu Bansal,1153.41,2026-08-26 19:51:00,completed,Desk Lamp
ORD_7981,Nandini Choudhury,3010.52,2026-08-27 08:19:00,completed,Running Shoes
ORD_7982,Pooja Desai,247.46,2026-08-26 18:40:00,completed,USB Cable
ORD_7983,Pooja Desai,3017.31,2026-08-27 07:35:00,completed,Running Shoes
ORD_7984,Aakash Jain,1845.65,2026-08-27 08:34:00,completed,Backpack
ORD_7985,Meera Iyer,679.98,2026-08-27 05:05:00,completed,Watch Strap
ORD_7986,Shreya Bhat,1939.7,2026-08-26 23:57:00,completed,Monitor Light
ORD_7987,Rohit Joshi,463.69,2026-08-26 22:50:00,completed,Blue T-Shirt
ORD_7988,Priya Patel,492.0,2026-08-27 05:17:00,completed,Coffee Mug
ORD_7989,Amit Kumar,1789.81,2026-08-26 23:10:00,completed,Backpack
ORD_7990,Rahul Sharma,2521.64,2026-08-27 02:55:00,completed,Keyboard
ORD_7991,Ritu Bansal,1819.87,2026-08-27 07:10:00,completed,Backpack
ORD_7992,Sneha Gupta,1253.58,2026-08-27 02:44:00,completed,Power Bank
ORD_7993,Divya Kulkarni,192.08,2026-08-26 18:51:00,completed,USB Cable
ORD_7994,Manish Tiwari,484.67,2026-08-26 19:06:00,completed,Coffee Mug
ORD_7995,Rajesh Menon,218.6,2026-08-27 08:03:00,completed,USB Cable
ORD_7996,Sneha Gupta,291.05,2026-08-27 04:02:00,completed,Phone Case
ORD_7997,Kavita Nair,1753.63,2026-08-27 03:32:00,completed,Backpack
ORD_7998,Meera Iyer,1782.25,2026-08-27 07:08:00,completed,Backpack
ORD_7999,Rohit Joshi,206.26,2026-08-26 23:07:00,completed,Notebook Set
ORD_8000,Kavita Nair,299.13,2026-08-26 19:19:00,completed,Mouse Pad
ORD_8001,Vikram Singh,418.1,2026-08-26 19:49:00,completed,Coffee Mug
ORD_8002,Rohit Joshi,1544.02,2026-08-26 23:10:00,completed,Wireless Earbuds
ORD_8003,Rajesh Menon,2502.38,2026-08-27 07:39:00,completed,Keyboard
ORD_8004,Sneha Gupta,540.09,2026-08-26 21:09:00,completed,Blue T-Shirt
ORD_8005,Vikram Singh,2453.27,2026-08-26 21:02:00,completed,Keyboard
ORD_8006,Pooja Desai,236.82,2026-08-26 19:13:00,completed,Notebook Set
ORD_8007,Nikhil Agarwal,449.38,2026-08-26 19:52:00,completed,Blue T-Shirt
ORD_8008,Arjun Mehta,323.85,2026-08-26 20:00:00,completed,Phone Case
ORD_8009,Anjali Saxena,2950.78,2026-08-27 07:10:00,completed,Running Shoes
ORD_8010,Ananya Reddy,356.7,2026-08-26 21:08:00,completed,Water Bottle
ORD_8011,Aakash Jain,226.67,2026-08-27 05:12:00,completed,Notebook Set
ORD_8012,Aakash Jain,901.34,2026-08-27 00:20:00,completed,Laptop Stand
ORD_8013,Sanjay Verma,298.8,2026-08-27 05:05:00,completed,Phone Case
ORD_8014,Amit Kumar,727.4,2026-08-26 23:22:00,completed,Watch Strap
ORD_8015,Amit Kumar,402.2,2026-08-27 05:11:00,completed,Water Bottle
ORD_8016,Karthik Sundaram,1173.16,2026-08-26 22:13:00,completed,Desk Lamp
ORD_8017,Shreya Bhat,364.56,2026-08-27 04:53:00,completed,Water Bottle
ORD_8018,Suresh Pillai,1538.34,2026-08-27 04:58:00,completed,Standing Desk Mat
ORD_8019,Sneha Gupta,710.73,2026-08-26 17:17:00,completed,Watch Strap
ORD_8020,Anjali Saxena,413.86,2026-08-26 22:13:00,completed,Coffee Mug
ORD_8021,Ananya Reddy,1761.31,2026-08-27 00:46:00,completed,Backpack
ORD_8022,Suresh Pillai,1185.55,2026-08-27 01:29:00,completed,Desk Lamp
ORD_8023,Priya Patel,184.06,2026-08-27 02:46:00,completed,USB Cable
ORD_8024,Shreya Bhat,291.59,2026-08-26 22:54:00,completed,Phone Case
ORD_8025,Rahul Sharma,2999.91,2026-08-27 03:28:00,completed,Running Shoes
ORD_8026,Nikhil Agarwal,483.23,2026-08-27 06:18:00,completed,Coffee Mug
ORD_8027,Divya Kulkarni,1339.15,2026-08-27 01:36:00,completed,Power Bank
ORD_8028,Manish Tiwari,282.8,2026-08-27 02:41:00,completed,Notebook Set
ORD_8029,Meera Iyer,2992.52,2026-08-27 00:51:00,completed,Running Shoes
ORD_8030,Nikhil Agarwal,3017.54,2026-08-26 19:01:00,completed,Running Shoes
ORD_8031,Karthik Sundaram,1784.14,2026-08-26 22:39:00,completed,Backpack
ORD_8032,Suresh Pillai,1798.44,2026-08-27 08:52:00,completed,Backpack
ORD_8033,Manish Tiwari,2544.03,2026-08-26 22:21:00,completed,Keyboard
ORD_8034,Meera Iyer,706.96,2026-08-26 23:05:00,completed,Watch Strap
ORD_8035,Divya Kulkarni,209.24,2026-08-27 07:03:00,completed,USB Cable
ORD_8036,Manish Tiwari,2956.45,2026-08-27 07:43:00,completed,Running Shoes
ORD_8037,Meera Iyer,1550.0,2026-08-27 08:19:00,completed,Sunglasses
ORD_8038,Ananya Reddy,1537.18,2026-08-27 08:46:00,completed,Wireless Earbuds
ORD_8039,Pooja Desai,1004.32,2026-08-27 03:23:00,completed,Yoga Mat
ORD_8040,Rajesh Menon,1573.89,2026-08-27 00:52:00,completed,Sunglasses
ORD_8041,Karthik Sundaram,308.29,2026-08-27 02:48:00,completed,Phone Case
ORD_8042,Divya Kulkarni,999.31,2026-08-27 04:36:00,completed,Yoga Mat
ORD_8043,Manish Tiwari,427.01,2026-08-27 01:42:00,completed,Water Bottle
ORD_8044,Divya Kulkarni,370.82,2026-08-27 08:23:00,completed,Mouse Pad
ORD_8045,Pooja Desai,406.67,2026-08-27 06:34:00,completed,Water Bottle
ORD_8046,Rajesh Menon,3514.66,2026-08-26 21:41:00,completed,Webcam
ORD_8047,Aakash Jain,1812.86,2026-08-27 06:12:00,completed,Backpack
ORD_8048,Shreya Bhat,3521.87,2026-08-26 23:29:00,completed,Webcam
ORD_8049,Rohit Joshi,1299.86,2026-08-26 22:18:00,completed,Power Bank
ORD_8050,Rahul Sharma,330.15,2026-08-26 17:54:00,completed,Mouse Pad
ORD_8051,Vikram Singh,496.89,2026-08-26 23:58:00,completed,Blue T-Shirt
ORD_8052,Gaurav Malhotra,923.93,2026-08-27 02:39:00,completed,Laptop Stand
ORD_8053,Divya Kulkarni,1812.29,2026-08-27 07:25:00,completed,Backpack
ORD_8054,Nandini Choudhury,906.32,2026-08-26 19:00:00,completed,Laptop Stand
ORD_8055,Rahul Sharma,1172.43,2026-08-26 19:56:00,completed,Desk Lamp
ORD_8056,Rahul Sharma,418.4,2026-08-27 02:47:00,completed,Coffee Mug
ORD_8057,Manish Tiwari,3483.04,2026-08-26 23:17:00,completed,Webcam
ORD_8058,Manish Tiwari,358.93,2026-08-27 01:43:00,completed,Mouse Pad
ORD_8059,Shreya Bhat,716.45,2026-08-26 17:49:00,completed,Watch Strap
ORD_8060,Suresh Pillai,366.25,2026-08-27 06:05:00,completed,Mouse Pad
ORD_8061,Arjun Mehta,531.02,2026-08-27 23:57:00,completed,Blue T-Shirt
ORD_8062,Aakash Jain,3035.27,2026-08-26 21:56:00,completed,Running Shoes
ORD_8063,Sanjay Verma,3013.15,2026-08-27 04:39:00,completed,Running Shoes
ORD_8064,Vikram Singh,697.93,2026-08-26 17:45:00,completed,Watch Strap
ORD_8065,Aakash Jain,1861.0,2026-08-27 05:03:00,completed,Monitor Light
ORD_8066,Karthik Sundaram,369.02,2026-08-27 08:55:00,completed,Water Bottle
ORD_8067,Vikram Singh,1222.82,2026-08-27 06:09:00,completed,Desk Lamp
ORD_8068,Gaurav Malhotra,1462.35,2026-08-27 04:42:00,completed,Standing Desk Mat
ORD_8069,Kavita Nair,2497.71,2026-08-27 04:50:00,completed,Keyboard
ORD_8070,Rohit Joshi,713.66,2026-08-26 23:16:00,completed,Watch Strap
ORD_8071,Ananya Reddy,1049.0,2026-08-27 08:50:00,completed,Yoga Mat
ORD_8072,Nikhil Agarwal,473.56,2026-08-27 00:46:00,completed,Blue T-Shirt
ORD_8073,Rohit Joshi,1329.02,2026-08-27 00:10:00,completed,Power Bank
ORD_8074,Rohit Joshi,2462.66,2026-08-26 18:30:00,completed,Keyboard
ORD_8075,Rahul Sharma,1546.29,2026-08-27 06:50:00,completed,Standing Desk Mat
ORD_8076,Sneha Gupta,1620.43,2026-08-26 17:21:00,completed,Sunglasses
ORD_8077,Shreya Bhat,1784.19,2026-08-26 19:19:00,completed,Backpack
ORD_8078,Karthik Sundaram,1528.83,2026-08-26 20:12:00,completed,Standing Desk Mat
ORD_8079,Rohit Joshi,328.76,2026-08-26 23:12:00,completed,Phone Case
ORD_8080,Arjun Mehta,1200.32,2026-08-26 22:31:00,completed,Desk Lamp
ORD_8081,Sneha Gupta,1543.47,2026-08-27 01:16:00,completed,Standing Desk Mat
ORD_8082,Arjun Mehta,1854.58,2026-08-26 22:09:00,completed,Monitor Light
ORD_8083,Suresh Pillai,718.71,2026-08-26 18:12:00,completed,Watch Strap
ORD_8084,Sneha Gupta,1023.8,2026-08-27 06:16:00,completed,Yoga Mat
ORD_8085,Gaurav Malhotra,433.33,2026-08-26 23:56:00,completed,Water Bottle
ORD_8086,Aakash Jain,1467.41,2026-08-26 21:02:00,completed,Wireless Earbuds
ORD_8087,Kavita Nair,976.7,2026-08-27 07:44:00,completed,Yoga Mat
ORD_8088,Nikhil Agarwal,509.65,2026-08-27 00:32:00,completed,Blue T-Shirt
ORD_8089,Sanjay Verma,1844.1,2026-08-26 23:40:00,completed,Backpack
ORD_8090,Ananya Reddy,2541.73,2026-08-26 23:01:00,completed,Keyboard
ORD_8091,Ritu Bansal,1006.67,2026-08-26 22:04:00,completed,Yoga Mat
ORD_8092,Karthik Sundaram,339.31,2026-08-27 03:21:00,completed,Phone Case
ORD_8093,Priya Patel,2481.53,2026-08-27 02:54:00,completed,Keyboard
ORD_8094,Rohit Joshi,1477.49,2026-08-26 19:12:00,completed,Wireless Earbuds
ORD_8095,Sanjay Verma,3024.63,2026-08-27 04:19:00,completed,Running Shoes
ORD_8096,Deepika Rao,1494.63,2026-08-26 21:55:00,completed,Standing Desk Mat
ORD_8097,Kavita Nair,1174.83,2026-08-26 22:31:00,completed,Desk Lamp
ORD_8098,Shreya Bhat,327.23,2026-08-27 02:37:00,completed,Mouse Pad
ORD_8099,Nikhil Agarwal,411.55,2026-08-27 23:58:00,completed,Coffee Mug
ORD_8100,Arjun Mehta,239.92,2026-08-27 05:35:00,completed,USB Cable
ORD_8101,Aakash Jain,1628.62,2026-08-27 05:01:00,completed,Sunglasses
ORD_8102,Rahul Sharma,3517.95,2026-08-27 01:50:00,completed,Webcam
ORD_8103,Pooja Desai,1750.42,2026-08-27 05:28:00,completed,Backpack
ORD_8104,Ritu Bansal,391.31,2026-08-27 08:28:00,completed,Mouse Pad
ORD_8105,Nandini Choudhury,1331.8,2026-08-26 23:40:00,completed,Power Bank
ORD_8106,Suresh Pillai,1544.13,2026-08-27 00:04:00,completed,Standing Desk Mat
ORD_8107,Rahul Sharma,338.38,2026-08-26 21:11:00,completed,Phone Case
ORD_8108,Shreya Bhat,1490.63,2026-08-26 23:50:00,completed,Wireless Earbuds
ORD_8109,Ritu Bansal,1839.8,2026-08-26 23:49:00,completed,Backpack
ORD_8110,Kavita Nair,507.83,2026-08-26 19:44:00,completed,Blue T-Shirt
ORD_8111,Shreya Bhat,1465.05,2026-08-26 18:02:00,completed,Standing Desk Mat
ORD_8112,Ritu Bansal,1479.42,2026-08-27 06:06:00,completed,Wireless Earbuds
ORD_8113,Deepika Rao,1786.57,2026-08-26 18:02:00,completed,Backpack
ORD_8114,Kavita Nair,470.95,2026-08-27 05:12:00,completed,Coffee Mug
ORD_8115,Gaurav Malhotra,1909.76,2026-08-27 06:25:00,completed,Monitor Light
ORD_8116,Meera Iyer,422.4,2026-08-26 22:31:00,completed,Coffee Mug
ORD_8117,Shreya Bhat,309.24,2026-08-27 08:21:00,completed,Phone Case
ORD_8118,Rajesh Menon,3529.59,2026-08-27 01:03:00,completed,Webcam
ORD_8119,Gaurav Malhotra,959.01,2026-08-26 17:26:00,completed,Yoga Mat
ORD_8120,Karthik Sundaram,1483.37,2026-08-26 22:22:00,completed,Standing Desk Mat
ORD_8121,Kavita Nair,1266.32,2026-08-26 18:46:00,completed,Power Bank
ORD_8122,Deepika Rao,2472.38,2026-08-27 00:16:00,completed,Keyboard
ORD_8123,Anjali Saxena,377.8,2026-08-27 02:44:00,completed,Mouse Pad
ORD_8124,Priya Patel,1841.94,2026-08-26 21:42:00,completed,Backpack
ORD_8125,Rajesh Menon,3473.3,2026-08-26 19:49:00,completed,Webcam
ORD_8126,Ritu Bansal,1818.43,2026-08-27 05:09:00,completed,Backpack
ORD_8127,Vikram Singh,1009.64,2026-08-26 19:31:00,completed,Yoga Mat
ORD_8128,Rahul Sharma,1161.13,2026-08-27 07:54:00,completed,Desk Lamp
ORD_8129,Ritu Bansal,445.28,2026-08-26 23:35:00,completed,Water Bottle
ORD_8130,Amit Kumar,671.96,2026-08-27 08:58:00,completed,Watch Strap
ORD_8131,Ananya Reddy,260.35,2026-08-27 02:17:00,completed,Phone Case
ORD_8132,Nandini Choudhury,1508.42,2026-08-27 05:01:00,completed,Wireless Earbuds
ORD_8133,Kavita Nair,1022.57,2026-08-26 19:39:00,completed,Yoga Mat
ORD_8134,Vikram Singh,2536.91,2026-08-26 23:28:00,completed,Keyboard
ORD_8135,Sanjay Verma,1632.88,2026-08-26 23:50:00,completed,Sunglasses
ORD_8136,Rahul Sharma,1603.28,2026-08-26 18:43:00,completed,Sunglasses
ORD_8137,Shreya Bhat,307.65,2026-08-26 19:37:00,completed,Mouse Pad
ORD_8138,Rohit Joshi,1490.8,2026-08-26 19:11:00,completed,Wireless Earbuds
ORD_8139,Divya Kulkarni,245.04,2026-08-27 00:35:00,completed,Notebook Set
ORD_8140,Meera Iyer,734.76,2026-08-27 04:51:00,completed,Watch Strap
ORD_8141,Gaurav Malhotra,1006.47,2026-08-27 02:16:00,completed,Yoga Mat
ORD_8142,Aakash Jain,1258.38,2026-08-26 21:14:00,completed,Power Bank
ORD_8143,Ananya Reddy,1326.97,2026-08-26 21:24:00,completed,Power Bank
ORD_8144,Vikram Singh,287.23,2026-08-26 20:35:00,completed,Phone Case
ORD_8145,Karthik Sundaram,404.41,2026-08-27 00:55:00,completed,Water Bottle
ORD_8146,Anjali Saxena,1579.89,2026-08-27 03:59:00,completed,Sunglasses
ORD_8147,Vikram Singh,1330.49,2026-08-27 02:42:00,completed,Power Bank
ORD_8148,Aakash Jain,2965.37,2026-08-26 17:28:00,completed,Running Shoes
ORD_8149,Divya Kulkarni,3515.06,2026-08-27 07:22:00,completed,Webcam
ORD_8150,Amit Kumar,1854.11,2026-08-27 07:52:00,completed,Monitor Light
ORD_8151,Anjali Saxena,2465.71,2026-08-26 22:51:00,completed,Keyboard
ORD_8152,Priya Patel,293.27,2026-08-27 08:47:00,completed,Notebook Set
ORD_8153,Amit Kumar,1339.95,2026-08-26 21:06:00,completed,Power Bank
ORD_8154,Rajesh Menon,1618.51,2026-08-27 00:32:00,completed,Sunglasses
ORD_8155,Aakash Jain,290.3,2026-08-26 20:14:00,completed,Notebook Set
ORD_8156,Suresh Pillai,1323.38,2026-08-26 19:25:00,completed,Power Bank
ORD_8157,Divya Kulkarni,864.39,2026-08-27 02:55:00,completed,Laptop Stand
ORD_8158,Karthik Sundaram,1828.52,2026-08-27 02:09:00,completed,Backpack
ORD_8159,Divya Kulkarni,3519.38,2026-08-27 08:28:00,completed,Webcam
ORD_8160,Aakash Jain,1306.34,2026-08-26 22:36:00,completed,Power Bank
ORD_8161,Karthik Sundaram,433.18,2026-08-27 05:48:00,completed,Water Bottle
ORD_8162,Nandini Choudhury,1772.57,2026-08-26 21:56:00,completed,Backpack
ORD_8163,Sanjay Verma,1163.22,2026-08-26 21:40:00,completed,Desk Lamp
ORD_8164,Meera Iyer,1583.29,2026-08-26 23:58:00,completed,Sunglasses
ORD_8165,Sneha Gupta,2460.51,2026-08-27 02:17:00,completed,Keyboard
ORD_8166,Sneha Gupta,1174.14,2026-08-26 23:02:00,completed,Desk Lamp
ORD_8167,Sneha Gupta,1581.25,2026-08-27 04:46:00,completed,Sunglasses
ORD_8168,Shreya Bhat,1843.6,2026-08-27 01:44:00,completed,Backpack
ORD_8169,Meera Iyer,303.27,2026-08-27 00:23:00,completed,Mouse Pad
ORD_8170,Amit Kumar,685.49,2026-08-27 01:06:00,completed,Watch Strap
ORD_8171,Divya Kulkarni,1171.29,2026-08-26 21:50:00,completed,Desk Lamp
ORD_8172,Rajesh Menon,207.23,2026-08-26 19:21:00,completed,Notebook Set
ORD_8173,Meera Iyer,207.17,2026-08-26 20:52:00,completed,USB Cable
ORD_8174,Karthik Sundaram,1931.85,2026-08-26 22:55:00,completed,Monitor Light
ORD_8175,Arjun Mehta,1247.47,2026-08-26 21:30:00,completed,Desk Lamp
ORD_8176,Priya Patel,214.25,2026-08-26 19:11:00,completed,USB Cable
ORD_8177,Karthik Sundaram,523.44,2026-08-27 01:09:00,completed,Blue T-Shirt
ORD_8178,Aakash Jain,1770.85,2026-08-27 06:11:00,completed,Backpack
ORD_8179,Priya Patel,1262.29,2026-08-26 17:35:00,completed,Power Bank
ORD_8180,Manish Tiwari,1546.62,2026-08-26 21:12:00,completed,Standing Desk Mat
ORD_8181,Deepika Rao,1517.91,2026-08-26 18:25:00,completed,Wireless Earbuds
ORD_8182,Divya Kulkarni,1282.31,2026-08-27 04:07:00,completed,Power Bank
ORD_8183,Divya Kulkarni,1598.73,2026-08-27 00:12:00,completed,Sunglasses
ORD_8184,Gaurav Malhotra,454.67,2026-08-27 08:06:00,completed,Blue T-Shirt
ORD_8185,Rahul Sharma,725.36,2026-08-26 21:46:00,completed,Watch Strap
ORD_8186,Manish Tiwari,2521.65,2026-08-27 08:29:00,completed,Keyboard
ORD_8187,Vikram Singh,1486.05,2026-08-27 08:18:00,completed,Standing Desk Mat
ORD_8188,Ritu Bansal,484.28,2026-08-26 18:56:00,completed,Coffee Mug
ORD_8189,Rahul Sharma,1593.72,2026-08-26 22:06:00,completed,Sunglasses
ORD_8190,Shreya Bhat,3538.08,2026-08-27 02:12:00,completed,Webcam
ORD_8191,Amit Kumar,417.16,2026-08-27 01:23:00,completed,Water Bottle
ORD_8192,Meera Iyer,336.41,2026-08-27 05:10:00,completed,Phone Case
ORD_8193,Sanjay Verma,208.63,2026-08-26 23:50:00,completed,USB Cable
ORD_8194,Suresh Pillai,1548.34,2026-08-27 23:58:00,completed,Wireless Earbuds
ORD_8195,Rohit Joshi,1279.83,2026-08-26 17:24:00,completed,Power Bank
ORD_8196,Aakash Jain,1883.18,2026-08-27 04:57:00,completed,Monitor Light
ORD_8197,Ritu Bansal,453.3,2026-08-26 20:02:00,completed,Blue T-Shirt
ORD_8198,Suresh Pillai,279.23,2026-08-26 18:03:00,completed,Phone Case
ORD_8199,Kavita Nair,652.54,2026-08-26 20:52:00,completed,Watch Strap
ORD_8200,Suresh Pillai,1906.13,2026-08-27 03:16:00,completed,Monitor Light
ORD_8201,Amit Kumar,1517.52,2026-08-26 21:50:00,completed,Wireless Earbuds
ORD_8202,Amit Kumar,1458.74,2026-08-26 20:05:00,completed,Wireless Earbuds
ORD_8203,Nikhil Agarwal,1622.31,2026-08-27 06:32:00,completed,Sunglasses
ORD_8204,Rahul Sharma,409.4,2026-08-26 23:26:00,completed,Water Bottle
ORD_8205,Anjali Saxena,467.39,2026-08-26 23:19:00,completed,Coffee Mug
ORD_8206,Ritu Bansal,1489.56,2026-08-26 19:58:00,completed,Standing Desk Mat
ORD_8207,Arjun Mehta,1192.34,2026-08-26 23:18:00,completed,Desk Lamp
ORD_8208,Meera Iyer,468.93,2026-08-27 00:59:00,completed,Coffee Mug
ORD_8209,Sneha Gupta,192.11,2026-08-27 00:38:00,completed,USB Cable
ORD_8210,Divya Kulkarni,530.32,2026-08-27 00:40:00,completed,Blue T-Shirt
ORD_8211,Rajesh Menon,1333.18,2026-08-27 04:31:00,completed,Power Bank
ORD_8212,Manish Tiwari,3017.39,2026-08-26 22:40:00,completed,Running Shoes
ORD_8213,Priya Patel,689.57,2026-08-26 20:33:00,completed,Watch Strap
ORD_8214,Kavita Nair,2508.42,2026-08-27 04:03:00,completed,Keyboard
ORD_8215,Suresh Pillai,1612.95,2026-08-27 02:21:00,completed,Sunglasses
ORD_8216,Deepika Rao,3496.23,2026-08-27 08:21:00,completed,Webcam
ORD_8217,Manish Tiwari,302.64,2026-08-26 20:19:00,completed,Phone Case
ORD_8218,Sanjay Verma,1791.75,2026-08-27 04:01:00,completed,Backpack
ORD_8219,Pooja Desai,1542.17,2026-08-27 03:18:00,completed,Wireless Earbuds
ORD_8220,Karthik Sundaram,1541.09,2026-08-27 02:39:00,completed,Standing Desk Mat
ORD_8221,Rajesh Menon,1918.04,2026-08-27 00:20:00,completed,Monitor Light
ORD_8222,Nikhil Agarwal,332.62,2026-08-26 17:25:00,completed,Phone Case
ORD_8223,Divya Kulkarni,353.33,2026-08-27 06:24:00,completed,Water Bottle
ORD_8224,Shreya Bhat,1504.24,2026-08-27 06:45:00,completed,Standing Desk Mat
ORD_8225,Deepika Rao,1477.91,2026-08-27 03:52:00,completed,Wireless Earbuds
ORD_8226,Ritu Bansal,854.5,2026-08-26 20:26:00,completed,Laptop Stand
ORD_8227,Shreya Bhat,1171.5,2026-08-26 21:58:00,completed,Desk Lamp
ORD_8228,Meera Iyer,1563.2,2026-08-26 21:23:00,completed,Sunglasses
ORD_8229,Pooja Desai,300.19,2026-08-26 19:22:00,completed,Phone Case
ORD_8230,Priya Patel,1805.5,2026-08-27 06:09:00,completed,Backpack
ORD_8231,Ritu Bansal,879.64,2026-08-27 01:26:00,completed,Laptop Stand
ORD_8232,Gaurav Malhotra,1833.41,2026-08-27 03:27:00,completed,Backpack
ORD_8233,Karthik Sundaram,1640.7,2026-08-26 20:35:00,completed,Sunglasses
ORD_8234,Aakash Jain,982.26,2026-08-26 23:01:00,completed,Yoga Mat
ORD_8235,Meera Iyer,1478.79,2026-08-26 23:57:00,completed,Standing Desk Mat
ORD_8236,Sneha Gupta,3494.29,2026-08-27 04:38:00,completed,Webcam
ORD_8237,Manish Tiwari,858.25,2026-08-26 17:45:00,completed,Laptop Stand
ORD_8238,Anjali Saxena,3493.57,2026-08-26 22:41:00,completed,Webcam
ORD_8239,Pooja Desai,1307.67,2026-08-26 20:26:00,completed,Power Bank
ORD_8240,Vikram Singh,905.2,2026-08-26 18:07:00,completed,Laptop Stand
ORD_8241,Ananya Reddy,1853.78,2026-08-27 08:59:00,completed,Monitor Light
ORD_8242,Kavita Nair,443.78,2026-08-27 06:56:00,completed,Water Bottle
ORD_8243,Pooja Desai,333.68,2026-08-27 00:24:00,completed,Mouse Pad
ORD_8244,Karthik Sundaram,653.03,2026-08-26 20:44:00,completed,Watch Strap
ORD_8245,Manish Tiwari,1319.08,2026-08-27 07:00:00,completed,Power Bank
ORD_8246,Amit Kumar,405.62,2026-08-26 18:07:00,completed,Coffee Mug
ORD_8247,Suresh Pillai,3485.71,2026-08-27 06:50:00,completed,Webcam
ORD_8248,Vikram Singh,1502.48,2026-08-27 07:51:00,completed,Standing Desk Mat
ORD_8249,Manish Tiwari,1761.15,2026-08-27 01:24:00,completed,Backpack
ORD_8250,Rahul Sharma,1890.24,2026-08-27 00:50:00,completed,Monitor Light
ORD_8251,Rajesh Menon,391.48,2026-08-27 07:59:00,completed,Water Bottle
ORD_8252,Karthik Sundaram,348.0,2026-08-26 20:25:00,completed,Phone Case
ORD_8253,Aakash Jain,2515.51,2026-08-26 18:41:00,completed,Keyboard
ORD_8254,Karthik Sundaram,851.53,2026-08-27 01:12:00,completed,Laptop Stand
ORD_8255,Shreya Bhat,897.39,2026-08-27 04:43:00,completed,Laptop Stand
ORD_8256,Priya Patel,3517.56,2026-08-26 17:51:00,completed,Webcam
ORD_8257,Suresh Pillai,2489.6,2026-08-27 01:08:00,completed,Keyboard
ORD_8258,Sanjay Verma,965.8,2026-08-26 17:39:00,completed,Yoga Mat
ORD_8259,Kavita Nair,1234.78,2026-08-27 07:28:00,completed,Desk Lamp
ORD_8260,Nikhil Agarwal,306.52,2026-08-26 17:36:00,completed,Mouse Pad
ORD_8261,Nandini Choudhury,951.43,2026-08-26 18:52:00,completed,Yoga Mat
ORD_8262,Anjali Saxena,1468.44,2026-08-26 20:42:00,completed,Standing Desk Mat
ORD_8263,Meera Iyer,1459.02,2026-08-27 01:27:00,completed,Standing Desk Mat
ORD_8264,Nikhil Agarwal,384.21,2026-08-27 03:59:00,completed,Mouse Pad
ORD_8265,Sneha Gupta,375.77,2026-08-26 23:46:00,completed,Water Bottle
ORD_8266,Kavita Nair,388.0,2026-08-26 18:23:00,completed,Mouse Pad
ORD_8267,Nandini Choudhury,357.41,2026-08-27 07:23:00,completed,Mouse Pad
ORD_8268,Meera Iyer,3031.25,2026-08-27 02:10:00,completed,Running Shoes
ORD_8269,Shreya Bhat,869.58,2026-08-27 01:32:00,completed,Laptop Stand
ORD_8270,Pooja Desai,2999.02,2026-08-27 01:42:00,completed,Running Shoes
ORD_8271,Ananya Reddy,261.87,2026-08-26 23:11:00,completed,Notebook Set
ORD_8272,Meera Iyer,377.29,2026-08-27 02:11:00,completed,Mouse Pad
ORD_8273,Suresh Pillai,1907.43,2026-08-27 04:07:00,completed,Monitor Light
ORD_8274,Ananya Reddy,1467.97,2026-08-26 20:35:00,completed,Standing Desk Mat
ORD_8275,Karthik Sundaram,427.82,2026-08-27 05:02:00,completed,Coffee Mug
ORD_8276,Nikhil Agarwal,1922.56,2026-08-26 20:21:00,completed,Monitor Light
ORD_8277,Rajesh Menon,3539.23,2026-08-27 06:57:00,completed,Webcam
ORD_8278,Deepika Rao,258.32,2026-08-27 01:05:00,completed,Notebook Set
ORD_8279,Sneha Gupta,213.06,2026-08-27 02:45:00,completed,Notebook Set
ORD_8280,Sneha Gupta,318.45,2026-08-27 00:08:00,completed,Phone Case
ORD_8281,Meera Iyer,1279.69,2026-08-26 23:16:00,completed,Power Bank
ORD_8282,Rajesh Menon,1474.05,2026-08-26 23:49:00,completed,Standing Desk Mat
ORD_8283,Deepika Rao,3454.71,2026-08-27 04:04:00,completed,Webcam
ORD_8284,Meera Iyer,3522.28,2026-08-26 20:18:00,completed,Webcam
ORD_8285,Gaurav Malhotra,1554.84,2026-08-26 23:03:00,completed,Sunglasses
ORD_8286,Amit Kumar,1908.89,2026-08-26 22:40:00,completed,Monitor Light
ORD_8287,Amit Kumar,505.71,2026-08-27 03:51:00,completed,Blue T-Shirt
ORD_8288,Rohit Joshi,2480.27,2026-08-26 22:34:00,completed,Keyboard
ORD_8289,Sanjay Verma,442.01,2026-08-26 23:57:00,completed,Coffee Mug
ORD_8290,Deepika Rao,292.87,2026-08-26 23:23:00,completed,Phone Case
ORD_8291,Nandini Choudhury,3009.28,2026-08-27 03:52:00,completed,Running Shoes
ORD_8292,Meera Iyer,1453.58,2026-08-26 19:32:00,completed,Standing Desk Mat
ORD_8293,Gaurav Malhotra,661.69,2026-08-27 01:58:00,completed,Watch Strap
ORD_8294,Priya Patel,264.51,2026-08-27 08:19:00,completed,Notebook Set
ORD_8295,Rohit Joshi,522.99,2026-08-27 07:21:00,completed,Blue T-Shirt
ORD_8296,Gaurav Malhotra,1771.44,2026-08-27 07:45:00,completed,Backpack
ORD_8297,Sneha Gupta,2518.24,2026-08-27 06:49:00,completed,Keyboard
ORD_8298,Aakash Jain,2963.67,2026-08-27 01:59:00,completed,Running Shoes
ORD_8299,Priya Patel,3529.5,2026-08-27 00:11:00,completed,Webcam
ORD_8300,Rohit Joshi,3467.31,2026-08-27 03:56:00,completed,Webcam
ORD_8301,Nandini Choudhury,386.94,2026-08-26 19:25:00,completed,Mouse Pad
ORD_8302,Anjali Saxena,2451.08,2026-08-27 08:26:00,completed,Keyboard
ORD_8303,Sneha Gupta,1530.77,2026-08-26 21:16:00,completed,Standing Desk Mat
ORD_8304,Sneha Gupta,1548.96,2026-08-27 08:25:00,completed,Wireless Earbuds
ORD_8305,Pooja Desai,2959.67,2026-08-27 02:22:00,completed,Running Shoes
ORD_8306,Amit Kumar,200.94,2026-08-26 21:45:00,completed,Notebook Set
ORD_8307,Kavita Nair,1896.77,2026-08-26 20:10:00,completed,Monitor Light
ORD_8308,Sneha Gupta,1011.76,2026-08-26 20:57:00,completed,Yoga Mat
ORD_8309,Nandini Choudhury,940.35,2026-08-27 02:37:00,completed,Laptop Stand
ORD_8310,Sanjay Verma,342.02,2026-08-26 22:42:00,completed,Phone Case
ORD_8311,Deepika Rao,1319.31,2026-08-26 18:14:00,completed,Power Bank
ORD_8312,Amit Kumar,369.7,2026-08-27 06:38:00,completed,Water Bottle
ORD_8313,Karthik Sundaram,3488.77,2026-08-27 02:15:00,completed,Webcam
ORD_8314,Sneha Gupta,935.74,2026-08-26 19:00:00,completed,Laptop Stand
ORD_8315,Rajesh Menon,2528.08,2026-08-26 17:06:00,completed,Keyboard
ORD_8316,Meera Iyer,1017.79,2026-08-27 02:42:00,completed,Yoga Mat
ORD_8317,Divya Kulkarni,1040.8,2026-08-27 03:34:00,completed,Yoga Mat
ORD_8318,Divya Kulkarni,3010.92,2026-08-27 06:54:00,completed,Running Shoes
ORD_8319,Aakash Jain,468.02,2026-08-27 00:56:00,completed,Blue T-Shirt
ORD_8320,Deepika Rao,978.29,2026-08-26 17:13:00,completed,Yoga Mat
ORD_8321,Deepika Rao,1507.27,2026-08-27 00:11:00,completed,Standing Desk Mat
ORD_8322,Deepika Rao,669.8,2026-08-27 03:50:00,completed,Watch Strap
ORD_8323,Sanjay Verma,3526.14,2026-08-27 07:16:00,completed,Webcam
ORD_8324,Nikhil Agarwal,236.39,2026-08-27 01:41:00,completed,Notebook Set
ORD_8325,Shreya Bhat,1830.83,2026-08-27 06:30:00,completed,Backpack
ORD_8326,Vikram Singh,499.13,2026-08-27 01:24:00,completed,Blue T-Shirt
ORD_8327,Kavita Nair,1266.12,2026-08-26 19:45:00,completed,Power Bank
ORD_8328,Manish Tiwari,1634.83,2026-08-27 02:58:00,completed,Sunglasses
ORD_8329,Vikram Singh,497.9,2026-08-27 00:25:00,completed,Blue T-Shirt
ORD_8330,Ananya Reddy,3493.24,2026-08-27 00:34:00,completed,Webcam
ORD_8331,Divya Kulkarni,1643.52,2026-08-27 02:10:00,completed,Sunglasses
ORD_8332,Deepika Rao,1492.39,2026-08-27 05:00:00,completed,Standing Desk Mat
ORD_8333,Rajesh Menon,500.06,2026-08-27 00:16:00,completed,Blue T-Shirt
ORD_8334,Kavita Nair,274.52,2026-08-27 02:11:00,completed,Notebook Set
ORD_8335,Kavita Nair,355.56,2026-08-26 17:32:00,completed,Water Bottle
ORD_8336,Suresh Pillai,265.2,2026-08-26 22:21:00,completed,Phone Case
ORD_8337,Rajesh Menon,448.34,2026-08-27 03:40:00,completed,Coffee Mug
ORD_8338,Amit Kumar,207.36,2026-08-27 08:55:00,completed,USB Cable
ORD_8339,Vikram Singh,3508.54,2026-08-26 19:17:00,completed,Webcam
ORD_8340,Rohit Joshi,1160.79,2026-08-26 18:27:00,completed,Desk Lamp
ORD_8341,Suresh Pillai,2956.89,2026-08-27 07:49:00,completed,Running Shoes
ORD_8342,Gaurav Malhotra,309.28,2026-08-26 20:18:00,completed,Mouse Pad
ORD_8343,Deepika Rao,3023.33,2026-08-27 04:06:00,completed,Running Shoes
ORD_8344,Aakash Jain,1454.05,2026-08-26 21:23:00,completed,Standing Desk Mat
ORD_8345,Vikram Singh,2464.97,2026-08-26 19:04:00,completed,Keyboard
ORD_8346,Gaurav Malhotra,425.64,2026-08-27 01:39:00,completed,Coffee Mug
ORD_8347,Ananya Reddy,1515.31,2026-08-27 04:04:00,completed,Wireless Earbuds
ORD_8348,Suresh Pillai,917.01,2026-08-26 20:07:00,completed,Laptop Stand
ORD_8349,Karthik Sundaram,2481.05,2026-08-26 23:19:00,completed,Keyboard
ORD_8350,Amit Kumar,667.15,2026-08-26 18:40:00,completed,Watch Strap
ORD_8351,Vikram Singh,242.2,2026-08-26 22:02:00,completed,USB Cable
ORD_8352,Shreya Bhat,1906.77,2026-08-27 08:11:00,completed,Monitor Light
ORD_8353,Anjali Saxena,1175.15,2026-08-26 22:09:00,completed,Desk Lamp
ORD_8354,Nikhil Agarwal,2982.74,2026-08-27 00:45:00,completed,Running Shoes
ORD_8355,Aakash Jain,2979.94,2026-08-27 05:45:00,completed,Running Shoes
ORD_8356,Sneha Gupta,1876.74,2026-08-27 07:56:00,completed,Monitor Light
ORD_8357,Meera Iyer,205.75,2026-08-27 07:09:00,completed,Notebook Set
ORD_8358,Vikram Singh,1475.06,2026-08-27 01:31:00,completed,Standing Desk Mat
ORD_8359,Rohit Joshi,1771.55,2026-08-27 04:19:00,completed,Backpack
ORD_8360,Kavita Nair,1603.62,2026-08-27 08:47:00,completed,Sunglasses
ORD_8361,Deepika Rao,3457.93,2026-08-27 07:58:00,completed,Webcam
ORD_8362,Aakash Jain,217.8,2026-08-27 02:34:00,completed,Notebook Set
ORD_8363,Rajesh Menon,333.36,2026-08-27 05:11:00,completed,Phone Case
ORD_8364,Shreya Bhat,1546.82,2026-08-27 00:43:00,completed,Wireless Earbuds
ORD_8365,Gaurav Malhotra,1458.21,2026-08-27 01:06:00,completed,Wireless Earbuds
ORD_8366,Ritu Bansal,1303.2,2026-08-26 17:36:00,completed,Power Bank
ORD_8367,Deepika Rao,966.48,2026-08-26 23:35:00,completed,Yoga Mat
ORD_8368,Sneha Gupta,855.02,2026-08-27 00:10:00,completed,Laptop Stand
ORD_8369,Ritu Bansal,3018.48,2026-08-26 23:57:00,completed,Running Shoes
ORD_8370,Priya Patel,509.02,2026-08-26 17:57:00,completed,Blue T-Shirt
ORD_8371,Priya Patel,355.6,2026-08-26 23:29:00,completed,Mouse Pad
ORD_8372,Aakash Jain,1550.34,2026-08-27 02:58:00,completed,Sunglasses
ORD_8373,Gaurav Malhotra,954.64,2026-08-26 22:28:00,completed,Yoga Mat
ORD_8374,Amit Kumar,443.68,2026-08-27 00:02:00,completed,Water Bottle
ORD_8375,Aakash Jain,1225.63,2026-08-27 01:16:00,completed,Desk Lamp
ORD_8376,Meera Iyer,2540.75,2026-08-26 22:34:00,completed,Keyboard
ORD_8377,Gaurav Malhotra,482.83,2026-08-26 23:52:00,completed,Blue T-Shirt
ORD_8378,Sneha Gupta,1585.02,2026-08-26 22:33:00,completed,Sunglasses
ORD_8379,Deepika Rao,306.83,2026-08-26 21:27:00,completed,Mouse Pad
ORD_8380,Divya Kulkarni,895.88,2026-08-27 05:46:00,completed,Laptop Stand
ORD_8381,Sanjay Verma,1539.63,2026-08-27 02:25:00,completed,Wireless Earbuds
ORD_8382,Meera Iyer,729.83,2026-08-27 05:23:00,completed,Watch Strap
ORD_8383,Gaurav Malhotra,412.18,2026-08-26 18:25:00,completed,Water Bottle
ORD_8384,Ritu Bansal,1271.11,2026-08-26 19:20:00,completed,Power Bank
ORD_8385,Rohit Joshi,480.49,2026-08-26 19:01:00,completed,Blue T-Shirt
ORD_8386,Ananya Reddy,426.21,2026-08-26 22:51:00,completed,Water Bottle
ORD_8387,Arjun Mehta,299.56,2026-08-26 19:45:00,completed,Mouse Pad
ORD_8388,Divya Kulkarni,2463.04,2026-08-27 00:47:00,completed,Keyboard
ORD_8389,Arjun Mehta,473.66,2026-08-26 21:07:00,completed,Blue T-Shirt
ORD_8390,Deepika Rao,1225.35,2026-08-27 02:22:00,completed,Desk Lamp
ORD_8391,Rahul Sharma,1595.2,2026-08-26 18:18:00,completed,Sunglasses
ORD_8392,Rajesh Menon,209.35,2026-08-27 00:34:00,completed,USB Cable
ORD_8393,Pooja Desai,189.91,2026-08-27 07:05:00,completed,USB Cable
ORD_8394,Gaurav Malhotra,232.82,2026-08-27 08:32:00,completed,Notebook Set
ORD_8395,Ananya Reddy,459.63,2026-08-26 22:45:00,completed,Coffee Mug
ORD_8396,Ananya Reddy,420.39,2026-08-26 17:16:00,completed,Coffee Mug
ORD_8397,Karthik Sundaram,1609.81,2026-08-26 21:22:00,completed,Sunglasses
ORD_8398,Vikram Singh,237.0,2026-08-27 07:48:00,completed,USB Cable
ORD_8399,Vikram Singh,1618.29,2026-08-27 08:37:00,completed,Sunglasses
ORD_8400,Rahul Sharma,1320.7,2026-08-26 21:15:00,completed,Power Bank
ORD_8401,Meera Iyer,3517.27,2026-08-26 21:49:00,completed,Webcam
ORD_8402,Shreya Bhat,2485.77,2026-08-27 08:52:00,completed,Keyboard
ORD_8403,Manish Tiwari,1323.6,2026-08-26 19:14:00,completed,Power Bank
ORD_8404,Meera Iyer,388.13,2026-08-26 17:22:00,completed,Water Bottle
ORD_8405,Nikhil Agarwal,1280.68,2026-08-27 23:57:00,completed,Power Bank
ORD_8406,Vikram Singh,1479.8,2026-08-26 19:50:00,completed,Standing Desk Mat
ORD_8407,Gaurav Malhotra,987.58,2026-08-27 04:09:00,completed,Yoga Mat
ORD_8408,Nikhil Agarwal,1158.95,2026-08-26 19:52:00,completed,Desk Lamp
ORD_8409,Deepika Rao,2993.95,2026-08-27 01:24:00,completed,Running Shoes
ORD_8410,Amit Kumar,3535.57,2026-08-27 02:54:00,completed,Webcam
ORD_8411,Divya Kulkarni,3469.73,2026-08-26 21:08:00,completed,Webcam
ORD_8412,Karthik Sundaram,3031.5,2026-08-27 04:35:00,completed,Running Shoes
ORD_8413,Karthik Sundaram,3511.7,2026-08-27 07:56:00,completed,Webcam
ORD_8414,Amit Kumar,1205.28,2026-08-26 22:10:00,completed,Desk Lamp
ORD_8415,Suresh Pillai,479.36,2026-08-26 18:46:00,completed,Coffee Mug
ORD_8416,Ananya Reddy,1244.01,2026-08-27 02:46:00,completed,Desk Lamp
ORD_8417,Suresh Pillai,1930.73,2026-08-27 00:43:00,completed,Monitor Light
ORD_8418,Nandini Choudhury,3492.63,2026-08-27 06:35:00,completed,Webcam
ORD_8419,Anjali Saxena,286.0,2026-08-26 20:50:00,completed,Notebook Set
ORD_8420,Pooja Desai,3507.99,2026-08-27 08:03:00,completed,Webcam
ORD_8421,Arjun Mehta,1599.15,2026-08-27 07:42:00,completed,Sunglasses
ORD_8422,Kavita Nair,1581.1,2026-08-26 22:01:00,completed,Sunglasses
ORD_8423,Anjali Saxena,1926.61,2026-08-26 19:22:00,completed,Monitor Light
ORD_8424,Deepika Rao,1492.96,2026-08-27 01:09:00,completed,Wireless Earbuds
ORD_8425,Rohit Joshi,2983.53,2026-08-26 23:03:00,completed,Running Shoes
ORD_8426,Vikram Singh,3007.69,2026-08-26 17:04:00,completed,Running Shoes
ORD_8427,Vikram Singh,3453.91,2026-08-27 03:55:00,completed,Webcam
ORD_8428,Meera Iyer,1163.65,2026-08-26 19:30:00,completed,Desk Lamp
ORD_8429,Ananya Reddy,2515.61,2026-08-26 20:23:00,completed,Keyboard
ORD_8430,Nandini Choudhury,287.79,2026-08-26 18:30:00,completed,Phone Case
ORD_8431,Shreya Bhat,265.62,2026-08-27 01:47:00,completed,Notebook Set
ORD_8432,Karthik Sundaram,247.78,2026-08-27 00:06:00,completed,USB Cable
ORD_8433,Arjun Mehta,229.83,2026-08-27 01:55:00,completed,USB Cable
ORD_8434,Divya Kulkarni,2521.89,2026-08-26 23:02:00,completed,Keyboard
ORD_8435,Pooja Desai,230.97,2026-08-27 04:39:00,completed,Notebook Set
ORD_8436,Amit Kumar,2541.92,2026-08-26 23:13:00,completed,Keyboard
ORD_8437,Divya Kulkarni,3496.27,2026-08-27 07:17:00,completed,Webcam
ORD_8438,Meera Iyer,210.89,2026-08-27 08:04:00,completed,Notebook Set
ORD_8439,Ritu Bansal,2533.03,2026-08-26 21:16:00,completed,Keyboard
ORD_8440,Anjali Saxena,505.91,2026-08-26 17:04:00,completed,Blue T-Shirt
ORD_8441,Kavita Nair,167.14,2026-08-26 20:00:00,completed,USB Cable
ORD_8442,Nandini Choudhury,2459.04,2026-08-26 18:49:00,completed,Keyboard
ORD_8443,Manish Tiwari,1625.47,2026-08-26 18:12:00,completed,Sunglasses
ORD_8444,Sneha Gupta,3014.15,2026-08-27 03:34:00,completed,Running Shoes
ORD_8445,Rohit Joshi,3528.71,2026-08-26 18:06:00,completed,Webcam
ORD_8446,Nikhil Agarwal,412.69,2026-08-26 17:13:00,completed,Water Bottle
ORD_8447,Nandini Choudhury,406.04,2026-08-27 08:17:00,completed,Water Bottle
ORD_8448,Pooja Desai,978.56,2026-08-27 02:29:00,completed,Yoga Mat
ORD_8449,Aakash Jain,1774.24,2026-08-27 07:23:00,completed,Backpack
ORD_8450,Rajesh Menon,1298.61,2026-08-27 07:06:00,completed,Power Bank
ORD_8451,Kavita Nair,1775.82,2026-08-26 18:20:00,completed,Backpack
ORD_8452,Sneha Gupta,1897.02,2026-08-26 17:30:00,completed,Monitor Light
ORD_8453,Priya Patel,1471.88,2026-08-27 03:30:00,completed,Wireless Earbuds
ORD_8454,Rahul Sharma,1763.33,2026-08-27 01:29:00,completed,Backpack
ORD_8455,Nandini Choudhury,1889.43,2026-08-26 22:31:00,completed,Monitor Light
ORD_8456,Divya Kulkarni,1564.04,2026-08-26 20:44:00,completed,Sunglasses
ORD_8457,Arjun Mehta,1548.93,2026-08-27 05:10:00,completed,Standing Desk Mat
ORD_8458,Pooja Desai,3488.73,2026-08-26 17:29:00,completed,Webcam
ORD_8459,Anjali Saxena,879.27,2026-08-26 23:36:00,completed,Laptop Stand
ORD_8460,Nikhil Agarwal,1615.74,2026-08-27 06:16:00,completed,Sunglasses
ORD_8461,Sanjay Verma,479.94,2026-08-27 01:35:00,completed,Blue T-Shirt
ORD_8462,Meera Iyer,1931.31,2026-08-26 23:32:00,completed,Monitor Light
ORD_8463,Rajesh Menon,1767.63,2026-08-27 02:25:00,completed,Backpack
ORD_8464,Gaurav Malhotra,1561.99,2026-08-27 00:41:00,completed,Sunglasses
ORD_8465,Pooja Desai,1856.9,2026-08-27 05:42:00,completed,Monitor Light
ORD_8466,Priya Patel,928.59,2026-08-27 01:48:00,completed,Laptop Stand
ORD_8467,Suresh Pillai,494.63,2026-08-26 19:43:00,completed,Blue T-Shirt
ORD_8468,Ritu Bansal,727.3,2026-08-27 04:41:00,completed,Watch Strap
ORD_8469,Anjali Saxena,3041.82,2026-08-27 01:52:00,completed,Running Shoes
ORD_8470,Amit Kumar,417.39,2026-08-26 23:12:00,completed,Water Bottle
ORD_8471,Sneha Gupta,364.41,2026-08-26 17:59:00,completed,Water Bottle
ORD_8472,Nandini Choudhury,291.69,2026-08-26 18:46:00,completed,Notebook Set
ORD_8473,Vikram Singh,1491.12,2026-08-27 06:33:00,completed,Wireless Earbuds
ORD_8474,Rohit Joshi,240.17,2026-08-27 04:26:00,completed,USB Cable
ORD_8475,Aakash Jain,900.63,2026-08-27 00:32:00,completed,Laptop Stand
ORD_8476,Karthik Sundaram,3022.68,2026-08-26 20:30:00,completed,Running Shoes
ORD_8477,Meera Iyer,1345.46,2026-08-26 22:33:00,completed,Power Bank
ORD_8478,Rahul Sharma,2464.49,2026-08-27 04:03:00,completed,Keyboard
ORD_8479,Aakash Jain,3012.61,2026-08-26 19:56:00,completed,Running Shoes
ORD_8480,Rajesh Menon,239.72,2026-08-27 08:21:00,completed,Notebook Set
ORD_8481,Anjali Saxena,1751.53,2026-08-27 06:30:00,completed,Backpack
ORD_8482,Sanjay Verma,1892.77,2026-08-27 00:37:00,completed,Monitor Light
ORD_8483,Rajesh Menon,1521.36,2026-08-27 00:26:00,completed,Wireless Earbuds
ORD_8484,Sneha Gupta,212.81,2026-08-26 20:40:00,completed,USB Cable
ORD_8485,Priya Patel,394.56,2026-08-27 07:01:00,completed,Water Bottle
ORD_8486,Divya Kulkarni,240.29,2026-08-27 06:13:00,completed,Notebook Set
ORD_8487,Anjali Saxena,482.16,2026-08-26 19:42:00,completed,Coffee Mug
ORD_8488,Anjali Saxena,1331.03,2026-08-27 06:59:00,completed,Power Bank
ORD_8489,Deepika Rao,693.26,2026-08-27 04:06:00,completed,Watch Strap
ORD_8490,Divya Kulkarni,492.65,2026-08-26 17:15:00,completed,Coffee Mug
ORD_8491,Ananya Reddy,305.97,2026-08-27 06:21:00,completed,Phone Case
ORD_8492,Nikhil Agarwal,3544.49,2026-08-27 23:58:00,completed,Webcam
ORD_8493,Suresh Pillai,2981.56,2026-08-27 06:22:00,completed,Running Shoes
ORD_8494,Deepika Rao,2991.5,2026-08-27 08:49:00,completed,Running Shoes
ORD_8495,Amit Kumar,1943.05,2026-08-27 03:53:00,completed,Monitor Light
ORD_8496,Kavita Nair,3513.02,2026-08-27 03:16:00,completed,Webcam
ORD_8497,Arjun Mehta,353.42,2026-08-27 01:22:00,completed,Mouse Pad
ORD_8498,Manish Tiwari,1849.7,2026-08-26 22:37:00,completed,Monitor Light
ORD_8499,Priya Patel,1225.77,2026-08-26 17:45:00,completed,Desk Lamp
ORD_8500,Nandini Choudhury,285.08,2026-08-27 02:56:00,completed,Notebook Set
ORD_8501,Kavita Nair,1537.84,2026-08-27 02:29:00,completed,Standing Desk Mat
ORD_8502,Vikram Singh,303.01,2026-08-26 18:15:00,completed,Mouse Pad
ORD_8503,Meera Iyer,194.85,2026-08-26 22:31:00,completed,USB Cable
ORD_8504,Nandini Choudhury,3468.6,2026-08-27 01:52:00,completed,Webcam
ORD_8505,Suresh Pillai,267.65,2026-08-27 07:33:00,completed,Phone Case
ORD_8506,Ananya Reddy,444.2,2026-08-27 04:39:00,completed,Water Bottle
ORD_8507,Deepika Rao,1919.82,2026-08-27 08:00:00,completed,Monitor Light
ORD_8508,Deepika Rao,1507.13,2026-08-27 03:34:00,completed,Wireless Earbuds
ORD_8509,Karthik Sundaram,3000.86,2026-08-26 23:25:00,completed,Running Shoes
ORD_8510,Shreya Bhat,1484.34,2026-08-26 17:57:00,completed,Wireless Earbuds
ORD_8511,Gaurav Malhotra,2510.92,2026-08-27 08:55:00,completed,Keyboard
ORD_8512,Nikhil Agarwal,2541.04,2026-08-27 00:52:00,completed,Keyboard
ORD_8513,Ananya Reddy,236.43,2026-08-26 22:48:00,completed,Notebook Set
ORD_8514,Arjun Mehta,292.78,2026-08-27 06:17:00,completed,Phone Case
ORD_8515,Ananya Reddy,3541.94,2026-08-26 23:44:00,completed,Webcam
ORD_8516,Anjali Saxena,1803.81,2026-08-26 20:09:00,completed,Backpack
ORD_8517,Pooja Desai,261.96,2026-08-27 08:36:00,completed,Phone Case
ORD_8518,Ritu Bansal,1478.14,2026-08-26 20:05:00,completed,Standing Desk Mat
ORD_8519,Manish Tiwari,360.62,2026-08-27 06:09:00,completed,Mouse Pad
ORD_8520,Ananya Reddy,408.04,2026-08-27 05:26:00,completed,Coffee Mug
ORD_8521,Karthik Sundaram,1466.28,2026-08-27 07:39:00,completed,Standing Desk Mat
ORD_8522,Meera Iyer,1626.34,2026-08-27 03:07:00,completed,Sunglasses
ORD_8523,Rahul Sharma,873.53,2026-08-26 22:18:00,completed,Laptop Stand
ORD_8524,Sanjay Verma,265.25,2026-08-26 23:10:00,completed,Phone Case
ORD_8525,Karthik Sundaram,428.95,2026-08-27 07:08:00,completed,Coffee Mug
ORD_8526,Arjun Mehta,363.66,2026-08-26 21:42:00,completed,Water Bottle
ORD_8527,Vikram Singh,1449.08,2026-08-27 01:57:00,completed,Standing Desk Mat
ORD_8528,Ritu Bansal,3470.28,2026-08-27 00:30:00,completed,Webcam
ORD_8529,Nikhil Agarwal,1937.63,2026-08-26 22:05:00,completed,Monitor Light
ORD_8530,Rajesh Menon,1529.04,2026-08-27 06:32:00,completed,Wireless Earbuds
ORD_8531,Rohit Joshi,242.22,2026-08-27 07:41:00,completed,USB Cable
ORD_8532,Kavita Nair,1164.47,2026-08-27 04:54:00,completed,Desk Lamp
ORD_8533,Kavita Nair,403.35,2026-08-26 21:29:00,completed,Water Bottle
ORD_8534,Arjun Mehta,545.5,2026-08-27 06:06:00,completed,Blue T-Shirt
ORD_8535,Gaurav Malhotra,980.66,2026-08-26 23:01:00,completed,Yoga Mat
ORD_8536,Nandini Choudhury,1799.86,2026-08-27 03:03:00,completed,Backpack
ORD_8537,Gaurav Malhotra,1161.37,2026-08-27 07:55:00,completed,Desk Lamp
ORD_8538,Deepika Rao,1831.9,2026-08-27 02:19:00,completed,Backpack
ORD_8539,Ritu Bansal,1043.33,2026-08-27 03:18:00,completed,Yoga Mat
ORD_8540,Vikram Singh,1477.43,2026-08-26 20:19:00,completed,Standing Desk Mat
ORD_8541,Karthik Sundaram,521.73,2026-08-27 03:09:00,completed,Blue T-Shirt
ORD_8542,Sneha Gupta,1859.26,2026-08-27 08:37:00,completed,Monitor Light
ORD_8543,Sneha Gupta,888.33,2026-08-26 22:53:00,completed,Laptop Stand
ORD_8544,Pooja Desai,528.24,2026-08-27 04:35:00,completed,Blue T-Shirt
ORD_8545,Sneha Gupta,289.39,2026-08-27 08:05:00,completed,Phone Case
ORD_8546,Sneha Gupta,363.74,2026-08-27 04:19:00,completed,Water Bottle
ORD_8547,Deepika Rao,1896.62,2026-08-27 06:08:00,completed,Monitor Light
ORD_8548,Kavita Nair,1893.1,2026-08-27 02:19:00,completed,Monitor Light
ORD_8549,Nikhil Agarwal,1755.98,2026-08-26 20:16:00,completed,Backpack
ORD_8550,Amit Kumar,317.08,2026-08-26 18:58:00,completed,Phone Case
ORD_8551,Deepika Rao,407.78,2026-08-26 20:53:00,completed,Coffee Mug
ORD_8552,Rohit Joshi,324.29,2026-08-26 22:38:00,completed,Phone Case
ORD_8553,Meera Iyer,1313.96,2026-08-27 07:12:00,completed,Power Bank
ORD_8554,Shreya Bhat,891.89,2026-08-27 08:57:00,completed,Laptop Stand
ORD_8555,Karthik Sundaram,2982.39,2026-08-26 23:03:00,completed,Running Shoes
ORD_8556,Sanjay Verma,400.01,2026-08-26 23:07:00,completed,Water Bottle
ORD_8557,Nikhil Agarwal,269.42,2026-08-26 23:57:00,completed,Notebook Set
ORD_8558,Karthik Sundaram,2494.01,2026-08-27 01:07:00,completed,Keyboard
ORD_8559,Ritu Bansal,1472.81,2026-08-26 20:19:00,completed,Wireless Earbuds
ORD_8560,Amit Kumar,1465.98,2026-08-27 03:42:00,completed,Wireless Earbuds
ORD_8561,Arjun Mehta,1640.34,2026-08-27 05:30:00,completed,Sunglasses
ORD_8562,Deepika Rao,343.19,2026-08-27 00:41:00,completed,Mouse Pad
ORD_8563,Karthik Sundaram,1464.31,2026-08-27 06:19:00,completed,Standing Desk Mat
ORD_8564,Rahul Sharma,458.14,2026-08-26 19:37:00,completed,Blue T-Shirt
ORD_8565,Divya Kulkarni,1259.68,2026-08-27 05:12:00,completed,Power Bank
ORD_8566,Ritu Bansal,670.97,2026-08-26 19:31:00,completed,Watch Strap
ORD_8567,Aakash Jain,467.61,2026-08-27 05:47:00,completed,Blue T-Shirt
ORD_8568,Pooja Desai,361.39,2026-08-27 00:51:00,completed,Mouse Pad
ORD_8569,Divya Kulkarni,538.66,2026-08-26 21:33:00,completed,Blue T-Shirt
ORD_8570,Vikram Singh,2465.92,2026-08-26 21:31:00,completed,Keyboard
ORD_8571,Divya Kulkarni,1175.65,2026-08-27 08:17:00,completed,Desk Lamp
ORD_8572,Divya Kulkarni,1168.78,2026-08-27 05:23:00,completed,Desk Lamp
ORD_8573,Vikram Singh,1206.19,2026-08-26 23:19:00,completed,Desk Lamp
ORD_8574,Gaurav Malhotra,338.64,2026-08-27 02:04:00,completed,Mouse Pad
ORD_8575,Sanjay Verma,1764.55,2026-08-27 01:50:00,completed,Backpack
ORD_8576,Anjali Saxena,657.6,2026-08-27 06:25:00,completed,Watch Strap
ORD_8577,Priya Patel,312.36,2026-08-26 22:12:00,completed,Mouse Pad
ORD_8578,Pooja Desai,3466.19,2026-08-27 01:12:00,completed,Webcam
ORD_8579,Arjun Mehta,1169.03,2026-08-27 07:54:00,completed,Desk Lamp
ORD_8580,Rohit Joshi,2515.38,2026-08-27 02:36:00,completed,Keyboard
ORD_8581,Vikram Singh,2508.63,2026-08-27 01:57:00,completed,Keyboard
ORD_8582,Karthik Sundaram,348.23,2026-08-27 08:13:00,completed,Mouse Pad
ORD_8583,Deepika Rao,1788.59,2026-08-27 03:48:00,completed,Backpack
ORD_8584,Shreya Bhat,1919.42,2026-08-27 00:06:00,completed,Monitor Light
ORD_8585,Nandini Choudhury,741.86,2026-08-26 20:02:00,completed,Watch Strap
ORD_8586,Nikhil Agarwal,3495.3,2026-08-27 00:43:00,completed,Webcam
ORD_8587,Pooja Desai,2515.82,2026-08-26 18:15:00,completed,Keyboard
ORD_8588,Rahul Sharma,438.73,2026-08-27 06:59:00,completed,Coffee Mug
ORD_8589,Rajesh Menon,3008.01,2026-08-27 23:58:00,completed,Running Shoes
ORD_8590,Rahul Sharma,252.83,2026-08-27 08:13:00,completed,Notebook Set
ORD_8591,Anjali Saxena,1644.52,2026-08-27 00:54:00,completed,Sunglasses
ORD_8592,Nikhil Agarwal,1857.66,2026-08-26 21:54:00,completed,Monitor Light
ORD_8593,Rahul Sharma,881.28,2026-08-26 21:15:00,completed,Laptop Stand
ORD_8594,Sneha Gupta,176.72,2026-08-26 20:10:00,completed,USB Cable
ORD_8595,Anjali Saxena,1867.24,2026-08-27 02:24:00,completed,Monitor Light
ORD_8596,Rohit Joshi,2960.19,2026-08-27 04:21:00,completed,Running Shoes
ORD_8597,Manish Tiwari,427.94,2026-08-26 21:17:00,completed,Coffee Mug
ORD_8598,Pooja Desai,289.51,2026-08-27 01:35:00,completed,Notebook Set
ORD_8599,Aakash Jain,1283.89,2026-08-27 04:45:00,completed,Power Bank
ORD_8600,Rohit Joshi,858.6,2026-08-27 04:49:00,completed,Laptop Stand
ORD_8601,Arjun Mehta,1930.61,2026-08-27 05:58:00,completed,Monitor Light
ORD_8602,Ritu Bansal,3009.43,2026-08-27 04:03:00,completed,Running Shoes
ORD_8603,Nikhil Agarwal,368.49,2026-08-27 00:59:00,completed,Water Bottle
ORD_8604,Sanjay Verma,2474.8,2026-08-27 04:21:00,completed,Keyboard
ORD_8605,Kavita Nair,256.96,2026-08-27 00:59:00,completed,Notebook Set
ORD_8606,Sneha Gupta,247.68,2026-08-27 03:21:00,completed,Notebook Set
ORD_8607,Pooja Desai,1532.45,2026-08-27 01:56:00,completed,Wireless Earbuds
ORD_8608,Vikram Singh,523.13,2026-08-27 04:04:00,completed,Blue T-Shirt
ORD_8609,Arjun Mehta,910.56,2026-08-26 20:06:00,completed,Laptop Stand
ORD_8610,Rajesh Menon,2998.81,2026-08-26 20:57:00,completed,Running Shoes
ORD_8611,Nikhil Agarwal,345.84,2026-08-27 04:16:00,completed,Phone Case
ORD_8612,Amit Kumar,320.45,2026-08-27 03:31:00,completed,Phone Case
ORD_8613,Kavita Nair,1487.55,2026-08-26 19:02:00,completed,Wireless Earbuds
ORD_8614,Meera Iyer,375.11,2026-08-27 04:31:00,completed,Mouse Pad
ORD_8615,Sanjay Verma,921.75,2026-08-27 05:37:00,completed,Laptop Stand
ORD_8616,Nikhil Agarwal,1630.58,2026-08-26 20:59:00,completed,Sunglasses
ORD_8617,Gaurav Malhotra,442.68,2026-08-27 07:41:00,completed,Water Bottle
ORD_8618,Shreya Bhat,883.05,2026-08-26 22:28:00,completed,Laptop Stand
ORD_8619,Rajesh Menon,1912.44,2026-08-26 18:48:00,completed,Monitor Light
ORD_8620,Sneha Gupta,1835.61,2026-08-27 02:11:00,completed,Backpack
ORD_8621,Anjali Saxena,211.44,2026-08-26 20:55:00,completed,Notebook Set
ORD_8622,Priya Patel,1512.85,2026-08-26 20:48:00,completed,Standing Desk Mat
ORD_8623,Pooja Desai,1262.49,2026-08-26 19:07:00,completed,Power Bank
ORD_8624,Nandini Choudhury,1340.72,2026-08-27 01:13:00,completed,Power Bank
ORD_8625,Rahul Sharma,271.49,2026-08-27 05:16:00,completed,Notebook Set
ORD_8626,Shreya Bhat,395.41,2026-08-26 23:57:00,completed,Mouse Pad
ORD_8627,Nikhil Agarwal,430.53,2026-08-27 01:36:00,completed,Water Bottle
ORD_8628,Priya Patel,3005.24,2026-08-27 04:35:00,completed,Running Shoes
ORD_8629,Nandini Choudhury,927.37,2026-08-27 06:07:00,completed,Laptop Stand
ORD_8630,Nandini Choudhury,1537.47,2026-08-26 18:33:00,completed,Wireless Earbuds
ORD_8631,Kavita Nair,723.49,2026-08-26 20:24:00,completed,Watch Strap
ORD_8632,Nandini Choudhury,377.33,2026-08-27 01:32:00,completed,Water Bottle
ORD_8633,Rohit Joshi,3530.87,2026-08-26 23:36:00,completed,Webcam
ORD_8634,Manish Tiwari,420.92,2026-08-27 04:13:00,completed,Coffee Mug
ORD_8635,Manish Tiwari,429.27,2026-08-27 03:39:00,completed,Coffee Mug
ORD_8636,Aakash Jain,1464.47,2026-08-26 20:00:00,completed,Standing Desk Mat
ORD_8637,Sanjay Verma,514.2,2026-08-27 00:25:00,completed,Blue T-Shirt
ORD_8638,Meera Iyer,427.31,2026-08-27 02:20:00,completed,Water Bottle
ORD_8639,Rahul Sharma,1628.05,2026-08-26 18:36:00,completed,Sunglasses
ORD_8640,Meera Iyer,1538.87,2026-08-27 00:51:00,completed,Wireless Earbuds
ORD_8641,Vikram Singh,2538.76,2026-08-26 22:02:00,completed,Keyboard
ORD_8642,Gaurav Malhotra,485.87,2026-08-26 21:54:00,completed,Blue T-Shirt
ORD_8643,Kavita Nair,206.57,2026-08-27 08:01:00,completed,USB Cable
ORD_8644,Rohit Joshi,202.21,2026-08-27 07:05:00,completed,Notebook Set
ORD_8645,Ritu Bansal,3464.33,2026-08-26 23:48:00,completed,Webcam
ORD_8646,Ananya Reddy,710.89,2026-08-27 08:03:00,completed,Watch Strap
ORD_8647,Amit Kumar,362.66,2026-08-27 04:41:00,completed,Mouse Pad
ORD_8648,Arjun Mehta,958.98,2026-08-26 20:11:00,completed,Yoga Mat
ORD_8649,Aakash Jain,3518.03,2026-08-27 04:49:00,completed,Webcam
ORD_8650,Anjali Saxena,274.77,2026-08-27 01:13:00,completed,Phone Case
ORD_8651,Sneha Gupta,3028.96,2026-08-26 21:33:00,completed,Running Shoes
ORD_8652,Nikhil Agarwal,1513.71,2026-08-27 03:55:00,completed,Wireless Earbuds
ORD_8653,Priya Patel,348.99,2026-08-26 22:38:00,completed,Mouse Pad
ORD_8654,Rahul Sharma,1910.2,2026-08-26 20:27:00,completed,Monitor Light
ORD_8655,Vikram Singh,421.32,2026-08-26 23:53:00,completed,Water Bottle
ORD_8656,Meera Iyer,1877.39,2026-08-26 18:08:00,completed,Monitor Light
ORD_8657,Gaurav Malhotra,981.03,2026-08-27 00:28:00,completed,Yoga Mat
ORD_8658,Vikram Singh,1522.68,2026-08-26 21:29:00,completed,Standing Desk Mat
ORD_8659,Meera Iyer,1486.18,2026-08-27 08:45:00,completed,Wireless Earbuds
ORD_8660,Rajesh Menon,3509.89,2026-08-26 22:14:00,completed,Webcam
ORD_8661,Vikram Singh,328.16,2026-08-27 01:22:00,completed,Phone Case
ORD_8662,Arjun Mehta,183.06,2026-08-27 00:06:00,completed,USB Cable
ORD_8663,Deepika Rao,1779.8,2026-08-27 00:14:00,completed,Backpack
ORD_8664,Sneha Gupta,1517.55,2026-08-26 19:33:00,completed,Standing Desk Mat
ORD_8665,Karthik Sundaram,1877.59,2026-08-27 02:58:00,completed,Monitor Light
ORD_8666,Amit Kumar,149.09,2026-08-26 23:58:00,completed,USB Cable
ORD_8667,Rahul Sharma,480.89,2026-08-27 02:28:00,completed,Blue T-Shirt
ORD_8668,Rahul Sharma,2496.39,2026-08-26 23:31:00,completed,Keyboard
ORD_8669,Sneha Gupta,506.17,2026-08-27 07:54:00,completed,Blue T-Shirt
ORD_8670,Manish Tiwari,1458.18,2026-08-27 02:01:00,completed,Standing Desk Mat
ORD_8671,Nandini Choudhury,1269.08,2026-08-26 21:40:00,completed,Power Bank
ORD_8672,Ritu Bansal,1531.65,2026-08-26 18:52:00,completed,Standing Desk Mat
ORD_8673,Nandini Choudhury,207.51,2026-08-27 06:26:00,completed,Notebook Set
ORD_8674,Ritu Bansal,1249.84,2026-08-27 07:03:00,completed,Power Bank
ORD_8675,Amit Kumar,3496.46,2026-08-27 07:11:00,completed,Webcam
ORD_8676,Amit Kumar,336.51,2026-08-27 00:14:00,completed,Mouse Pad
ORD_8677,Anjali Saxena,929.69,2026-08-26 17:33:00,completed,Laptop Stand
ORD_8678,Nandini Choudhury,371.19,2026-08-26 20:59:00,completed,Water Bottle
ORD_8679,Meera Iyer,1313.05,2026-08-27 06:58:00,completed,Power Bank
ORD_8680,Ritu Bansal,290.69,2026-08-27 02:48:00,completed,Phone Case
ORD_8681,Ananya Reddy,461.01,2026-08-27 04:32:00,completed,Coffee Mug
ORD_8682,Vikram Singh,2971.78,2026-08-26 17:52:00,completed,Running Shoes
ORD_8683,Rahul Sharma,199.79,2026-08-26 23:01:00,completed,USB Cable
ORD_8684,Ananya Reddy,1457.47,2026-08-26 23:13:00,completed,Wireless Earbuds
ORD_8685,Ritu Bansal,1522.81,2026-08-27 07:45:00,completed,Wireless Earbuds
ORD_8686,Anjali Saxena,3031.77,2026-08-26 17:26:00,completed,Running Shoes
ORD_8687,Sneha Gupta,1159.68,2026-08-26 18:14:00,completed,Desk Lamp
ORD_8688,Rohit Joshi,1646.7,2026-08-26 19:59:00,completed,Sunglasses
ORD_8689,Aakash Jain,898.91,2026-08-27 02:10:00,completed,Laptop Stand
ORD_8690,Shreya Bhat,283.64,2026-08-27 02:57:00,completed,Phone Case
ORD_8691,Manish Tiwari,2999.66,2026-08-26 19:08:00,completed,Running Shoes
ORD_8692,Arjun Mehta,362.59,2026-08-26 18:40:00,completed,Mouse Pad
ORD_8693,Deepika Rao,262.64,2026-08-27 03:49:00,completed,Phone Case
ORD_8694,Sneha Gupta,857.5,2026-08-26 21:41:00,completed,Laptop Stand
ORD_8695,Sanjay Verma,396.45,2026-08-26 19:20:00,completed,Mouse Pad
ORD_8696,Anjali Saxena,533.03,2026-08-26 23:57:00,completed,Blue T-Shirt
ORD_8697,Ritu Bansal,393.76,2026-08-27 07:52:00,completed,Mouse Pad
ORD_8698,Meera Iyer,1508.04,2026-08-27 04:00:00,completed,Standing Desk Mat
ORD_8699,Nikhil Agarwal,203.82,2026-08-26 18:54:00,completed,USB Cable
ORD_8700,Divya Kulkarni,2449.7,2026-08-26 22:03:00,completed,Keyboard
ORD_8701,Gaurav Malhotra,3475.19,2026-08-27 04:20:00,completed,Webcam
ORD_8702,Meera Iyer,2979.99,2026-08-27 08:11:00,completed,Running Shoes
ORD_8703,Ritu Bansal,396.16,2026-08-26 23:38:00,completed,Water Bottle
ORD_8704,Karthik Sundaram,212.66,2026-08-27 05:04:00,completed,Notebook Set
ORD_8705,Manish Tiwari,1514.99,2026-08-26 23:28:00,completed,Wireless Earbuds
ORD_8706,Aakash Jain,726.54,2026-08-26 23:18:00,completed,Watch Strap
ORD_8707,Vikram Singh,1771.12,2026-08-27 00:24:00,completed,Backpack
ORD_8708,Pooja Desai,192.39,2026-08-27 02:19:00,completed,USB Cable
ORD_8709,Karthik Sundaram,1750.97,2026-08-27 03:24:00,completed,Backpack
ORD_8710,Amit Kumar,1465.23,2026-08-27 08:38:00,completed,Wireless Earbuds
ORD_8711,Ananya Reddy,1626.64,2026-08-27 08:02:00,completed,Sunglasses
ORD_8712,Sanjay Verma,1475.79,2026-08-26 17:23:00,completed,Wireless Earbuds
ORD_8713,Suresh Pillai,1485.65,2026-08-27 02:59:00,completed,Wireless Earbuds
ORD_8714,Pooja Desai,2519.15,2026-08-27 23:58:00,completed,Keyboard
ORD_8715,Ananya Reddy,259.04,2026-08-26 18:51:00,completed,Phone Case
ORD_8716,Divya Kulkarni,1543.96,2026-08-27 08:58:00,completed,Standing Desk Mat
ORD_8717,Karthik Sundaram,392.17,2026-08-26 18:56:00,completed,Mouse Pad
ORD_8718,Amit Kumar,426.92,2026-08-27 06:13:00,completed,Coffee Mug
ORD_8719,Arjun Mehta,975.0,2026-08-26 18:34:00,completed,Yoga Mat
ORD_8720,Priya Patel,368.75,2026-08-27 01:52:00,completed,Water Bottle
ORD_8721,Priya Patel,1564.05,2026-08-27 04:27:00,completed,Sunglasses
ORD_8722,Manish Tiwari,1917.98,2026-08-26 22:33:00,completed,Monitor Light
ORD_8723,Kavita Nair,2972.96,2026-08-26 22:34:00,completed,Running Shoes
ORD_8724,Manish Tiwari,385.19,2026-08-26 20:30:00,completed,Mouse Pad
ORD_8725,Anjali Saxena,1904.13,2026-08-27 07:29:00,completed,Monitor Light
ORD_8726,Karthik Sundaram,2987.59,2026-08-27 03:13:00,completed,Running Shoes
ORD_8727,Pooja Desai,234.44,2026-08-27 07:17:00,completed,USB Cable
ORD_8728,Rajesh Menon,880.31,2026-08-26 20:15:00,completed,Laptop Stand
ORD_8729,Rahul Sharma,1482.41,2026-08-27 03:56:00,completed,Wireless Earbuds
ORD_8730,Anjali Saxena,1546.78,2026-08-26 18:55:00,completed,Wireless Earbuds
ORD_8731,Sanjay Verma,527.32,2026-08-27 02:39:00,completed,Blue T-Shirt
ORD_8732,Ritu Bansal,3504.67,2026-08-27 01:49:00,completed,Webcam
ORD_8733,Meera Iyer,1283.62,2026-08-27 01:06:00,completed,Power Bank
ORD_8734,Kavita Nair,311.01,2026-08-26 18:41:00,completed,Phone Case
ORD_8735,Rahul Sharma,400.77,2026-08-26 21:45:00,completed,Water Bottle
ORD_8736,Suresh Pillai,1211.4,2026-08-27 03:44:00,completed,Desk Lamp
ORD_8737,Vikram Singh,1477.6,2026-08-26 23:22:00,completed,Wireless Earbuds
ORD_8738,Kavita Nair,1203.34,2026-08-27 00:30:00,completed,Desk Lamp
ORD_8739,Divya Kulkarni,388.21,2026-08-27 02:20:00,completed,Mouse Pad
ORD_8740,Amit Kumar,859.1,2026-08-27 08:04:00,completed,Laptop Stand
ORD_8741,Vikram Singh,252.15,2026-08-27 02:18:00,completed,Notebook Set
ORD_8742,Deepika Rao,715.96,2026-08-27 05:42:00,completed,Watch Strap
ORD_8743,Karthik Sundaram,452.69,2026-08-26 23:57:00,completed,Blue T-Shirt
ORD_8744,Rohit Joshi,1524.01,2026-08-26 20:39:00,completed,Wireless Earbuds
ORD_8745,Shreya Bhat,3495.24,2026-08-27 02:59:00,completed,Webcam
ORD_8746,Meera Iyer,1333.86,2026-08-26 17:57:00,completed,Power Bank
ORD_8747,Nikhil Agarwal,1766.21,2026-08-27 02:29:00,completed,Backpack
ORD_8748,Ritu Bansal,3529.98,2026-08-27 06:39:00,completed,Webcam
ORD_8749,Anjali Saxena,1231.01,2026-08-27 01:16:00,completed,Desk Lamp
ORD_8750,Anjali Saxena,1290.04,2026-08-27 02:10:00,completed,Power Bank
ORD_8751,Kavita Nair,312.44,2026-08-27 01:21:00,completed,Mouse Pad
ORD_8752,Shreya Bhat,1527.61,2026-08-27 00:41:00,completed,Wireless Earbuds
ORD_8753,Deepika Rao,323.8,2026-08-26 23:49:00,completed,Mouse Pad
ORD_8754,Divya Kulkarni,1200.68,2026-08-27 00:03:00,completed,Desk Lamp
ORD_8755,Sanjay Verma,1286.12,2026-08-26 17:21:00,completed,Power Bank
ORD_8756,Vikram Singh,342.3,2026-08-27 04:51:00,completed,Phone Case
ORD_8757,Anjali Saxena,256.3,2026-08-26 22:26:00,completed,Notebook Set
ORD_8758,Rohit Joshi,1297.39,2026-08-26 23:36:00,completed,Power Bank
ORD_8759,Vikram Singh,232.25,2026-08-27 01:43:00,completed,USB Cable
ORD_8760,Nikhil Agarwal,232.03,2026-08-26 17:50:00,completed,USB Cable
ORD_8761,Gaurav Malhotra,1539.99,2026-08-26 22:40:00,completed,Standing Desk Mat
ORD_8762,Karthik Sundaram,1022.18,2026-08-27 04:55:00,completed,Yoga Mat
ORD_8763,Kavita Nair,997.4,2026-08-27 02:29:00,completed,Yoga Mat
ORD_8764,Manish Tiwari,3481.46,2026-08-26 20:06:00,completed,Webcam
ORD_8765,Aakash Jain,411.21,2026-08-26 22:13:00,completed,Coffee Mug
ORD_8766,Divya Kulkarni,298.28,2026-08-27 07:37:00,completed,Notebook Set
ORD_8767,Gaurav Malhotra,448.17,2026-08-27 03:55:00,completed,Coffee Mug
ORD_8768,Ritu Bansal,1920.01,2026-08-27 07:08:00,completed,Monitor Light
ORD_8769,Rajesh Menon,1468.28,2026-08-26 19:16:00,completed,Wireless Earbuds
ORD_8770,Nandini Choudhury,1177.03,2026-08-27 00:41:00,completed,Desk Lamp
ORD_8771,Rahul Sharma,337.65,2026-08-27 01:31:00,completed,Phone Case
ORD_8772,Rajesh Menon,1534.35,2026-08-26 20:15:00,completed,Wireless Earbuds
ORD_8773,Manish Tiwari,220.06,2026-08-27 04:37:00,completed,USB Cable
ORD_8774,Sneha Gupta,2970.07,2026-08-27 23:57:00,completed,Running Shoes
ORD_8775,Priya Patel,948.57,2026-08-26 21:45:00,completed,Laptop Stand
ORD_8776,Arjun Mehta,268.22,2026-08-27 02:31:00,completed,Notebook Set
ORD_8777,Nandini Choudhury,462.83,2026-08-26 22:42:00,completed,Blue T-Shirt
ORD_8778,Deepika Rao,467.32,2026-08-27 02:15:00,completed,Blue T-Shirt
ORD_8779,Divya Kulkarni,1209.08,2026-08-27 05:15:00,completed,Desk Lamp
ORD_8780,Amit Kumar,987.48,2026-08-26 22:01:00,completed,Yoga Mat
ORD_8781,Priya Patel,232.83,2026-08-26 22:56:00,completed,Notebook Set
ORD_8782,Arjun Mehta,458.82,2026-08-26 21:35:00,completed,Blue T-Shirt
ORD_8783,Rahul Sharma,3465.03,2026-08-27 01:41:00,completed,Webcam
ORD_8784,Rajesh Menon,2527.8,2026-08-27 01:07:00,completed,Keyboard
ORD_8785,Priya Patel,905.98,2026-08-27 07:33:00,completed,Laptop Stand
ORD_8786,Karthik Sundaram,1479.94,2026-08-26 17:54:00,completed,Wireless Earbuds
ORD_8787,Sneha Gupta,874.6,2026-08-26 21:30:00,completed,Laptop Stand
ORD_8788,Arjun Mehta,283.99,2026-08-27 04:48:00,completed,Notebook Set
ORD_8789,Amit Kumar,1250.38,2026-08-26 21:30:00,completed,Power Bank
ORD_8790,Rahul Sharma,1001.2,2026-08-26 19:02:00,completed,Yoga Mat
ORD_8791,Sneha Gupta,1204.52,2026-08-27 04:37:00,completed,Desk Lamp
ORD_8792,Nandini Choudhury,950.31,2026-08-27 08:55:00,completed,Yoga Mat
ORD_8793,Rahul Sharma,884.17,2026-08-27 05:32:00,completed,Laptop Stand
ORD_8794,Nikhil Agarwal,1562.65,2026-08-27 02:43:00,completed,Sunglasses
ORD_8795,Amit Kumar,383.43,2026-08-26 21:47:00,completed,Mouse Pad
ORD_8796,Anjali Saxena,278.29,2026-08-27 04:15:00,completed,Phone Case
ORD_8797,Pooja Desai,224.94,2026-08-27 01:52:00,completed,USB Cable
ORD_8798,Rohit Joshi,1900.74,2026-08-26 22:56:00,completed,Monitor Light
ORD_8799,Divya Kulkarni,282.97,2026-08-26 18:29:00,completed,Notebook Set
ORD_8800,Gaurav Malhotra,438.47,2026-08-26 17:02:00,completed,Coffee Mug
ORD_8801,Pooja Desai,166.55,2026-08-27 02:45:00,completed,USB Cable
ORD_8802,Deepika Rao,1571.26,2026-08-27 01:05:00,completed,Sunglasses
ORD_8803,Divya Kulkarni,339.74,2026-08-26 20:02:00,completed,Mouse Pad
ORD_8804,Pooja Desai,3015.23,2026-08-27 04:43:00,completed,Running Shoes
ORD_8805,Divya Kulkarni,1286.26,2026-08-26 17:51:00,completed,Power Bank
ORD_8806,Rohit Joshi,1333.93,2026-08-26 19:21:00,completed,Power Bank
ORD_8807,Manish Tiwari,960.67,2026-08-27 01:31:00,completed,Yoga Mat
ORD_8808,Nandini Choudhury,1206.89,2026-08-26 22:03:00,completed,Desk Lamp
ORD_8809,Aakash Jain,994.56,2026-08-27 01:22:00,completed,Yoga Mat
ORD_8810,Amit Kumar,355.93,2026-08-27 01:57:00,completed,Water Bottle
ORD_8811,Nandini Choudhury,372.05,2026-08-26 22:52:00,completed,Mouse Pad
ORD_8812,Vikram Singh,1290.24,2026-08-26 18:50:00,completed,Power Bank
ORD_8813,Amit Kumar,1482.85,2026-08-26 21:18:00,completed,Standing Desk Mat
ORD_8814,Nandini Choudhury,1943.5,2026-08-27 01:21:00,completed,Monitor Light
ORD_8815,Rahul Sharma,217.16,2026-08-26 21:07:00,completed,Notebook Set
ORD_8816,Nandini Choudhury,434.91,2026-08-27 07:46:00,completed,Coffee Mug
ORD_8817,Pooja Desai,860.77,2026-08-26 19:06:00,completed,Laptop Stand
ORD_8818,Suresh Pillai,2470.54,2026-08-27 03:12:00,completed,Keyboard
ORD_8819,Divya Kulkarni,362.75,2026-08-27 06:38:00,completed,Mouse Pad
ORD_8820,Rajesh Menon,158.9,2026-08-26 23:25:00,completed,USB Cable
ORD_8821,Aakash Jain,1532.7,2026-08-26 18:06:00,completed,Wireless Earbuds
ORD_8822,Arjun Mehta,2484.67,2026-08-26 21:52:00,completed,Keyboard
ORD_8823,Divya Kulkarni,1293.8,2026-08-26 21:14:00,completed,Power Bank
ORD_8824,Meera Iyer,319.57,2026-08-26 20:15:00,completed,Mouse Pad
ORD_8825,Karthik Sundaram,915.86,2026-08-26 23:47:00,completed,Laptop Stand
ORD_8826,Amit Kumar,1820.17,2026-08-27 07:15:00,completed,Backpack
ORD_8827,Divya Kulkarni,1498.07,2026-08-27 00:33:00,completed,Wireless Earbuds
ORD_8828,Vikram Singh,1781.23,2026-08-26 18:42:00,completed,Backpack
ORD_8829,Gaurav Malhotra,3530.3,2026-08-26 18:47:00,completed,Webcam
ORD_8830,Manish Tiwari,204.19,2026-08-26 19:18:00,completed,Notebook Set
ORD_8831,Rohit Joshi,161.98,2026-08-26 22:18:00,completed,USB Cable
ORD_8832,Rajesh Menon,2526.67,2026-08-27 03:02:00,completed,Keyboard
ORD_8833,Meera Iyer,1502.56,2026-08-27 01:08:00,completed,Wireless Earbuds
ORD_8834,Deepika Rao,426.09,2026-08-26 18:56:00,completed,Coffee Mug
ORD_8835,Manish Tiwari,2546.54,2026-08-27 03:27:00,completed,Keyboard
ORD_8836,Nandini Choudhury,1200.7,2026-08-27 05:14:00,completed,Desk Lamp
ORD_8837,Nikhil Agarwal,3027.2,2026-08-27 06:17:00,completed,Running Shoes
ORD_8838,Arjun Mehta,1315.39,2026-08-27 01:57:00,completed,Power Bank
ORD_8839,Deepika Rao,1031.4,2026-08-27 06:51:00,completed,Yoga Mat
ORD_8840,Priya Patel,1334.11,2026-08-27 03:07:00,completed,Power Bank
ORD_8841,Deepika Rao,1162.74,2026-08-26 18:24:00,completed,Desk Lamp
ORD_8842,Anjali Saxena,193.34,2026-08-27 03:01:00,completed,USB Cable
ORD_8843,Sneha Gupta,474.72,2026-08-27 04:35:00,completed,Coffee Mug
ORD_8844,Rajesh Menon,427.97,2026-08-27 01:27:00,completed,Coffee Mug
ORD_8845,Vikram Singh,1760.34,2026-08-26 18:10:00,completed,Backpack
ORD_8846,Gaurav Malhotra,1783.23,2026-08-27 06:25:00,completed,Backpack
ORD_8847,Aakash Jain,1774.83,2026-08-27 06:58:00,completed,Backpack
ORD_8848,Sanjay Verma,2478.4,2026-08-26 20:55:00,completed,Keyboard
ORD_8849,Vikram Singh,1322.24,2026-08-26 21:53:00,completed,Power Bank
ORD_8850,Ritu Bansal,291.34,2026-08-27 04:49:00,completed,Notebook Set
ORD_8851,Deepika Rao,1752.05,2026-08-26 21:37:00,completed,Backpack
ORD_8852,Nikhil Agarwal,1329.88,2026-08-27 02:57:00,completed,Power Bank
ORD_8853,Deepika Rao,331.13,2026-08-27 03:55:00,completed,Phone Case
ORD_8854,Rajesh Menon,358.02,2026-08-27 00:52:00,completed,Mouse Pad
ORD_8855,Karthik Sundaram,310.7,2026-08-27 08:08:00,completed,Mouse Pad
ORD_8856,Vikram Singh,1475.12,2026-08-26 23:22:00,completed,Wireless Earbuds
ORD_8857,Suresh Pillai,2484.69,2026-08-26 17:48:00,completed,Keyboard
ORD_8858,Rahul Sharma,3477.35,2026-08-26 23:55:00,completed,Webcam
ORD_8859,Arjun Mehta,1583.24,2026-08-27 04:13:00,completed,Sunglasses
ORD_8860,Gaurav Malhotra,414.34,2026-08-26 21:57:00,completed,Coffee Mug
ORD_8861,Manish Tiwari,442.71,2026-08-27 00:07:00,completed,Water Bottle
ORD_8862,Rohit Joshi,167.75,2026-08-26 22:45:00,completed,USB Cable
ORD_8863,Sanjay Verma,1477.05,2026-08-27 23:57:00,completed,Wireless Earbuds
ORD_8864,Kavita Nair,3457.22,2026-08-26 22:52:00,completed,Webcam
ORD_8865,Arjun Mehta,1505.59,2026-08-27 05:59:00,completed,Wireless Earbuds
ORD_8866,Vikram Singh,1190.18,2026-08-26 19:05:00,completed,Desk Lamp
ORD_8867,Rajesh Menon,745.08,2026-08-27 03:40:00,completed,Watch Strap
ORD_8868,Rohit Joshi,522.78,2026-08-27 07:27:00,completed,Blue T-Shirt
ORD_8869,Aakash Jain,190.83,2026-08-26 17:41:00,completed,USB Cable
ORD_8870,Shreya Bhat,279.18,2026-08-27 04:55:00,completed,Phone Case
ORD_8871,Manish Tiwari,3512.96,2026-08-27 02:11:00,completed,Webcam
ORD_8872,Kavita Nair,432.5,2026-08-26 23:42:00,completed,Coffee Mug
ORD_8873,Aakash Jain,968.68,2026-08-26 17:32:00,completed,Yoga Mat
ORD_8874,Karthik Sundaram,454.14,2026-08-26 22:28:00,completed,Coffee Mug
ORD_8875,Gaurav Malhotra,447.97,2026-08-27 08:21:00,completed,Coffee Mug
ORD_8876,Kavita Nair,1948.66,2026-08-27 05:32:00,completed,Monitor Light
ORD_8877,Manish Tiwari,539.57,2026-08-26 21:20:00,completed,Blue T-Shirt
ORD_8878,Rohit Joshi,1553.58,2026-08-26 18:12:00,completed,Sunglasses
ORD_8879,Anjali Saxena,1501.82,2026-08-26 23:13:00,completed,Wireless Earbuds
ORD_8880,Shreya Bhat,1185.78,2026-08-27 08:09:00,completed,Desk Lamp
ORD_8881,Divya Kulkarni,861.28,2026-08-27 05:00:00,completed,Laptop Stand
ORD_8882,Priya Patel,322.35,2026-08-27 03:40:00,completed,Mouse Pad
ORD_8883,Aakash Jain,1023.63,2026-08-26 17:01:00,completed,Yoga Mat
ORD_8884,Aakash Jain,294.43,2026-08-26 22:02:00,completed,Phone Case
ORD_8885,Rahul Sharma,1936.88,2026-08-27 02:55:00,completed,Monitor Light
ORD_8886,Pooja Desai,2495.44,2026-08-26 23:25:00,completed,Keyboard
ORD_8887,Ritu Bansal,1554.55,2026-08-27 03:20:00,completed,Sunglasses
ORD_8888,Sanjay Verma,724.96,2026-08-27 08:00:00,completed,Watch Strap
ORD_8889,Rajesh Menon,1197.89,2026-08-27 03:40:00,completed,Desk Lamp
ORD_8890,Amit Kumar,1503.38,2026-08-26 23:39:00,completed,Standing Desk Mat
ORD_8891,Divya Kulkarni,2538.06,2026-08-26 23:43:00,completed,Keyboard
ORD_8892,Ritu Bansal,360.61,2026-08-26 19:20:00,completed,Mouse Pad
ORD_8893,Priya Patel,1608.06,2026-08-26 18:21:00,completed,Sunglasses
ORD_8894,Karthik Sundaram,2530.12,2026-08-27 00:25:00,completed,Keyboard
ORD_8895,Aakash Jain,1469.81,2026-08-27 02:18:00,completed,Standing Desk Mat
ORD_8896,Rahul Sharma,1239.02,2026-08-26 21:50:00,completed,Desk Lamp
ORD_8897,Manish Tiwari,1478.04,2026-08-27 08:04:00,completed,Standing Desk Mat
ORD_8898,Suresh Pillai,1543.5,2026-08-27 01:11:00,completed,Standing Desk Mat
ORD_8899,Anjali Saxena,282.23,2026-08-27 00:16:00,completed,Phone Case
ORD_8900,Gaurav Malhotra,1153.61,2026-08-26 22:29:00,completed,Desk Lamp
ORD_8901,Aakash Jain,1503.37,2026-08-26 20:27:00,completed,Standing Desk Mat
ORD_8902,Priya Patel,1463.38,2026-08-26 17:48:00,completed,Wireless Earbuds
ORD_8903,Gaurav Malhotra,418.92,2026-08-26 23:30:00,completed,Coffee Mug
ORD_8904,Arjun Mehta,327.27,2026-08-27 06:20:00,completed,Phone Case
ORD_8905,Ananya Reddy,511.8,2026-08-27 01:05:00,completed,Blue T-Shirt
ORD_8906,Kavita Nair,237.72,2026-08-27 01:05:00,completed,USB Cable
ORD_8907,Deepika Rao,1203.09,2026-08-27 07:28:00,completed,Desk Lamp
ORD_8908,Shreya Bhat,1261.4,2026-08-27 04:58:00,completed,Power Bank
ORD_8909,Suresh Pillai,654.09,2026-08-27 04:18:00,completed,Watch Strap
ORD_8910,Suresh Pillai,343.5,2026-08-27 01:05:00,completed,Phone Case
ORD_8911,Rajesh Menon,2502.76,2026-08-27 07:45:00,completed,Keyboard
ORD_8912,Amit Kumar,1485.14,2026-08-26 19:41:00,completed,Wireless Earbuds
ORD_8913,Ananya Reddy,187.06,2026-08-26 20:42:00,completed,USB Cable
ORD_8914,Shreya Bhat,249.44,2026-08-27 03:01:00,completed,Phone Case
ORD_8915,Suresh Pillai,3029.4,2026-08-27 08:47:00,completed,Running Shoes
ORD_8916,Nikhil Agarwal,653.62,2026-08-27 03:57:00,completed,Watch Strap
ORD_8917,Rajesh Menon,233.48,2026-08-26 20:48:00,completed,Notebook Set
ORD_8918,Sanjay Verma,1474.78,2026-08-27 02:18:00,completed,Standing Desk Mat
ORD_8919,Rahul Sharma,277.32,2026-08-27 04:58:00,completed,Phone Case
ORD_8920,Vikram Singh,2487.55,2026-08-26 19:06:00,completed,Keyboard
ORD_8921,Shreya Bhat,1232.61,2026-08-27 08:12:00,completed,Desk Lamp
ORD_8922,Ananya Reddy,481.42,2026-08-26 21:20:00,completed,Blue T-Shirt
ORD_8923,Rohit Joshi,1614.21,2026-08-26 21:35:00,completed,Sunglasses
ORD_8924,Shreya Bhat,856.98,2026-08-26 17:47:00,completed,Laptop Stand
ORD_8925,Nandini Choudhury,935.71,2026-08-26 22:47:00,completed,Laptop Stand
ORD_8926,Anjali Saxena,1472.31,2026-08-26 21:40:00,completed,Wireless Earbuds
ORD_8927,Arjun Mehta,1487.75,2026-08-26 19:15:00,completed,Wireless Earbuds
ORD_8928,Deepika Rao,1292.3,2026-08-27 01:23:00,completed,Power Bank
ORD_8929,Rohit Joshi,1255.82,2026-08-26 20:23:00,completed,Power Bank
ORD_8930,Nikhil Agarwal,696.2,2026-08-26 22:08:00,completed,Watch Strap
ORD_8931,Karthik Sundaram,1020.7,2026-08-27 07:09:00,completed,Yoga Mat
ORD_8932,Arjun Mehta,1865.02,2026-08-27 00:56:00,completed,Monitor Light
ORD_8933,Shreya Bhat,1519.33,2026-08-27 05:52:00,completed,Standing Desk Mat
ORD_8934,Deepika Rao,1485.87,2026-08-26 21:21:00,completed,Wireless Earbuds
ORD_8935,Aakash Jain,246.33,2026-08-26 19:20:00,completed,Notebook Set
ORD_8936,Deepika Rao,2525.28,2026-08-26 19:01:00,completed,Keyboard
ORD_8937,Manish Tiwari,1595.54,2026-08-26 20:11:00,completed,Sunglasses
ORD_8938,Divya Kulkarni,1641.7,2026-08-26 18:33:00,completed,Sunglasses
ORD_8939,Amit Kumar,1501.02,2026-08-26 23:57:00,completed,Standing Desk Mat
ORD_8940,Gaurav Malhotra,2469.68,2026-08-27 08:31:00,completed,Keyboard
ORD_8941,Kavita Nair,2471.45,2026-08-26 17:57:00,completed,Keyboard
ORD_8942,Rohit Joshi,1015.98,2026-08-27 08:12:00,completed,Yoga Mat
ORD_8943,Suresh Pillai,1798.69,2026-08-26 19:44:00,completed,Backpack
ORD_8944,Nandini Choudhury,2967.6,2026-08-26 17:11:00,completed,Running Shoes
ORD_8945,Nandini Choudhury,922.91,2026-08-26 18:30:00,completed,Laptop Stand
ORD_8946,Aakash Jain,1486.45,2026-08-27 01:23:00,completed,Wireless Earbuds
ORD_8947,Karthik Sundaram,212.29,2026-08-27 07:37:00,completed,USB Cable
ORD_8948,Kavita Nair,428.48,2026-08-26 17:54:00,completed,Coffee Mug
ORD_8949,Aakash Jain,732.24,2026-08-27 06:05:00,completed,Watch Strap
ORD_8950,Vikram Singh,981.85,2026-08-27 08:53:00,completed,Yoga Mat
ORD_8951,Kavita Nair,219.27,2026-08-27 02:52:00,completed,Notebook Set
ORD_8952,Rajesh Menon,421.47,2026-08-27 00:06:00,completed,Coffee Mug
ORD_8953,Sneha Gupta,3455.17,2026-08-27 00:13:00,completed,Webcam
ORD_8954,Amit Kumar,893.38,2026-08-27 07:57:00,completed,Laptop Stand
ORD_8955,Gaurav Malhotra,954.72,2026-08-27 04:11:00,completed,Yoga Mat
ORD_8956,Nandini Choudhury,309.14,2026-08-26 19:20:00,completed,Mouse Pad
ORD_8957,Anjali Saxena,653.49,2026-08-26 19:02:00,completed,Watch Strap
ORD_8958,Ananya Reddy,365.09,2026-08-26 23:30:00,completed,Water Bottle
ORD_8959,Gaurav Malhotra,3512.01,2026-08-27 01:47:00,completed,Webcam
ORD_8960,Gaurav Malhotra,291.15,2026-08-27 01:18:00,completed,Notebook Set
ORD_8961,Vikram Singh,2994.21,2026-08-27 07:29:00,completed,Running Shoes
ORD_8962,Manish Tiwari,426.88,2026-08-26 19:53:00,completed,Coffee Mug
ORD_8963,Amit Kumar,411.35,2026-08-26 22:07:00,completed,Water Bottle
ORD_8964,Ananya Reddy,654.16,2026-08-27 02:08:00,completed,Watch Strap
ORD_8965,Pooja Desai,426.87,2026-08-26 23:25:00,completed,Coffee Mug
ORD_8966,Aakash Jain,342.31,2026-08-27 02:05:00,completed,Phone Case
ORD_8967,Rahul Sharma,1947.4,2026-08-26 21:23:00,completed,Monitor Light
ORD_8968,Arjun Mehta,688.87,2026-08-27 07:33:00,completed,Watch Strap
ORD_8969,Arjun Mehta,2463.13,2026-08-26 21:55:00,completed,Keyboard
ORD_8970,Sanjay Verma,1495.99,2026-08-27 04:10:00,completed,Standing Desk Mat
ORD_8971,Arjun Mehta,671.76,2026-08-26 17:02:00,completed,Watch Strap
ORD_8972,Anjali Saxena,1524.65,2026-08-26 17:21:00,completed,Wireless Earbuds
ORD_8973,Manish Tiwari,1887.91,2026-08-27 03:45:00,completed,Monitor Light
ORD_8974,Sanjay Verma,709.94,2026-08-27 07:13:00,completed,Watch Strap
ORD_8975,Aakash Jain,386.73,2026-08-27 08:23:00,completed,Water Bottle
ORD_8976,Kavita Nair,3533.78,2026-08-27 00:43:00,completed,Webcam
ORD_8977,Aakash Jain,929.28,2026-08-27 02:24:00,completed,Laptop Stand
ORD_8978,Aakash Jain,250.48,2026-08-26 23:57:00,completed,Phone Case
ORD_8979,Aakash Jain,1519.11,2026-08-26 22:14:00,completed,Wireless Earbuds
ORD_8980,Gaurav Malhotra,2981.92,2026-08-26 18:22:00,completed,Running Shoes
ORD_8981,Manish Tiwari,334.81,2026-08-27 03:29:00,completed,Phone Case
ORD_8982,Gaurav Malhotra,2527.05,2026-08-26 23:46:00,completed,Keyboard
ORD_8983,Ritu Bansal,165.71,2026-08-27 03:24:00,completed,USB Cable
ORD_8984,Amit Kumar,381.88,2026-08-27 02:27:00,completed,Mouse Pad
ORD_8985,Gaurav Malhotra,221.28,2026-08-26 20:11:00,completed,USB Cable
ORD_8986,Aakash Jain,2966.36,2026-08-27 03:36:00,completed,Running Shoes
ORD_8987,Nandini Choudhury,367.4,2026-08-27 02:05:00,completed,Mouse Pad
ORD_8988,Arjun Mehta,234.68,2026-08-26 21:06:00,completed,Notebook Set
ORD_8989,Nikhil Agarwal,289.26,2026-08-27 03:09:00,completed,Phone Case
ORD_8990,Vikram Singh,1263.52,2026-08-27 07:43:00,completed,Power Bank
ORD_8991,Nandini Choudhury,862.88,2026-08-26 23:50:00,completed,Laptop Stand
ORD_8992,Sneha Gupta,875.04,2026-08-26 22:50:00,completed,Laptop Stand
ORD_8993,Amit Kumar,1624.05,2026-08-26 23:22:00,completed,Sunglasses
ORD_8994,Karthik Sundaram,153.37,2026-08-27 01:36:00,completed,USB Cable
ORD_8995,Gaurav Malhotra,307.54,2026-08-26 20:42:00,completed,Mouse Pad
ORD_8996,Divya Kulkarni,3488.04,2026-08-27 02:15:00,completed,Webcam
ORD_8997,Amit Kumar,1464.58,2026-08-26 19:00:00,completed,Standing Desk Mat
ORD_8998,Ritu Bansal,1642.95,2026-08-26 20:52:00,completed,Sunglasses
ORD_8999,Anjali Saxena,3501.86,2026-08-26 17:06:00,completed,Webcam
ORD_9000,Divya Kulkarni,397.22,2026-08-27 05:44:00,completed,Mouse Pad
