payment_id,order_id,amount,fee,tax,net_amount,settlement_id,payment_date,settlement_date,status
pay_H2ZQU7EE,ORD_1001,538.27,10.77,1.94,525.56,setl_001,2026-08-20 20:53:00,2026-08-21,captured
pay_WZS3T60R,ORD_1002,2547.79,50.96,9.17,2487.66,setl_001,2026-08-21 03:52:00,2026-08-22,captured
pay_JCKJLTEI,ORD_1003,1232.99,24.66,4.44,1203.89,setl_001,2026-08-21 08:42:00,2026-08-22,captured
pay_C3O18A5U,ORD_1004,355.42,7.11,1.28,347.03,setl_001,2026-08-21 23:59:00,2026-08-23,captured
pay_T026RJRN,ORD_1005,543.27,10.87,1.96,421.79,setl_001,2026-08-21 05:58:00,2026-08-22,captured
pay_VXDP5GJL,ORD_1006,1833.05,36.66,6.6,1789.79,setl_001,2026-08-20 18:02:00,2026-08-21,captured
pay_JCAT9MX2,ORD_1007,332.75,6.66,1.2,324.89,setl_001,2026-08-21 01:52:00,2026-08-22,captured
pay_IRE8QJNV,ORD_1008,543.96,10.88,1.96,531.12,setl_001,2026-08-20 17:41:00,2026-08-21,captured
pay_U6N7HV3I,ORD_1009,1845.47,36.91,6.64,1801.92,setl_002,2026-08-20 18:02:00,2026-08-21,captured
pay_PNSM43D8,ORD_1010,1529.55,30.59,5.51,1493.45,setl_002,2026-08-20 18:27:00,2026-08-21,captured
pay_1Q3VLI7K,ORD_1011,292.55,5.85,1.05,285.65,setl_002,2026-08-21 01:44:00,2026-08-22,captured
pay_RLRMJKV5,ORD_1012,1224.05,24.48,4.41,1195.16,setl_002,2026-08-21 05:22:00,2026-08-22,captured
pay_R1YXR2DH,ORD_1013,500.66,10.01,1.8,488.85,setl_002,2026-08-20 19:19:00,2026-08-21,captured
pay_M9TMQLIZ,ORD_1014,215.4,4.31,0.78,210.31,setl_002,2026-08-21 08:40:00,2026-08-22,captured
pay_0JV1V93K,ORD_1015,923.29,18.47,3.32,901.5,setl_002,2026-08-20 22:14:00,2026-08-21,captured
pay_9TZE5R5U,ORD_1016,1779.23,35.58,6.4,1737.25,setl_002,2026-08-20 21:18:00,2026-08-21,captured
pay_ECRUYF38,ORD_1017,1293.05,25.86,4.65,1262.54,setl_002,2026-08-20 18:20:00,2026-08-21,captured
pay_2ISQP49K,ORD_1018,1160.85,23.22,4.18,1133.45,setl_003,2026-08-21 06:43:30,2026-08-22,captured
pay_WV08HHXF,ORD_1018,1160.85,23.22,4.18,1133.45,setl_003,2026-08-21 06:43:00,2026-08-22,captured
pay_QBKK4CIJ,ORD_1019,3456.51,69.13,12.44,3374.94,setl_003,2026-08-21 06:33:00,2026-08-22,captured
pay_63CFL0UK,ORD_1020,391.51,7.83,1.41,382.27,setl_003,2026-08-21 00:43:00,2026-08-22,captured
pay_TPV60VAI,ORD_1021,717.87,14.36,2.58,700.93,setl_003,2026-08-21 05:22:00,2026-08-22,captured
pay_1GSPK9P3,ORD_1022,1944.08,38.88,7.0,1898.2,setl_003,2026-08-21 01:37:00,2026-08-22,captured
pay_4LYK83TQ,ORD_1023,1283.8,25.68,4.62,1253.5,setl_003,2026-08-21 03:43:00,2026-08-22,captured
pay_3A5QBSWR,ORD_1024,231.33,4.63,0.83,225.87,setl_003,2026-08-21 06:00:00,2026-08-22,captured
pay_PZE9VIFT,ORD_1025,2969.36,59.39,10.69,2899.28,setl_003,2026-08-20 22:02:00,2026-08-21,captured
pay_RZSJ49IT,ORD_1026,1558.32,31.17,5.61,1521.54,setl_003,2026-08-21 07:09:00,2026-08-22,captured
pay_JA04UX5Q,ORD_1028,1476.62,29.53,5.32,1441.77,setl_003,2026-08-21 04:04:00,2026-08-22,captured
pay_59IN4OLR,ORD_1029,982.24,19.64,3.54,959.06,setl_003,2026-08-21 05:32:00,2026-08-22,captured
pay_E8LD4D6A,ORD_1030,497.84,11.75,2.11,483.98,setl_004,2026-08-20 21:32:00,2026-08-21,captured
pay_MYX444NL,ORD_1031,1636.09,32.72,5.89,1597.48,setl_004,2026-08-20 19:33:00,2026-08-21,captured
pay_90PDW5PY,ORD_1032,3452.59,69.05,12.43,3371.11,setl_004,2026-08-21 00:43:00,2026-08-22,captured
pay_PIOYGGVN,ORD_1033,2981.44,59.63,10.73,2911.08,setl_004,2026-08-21 02:25:00,2026-08-22,captured
pay_QY6QKTC8,ORD_1034,1340.28,26.81,4.83,1308.64,setl_004,2026-08-21 00:32:00,2026-08-22,captured
pay_HNRIUU9K,ORD_1035,212.89,4.26,0.77,207.86,setl_004,2026-08-21 01:32:00,2026-08-22,captured
pay_0361I2HG,ORD_1036,199.81,4.0,0.72,195.09,setl_004,2026-08-20 19:03:00,2026-08-21,captured
pay_BNE6LOH2,ORD_1037,311.82,6.24,1.12,304.46,setl_004,2026-08-20 18:23:00,2026-08-21,captured
pay_8K52QC1I,ORD_1038,2499.18,49.98,9.0,2440.2,setl_004,2026-08-20 22:20:00,2026-08-21,captured
pay_EN0JNWNY,ORD_1039,3485.58,69.71,12.55,3403.32,setl_004,2026-08-20 17:21:00,2026-08-21,captured
pay_HC36KOF8,ORD_1040,510.95,10.22,1.84,498.89,setl_004,2026-08-21 04:03:00,2026-08-22,captured
pay_N8ZTV05X,ORD_1041,1260.61,25.21,4.54,1230.86,setl_005,2026-08-20 21:28:00,2026-08-21,captured
pay_HQIN9N6X,ORD_1042,1489.81,29.8,5.36,1454.65,setl_005,2026-08-20 18:47:00,2026-08-21,captured
pay_XVA2IEUC,ORD_1043,426.59,8.53,1.54,416.52,setl_005,2026-08-21 07:07:00,2026-08-22,captured
pay_2VJ99T2D,ORD_1044,407.64,8.15,1.47,398.02,setl_005,2026-08-21 03:51:00,2026-08-22,captured
pay_JEPECQNV,ORD_1045,250.49,5.01,0.9,244.58,setl_005,2026-08-21 03:03:00,2026-08-22,captured
pay_KXB94PDZ,ORD_1046,2471.15,49.42,8.9,2412.83,setl_005,2026-08-20 18:51:00,2026-08-21,captured
pay_JWTL9TQV,ORD_1047,1538.93,30.78,5.54,1502.61,setl_005,2026-08-20 21:06:00,2026-08-21,captured
pay_5O3O0LLJ,ORD_1048,934.28,18.69,3.36,912.23,setl_005,2026-08-20 23:31:00,2026-08-21,captured
pay_0NEC8UYO,ORD_1049,1255.71,25.11,4.52,1226.08,setl_005,2026-08-20 19:28:00,2026-08-21,captured
pay_UHXID4N1,ORD_1050,3045.84,60.92,10.97,2973.95,setl_005,2026-08-21 02:23:00,2026-08-22,captured
pay_BJ17MGFX,ORD_1051,1229.72,24.59,4.43,1200.7,setl_005,2026-08-20 17:41:00,2026-08-21,captured
pay_HPMNZ1UD,ORD_1052,323.1,6.46,1.16,315.48,setl_006,2026-08-20 19:52:00,2026-08-21,captured
pay_JXRPJ1EP,ORD_1053,264.74,5.29,0.95,258.5,setl_006,2026-08-20 18:44:00,2026-08-21,captured
pay_9BH811KE,ORD_1054,1897.66,37.95,6.83,1852.88,setl_006,2026-08-21 23:59:00,2026-08-23,captured
pay_43C5BA75,ORD_1055,1566.57,31.33,5.64,1529.6,setl_006,2026-08-21 00:37:00,2026-08-22,captured
pay_O8G8QYNP,ORD_1056,1606.34,32.13,5.78,1568.43,setl_006,2026-08-21 06:19:00,2026-08-22,captured
pay_0H2CWTG1,ORD_1057,1192.57,23.85,4.29,1164.43,setl_006,2026-08-20 19:28:00,2026-08-21,captured
pay_V1XG1R11,ORD_1058,272.63,5.45,0.98,266.2,setl_006,2026-08-21 01:14:00,2026-08-22,captured
pay_FCPKJCSL,ORD_1059,1913.3,38.27,6.89,1668.14,setl_006,2026-08-21 03:58:00,2026-08-22,captured
pay_WSQT26Q3,ORD_1060,2954.69,59.09,10.64,2884.96,setl_006,2026-08-20 19:42:00,2026-08-21,captured
pay_D6MZSGIP,ORD_1061,359.5,7.19,1.29,351.02,setl_007,2026-08-20 21:07:00,2026-08-21,captured
pay_N1YBWMLU,ORD_1062,2501.27,50.03,9.01,2442.23,setl_007,2026-08-21 04:26:00,2026-08-22,captured
pay_UFM8ZOV7,ORD_1063,174.2,3.48,0.63,170.09,setl_007,2026-08-20 21:22:00,2026-08-21,captured
pay_DYSAL8M1,ORD_1064,3486.67,69.73,12.55,3404.39,setl_007,2026-08-20 21:47:00,2026-08-21,captured
pay_ST0SX5WV,ORD_1065,1249.0,24.98,4.5,1219.52,setl_007,2026-08-20 19:19:00,2026-08-21,captured
pay_BNZ8V12I,ORD_1066,1767.08,35.34,6.36,1725.38,setl_007,2026-08-20 22:50:00,2026-08-21,captured
pay_9QKNS832,ORD_1067,245.56,4.91,0.88,239.77,setl_007,2026-08-20 23:28:00,2026-08-21,captured
pay_ZSEDFQS3,ORD_1068,204.22,4.08,0.73,199.41,setl_007,2026-08-21 04:36:00,2026-08-22,captured
pay_ONNCILDZ,ORD_1069,1230.67,24.61,4.43,1201.63,setl_008,2026-08-20 17:27:00,2026-08-21,captured
pay_1QW6AHF7,ORD_1070,262.76,5.26,0.95,256.55,setl_008,2026-08-21 08:46:00,2026-08-22,captured
pay_EIXWC4RT,ORD_1071,2491.33,49.83,8.97,2432.53,setl_008,2026-08-21 02:18:00,2026-08-22,captured
pay_WIOXD9CS,ORD_1072,1873.19,37.46,6.74,1828.99,setl_008,2026-08-21 02:28:00,2026-08-22,captured
pay_9JA2M0W1,ORD_1073,2504.42,50.09,9.02,2445.31,setl_008,2026-08-21 08:06:00,2026-08-22,captured
pay_3Y9RGEZ7,ORD_1074,253.43,5.07,0.91,247.45,setl_008,2026-08-21 03:54:00,2026-08-22,captured
pay_S9TJ1GM2,ORD_1075,169.16,3.38,0.61,165.17,setl_008,2026-08-20 18:23:00,2026-08-21,captured
pay_06N9RR7S,ORD_1076,211.45,4.23,0.76,206.46,setl_008,2026-08-21 07:00:00,2026-08-22,captured
pay_LCXLVPYM,ORD_1077,1556.89,31.14,5.61,1520.14,setl_009,2026-08-20 22:37:30,2026-08-21,captured
pay_B5M9J98C,ORD_1077,1556.89,31.14,5.61,1520.14,setl_009,2026-08-20 22:37:00,2026-08-21,captured
pay_4YPEIXN8,ORD_1078,1000.31,20.01,3.6,976.7,setl_009,2026-08-20 22:03:00,2026-08-21,captured
pay_1UTOXIE0,ORD_1079,1464.34,29.29,5.27,1429.78,setl_009,2026-08-21 04:27:00,2026-08-22,captured
pay_HECGZ938,ORD_1081,269.4,5.39,0.97,263.04,setl_009,2026-08-21 02:48:00,2026-08-22,captured
pay_4Z7W2SEH,ORD_1082,1019.95,20.4,3.67,995.88,setl_009,2026-08-21 03:00:00,2026-08-22,captured
pay_N2TWDL9Z,ORD_1083,1228.04,24.56,4.42,1199.06,setl_009,2026-08-21 04:40:00,2026-08-22,captured
pay_XQYM52XG,ORD_1084,1625.92,32.52,5.85,1587.55,setl_009,2026-08-20 19:11:00,2026-08-21,captured
pay_KF7I8SKC,ORD_1085,1599.29,31.99,5.76,1561.54,setl_009,2026-08-20 20:35:00,2026-08-21,captured
pay_DXVUGW6M,ORD_1086,3476.45,69.53,12.52,3394.4,setl_009,2026-08-21 02:44:00,2026-08-22,captured
pay_JHUWB6TX,ORD_1087,3031.52,60.63,10.91,2959.98,setl_009,2026-08-20 19:07:00,2026-08-21,captured
pay_CCPRHVLZ,ORD_1088,1273.49,25.47,4.58,1243.44,setl_010,2026-08-21 05:23:00,2026-08-22,captured
pay_QJIDKNWI,ORD_1089,412.08,8.24,1.48,402.36,setl_010,2026-08-20 20:22:00,2026-08-21,captured
pay_RSRLA8S8,ORD_1090,392.38,7.85,1.41,383.12,setl_010,2026-08-21 03:14:00,2026-08-22,captured
pay_5XQT4P50,ORD_1091,1884.29,37.69,6.78,1839.82,setl_010,2026-08-21 02:36:00,2026-08-22,captured
pay_KNQT3WVE,ORD_1092,953.52,19.07,3.43,931.02,setl_010,2026-08-20 23:28:00,2026-08-21,captured
pay_HSSBELRQ,ORD_1093,436.32,8.73,1.57,426.02,setl_010,2026-08-21 04:50:00,2026-08-22,captured
pay_90KM3TZK,ORD_1094,2462.98,49.26,8.87,2404.85,setl_010,2026-08-21 03:14:00,2026-08-22,captured
pay_20YAR821,ORD_1095,982.12,23.18,4.17,954.77,setl_010,2026-08-21 06:40:00,2026-08-22,captured
pay_WW4FYB8D,ORD_1096,1221.14,24.42,4.4,1192.32,setl_010,2026-08-21 08:15:00,2026-08-22,captured
pay_O1750CEH,ORD_1097,680.37,13.61,2.45,664.31,setl_011,2026-08-21 06:46:00,2026-08-22,captured
pay_MM1ZXYVG,ORD_1098,1301.55,26.03,4.69,1270.83,setl_011,2026-08-20 22:34:00,2026-08-21,captured
pay_ZYRRU7ZK,ORD_1099,254.81,5.1,0.92,248.79,setl_011,2026-08-21 02:52:00,2026-08-22,captured
pay_KKZMPJRH,ORD_1100,3486.97,69.74,12.55,3404.68,setl_011,2026-08-21 04:51:00,2026-08-22,captured
pay_WVIYTWBO,ORD_1101,292.3,5.85,1.05,285.4,setl_011,2026-08-21 01:09:00,2026-08-22,captured
pay_O75RH8LX,ORD_1102,917.12,18.34,3.3,895.48,setl_011,2026-08-20 17:37:00,2026-08-21,captured
pay_P47B42G0,ORD_1103,1872.22,37.44,6.74,1828.04,setl_011,2026-08-20 19:00:00,2026-08-21,captured
pay_K9TR74QG,ORD_1104,2949.93,59.0,10.62,2880.31,setl_011,2026-08-20 21:02:00,2026-08-21,captured
pay_AMKYGVWO,ORD_1105,315.25,6.3,1.13,307.82,setl_012,2026-08-21 01:47:00,2026-08-22,captured
pay_R7ANQJLU,ORD_1106,2481.79,49.64,8.94,2423.21,setl_012,2026-08-20 20:13:00,2026-08-21,captured
pay_QFY751YW,ORD_1107,475.16,9.5,1.71,463.95,setl_012,2026-08-21 00:04:00,2026-08-22,captured
pay_Q9NZ6123,ORD_1108,1010.46,20.21,3.64,986.61,setl_012,2026-08-20 21:32:00,2026-08-21,captured
pay_CUCTSUFL,ORD_1109,1536.31,30.73,5.53,1500.05,setl_012,2026-08-21 07:36:00,2026-08-22,captured
pay_QCEOUUYL,ORD_1110,660.62,13.21,2.38,645.03,setl_012,2026-08-21 08:10:00,2026-08-22,captured
pay_BMC97C7B,ORD_1111,424.45,8.49,1.53,414.43,setl_012,2026-08-20 23:38:00,2026-08-21,captured
pay_Q7NC85E4,ORD_1112,1825.9,36.52,6.57,1782.81,setl_012,2026-08-21 06:27:00,2026-08-22,captured
pay_419QZPNI,ORD_1113,1848.28,36.97,6.65,1804.66,setl_013,2026-08-20 21:48:00,2026-08-21,captured
pay_W76ICVQY,ORD_1114,964.51,19.29,3.47,941.75,setl_013,2026-08-20 20:06:00,2026-08-21,captured
pay_H5CSK30L,ORD_1115,1223.05,24.46,4.4,1194.19,setl_013,2026-08-21 07:19:00,2026-08-22,captured
pay_JUV0GYUB,ORD_1116,322.69,6.45,1.16,315.08,setl_013,2026-08-21 00:29:00,2026-08-22,captured
pay_KGTII4FQ,ORD_1117,477.58,9.55,1.72,466.31,setl_013,2026-08-21 06:28:00,2026-08-22,captured
pay_JLCQNT3B,ORD_1118,3490.27,69.81,12.57,3407.89,setl_013,2026-08-20 21:26:00,2026-08-21,captured
pay_0UR5L8A7,ORD_1119,1509.29,30.19,5.43,1473.67,setl_013,2026-08-20 23:56:00,2026-08-21,captured
pay_T1NTMJSR,ORD_1120,1340.44,26.81,4.83,1308.8,setl_013,2026-08-20 23:27:00,2026-08-21,captured
pay_B50ATVZK,ORD_1121,1325.16,26.5,4.77,1293.89,setl_014,2026-08-20 23:59:00,2026-08-22,captured
pay_XYJ38XRG,ORD_1122,322.0,6.44,1.16,314.4,setl_014,2026-08-21 00:36:00,2026-08-22,captured
pay_98S4C3BA,ORD_1123,1763.0,35.26,6.35,1721.39,setl_014,2026-08-21 08:16:00,2026-08-22,captured
pay_QCW76XAT,ORD_1124,1155.8,23.12,4.16,1128.52,setl_014,2026-08-20 17:18:00,2026-08-21,captured
pay_A3Y36DDF,ORD_1125,450.67,9.01,1.62,440.04,setl_014,2026-08-21 01:37:00,2026-08-22,captured
pay_C8QIZK3C,ORD_1126,1501.65,30.03,5.41,1466.21,setl_014,2026-08-21 01:54:00,2026-08-22,captured
pay_ZC4XL996,ORD_1127,1489.53,29.79,5.36,1454.38,setl_014,2026-08-21 08:04:00,2026-08-22,captured
pay_7YKTXG4A,ORD_1128,1170.14,23.4,4.21,1142.53,setl_014,2026-08-21 08:18:00,2026-08-22,captured
pay_KUU4YTN0,ORD_1129,1863.42,37.27,6.71,1819.44,setl_014,2026-08-21 06:00:00,2026-08-22,captured
pay_ICVWV8LW,ORD_1130,2523.55,50.47,9.08,2464.0,setl_015,2026-08-20 18:10:00,2026-08-21,captured
pay_YXDW2ZCF,ORD_1131,1271.81,25.44,4.58,1241.79,setl_015,2026-08-21 05:29:00,2026-08-22,captured
pay_Q1DDPUSD,ORD_1132,430.67,8.61,1.55,420.51,setl_015,2026-08-20 19:03:00,2026-08-21,captured
pay_AO20U9IS,ORD_1133,1004.42,20.09,3.62,980.71,setl_015,2026-08-21 03:59:00,2026-08-22,captured
pay_CPPRCJIW,ORD_1134,1762.88,35.26,6.35,1721.27,setl_015,2026-08-21 01:33:00,2026-08-22,captured
pay_8LW2LM34,ORD_1135,1468.55,29.37,5.29,1433.89,setl_015,2026-08-20 21:20:00,2026-08-21,captured
pay_GOL0W82L,ORD_1136,279.04,5.58,1.0,272.46,setl_015,2026-08-20 23:33:00,2026-08-21,captured
pay_G1A07H23,ORD_1137,435.5,8.71,1.57,425.22,setl_015,2026-08-20 23:42:00,2026-08-21,captured
pay_XZ2C9ROS,ORD_1138,1616.3,32.33,5.82,1578.15,setl_016,2026-08-21 02:18:00,2026-08-22,captured
pay_XMXB9YO1,ORD_1139,3452.68,69.05,12.43,3371.2,setl_016,2026-08-20 19:08:00,2026-08-21,captured
pay_UYHNQYYF,ORD_1140,850.05,17.0,3.06,829.99,setl_016,2026-08-21 00:37:00,2026-08-22,captured
pay_MM2SMDZQ,ORD_1141,1259.45,25.19,4.53,1229.73,setl_016,2026-08-20 19:09:00,2026-08-21,captured
pay_XYF9IGFU,ORD_1142,153.47,3.07,0.55,149.85,setl_016,2026-08-20 20:04:00,2026-08-21,captured
pay_O05QPAHK,ORD_1143,1228.78,24.58,4.42,1199.78,setl_016,2026-08-20 22:15:00,2026-08-21,captured
pay_HEYR8LNO,ORD_1144,1859.18,37.18,6.69,1815.31,setl_016,2026-08-20 22:26:00,2026-08-21,captured
pay_7VYLIENF,ORD_1145,984.2,19.68,3.54,960.98,setl_016,2026-08-20 22:55:00,2026-08-21,captured
pay_RT77GGKG,ORD_1146,1608.64,32.17,5.79,1570.68,setl_016,2026-08-21 05:29:00,2026-08-22,captured
pay_HNUXORZP,ORD_1147,1454.36,29.09,5.24,1420.03,setl_016,2026-08-20 17:33:00,2026-08-21,captured
pay_JTGQ01TE,ORD_1148,1505.54,30.11,5.42,1470.01,setl_017,2026-08-21 00:19:00,2026-08-22,captured
pay_T9D31K9Q,ORD_1149,276.51,5.53,1.0,269.98,setl_017,2026-08-20 18:52:00,2026-08-21,captured
pay_Y4VPW232,ORD_1150,1492.91,29.86,5.37,1457.68,setl_017,2026-08-21 00:18:00,2026-08-22,captured
pay_KJ49YD82,ORD_1151,1002.23,20.04,3.61,978.58,setl_017,2026-08-20 22:23:00,2026-08-21,captured
pay_Z31YRUJO,ORD_1152,285.7,5.71,1.03,278.96,setl_017,2026-08-20 21:17:00,2026-08-21,captured
pay_0Z5QRU54,ORD_1153,1512.36,30.25,5.44,1476.67,setl_017,2026-08-20 19:30:00,2026-08-21,captured
pay_2O83RLKT,ORD_1154,712.48,14.25,2.56,695.67,setl_017,2026-08-21 04:55:00,2026-08-22,captured
pay_W4A7FQ9P,ORD_1155,1934.24,38.68,6.96,1888.6,setl_017,2026-08-20 18:03:00,2026-08-21,captured
pay_JN6FOKZI,ORD_1156,164.9,3.3,0.59,161.01,setl_017,2026-08-20 19:44:00,2026-08-21,captured
pay_IYAZ39PE,ORD_1157,849.11,16.98,3.06,829.07,setl_018,2026-08-20 19:13:00,2026-08-21,captured
pay_NKN35XYC,ORD_1158,1187.31,23.75,4.27,1159.29,setl_018,2026-08-20 20:09:00,2026-08-21,captured
pay_WFOY4DD1,ORD_1159,510.03,10.2,1.84,497.99,setl_018,2026-08-21 07:24:00,2026-08-22,captured
pay_IXIVZK7A,ORD_1160,434.15,8.68,1.56,337.08,setl_018,2026-08-21 03:52:00,2026-08-22,captured
pay_KB68RERV,ORD_1161,400.77,8.02,1.44,391.31,setl_018,2026-08-20 23:51:00,2026-08-21,captured
pay_PTGQ9CVA,ORD_1162,547.69,10.95,1.97,534.77,setl_018,2026-08-20 21:29:00,2026-08-21,captured
pay_1POXTFDC,ORD_1163,3041.26,60.83,10.95,2969.48,setl_018,2026-08-21 02:45:00,2026-08-22,captured
pay_04CDPQVL,ORD_1164,302.64,6.05,1.09,295.5,setl_018,2026-08-20 19:23:00,2026-08-21,captured
pay_8S2ZGE2J,ORD_1165,850.27,17.01,3.06,830.2,setl_018,2026-08-20 17:14:00,2026-08-21,captured
pay_J9WRSB4G,ORD_1166,482.5,9.65,1.74,471.11,setl_019,2026-08-21 01:34:00,2026-08-22,captured
pay_A4ABN7G8,ORD_1167,276.33,5.53,1.0,269.8,setl_019,2026-08-20 20:19:00,2026-08-21,captured
pay_I6L3UEYB,ORD_1168,3529.31,70.59,12.71,3446.01,setl_019,2026-08-21 06:17:00,2026-08-22,captured
pay_51LDQNK2,ORD_1169,2547.14,50.94,9.17,2487.03,setl_019,2026-08-20 20:00:00,2026-08-21,captured
pay_0T2F7ATW,ORD_1170,1195.39,23.91,4.3,1167.18,setl_019,2026-08-21 08:51:00,2026-08-22,captured
pay_DTIRC9ZD,ORD_1171,299.15,5.98,1.08,292.09,setl_019,2026-08-21 05:57:00,2026-08-22,captured
pay_USWOVCXE,ORD_1172,2490.31,49.81,8.97,2431.53,setl_019,2026-08-21 07:48:00,2026-08-22,captured
pay_JCH2VFFQ,ORD_1173,284.09,5.68,1.02,277.39,setl_019,2026-08-21 03:24:00,2026-08-22,captured
pay_Q4D3KZVH,ORD_1174,902.59,18.05,3.25,881.29,setl_019,2026-08-20 23:31:00,2026-08-21,captured
pay_BK3G84UT,ORD_1175,258.12,5.16,0.93,252.03,setl_019,2026-08-21 04:30:00,2026-08-22,captured
pay_39E3NWXU,ORD_1176,659.19,13.18,2.37,643.64,setl_020,2026-08-20 20:01:00,2026-08-21,captured
pay_3D43E7B7,ORD_1177,1451.18,29.02,5.22,1416.94,setl_020,2026-08-21 00:01:00,2026-08-21,captured
pay_HGK5BWIK,ORD_1178,448.61,8.97,1.61,438.03,setl_020,2026-08-21 06:14:00,2026-08-22,captured
pay_PX2I9TAN,ORD_1179,3496.9,69.94,12.59,3414.37,setl_020,2026-08-21 01:26:00,2026-08-22,captured
pay_SNGLH62C,ORD_1180,1303.45,26.07,4.69,1272.69,setl_020,2026-08-21 05:03:00,2026-08-22,captured
pay_IIT2018U,ORD_1181,2484.74,49.69,8.94,2426.11,setl_020,2026-08-21 00:11:00,2026-08-22,captured
pay_L0MVZMUF,ORD_1182,1042.52,20.85,3.75,1017.92,setl_020,2026-08-20 22:20:00,2026-08-21,captured
pay_CVARLW3M,ORD_1183,1303.21,26.06,4.69,1272.46,setl_020,2026-08-21 08:03:00,2026-08-22,captured
pay_448N7ODK,ORD_1184,304.96,6.1,1.1,297.76,setl_020,2026-08-20 21:50:00,2026-08-21,captured
pay_G8Y72IVG,ORD_1185,1822.24,36.44,6.56,1779.24,setl_021,2026-08-21 08:44:00,2026-08-22,captured
pay_O98BV78H,ORD_1186,161.73,3.23,0.58,157.92,setl_021,2026-08-20 17:49:00,2026-08-21,captured
pay_I9G5DZX5,ORD_1187,942.67,18.85,3.39,920.43,setl_021,2026-08-21 03:48:00,2026-08-22,captured
pay_2ZBPPFO5,ORD_1188,475.52,9.51,1.71,464.3,setl_021,2026-08-20 19:25:00,2026-08-21,captured
pay_C4KL8CGN,ORD_1189,3486.53,69.73,12.55,3404.25,setl_021,2026-08-21 00:14:00,2026-08-22,captured
pay_6ZPXVPBL,ORD_1190,3543.18,70.86,12.75,3459.57,setl_021,2026-08-21 03:43:00,2026-08-22,captured
pay_KDOTRBAD,ORD_1191,1618.72,32.37,5.83,1580.52,setl_021,2026-08-21 01:45:00,2026-08-22,captured
pay_9RE2Q6JX,ORD_1192,1268.97,25.38,4.57,1239.02,setl_021,2026-08-20 23:13:00,2026-08-21,captured
pay_BPJ4UFZD,ORD_1193,1786.1,35.72,6.43,1743.95,setl_021,2026-08-21 04:15:00,2026-08-22,captured
pay_43PT5R5R,ORD_1194,3490.4,69.81,12.57,3408.02,setl_021,2026-08-21 00:36:30,2026-08-22,captured
pay_C6ZS62YW,ORD_1194,3490.4,69.81,12.57,3408.02,setl_021,2026-08-21 00:36:00,2026-08-22,captured
pay_EP9P9W4J,ORD_1195,666.29,13.33,2.4,650.56,setl_022,2026-08-20 23:53:00,2026-08-21,captured
pay_S7AZV2EF,ORD_1196,1487.81,29.76,5.36,1452.69,setl_022,2026-08-21 03:57:00,2026-08-22,captured
pay_2555JXUR,ORD_1197,1907.27,38.15,6.87,1862.25,setl_022,2026-08-20 20:37:00,2026-08-21,captured
pay_6LI076A3,ORD_1198,239.3,4.79,0.86,233.65,setl_022,2026-08-21 05:06:00,2026-08-22,captured
pay_E9P3JPXG,ORD_1199,177.03,3.54,0.64,172.85,setl_022,2026-08-20 20:57:00,2026-08-21,captured
pay_SFLSE45B,ORD_1200,1623.09,32.46,5.84,1584.79,setl_022,2026-08-21 04:53:00,2026-08-22,captured
pay_3SWEBNVG,ORD_1202,3040.8,60.82,10.95,2969.03,setl_022,2026-08-20 23:20:00,2026-08-21,captured
pay_0YKNFU84,ORD_1203,1904.13,38.08,6.85,1859.2,setl_022,2026-08-20 22:56:00,2026-08-21,captured
pay_REG2IV7Z,ORD_1204,375.91,8.87,1.6,365.44,setl_022,2026-08-20 17:56:00,2026-08-21,captured
pay_KSWVA984,ORD_1205,1638.55,32.77,5.9,1599.88,setl_022,2026-08-21 23:59:00,2026-08-23,captured
pay_MJLJX8XG,ORD_1206,1509.91,30.2,5.44,1474.27,setl_022,2026-08-20 20:31:00,2026-08-21,captured
pay_YZX9JPNB,ORD_1207,1238.97,24.78,4.46,1209.73,setl_022,2026-08-21 05:45:00,2026-08-22,captured
pay_WR7MKGXU,ORD_1208,383.32,7.67,1.38,374.27,setl_023,2026-08-21 00:48:00,2026-08-22,captured
pay_1GYMDM0L,ORD_1209,896.08,17.92,3.23,874.93,setl_023,2026-08-21 01:51:00,2026-08-22,captured
pay_Q5V7C6S5,ORD_1210,975.06,19.5,3.51,952.05,setl_023,2026-08-21 07:55:00,2026-08-22,captured
pay_M969F5GC,ORD_1211,2478.84,49.58,8.92,2420.34,setl_023,2026-08-20 21:10:00,2026-08-21,captured
pay_H1UF22EP,ORD_1212,1780.34,35.61,6.41,1738.32,setl_023,2026-08-20 17:31:00,2026-08-21,captured
pay_T0861TAA,ORD_1213,441.9,8.84,1.59,431.47,setl_023,2026-08-21 05:01:00,2026-08-22,captured
pay_NVG3KK0V,ORD_1214,1218.35,24.37,4.39,1189.59,setl_023,2026-08-21 02:09:00,2026-08-22,captured
pay_MG87OI0E,ORD_1215,1637.8,32.76,5.9,1599.14,setl_023,2026-08-21 04:01:00,2026-08-22,captured
pay_NX1WVBD4,ORD_1216,1899.46,37.99,6.84,1854.63,setl_024,2026-08-21 04:46:00,2026-08-22,captured
pay_RFZWKXXJ,ORD_1217,890.68,17.81,3.21,869.66,setl_024,2026-08-20 20:38:00,2026-08-21,captured
pay_2RV239MO,ORD_1218,290.88,5.82,1.05,225.83,setl_024,2026-08-20 20:19:00,2026-08-21,captured
pay_AY64YFDS,ORD_1219,3003.81,60.08,10.81,2932.92,setl_024,2026-08-21 08:23:00,2026-08-22,captured
pay_B354MYPE,ORD_1220,263.43,5.27,0.95,257.21,setl_024,2026-08-21 02:20:00,2026-08-22,captured
pay_68J0NMEO,ORD_1221,534.2,10.68,1.92,521.6,setl_024,2026-08-20 22:24:00,2026-08-21,captured
pay_X2EZC7FO,ORD_1222,282.57,5.65,1.02,275.9,setl_024,2026-08-21 08:55:00,2026-08-22,captured
pay_NMBY49E7,ORD_1223,1329.23,26.58,4.78,1297.87,setl_024,2026-08-21 07:16:00,2026-08-22,captured
pay_A5S00I85,ORD_1224,1593.07,31.86,5.73,1555.48,setl_025,2026-08-21 01:44:00,2026-08-22,captured
pay_RXXF36WA,ORD_1225,2517.82,50.36,9.06,2458.4,setl_025,2026-08-20 20:29:00,2026-08-21,captured
pay_LLKSTN3C,ORD_1226,2533.88,50.68,9.12,2474.08,setl_025,2026-08-20 22:08:00,2026-08-21,captured
pay_90AOBT32,ORD_1227,1893.81,37.88,6.82,1849.11,setl_025,2026-08-21 07:21:00,2026-08-22,captured
pay_8NBIQUWR,ORD_1228,238.01,4.76,0.86,232.39,setl_025,2026-08-20 23:45:00,2026-08-21,captured
pay_MW2TND6R,ORD_1229,660.4,13.21,2.38,644.81,setl_025,2026-08-21 00:03:00,2026-08-22,captured
pay_H3GM1BWY,ORD_1230,874.43,17.49,3.15,853.79,setl_025,2026-08-20 23:11:00,2026-08-21,captured
pay_TB74RS7G,ORD_1231,694.74,13.89,2.5,678.35,setl_025,2026-08-20 21:32:00,2026-08-21,captured
pay_VL5PVYIO,ORD_1232,1822.05,36.44,6.56,1779.05,setl_025,2026-08-20 20:29:00,2026-08-21,captured
pay_Z0KZ4Z7W,ORD_1233,194.28,3.89,0.7,189.69,setl_025,2026-08-20 21:31:00,2026-08-21,captured
pay_9X8SYLEM,ORD_1234,411.42,8.23,1.48,401.71,setl_026,2026-08-21 05:00:00,2026-08-22,captured
pay_K43SAFYH,ORD_1235,1906.06,38.12,6.86,1861.08,setl_026,2026-08-21 06:48:00,2026-08-22,captured
pay_HTMQWYUI,ORD_1236,217.34,4.35,0.78,212.21,setl_026,2026-08-20 18:47:00,2026-08-21,captured
pay_7N89LTAJ,ORD_1237,422.76,8.46,1.52,412.78,setl_026,2026-08-21 02:45:00,2026-08-22,captured
pay_TV18KGYG,ORD_1238,732.0,14.64,2.64,714.72,setl_026,2026-08-21 04:53:00,2026-08-22,captured
pay_JF4AQ7B7,ORD_1239,2460.94,49.22,8.86,2402.86,setl_026,2026-08-21 06:22:00,2026-08-22,captured
pay_TCZS8S2F,ORD_1240,3026.37,60.53,10.9,2954.94,setl_026,2026-08-21 02:36:00,2026-08-22,captured
pay_XLK8WRU1,ORD_1241,3489.34,69.79,12.56,3406.99,setl_026,2026-08-21 00:58:00,2026-08-22,captured
pay_7IB5N2EJ,ORD_1242,915.89,18.32,3.3,894.27,setl_027,2026-08-21 01:02:00,2026-08-22,captured
pay_QB6GS8G8,ORD_1243,540.13,10.8,1.94,527.39,setl_027,2026-08-21 04:37:00,2026-08-22,captured
pay_5PDTZ91X,ORD_1244,3449.73,68.99,12.42,3368.32,setl_027,2026-08-20 23:44:00,2026-08-21,captured
pay_CGJC36OQ,ORD_1245,251.38,5.03,0.91,245.44,setl_027,2026-08-21 03:03:30,2026-08-22,captured
pay_OLOEAZC0,ORD_1245,251.38,5.03,0.91,245.44,setl_027,2026-08-21 03:03:00,2026-08-22,captured
pay_VK7N3BFH,ORD_1246,1484.77,29.7,5.35,1449.72,setl_027,2026-08-20 20:21:00,2026-08-21,captured
pay_8A5FBUOT,ORD_1247,3478.5,69.57,12.52,3396.41,setl_027,2026-08-20 21:22:00,2026-08-21,captured
pay_64FGWJEY,ORD_1248,170.01,3.4,0.61,166.0,setl_027,2026-08-21 04:17:00,2026-08-22,captured
pay_CYJHU8MY,ORD_1249,3034.14,60.68,10.92,2962.54,setl_027,2026-08-21 07:46:00,2026-08-22,captured
pay_QWLVUNLP,ORD_1250,877.51,17.55,3.16,856.8,setl_027,2026-08-20 23:24:00,2026-08-21,captured
pay_E05QMKTG,ORD_1251,323.62,6.47,1.16,315.99,setl_028,2026-08-21 06:20:00,2026-08-22,captured
pay_064W3U1H,ORD_1252,1533.18,30.66,5.52,1497.0,setl_028,2026-08-20 23:17:00,2026-08-21,captured
pay_NI10KQSO,ORD_1253,3475.06,69.5,12.51,3393.05,setl_028,2026-08-21 08:43:00,2026-08-22,captured
pay_FFUU5F07,ORD_1254,515.27,10.31,1.86,503.1,setl_028,2026-08-20 22:53:00,2026-08-21,captured
pay_IYS2N75B,ORD_1255,1225.15,24.5,4.41,1196.24,setl_028,2026-08-20 19:19:00,2026-08-21,captured
pay_UUNNV6CJ,ORD_1256,919.37,18.39,3.31,897.67,setl_028,2026-08-21 01:56:00,2026-08-22,captured
pay_5A5PISKF,ORD_1257,2489.58,49.79,8.96,2430.83,setl_028,2026-08-21 08:54:00,2026-08-22,captured
pay_VXOIEVES,ORD_1259,371.03,7.42,1.34,362.27,setl_028,2026-08-21 08:32:00,2026-08-22,captured
pay_VUAZXKDQ,ORD_1260,254.59,5.09,0.92,248.58,setl_028,2026-08-20 22:37:00,2026-08-21,captured
pay_3GXJ0MQV,ORD_1261,1266.06,29.88,5.38,1230.8,setl_028,2026-08-20 21:55:00,2026-08-21,captured
pay_4SPFDRWB,ORD_1262,437.55,8.75,1.57,427.23,setl_029,2026-08-20 17:17:00,2026-08-21,captured
pay_61XSNBTI,ORD_1263,2524.24,50.48,9.09,2464.67,setl_029,2026-08-21 23:58:00,2026-08-23,captured
pay_J16DVTJA,ORD_1264,434.05,8.68,1.56,423.81,setl_029,2026-08-20 20:29:00,2026-08-21,captured
pay_YLNFXJ4P,ORD_1265,1901.25,38.02,6.84,1856.39,setl_029,2026-08-20 17:26:00,2026-08-21,captured
pay_O2RNTJLM,ORD_1266,1476.56,29.53,5.32,1441.71,setl_029,2026-08-21 05:50:00,2026-08-22,captured
pay_QZFHOMTZ,ORD_1267,334.5,6.69,1.2,326.61,setl_029,2026-08-20 20:49:00,2026-08-21,captured
pay_3QVDJNV0,ORD_1268,1787.91,35.76,6.44,1745.71,setl_029,2026-08-20 17:52:00,2026-08-21,captured
pay_XPHX2KBV,ORD_1269,1514.62,30.29,5.45,1478.88,setl_029,2026-08-20 18:51:00,2026-08-21,captured
pay_X9DJOYOH,ORD_1270,1210.52,24.21,4.36,1181.95,setl_029,2026-08-20 18:25:00,2026-08-21,captured
pay_6M8JVH7U,ORD_1271,1540.92,30.82,5.55,1504.55,setl_030,2026-08-21 02:51:00,2026-08-22,captured
pay_MESJT2JP,ORD_1272,1789.71,35.79,6.44,1747.48,setl_030,2026-08-20 19:35:00,2026-08-21,captured
pay_Y65RJN2H,ORD_1273,1897.36,37.95,6.83,1852.58,setl_030,2026-08-21 03:53:00,2026-08-22,captured
pay_IDY3C7RM,ORD_1274,340.24,6.8,1.22,332.22,setl_030,2026-08-20 17:47:00,2026-08-21,captured
pay_IIJI44M2,ORD_1275,217.28,4.35,0.78,212.15,setl_030,2026-08-20 23:33:00,2026-08-21,captured
pay_1TBRWR96,ORD_1276,1516.58,30.33,5.46,1480.79,setl_030,2026-08-21 08:40:00,2026-08-22,captured
pay_1ESP7BM4,ORD_1277,1267.29,25.35,4.56,1237.38,setl_030,2026-08-21 01:27:00,2026-08-22,captured
pay_AHULWJTI,ORD_1278,746.65,14.93,2.69,729.03,setl_030,2026-08-21 07:21:00,2026-08-22,captured
pay_P1NOQU9Y,ORD_1279,1483.31,29.67,5.34,1448.3,setl_030,2026-08-21 08:29:00,2026-08-22,captured
pay_H20RAPE6,ORD_1280,279.41,5.59,1.01,272.81,setl_031,2026-08-21 06:58:00,2026-08-22,captured
pay_4BDFHJ4D,ORD_1281,3521.06,70.42,12.68,3437.96,setl_031,2026-08-21 02:21:00,2026-08-22,captured
pay_OMYVUXT9,ORD_1282,235.1,4.7,0.85,229.55,setl_031,2026-08-21 01:23:00,2026-08-22,captured
pay_6NKWFG3M,ORD_1283,981.51,19.63,3.53,958.35,setl_031,2026-08-21 08:53:00,2026-08-22,captured
pay_ILKJXJQ5,ORD_1284,1889.48,37.79,6.8,1844.89,setl_031,2026-08-20 19:13:00,2026-08-21,captured
pay_4EIJ00HO,ORD_1285,1901.09,38.02,6.84,1856.23,setl_031,2026-08-21 06:12:00,2026-08-22,captured
pay_S9DWD7OI,ORD_1286,1542.68,30.85,5.55,1506.28,setl_031,2026-08-20 18:05:00,2026-08-21,captured
pay_X4LR9TJQ,ORD_1287,711.65,14.23,2.56,694.86,setl_031,2026-08-20 22:02:00,2026-08-21,captured
pay_LMT2PNJK,ORD_1288,1808.08,36.16,6.51,1765.41,setl_031,2026-08-21 06:38:00,2026-08-22,captured
pay_TYR1K12V,ORD_1289,2530.54,50.61,9.11,2470.82,setl_032,2026-08-21 04:22:00,2026-08-22,captured
pay_F0ONJPI1,ORD_1290,3486.36,69.73,12.55,3404.08,setl_032,2026-08-21 06:27:00,2026-08-22,captured
pay_4GKWWJWG,ORD_1291,227.47,4.55,0.82,222.1,setl_032,2026-08-21 01:28:00,2026-08-22,captured
pay_KEPADAHP,ORD_1292,253.96,5.08,0.91,247.97,setl_032,2026-08-20 17:12:00,2026-08-21,captured
pay_C1CQG433,ORD_1293,995.37,19.91,3.58,971.88,setl_032,2026-08-21 03:07:00,2026-08-22,captured
pay_H0DXHO87,ORD_1294,1187.48,23.75,4.27,1159.46,setl_032,2026-08-21 00:48:00,2026-08-22,captured
pay_WH55HEWL,ORD_1295,3023.47,60.47,10.88,2952.12,setl_032,2026-08-20 20:20:00,2026-08-21,captured
pay_UYYF1IRY,ORD_1296,257.47,5.15,0.93,199.9,setl_032,2026-08-21 00:01:00,2026-08-22,captured
pay_2EI9212P,ORD_1297,2954.98,59.1,10.64,2885.24,setl_032,2026-08-20 21:49:00,2026-08-21,captured
pay_RPKZGGM0,ORD_1298,517.92,10.36,1.86,505.7,setl_033,2026-08-20 21:17:00,2026-08-21,captured
pay_FKJNAWNG,ORD_1299,1540.45,30.81,5.55,1504.09,setl_033,2026-08-20 22:09:00,2026-08-21,captured
pay_XTNSRTWL,ORD_1300,1534.68,30.69,5.52,1498.47,setl_033,2026-08-21 00:21:00,2026-08-22,captured
pay_GBDGBXNR,ORD_1301,858.63,17.17,3.09,838.37,setl_033,2026-08-20 19:04:00,2026-08-21,captured
pay_A7X73QXM,ORD_1302,1874.59,37.49,6.75,1830.35,setl_033,2026-08-21 00:39:00,2026-08-22,captured
pay_04CHSDIN,ORD_1303,1028.42,20.57,3.7,1004.15,setl_033,2026-08-21 01:34:00,2026-08-22,captured
pay_ODWMQX5G,ORD_1304,2514.69,50.29,9.05,2455.35,setl_033,2026-08-20 22:40:00,2026-08-21,captured
pay_PML9LN1P,ORD_1305,3489.16,69.78,12.56,3406.82,setl_033,2026-08-20 22:39:00,2026-08-21,captured
pay_7J8QO09V,ORD_1306,1473.07,29.46,5.3,1438.31,setl_033,2026-08-20 23:29:00,2026-08-21,captured
pay_HL1737SU,ORD_1307,348.34,6.97,1.25,340.12,setl_033,2026-08-20 17:21:00,2026-08-21,captured
pay_J6IJKUUH,ORD_1308,258.43,5.17,0.93,252.33,setl_033,2026-08-21 04:11:00,2026-08-22,captured
pay_3DXB3N27,ORD_1309,378.29,7.57,1.36,369.36,setl_034,2026-08-21 08:57:00,2026-08-22,captured
pay_5IXVA1NK,ORD_1310,1036.98,20.74,3.73,1012.51,setl_034,2026-08-21 07:00:00,2026-08-22,captured
pay_FY981UDP,ORD_1311,352.99,7.06,1.27,344.66,setl_034,2026-08-21 03:34:00,2026-08-22,captured
pay_TJOPZ1RH,ORD_1312,262.22,5.24,0.94,256.04,setl_034,2026-08-21 08:37:00,2026-08-22,captured
pay_JPYUEONG,ORD_1313,1868.61,37.37,6.73,1824.51,setl_034,2026-08-21 00:16:00,2026-08-22,captured
pay_W9PFB3HN,ORD_1314,1514.54,30.29,5.45,1478.8,setl_034,2026-08-21 02:13:00,2026-08-22,captured
pay_AYEQAHTH,ORD_1315,922.96,18.46,3.32,901.18,setl_034,2026-08-20 21:58:00,2026-08-21,captured
pay_N6SJCHZJ,ORD_1316,253.88,5.08,0.91,247.89,setl_034,2026-08-20 21:45:00,2026-08-21,captured
pay_5A5XIN9D,ORD_1317,455.66,9.11,1.64,444.91,setl_034,2026-08-21 01:45:00,2026-08-22,captured
pay_SQ7AITMO,ORD_1318,1335.68,26.71,4.81,1304.16,setl_034,2026-08-20 19:13:30,2026-08-21,captured
pay_FMMWI9S3,ORD_1318,1335.68,26.71,4.81,1304.16,setl_034,2026-08-20 19:13:00,2026-08-21,captured
pay_MOE0SY5Y,ORD_1319,488.04,9.76,1.76,476.52,setl_035,2026-08-21 01:16:00,2026-08-22,captured
pay_LTHET25L,ORD_1320,1206.29,24.13,4.34,1177.82,setl_035,2026-08-21 03:03:00,2026-08-22,captured
pay_7LU8EL50,ORD_1321,292.01,5.84,1.05,285.12,setl_035,2026-08-20 21:46:00,2026-08-21,captured
pay_FGEA9WVW,ORD_1322,1645.12,32.9,5.92,1606.3,setl_035,2026-08-21 07:50:00,2026-08-22,captured
pay_E4QXGNRF,ORD_1323,1172.09,23.44,4.22,1144.43,setl_035,2026-08-21 04:09:00,2026-08-22,captured
pay_091C795R,ORD_1324,2989.86,59.8,10.76,2919.3,setl_035,2026-08-21 01:28:00,2026-08-22,captured
pay_V3ZO7UTX,ORD_1325,737.76,14.76,2.66,720.34,setl_035,2026-08-21 05:50:00,2026-08-22,captured
pay_SWBKOK3Q,ORD_1327,1200.87,28.34,5.1,1167.43,setl_035,2026-08-20 18:39:00,2026-08-21,captured
pay_DSGV6TOL,ORD_1328,210.31,4.21,0.76,205.34,setl_035,2026-08-20 21:33:00,2026-08-21,captured
pay_DLXZF0DZ,ORD_1329,1794.37,35.89,6.46,1752.02,setl_036,2026-08-21 00:00:00,2026-08-21,captured
pay_N16UXF5G,ORD_1330,1501.38,30.03,5.41,1465.94,setl_036,2026-08-20 22:29:00,2026-08-21,captured
pay_EEHWJQ4T,ORD_1331,1579.81,31.6,5.69,1542.52,setl_036,2026-08-21 07:20:00,2026-08-22,captured
pay_QPVA5KW3,ORD_1332,1537.27,30.75,5.54,1500.98,setl_036,2026-08-20 23:41:00,2026-08-21,captured
pay_4Y4K7BPG,ORD_1333,2967.48,59.35,10.68,2897.45,setl_036,2026-08-21 04:04:00,2026-08-22,captured
pay_MB1L6314,ORD_1334,1515.09,30.3,5.45,1479.34,setl_036,2026-08-20 22:34:00,2026-08-21,captured
pay_OHHCU9TD,ORD_1335,196.08,3.92,0.71,191.45,setl_036,2026-08-21 01:26:00,2026-08-22,captured
pay_9MEUSWRG,ORD_1336,191.71,3.83,0.69,187.19,setl_036,2026-08-21 01:38:00,2026-08-22,captured
pay_Q20HWOBM,ORD_1337,1219.86,24.4,4.39,1191.07,setl_036,2026-08-20 17:08:00,2026-08-21,captured
pay_LSLAYM0W,ORD_1338,513.06,10.26,1.85,500.95,setl_037,2026-08-21 02:17:00,2026-08-22,captured
pay_2XRW6TM2,ORD_1339,1768.4,35.37,6.37,1726.66,setl_037,2026-08-21 09:02:00,2026-08-22,captured
pay_AUL62CF4,ORD_1340,3032.51,60.65,10.92,2960.94,setl_037,2026-08-21 03:40:00,2026-08-22,captured
pay_E2L4ZJD5,ORD_1341,461.65,9.23,1.66,450.76,setl_037,2026-08-21 05:16:00,2026-08-22,captured
pay_GNBHDS26,ORD_1342,731.95,14.64,2.64,714.67,setl_037,2026-08-20 23:36:00,2026-08-21,captured
pay_1D9S9HBN,ORD_1343,383.01,7.66,1.38,373.97,setl_037,2026-08-21 23:58:00,2026-08-23,captured
pay_6D10A1WH,ORD_1344,849.41,16.99,3.06,829.36,setl_037,2026-08-20 19:25:00,2026-08-21,captured
pay_YJFE8UDT,ORD_1345,377.66,7.55,1.36,368.75,setl_037,2026-08-21 03:53:00,2026-08-22,captured
pay_GL6TBB6B,ORD_1346,326.11,6.52,1.17,318.42,setl_037,2026-08-21 02:38:00,2026-08-22,captured
pay_6WYQMLH1,ORD_1347,2957.61,59.15,10.65,2887.81,setl_037,2026-08-20 22:50:00,2026-08-21,captured
pay_D2ZDLX1Q,ORD_1348,1546.37,30.93,5.57,1509.87,setl_037,2026-08-21 07:38:00,2026-08-22,captured
pay_OZX25QBR,ORD_1349,335.11,6.7,1.21,327.2,setl_038,2026-08-21 02:01:00,2026-08-22,captured
pay_VED32LX2,ORD_1350,1295.12,25.9,4.66,1264.56,setl_038,2026-08-21 02:52:00,2026-08-22,captured
pay_T9NM3V2P,ORD_1351,689.08,13.78,2.48,672.82,setl_038,2026-08-21 00:41:00,2026-08-22,captured
pay_4EVLDQLO,ORD_1352,3518.41,70.37,12.67,3435.37,setl_038,2026-08-20 19:52:00,2026-08-21,captured
pay_XCHFU131,ORD_1353,917.55,18.35,3.3,895.9,setl_038,2026-08-21 05:24:00,2026-08-22,captured
pay_YLU6K7P9,ORD_1354,702.13,14.04,2.53,685.56,setl_038,2026-08-21 07:14:00,2026-08-22,captured
pay_4C68AU9D,ORD_1355,1507.27,30.15,5.43,1471.69,setl_038,2026-08-21 05:56:00,2026-08-22,captured
pay_ZOPHGFT4,ORD_1356,472.52,9.45,1.7,366.87,setl_038,2026-08-21 05:43:00,2026-08-22,captured
pay_CAZRP9DX,ORD_1357,1564.43,31.29,5.63,1527.51,setl_038,2026-08-20 21:09:00,2026-08-21,captured
pay_QP3NIPAR,ORD_1358,738.36,14.77,2.66,720.93,setl_038,2026-08-21 06:41:00,2026-08-22,captured
pay_UZERYF09,ORD_1359,2475.93,49.52,8.91,2417.5,setl_039,2026-08-21 04:03:00,2026-08-22,captured
pay_WXYYTUW6,ORD_1360,700.69,14.01,2.52,684.16,setl_039,2026-08-20 19:19:00,2026-08-21,captured
pay_P82KB700,ORD_1361,495.89,9.92,1.79,484.18,setl_039,2026-08-21 08:39:00,2026-08-22,captured
pay_XK0AREC2,ORD_1362,205.14,4.1,0.74,200.3,setl_039,2026-08-20 22:37:00,2026-08-21,captured
pay_V60XNG2I,ORD_1363,310.58,6.21,1.12,303.25,setl_039,2026-08-21 01:01:00,2026-08-22,captured
pay_7FR91IPW,ORD_1364,2535.2,50.7,9.13,2475.37,setl_039,2026-08-20 19:14:30,2026-08-21,captured
pay_H0MX1EGO,ORD_1364,2535.2,50.7,9.13,2475.37,setl_039,2026-08-20 19:14:00,2026-08-21,captured
pay_RF5A7QY8,ORD_1365,1323.62,26.47,4.76,1292.39,setl_039,2026-08-21 00:28:00,2026-08-22,captured
pay_VXJJ2JVQ,ORD_1366,940.77,18.82,3.39,918.56,setl_039,2026-08-21 04:58:00,2026-08-22,captured
pay_LAACOSYM,ORD_1367,1926.05,38.52,6.93,1880.6,setl_039,2026-08-21 03:45:00,2026-08-22,captured
pay_X48WZE4E,ORD_1368,218.31,4.37,0.79,213.15,setl_039,2026-08-20 19:08:00,2026-08-21,captured
pay_Q7W7JP61,ORD_1369,1838.6,36.77,6.62,1795.21,setl_039,2026-08-20 22:19:00,2026-08-21,captured
pay_NLC8JPR7,ORD_1370,215.2,4.3,0.77,210.13,setl_040,2026-08-21 01:50:00,2026-08-22,captured
pay_1HX6ZDCU,ORD_1371,416.84,8.34,1.5,407.0,setl_040,2026-08-20 20:14:00,2026-08-21,captured
pay_7XJZ6US7,ORD_1372,650.88,13.02,2.34,635.52,setl_040,2026-08-20 21:42:00,2026-08-21,captured
pay_A83RU7MY,ORD_1373,1292.61,25.85,4.65,1262.11,setl_040,2026-08-20 19:36:00,2026-08-21,captured
pay_4M41KHT8,ORD_1374,3012.23,60.24,10.84,2941.15,setl_040,2026-08-20 19:28:00,2026-08-21,captured
pay_5PGBA9IN,ORD_1375,218.59,4.37,0.79,213.43,setl_040,2026-08-21 04:32:00,2026-08-22,captured
pay_HXS75T0I,ORD_1377,304.61,6.09,1.1,297.42,setl_040,2026-08-20 18:26:00,2026-08-21,captured
pay_BZEGBL2Q,ORD_1378,3022.55,60.45,10.88,2951.22,setl_040,2026-08-20 17:35:00,2026-08-21,captured
pay_2H2P39YL,ORD_1379,1855.4,43.79,7.88,1803.73,setl_040,2026-08-20 20:36:00,2026-08-21,captured
pay_MEFOZTP7,ORD_1380,3462.73,69.25,12.46,3381.02,setl_040,2026-08-20 18:39:00,2026-08-21,captured
pay_ARAGDX5O,ORD_1381,259.0,5.18,0.93,252.89,setl_041,2026-08-21 05:51:00,2026-08-22,captured
pay_O7VBGR8W,ORD_1382,269.62,5.39,0.97,263.26,setl_041,2026-08-21 01:37:00,2026-08-22,captured
pay_99W59SQW,ORD_1383,990.88,19.82,3.57,967.49,setl_041,2026-08-21 00:13:00,2026-08-22,captured
pay_RF7BNHJW,ORD_1384,204.31,4.09,0.74,199.48,setl_041,2026-08-20 21:47:00,2026-08-21,captured
pay_RE6ZVLHY,ORD_1385,2959.44,59.19,10.65,2889.6,setl_041,2026-08-20 22:11:00,2026-08-21,captured
pay_5NHQR6F7,ORD_1386,1226.9,24.54,4.42,1197.94,setl_041,2026-08-21 23:59:00,2026-08-23,captured
pay_W9HEYCE4,ORD_1387,1787.73,35.75,6.43,1745.55,setl_041,2026-08-21 07:48:00,2026-08-22,captured
pay_V2WWG84D,ORD_1388,1566.12,31.32,5.64,1529.16,setl_041,2026-08-21 00:59:00,2026-08-22,captured
pay_K00ILU6V,ORD_1389,1335.22,26.7,4.81,1303.71,setl_041,2026-08-21 08:57:00,2026-08-22,captured
pay_0SPO3ZDR,ORD_1390,1938.83,38.78,6.98,1893.07,setl_042,2026-08-20 18:06:00,2026-08-21,captured
pay_MI9AYFQU,ORD_1391,3524.31,70.49,12.69,3441.13,setl_042,2026-08-21 06:15:00,2026-08-22,captured
pay_G5WZAWNY,ORD_1392,546.64,10.93,1.97,533.74,setl_042,2026-08-20 21:59:00,2026-08-21,captured
pay_T22C50B8,ORD_1393,2978.66,59.57,10.72,2908.37,setl_042,2026-08-21 01:49:00,2026-08-22,captured
pay_NGUCZH9I,ORD_1394,2960.1,59.2,10.66,2890.24,setl_042,2026-08-21 07:40:00,2026-08-22,captured
pay_L6SPBNQS,ORD_1395,1322.74,26.45,4.76,1291.53,setl_042,2026-08-20 23:50:00,2026-08-21,captured
pay_NYY95G5D,ORD_1396,1319.98,26.4,4.75,1288.83,setl_042,2026-08-21 02:33:00,2026-08-22,captured
pay_EFFH8AOY,ORD_1397,1777.84,35.56,6.4,1735.88,setl_042,2026-08-20 20:13:00,2026-08-21,captured
pay_C5I8XOMX,ORD_1398,1283.67,25.67,4.62,1253.38,setl_042,2026-08-20 17:20:00,2026-08-21,captured
pay_U6L2INK4,ORD_1399,1308.34,26.17,4.71,1277.46,setl_042,2026-08-21 07:32:00,2026-08-22,captured
pay_K94YXFIB,ORD_1400,977.44,19.55,3.52,954.37,setl_043,2026-08-20 22:50:00,2026-08-21,captured
pay_UBLMNTFK,ORD_1401,1861.65,37.23,6.7,1817.72,setl_043,2026-08-21 04:13:00,2026-08-22,captured
pay_F8TSXK68,ORD_1402,492.11,9.84,1.77,480.5,setl_043,2026-08-20 21:32:00,2026-08-21,captured
pay_06FTLO4Q,ORD_1403,328.96,6.58,1.18,321.2,setl_043,2026-08-21 07:22:00,2026-08-22,captured
pay_H7KATQYD,ORD_1404,304.5,6.09,1.1,297.31,setl_043,2026-08-20 23:42:00,2026-08-21,captured
pay_OZPNAMLQ,ORD_1405,418.45,8.37,1.51,408.57,setl_043,2026-08-20 19:01:00,2026-08-21,captured
pay_K38P6FVD,ORD_1406,1470.57,29.41,5.29,1435.87,setl_043,2026-08-21 06:55:00,2026-08-22,captured
pay_1DO6OUZ1,ORD_1407,196.46,3.93,0.71,191.82,setl_043,2026-08-21 03:09:00,2026-08-22,captured
pay_B34KUQAA,ORD_1408,367.6,7.35,1.32,358.93,setl_043,2026-08-21 02:39:00,2026-08-22,captured
pay_PRYIEJ9C,ORD_1409,244.6,4.89,0.88,238.83,setl_043,2026-08-21 08:10:00,2026-08-22,captured
pay_93N0AJUF,ORD_1410,1897.05,37.94,6.83,1852.28,setl_044,2026-08-21 01:44:00,2026-08-22,captured
pay_W8BKXCGW,ORD_1411,284.74,5.69,1.02,221.08,setl_044,2026-08-21 01:27:00,2026-08-22,captured
pay_3YKYYDU3,ORD_1412,1524.26,30.49,5.49,1488.28,setl_044,2026-08-21 03:58:00,2026-08-22,captured
pay_7FHS32UY,ORD_1413,300.82,6.02,1.08,293.72,setl_044,2026-08-21 08:29:00,2026-08-22,captured
pay_6EEAMYFP,ORD_1414,3520.25,70.41,12.67,3437.17,setl_044,2026-08-20 20:30:00,2026-08-21,captured
pay_B3I4FIEE,ORD_1415,2525.36,50.51,9.09,2465.76,setl_044,2026-08-20 22:48:00,2026-08-21,captured
pay_1BD2SCEJ,ORD_1416,1618.08,32.36,5.82,1579.9,setl_044,2026-08-20 19:05:00,2026-08-21,captured
pay_7H6GMD47,ORD_1417,215.76,4.32,0.78,210.66,setl_044,2026-08-20 20:51:30,2026-08-21,captured
pay_8MFS0IUD,ORD_1417,215.76,4.32,0.78,210.66,setl_044,2026-08-20 20:51:00,2026-08-21,captured
pay_6T9DHSZN,ORD_1418,501.88,10.04,1.81,490.03,setl_044,2026-08-20 23:20:00,2026-08-21,captured
pay_9PSO1LQS,ORD_1419,1792.97,35.86,6.45,1750.66,setl_044,2026-08-20 22:56:00,2026-08-21,captured
pay_RNQ0Y4IO,ORD_1420,1019.47,20.39,3.67,995.41,setl_044,2026-08-20 18:08:00,2026-08-21,captured
pay_9RDPXDFO,ORD_1421,434.68,8.69,1.56,424.43,setl_045,2026-08-21 04:12:00,2026-08-22,captured
pay_MV9E40KZ,ORD_1422,923.14,18.46,3.32,901.36,setl_045,2026-08-20 19:25:00,2026-08-21,captured
pay_Y89SFQER,ORD_1423,1876.3,37.53,6.76,1832.01,setl_045,2026-08-21 05:26:00,2026-08-22,captured
pay_RAGVLKW1,ORD_1424,251.97,5.04,0.91,246.02,setl_045,2026-08-20 18:54:00,2026-08-21,captured
pay_RJM4T8BP,ORD_1425,1328.27,26.57,4.78,1296.92,setl_045,2026-08-21 02:46:00,2026-08-22,captured
pay_BU4KZREZ,ORD_1426,444.01,8.88,1.6,433.53,setl_045,2026-08-21 07:30:00,2026-08-22,captured
pay_4SOR8WM9,ORD_1427,905.89,18.12,3.26,884.51,setl_045,2026-08-21 08:35:00,2026-08-22,captured
pay_M0A6MDMM,ORD_1428,2951.81,59.04,10.63,2882.14,setl_045,2026-08-20 21:56:00,2026-08-21,captured
pay_V6CKMALQ,ORD_1429,3015.12,60.3,10.85,2943.97,setl_045,2026-08-21 00:44:00,2026-08-22,captured
pay_V9NOU3DY,ORD_1430,1900.48,38.01,6.84,1855.63,setl_045,2026-08-21 01:05:00,2026-08-22,captured
pay_K8HW9C4H,ORD_1431,1299.28,25.99,4.68,1268.61,setl_046,2026-08-21 03:15:00,2026-08-22,captured
pay_W8ZUVJUT,ORD_1432,2978.73,59.57,10.72,2908.44,setl_046,2026-08-21 05:53:00,2026-08-22,captured
pay_PTHOWQ1G,ORD_1433,383.73,7.67,1.38,374.68,setl_046,2026-08-21 02:35:00,2026-08-22,captured
pay_JW34670C,ORD_1434,2535.27,50.71,9.13,2475.43,setl_046,2026-08-21 08:17:00,2026-08-22,captured
pay_4O46W4JK,ORD_1435,995.25,19.91,3.58,971.76,setl_046,2026-08-20 21:50:00,2026-08-21,captured
pay_FA2LR9P6,ORD_1436,267.69,5.35,0.96,261.38,setl_046,2026-08-21 05:16:00,2026-08-22,captured
pay_XG48RA4D,ORD_1437,1776.27,35.53,6.4,1734.34,setl_046,2026-08-21 01:53:00,2026-08-22,captured
pay_O44IUSEX,ORD_1438,235.72,4.71,0.85,230.16,setl_046,2026-08-21 04:43:00,2026-08-22,captured
pay_1L30307H,ORD_1439,2474.18,49.48,8.91,2415.79,setl_046,2026-08-21 00:39:00,2026-08-22,captured
pay_5CTZETRI,ORD_1440,1770.41,35.41,6.37,1728.63,setl_047,2026-08-21 07:29:00,2026-08-22,captured
pay_A8V4X7Y2,ORD_1441,285.3,5.71,1.03,278.56,setl_047,2026-08-21 04:55:00,2026-08-22,captured
pay_TIPA877K,ORD_1442,254.27,5.09,0.92,248.26,setl_047,2026-08-21 04:58:00,2026-08-22,captured
pay_51OB537Q,ORD_1443,170.04,3.4,0.61,166.03,setl_047,2026-08-21 07:43:00,2026-08-22,captured
pay_0QABXW2E,ORD_1445,249.63,4.99,0.9,243.74,setl_047,2026-08-21 06:43:00,2026-08-22,captured
pay_IZ1XEVO7,ORD_1446,411.83,8.24,1.48,402.11,setl_047,2026-08-20 19:09:00,2026-08-21,captured
pay_32HOG585,ORD_1447,1336.35,26.73,4.81,1304.81,setl_047,2026-08-21 01:16:00,2026-08-22,captured
pay_9HZGOPJD,ORD_1448,543.81,10.88,1.96,530.97,setl_047,2026-08-21 00:59:00,2026-08-22,captured
pay_P7QYEZG5,ORD_1449,1843.72,36.87,6.64,1800.21,setl_047,2026-08-20 17:50:00,2026-08-21,captured
pay_V9KYPOFK,ORD_1450,223.64,4.47,0.8,218.37,setl_047,2026-08-20 21:29:00,2026-08-21,captured
pay_DQ59OHNP,ORD_1451,1210.77,24.22,4.36,1182.19,setl_048,2026-08-21 04:41:00,2026-08-22,captured
pay_7QMVY2Z3,ORD_1452,206.31,4.13,0.74,201.44,setl_048,2026-08-20 18:06:00,2026-08-21,captured
pay_E6BGGRMQ,ORD_1453,249.45,4.99,0.9,243.56,setl_048,2026-08-21 02:28:00,2026-08-22,captured
pay_L9R9KMP6,ORD_1454,370.03,7.4,1.33,361.3,setl_048,2026-08-20 21:17:00,2026-08-21,captured
pay_L91F4X2B,ORD_1455,1531.96,30.64,5.52,1495.8,setl_048,2026-08-21 03:29:00,2026-08-22,captured
pay_ZP97BMZR,ORD_1456,2971.99,59.44,10.7,2901.85,setl_048,2026-08-21 08:18:00,2026-08-22,captured
pay_HK403UXH,ORD_1457,933.58,18.67,3.36,911.55,setl_048,2026-08-20 20:23:00,2026-08-21,captured
pay_IRDLK9EN,ORD_1458,2525.68,50.51,9.09,2466.08,setl_048,2026-08-21 06:59:00,2026-08-22,captured
pay_Q8VA8X8L,ORD_1459,314.38,7.42,1.34,305.62,setl_049,2026-08-21 07:57:00,2026-08-22,captured
pay_0TVDJI1O,ORD_1460,270.14,5.4,0.97,263.77,setl_049,2026-08-21 02:21:00,2026-08-22,captured
pay_ERP3LYEX,ORD_1461,365.29,7.31,1.32,356.66,setl_049,2026-08-21 05:20:00,2026-08-22,captured
pay_UP13WPPB,ORD_1462,2468.99,49.38,8.89,2410.72,setl_049,2026-08-21 05:33:00,2026-08-22,captured
pay_SXDQC2K9,ORD_1463,716.64,14.33,2.58,699.73,setl_049,2026-08-20 22:03:00,2026-08-21,captured
pay_7SSOQZ3M,ORD_1464,1201.31,24.03,4.33,1172.95,setl_049,2026-08-20 18:36:00,2026-08-21,captured
pay_GGOC5KVQ,ORD_1465,1525.86,30.52,5.49,1489.85,setl_049,2026-08-20 20:51:00,2026-08-21,captured
pay_0V5DTAEG,ORD_1466,1529.78,30.6,5.51,1493.67,setl_049,2026-08-20 23:58:00,2026-08-22,captured
pay_3WY8Y2DE,ORD_1467,718.18,14.36,2.58,701.24,setl_049,2026-08-21 08:24:00,2026-08-22,captured
pay_HXXPW2GK,ORD_1468,930.6,18.61,3.35,908.64,setl_050,2026-08-20 23:55:00,2026-08-21,captured
pay_0QRAQIK3,ORD_1469,296.4,5.93,1.07,230.12,setl_050,2026-08-20 20:12:00,2026-08-21,captured
pay_0VTKRRVW,ORD_1470,2982.39,59.65,10.74,2912.0,setl_050,2026-08-21 06:30:00,2026-08-22,captured
pay_LC6PRR7M,ORD_1471,1220.43,24.41,4.39,1191.63,setl_050,2026-08-20 17:32:00,2026-08-21,captured
pay_PSVY74ZQ,ORD_1472,465.13,9.3,1.67,454.16,setl_050,2026-08-20 23:33:00,2026-08-21,captured
pay_24WK0YEH,ORD_1473,494.98,9.9,1.78,483.3,setl_050,2026-08-21 04:54:00,2026-08-22,captured
pay_HBA5MF36,ORD_1474,1259.09,25.18,4.53,1229.38,setl_050,2026-08-21 08:21:00,2026-08-22,captured
pay_IJMMB5JF,ORD_1475,1482.77,29.66,5.34,1447.77,setl_050,2026-08-21 00:12:00,2026-08-22,captured
pay_28192V4D,ORD_1476,1515.95,30.32,5.46,1480.17,setl_050,2026-08-20 19:03:00,2026-08-21,captured
pay_6FKPS0DX,ORD_1477,2999.73,59.99,10.8,2928.94,setl_050,2026-08-20 20:57:00,2026-08-21,captured
pay_I3MSDN1M,ORD_1478,261.3,5.23,0.94,255.13,setl_051,2026-08-21 07:27:00,2026-08-22,captured
pay_EP768SY7,ORD_1479,324.32,6.49,1.17,316.66,setl_051,2026-08-21 06:52:00,2026-08-22,captured
pay_L9FC1XX6,ORD_1480,326.02,6.52,1.17,318.33,setl_051,2026-08-20 19:08:30,2026-08-21,captured
pay_CWZXSKOY,ORD_1480,326.02,6.52,1.17,318.33,setl_051,2026-08-20 19:08:00,2026-08-21,captured
pay_QHT2XZ52,ORD_1482,289.02,5.78,1.04,282.2,setl_051,2026-08-20 21:48:00,2026-08-21,captured
pay_OZ5STHSL,ORD_1483,437.1,10.32,1.86,424.92,setl_051,2026-08-20 18:37:00,2026-08-21,captured
pay_09DCNWMB,ORD_1484,1751.34,35.03,6.31,1710.0,setl_051,2026-08-21 01:18:00,2026-08-22,captured
pay_929U6WTV,ORD_1485,678.8,13.58,2.44,662.78,setl_051,2026-08-20 17:32:00,2026-08-21,captured
pay_SILU3NDZ,ORD_1486,177.45,3.55,0.64,173.26,setl_051,2026-08-20 21:49:00,2026-08-21,captured
pay_QNSVSOJR,ORD_1487,1458.22,29.16,5.25,1423.81,setl_051,2026-08-20 21:32:00,2026-08-21,captured
pay_FEZEZ5EH,ORD_1488,717.9,14.36,2.58,700.96,setl_051,2026-08-21 06:54:00,2026-08-22,captured
pay_VOEUBFN9,ORD_1489,3023.65,60.47,10.88,2952.3,setl_051,2026-08-21 04:59:00,2026-08-22,captured
pay_P7KKG0AT,ORD_1490,197.59,3.95,0.71,192.93,setl_052,2026-08-20 21:55:00,2026-08-21,captured
pay_62RZV1SQ,ORD_1491,2990.76,59.82,10.77,2920.17,setl_052,2026-08-21 02:40:00,2026-08-22,captured
pay_XOIOT860,ORD_1492,663.9,13.28,2.39,648.23,setl_052,2026-08-21 03:10:00,2026-08-22,captured
pay_XD8T18S1,ORD_1493,1819.72,36.39,6.55,1776.78,setl_052,2026-08-21 02:36:00,2026-08-22,captured
pay_2IZ5P3VO,ORD_1494,461.03,9.22,1.66,450.15,setl_052,2026-08-20 22:04:00,2026-08-21,captured
pay_O4LJEDGF,ORD_1495,1335.2,26.7,4.81,1303.69,setl_052,2026-08-21 03:29:00,2026-08-22,captured
pay_8GZKDF6J,ORD_1496,1464.42,29.29,5.27,1429.86,setl_052,2026-08-20 22:08:00,2026-08-21,captured
pay_8JLTCBW6,ORD_1497,2969.26,59.39,10.69,2899.18,setl_052,2026-08-21 23:59:00,2026-08-23,captured
pay_XEUQ4S2F,ORD_1498,254.41,5.09,0.92,248.4,setl_053,2026-08-20 20:20:00,2026-08-21,captured
pay_QAQ3K8A7,ORD_1499,1827.2,36.54,6.58,1784.08,setl_053,2026-08-21 07:03:00,2026-08-22,captured
pay_VSB0UKOE,ORD_1500,258.79,5.18,0.93,200.92,setl_053,2026-08-21 05:24:00,2026-08-22,captured
pay_8LYMJ1QI,ORD_1501,3548.88,70.98,12.78,3465.12,setl_053,2026-08-20 23:44:00,2026-08-21,captured
pay_XAR6YO6Z,ORD_1502,320.06,6.4,1.15,312.51,setl_053,2026-08-21 03:03:00,2026-08-22,captured
pay_63QE8NVN,ORD_1503,3457.11,69.14,12.45,3375.52,setl_053,2026-08-20 19:35:00,2026-08-21,captured
pay_01YZG3W3,ORD_1504,895.27,17.91,3.22,874.14,setl_053,2026-08-21 07:02:00,2026-08-22,captured
pay_6ZHH3O5U,ORD_1505,1247.01,24.94,4.49,1217.58,setl_053,2026-08-20 18:21:00,2026-08-21,captured
pay_ECJUIS2G,ORD_1506,1804.18,36.08,6.49,1761.61,setl_053,2026-08-20 22:09:00,2026-08-21,captured
pay_X7B7P9JY,ORD_1507,3510.45,70.21,12.64,3427.6,setl_054,2026-08-21 07:04:00,2026-08-22,captured
pay_B7TLOM53,ORD_1508,1285.15,25.7,4.63,1254.82,setl_054,2026-08-20 18:58:00,2026-08-21,captured
pay_LWDR3VWM,ORD_1509,1644.78,32.9,5.92,1605.96,setl_054,2026-08-20 23:13:00,2026-08-21,captured
pay_3SICVPDQ,ORD_1510,1159.78,23.2,4.18,1132.4,setl_054,2026-08-21 03:54:00,2026-08-22,captured
pay_2C2BVPDC,ORD_1511,1546.45,30.93,5.57,1509.95,setl_054,2026-08-21 05:21:00,2026-08-22,captured
pay_IVXAN25W,ORD_1512,233.99,4.68,0.84,228.47,setl_054,2026-08-20 20:43:00,2026-08-21,captured
pay_AZV46ESM,ORD_1513,494.41,9.89,1.78,482.74,setl_054,2026-08-20 23:07:00,2026-08-21,captured
pay_CLP81L51,ORD_1514,1493.46,29.87,5.38,1458.21,setl_054,2026-08-20 21:52:00,2026-08-21,captured
pay_SXFI3UBM,ORD_1515,1279.87,25.6,4.61,1249.66,setl_054,2026-08-21 02:24:00,2026-08-22,captured
pay_Z9VLU8WP,ORD_1516,427.53,8.55,1.54,417.44,setl_055,2026-08-20 23:46:00,2026-08-21,captured
pay_WYQHR133,ORD_1517,894.43,17.89,3.22,873.32,setl_055,2026-08-21 08:15:00,2026-08-22,captured
pay_MTFPW6M9,ORD_1518,389.03,7.78,1.4,379.85,setl_055,2026-08-21 04:01:00,2026-08-22,captured
pay_MTGA46AY,ORD_1519,377.41,7.55,1.36,368.5,setl_055,2026-08-21 01:48:00,2026-08-22,captured
pay_NNGS2WPZ,ORD_1520,882.84,17.66,3.18,862.0,setl_055,2026-08-21 02:31:00,2026-08-22,captured
pay_NNV9IBWG,ORD_1521,337.27,6.75,1.21,329.31,setl_055,2026-08-20 23:17:00,2026-08-21,captured
pay_5485HCQX,ORD_1522,227.96,4.56,0.82,222.58,setl_055,2026-08-21 00:06:00,2026-08-22,captured
pay_QLNZZRJO,ORD_1523,1799.86,36.0,6.48,1757.38,setl_055,2026-08-21 04:36:00,2026-08-22,captured
pay_OL5U7NTE,ORD_1524,2969.72,59.39,10.69,2899.64,setl_055,2026-08-21 07:57:00,2026-08-22,captured
pay_QWPQO2LN,ORD_1525,193.45,3.87,0.7,188.88,setl_056,2026-08-21 00:38:30,2026-08-22,captured
pay_GIXMC4SX,ORD_1525,193.45,3.87,0.7,188.88,setl_056,2026-08-21 00:38:00,2026-08-22,captured
pay_HHLK3YJZ,ORD_1526,1158.84,23.18,4.17,1131.49,setl_056,2026-08-21 04:07:00,2026-08-22,captured
pay_2OOUXQS1,ORD_1527,3540.24,70.8,12.74,3456.7,setl_056,2026-08-21 02:21:00,2026-08-22,captured
pay_S210Q2LG,ORD_1528,421.76,8.44,1.52,411.8,setl_056,2026-08-20 23:32:00,2026-08-21,captured
pay_UE7A34MP,ORD_1529,392.87,7.86,1.41,383.6,setl_056,2026-08-20 17:25:00,2026-08-21,captured
pay_7F8LWVV5,ORD_1530,3478.96,69.58,12.52,3396.86,setl_056,2026-08-20 17:37:00,2026-08-21,captured
pay_DUQ6DDTB,ORD_1531,443.87,8.88,1.6,433.39,setl_056,2026-08-21 05:16:00,2026-08-22,captured
pay_KIXCCSG4,ORD_1532,1251.68,25.03,4.51,1222.14,setl_056,2026-08-20 20:02:00,2026-08-21,captured
pay_RC85EHPZ,ORD_1533,414.7,8.29,1.49,404.92,setl_056,2026-08-20 21:38:00,2026-08-21,captured
pay_JAFCO3S6,ORD_1534,1809.37,36.19,6.51,1766.67,setl_056,2026-08-20 23:36:00,2026-08-21,captured
pay_M42O34OG,ORD_1535,695.27,13.91,2.5,678.86,setl_056,2026-08-20 19:22:00,2026-08-21,captured
pay_DZB5F5TX,ORD_1536,1594.78,31.9,5.74,1557.14,setl_056,2026-08-20 22:49:00,2026-08-21,captured
pay_1S2OFHBA,ORD_1537,439.87,8.8,1.58,429.49,setl_057,2026-08-20 20:24:00,2026-08-21,captured
pay_AE7L0RCT,ORD_1538,433.37,8.67,1.56,423.14,setl_057,2026-08-20 23:26:00,2026-08-21,captured
pay_VGE0GYAJ,ORD_1539,663.03,13.26,2.39,647.38,setl_057,2026-08-20 22:11:00,2026-08-21,captured
pay_HZ43XZ6O,ORD_1540,966.79,19.34,3.48,943.97,setl_057,2026-08-20 19:02:00,2026-08-21,captured
pay_17NIDP9M,ORD_1541,654.24,13.08,2.35,638.81,setl_057,2026-08-20 18:53:00,2026-08-21,captured
pay_BS3LWW7O,ORD_1542,1471.06,29.42,5.3,1436.34,setl_057,2026-08-20 22:48:00,2026-08-21,captured
pay_HHXKWB5O,ORD_1544,1750.5,35.01,6.3,1709.19,setl_057,2026-08-21 03:04:00,2026-08-22,captured
pay_V9ZY9YLW,ORD_1545,1347.31,26.95,4.85,1315.51,setl_057,2026-08-20 22:17:00,2026-08-21,captured
pay_XIV9IW6L,ORD_1546,1255.75,25.12,4.52,1226.11,setl_057,2026-08-21 07:29:00,2026-08-22,captured
pay_KFHB7V80,ORD_1547,1210.98,24.22,4.36,1182.4,setl_057,2026-08-20 21:27:00,2026-08-21,captured
pay_XKA4LIT6,ORD_1548,276.81,5.54,1.0,270.27,setl_058,2026-08-20 18:37:00,2026-08-21,captured
pay_WCR8B97E,ORD_1549,1209.81,24.2,4.36,1181.25,setl_058,2026-08-21 03:15:00,2026-08-22,captured
pay_PQFHPVKU,ORD_1550,1903.88,38.08,6.85,1858.95,setl_058,2026-08-21 00:33:00,2026-08-22,captured
pay_NQPVPF8R,ORD_1551,285.24,5.7,1.03,278.51,setl_058,2026-08-20 19:27:00,2026-08-21,captured
pay_F0JQQNVC,ORD_1552,1634.4,32.69,5.88,1595.83,setl_058,2026-08-21 02:43:00,2026-08-22,captured
pay_0NOOO0NL,ORD_1553,1268.57,29.94,5.39,1233.24,setl_058,2026-08-20 17:05:00,2026-08-21,captured
pay_F1811MZW,ORD_1554,1489.88,29.8,5.36,1454.72,setl_058,2026-08-20 20:29:00,2026-08-21,captured
pay_B3WYZXJQ,ORD_1555,3014.09,60.28,10.85,2942.96,setl_058,2026-08-21 00:19:00,2026-08-22,captured
pay_1X7OV6SG,ORD_1556,223.74,4.47,0.8,218.47,setl_058,2026-08-20 22:01:00,2026-08-21,captured
pay_V0175DU2,ORD_1557,1831.97,36.64,6.6,1788.73,setl_058,2026-08-21 23:59:00,2026-08-23,captured
pay_AGRD1PPK,ORD_1558,273.87,5.48,0.99,267.4,setl_059,2026-08-21 05:47:00,2026-08-22,captured
pay_G8Q3GCG1,ORD_1559,1766.64,35.33,6.36,1724.95,setl_059,2026-08-20 21:16:00,2026-08-21,captured
pay_CDECBIR1,ORD_1560,1593.07,31.86,5.73,1555.48,setl_059,2026-08-20 20:57:00,2026-08-21,captured
pay_SAV917RM,ORD_1561,2975.61,59.51,10.71,2905.39,setl_059,2026-08-20 18:08:00,2026-08-21,captured
pay_7XNCMLDQ,ORD_1562,336.08,6.72,1.21,260.93,setl_059,2026-08-21 03:54:00,2026-08-22,captured
pay_NWXROG98,ORD_1563,251.57,5.03,0.91,245.63,setl_059,2026-08-21 01:46:00,2026-08-22,captured
pay_IR02M77R,ORD_1564,512.38,10.25,1.84,500.29,setl_059,2026-08-21 03:47:00,2026-08-22,captured
pay_52ZBRD39,ORD_1565,428.39,8.57,1.54,418.28,setl_059,2026-08-20 22:00:00,2026-08-21,captured
pay_IH1XDPZF,ORD_1566,1838.64,36.77,6.62,1795.25,setl_059,2026-08-21 08:47:00,2026-08-22,captured
pay_8YX7WR2L,ORD_1567,475.63,9.51,1.71,464.41,setl_059,2026-08-21 01:46:30,2026-08-22,captured
pay_IU7CM600,ORD_1567,475.63,9.51,1.71,464.41,setl_059,2026-08-21 01:46:00,2026-08-22,captured
pay_DD070EN4,ORD_1568,1629.84,32.6,5.87,1591.37,setl_059,2026-08-21 01:10:00,2026-08-22,captured
pay_27EXVDA4,ORD_1570,3467.99,81.84,14.73,3371.42,setl_060,2026-08-21 06:23:00,2026-08-22,captured
pay_FK043BLS,ORD_1571,330.61,6.61,1.19,322.81,setl_060,2026-08-21 00:35:00,2026-08-22,captured
pay_RZN9L3H0,ORD_1572,298.68,5.97,1.07,291.64,setl_060,2026-08-21 08:42:00,2026-08-22,captured
pay_0K36FAOP,ORD_1573,3041.32,60.83,10.95,2969.54,setl_060,2026-08-20 22:58:00,2026-08-21,captured
pay_ZH4OE1U2,ORD_1574,1024.77,20.5,3.69,1000.58,setl_060,2026-08-20 23:59:00,2026-08-22,captured
pay_KFH00A0U,ORD_1575,714.46,14.29,2.57,697.6,setl_060,2026-08-20 21:32:00,2026-08-21,captured
pay_D9GB9XV8,ORD_1576,494.04,9.88,1.78,482.38,setl_060,2026-08-20 23:00:00,2026-08-21,captured
pay_Y8XNY2X1,ORD_1577,1152.4,23.05,4.15,1125.2,setl_060,2026-08-21 05:34:00,2026-08-22,captured
pay_EEX6IV9R,ORD_1578,262.23,5.24,0.94,256.05,setl_060,2026-08-21 04:01:00,2026-08-22,captured
pay_ELZ5TOZO,ORD_1579,1867.11,37.34,6.72,1823.05,setl_061,2026-08-21 06:24:00,2026-08-22,captured
pay_86GVGT2E,ORD_1580,2497.86,49.96,8.99,2438.91,setl_061,2026-08-20 20:50:00,2026-08-21,captured
pay_4B9SNTP8,ORD_1581,1869.62,37.39,6.73,1625.5,setl_061,2026-08-20 19:38:00,2026-08-21,captured
pay_QUZS9MTH,ORD_1582,1179.06,23.58,4.24,1151.24,setl_061,2026-08-21 02:47:00,2026-08-22,captured
pay_8VHMEWCJ,ORD_1583,2972.71,59.45,10.7,2902.56,setl_061,2026-08-20 21:21:00,2026-08-21,captured
pay_7FHWJWXZ,ORD_1584,1789.01,35.78,6.44,1746.79,setl_061,2026-08-21 01:47:00,2026-08-22,captured
pay_N8IJTYOL,ORD_1585,2509.49,50.19,9.03,2450.27,setl_061,2026-08-20 21:24:30,2026-08-21,captured
pay_D62F2JD9,ORD_1585,2509.49,50.19,9.03,2450.27,setl_061,2026-08-20 21:24:00,2026-08-21,captured
pay_V3DMUKJD,ORD_1586,494.18,9.88,1.78,482.52,setl_061,2026-08-20 22:36:00,2026-08-21,captured
pay_3Y2T5OVJ,ORD_1587,1780.8,35.62,6.41,1738.77,setl_062,2026-08-21 05:14:00,2026-08-22,captured
pay_B09ZIVZG,ORD_1588,314.76,6.3,1.13,307.33,setl_062,2026-08-21 05:39:00,2026-08-22,captured
pay_K48OLDC0,ORD_1589,699.22,13.98,2.52,682.72,setl_062,2026-08-21 06:35:00,2026-08-22,captured
pay_3A8Y7ERY,ORD_1590,1806.53,36.13,6.5,1763.9,setl_062,2026-08-21 02:39:00,2026-08-22,captured
pay_ZZ0I0835,ORD_1591,889.55,17.79,3.2,868.56,setl_062,2026-08-20 23:59:00,2026-08-21,captured
pay_6GNEMBRG,ORD_1592,1453.24,29.06,5.23,1418.95,setl_062,2026-08-20 22:48:00,2026-08-21,captured
pay_RJAWO778,ORD_1593,390.4,7.81,1.41,381.18,setl_062,2026-08-20 20:21:00,2026-08-21,captured
pay_AQKDM0OA,ORD_1594,3042.54,60.85,10.95,2970.74,setl_062,2026-08-21 08:06:00,2026-08-22,captured
pay_IOKPG3DP,ORD_1596,940.31,18.81,3.39,918.11,setl_062,2026-08-20 21:52:00,2026-08-21,captured
pay_5ZDKEPLB,ORD_1597,1762.99,41.61,7.49,1713.89,setl_062,2026-08-21 06:03:00,2026-08-22,captured
pay_T2ZL15S7,ORD_1598,1344.97,26.9,4.84,1313.23,setl_063,2026-08-20 20:30:00,2026-08-21,captured
pay_MAYB3PVA,ORD_1599,259.97,5.2,0.94,253.83,setl_063,2026-08-20 17:10:00,2026-08-21,captured
pay_FSI159I3,ORD_1600,177.22,3.54,0.64,173.04,setl_063,2026-08-21 06:20:00,2026-08-22,captured
pay_IEB97PWD,ORD_1601,1319.65,26.39,4.75,1288.51,setl_063,2026-08-20 23:58:00,2026-08-22,captured
pay_PCPBDN7Z,ORD_1602,439.73,8.79,1.58,429.36,setl_063,2026-08-21 00:17:00,2026-08-22,captured
pay_XLKKVPJR,ORD_1603,388.51,7.77,1.4,379.34,setl_063,2026-08-20 18:01:00,2026-08-21,captured
pay_1EM30VVI,ORD_1604,160.15,3.2,0.58,156.37,setl_063,2026-08-20 17:48:00,2026-08-21,captured
pay_EV6XGZ7C,ORD_1605,407.43,8.15,1.47,397.81,setl_063,2026-08-20 20:13:00,2026-08-21,captured
pay_TFEPZ614,ORD_1606,1483.29,29.67,5.34,1448.28,setl_063,2026-08-21 08:50:00,2026-08-22,captured
pay_CP7SAVZE,ORD_1607,1038.49,20.77,3.74,1013.98,setl_063,2026-08-20 21:02:00,2026-08-21,captured
pay_RTSCPSUO,ORD_1608,1855.08,37.1,6.68,1811.3,setl_064,2026-08-20 23:51:00,2026-08-21,captured
pay_VA7SSZJ4,ORD_1609,219.69,4.39,0.79,214.51,setl_064,2026-08-20 22:38:00,2026-08-21,captured
pay_IBF57J2X,ORD_1610,254.22,5.08,0.91,248.23,setl_064,2026-08-21 00:07:00,2026-08-22,captured
pay_8L85JE6K,ORD_1611,402.46,8.05,1.45,392.96,setl_064,2026-08-21 04:45:00,2026-08-22,captured
pay_8T922D0N,ORD_1612,531.39,10.63,1.91,518.85,setl_064,2026-08-21 01:14:00,2026-08-22,captured
pay_HW4OQ0PF,ORD_1613,1504.09,30.08,5.41,1468.6,setl_064,2026-08-21 00:23:00,2026-08-22,captured
pay_GR0XAFGO,ORD_1614,1498.6,29.97,5.39,1463.24,setl_064,2026-08-20 22:54:00,2026-08-21,captured
pay_68DS03VN,ORD_1615,355.95,7.12,1.28,347.55,setl_064,2026-08-21 06:19:00,2026-08-22,captured
pay_1J7V2A2T,ORD_1616,931.66,18.63,3.35,909.68,setl_065,2026-08-20 18:10:00,2026-08-21,captured
pay_LRITJTAB,ORD_1617,1469.23,29.38,5.29,1234.56,setl_065,2026-08-21 07:54:00,2026-08-22,captured
pay_APFXI5N5,ORD_1618,159.26,3.19,0.57,155.5,setl_065,2026-08-20 21:02:00,2026-08-21,captured
pay_MWE776VG,ORD_1619,1265.96,25.32,4.56,1236.08,setl_065,2026-08-21 00:09:00,2026-08-22,captured
pay_WK5JRNJ6,ORD_1620,358.96,7.18,1.29,350.49,setl_065,2026-08-21 06:12:00,2026-08-22,captured
pay_OZ2RCU8K,ORD_1621,535.17,10.7,1.93,522.54,setl_065,2026-08-20 21:22:00,2026-08-21,captured
pay_RR9VWE77,ORD_1622,398.48,7.97,1.43,389.08,setl_065,2026-08-21 05:25:00,2026-08-22,captured
pay_3NUPUY0Z,ORD_1623,1603.93,32.08,5.77,1566.08,setl_065,2026-08-21 08:39:00,2026-08-22,captured
pay_87CM453K,ORD_1624,949.29,18.99,3.42,926.88,setl_065,2026-08-21 04:39:00,2026-08-22,captured
pay_CE8ZNA8N,ORD_1625,3546.18,70.92,12.77,3462.49,setl_066,2026-08-21 00:15:00,2026-08-22,captured
pay_NCCU3FG0,ORD_1626,1856.38,37.13,6.68,1812.57,setl_066,2026-08-20 22:03:00,2026-08-21,captured
pay_KF5B1SA3,ORD_1627,196.02,3.92,0.71,191.39,setl_066,2026-08-21 03:29:00,2026-08-22,captured
pay_PF9S9EHW,ORD_1628,3520.14,70.4,12.67,3437.07,setl_066,2026-08-21 02:47:00,2026-08-22,captured
pay_RXONBNPJ,ORD_1629,417.37,8.35,1.5,407.52,setl_066,2026-08-20 19:56:00,2026-08-21,captured
pay_KTCV1LTW,ORD_1630,1485.27,29.71,5.35,1450.21,setl_066,2026-08-21 03:03:00,2026-08-22,captured
pay_BL7AMKOH,ORD_1631,1175.92,23.52,4.23,1148.17,setl_066,2026-08-20 18:40:00,2026-08-21,captured
pay_6SS1A2R5,ORD_1632,1046.39,20.93,3.77,1021.69,setl_066,2026-08-20 20:25:00,2026-08-21,captured
pay_8IHYFZ9S,ORD_1633,165.12,3.3,0.59,161.23,setl_067,2026-08-21 07:06:00,2026-08-22,captured
pay_MM4P61NH,ORD_1634,2542.02,50.84,9.15,2482.03,setl_067,2026-08-21 07:52:00,2026-08-22,captured
pay_F5T82DDL,ORD_1635,1456.5,29.13,5.24,1422.13,setl_067,2026-08-21 08:07:00,2026-08-22,captured
pay_CZQ991P7,ORD_1636,1755.82,35.12,6.32,1714.38,setl_067,2026-08-21 04:23:00,2026-08-22,captured
pay_47EN48NY,ORD_1637,1897.83,37.96,6.83,1853.04,setl_067,2026-08-21 02:29:00,2026-08-22,captured
pay_0I3A4KFO,ORD_1638,675.28,13.51,2.43,659.34,setl_067,2026-08-20 18:40:00,2026-08-21,captured
pay_QT3DGD8O,ORD_1639,1187.82,23.76,4.28,1159.78,setl_067,2026-08-20 19:26:00,2026-08-21,captured
pay_RZRKBFQX,ORD_1640,389.15,7.78,1.4,379.97,setl_067,2026-08-21 03:26:00,2026-08-22,captured
pay_29HHA1PJ,ORD_1641,1852.13,37.04,6.67,1808.42,setl_067,2026-08-21 05:06:00,2026-08-22,captured
pay_5QPH6GB6,ORD_1642,1463.17,29.26,5.27,1428.64,setl_068,2026-08-21 05:08:00,2026-08-22,captured
pay_7RT28P6U,ORD_1643,395.34,7.91,1.42,386.01,setl_068,2026-08-20 22:15:00,2026-08-21,captured
pay_WL9700LF,ORD_1644,3527.31,70.55,12.7,3444.06,setl_068,2026-08-20 23:09:00,2026-08-21,captured
pay_J0974WXU,ORD_1645,298.94,5.98,1.08,291.88,setl_068,2026-08-20 20:54:00,2026-08-21,captured
pay_1VHHGY8N,ORD_1646,423.57,8.47,1.52,413.58,setl_068,2026-08-21 06:49:30,2026-08-22,captured
pay_NKL3ER9O,ORD_1646,423.57,8.47,1.52,413.58,setl_068,2026-08-21 06:49:00,2026-08-22,captured
pay_QNTFPKXY,ORD_1647,1031.82,20.64,3.72,1007.46,setl_068,2026-08-21 03:09:00,2026-08-22,captured
pay_DA7D0WTW,ORD_1648,1542.79,30.86,5.55,1506.38,setl_068,2026-08-20 19:52:00,2026-08-21,captured
pay_H1TE48M2,ORD_1649,1929.59,38.59,6.95,1884.05,setl_068,2026-08-21 02:58:00,2026-08-22,captured
pay_2SJXL66Y,ORD_1650,1639.8,32.8,5.9,1601.1,setl_068,2026-08-21 05:03:00,2026-08-22,captured
pay_4S0LGUPU,ORD_1651,1552.27,31.05,5.59,1515.63,setl_069,2026-08-20 21:53:00,2026-08-21,captured
pay_P7O0OLFI,ORD_1652,410.63,8.21,1.48,400.94,setl_069,2026-08-20 18:56:00,2026-08-21,captured
pay_4FLDAA1F,ORD_1653,2460.84,49.22,8.86,2402.76,setl_069,2026-08-21 05:56:00,2026-08-22,captured
pay_XHG403NJ,ORD_1655,347.34,6.95,1.25,339.14,setl_069,2026-08-21 04:13:00,2026-08-22,captured
pay_5D7EFJGC,ORD_1656,207.3,4.15,0.75,202.4,setl_069,2026-08-20 17:45:00,2026-08-21,captured
pay_RWHP6WQF,ORD_1657,388.08,9.16,1.65,377.27,setl_069,2026-08-20 17:27:00,2026-08-21,captured
pay_9RWTF07G,ORD_1658,539.36,10.79,1.94,526.63,setl_069,2026-08-20 18:10:00,2026-08-21,captured
pay_EHLH07JR,ORD_1659,3451.3,69.03,12.43,3369.84,setl_069,2026-08-20 21:16:00,2026-08-21,captured
pay_P87JH4Z8,ORD_1660,1019.81,20.4,3.67,995.74,setl_070,2026-08-21 02:33:00,2026-08-22,captured
pay_8R5P03WV,ORD_1661,1928.32,38.57,6.94,1882.81,setl_070,2026-08-21 02:12:00,2026-08-22,captured
pay_68JOV58T,ORD_1662,405.71,8.11,1.46,396.14,setl_070,2026-08-20 19:30:00,2026-08-21,captured
pay_MCXN2ELA,ORD_1663,460.46,9.21,1.66,449.59,setl_070,2026-08-21 06:52:00,2026-08-22,captured
pay_NVSDKV54,ORD_1664,395.54,7.91,1.42,386.21,setl_070,2026-08-21 00:36:00,2026-08-22,captured
pay_HBRBJEQV,ORD_1665,1938.27,38.77,6.98,1892.52,setl_070,2026-08-21 06:23:00,2026-08-22,captured
pay_96K4O67B,ORD_1666,422.64,8.45,1.52,412.67,setl_070,2026-08-21 02:06:00,2026-08-22,captured
pay_1OULWOZQ,ORD_1667,1495.99,29.92,5.39,1460.68,setl_070,2026-08-21 02:20:00,2026-08-22,captured
pay_3E950ID0,ORD_1668,1042.77,20.86,3.75,1018.16,setl_071,2026-08-20 17:15:00,2026-08-21,captured
pay_D8CLW3JG,ORD_1669,3547.96,70.96,12.77,3464.23,setl_071,2026-08-20 18:17:00,2026-08-21,captured
pay_158OQESU,ORD_1670,1895.07,37.9,6.82,1850.35,setl_071,2026-08-21 03:57:00,2026-08-22,captured
pay_JKCU5X0H,ORD_1671,231.19,4.62,0.83,225.74,setl_071,2026-08-21 08:15:00,2026-08-22,captured
pay_3GDHVS41,ORD_1672,1546.18,30.92,5.57,1509.69,setl_071,2026-08-20 23:59:00,2026-08-22,captured
pay_HN95S2GK,ORD_1673,714.53,14.29,2.57,697.67,setl_071,2026-08-20 21:00:00,2026-08-21,captured
pay_50I6GBXQ,ORD_1674,244.15,4.88,0.88,238.39,setl_071,2026-08-20 20:13:00,2026-08-21,captured
pay_FSSBJDX0,ORD_1675,941.69,18.83,3.39,919.47,setl_071,2026-08-21 04:29:00,2026-08-22,captured
pay_TRPYX8HB,ORD_1676,378.4,7.57,1.36,369.47,setl_071,2026-08-20 22:41:00,2026-08-21,captured
pay_5ZOOH3YR,ORD_1677,1875.62,37.51,6.75,1831.36,setl_072,2026-08-20 20:19:00,2026-08-21,captured
pay_DSZRK6IL,ORD_1678,383.76,7.68,1.38,374.7,setl_072,2026-08-21 02:47:00,2026-08-22,captured
pay_PA95G1AM,ORD_1679,1767.73,35.35,6.36,1726.02,setl_072,2026-08-20 21:04:00,2026-08-21,captured
pay_3U94SGFD,ORD_1680,1849.1,36.98,6.66,1805.46,setl_072,2026-08-21 08:08:00,2026-08-22,captured
pay_XJQ3KMSX,ORD_1681,344.26,6.89,1.24,336.13,setl_072,2026-08-21 04:37:00,2026-08-22,captured
pay_4XFRI09M,ORD_1682,1260.28,25.21,4.54,1230.53,setl_072,2026-08-20 17:13:00,2026-08-21,captured
pay_6Q8SJY5O,ORD_1683,441.06,8.82,1.59,430.65,setl_072,2026-08-20 20:22:00,2026-08-21,captured
pay_E2U2MDA7,ORD_1684,229.93,4.6,0.83,224.5,setl_072,2026-08-21 03:58:00,2026-08-22,captured
pay_XKK2ABKV,ORD_1685,717.09,14.34,2.58,700.17,setl_072,2026-08-21 02:44:00,2026-08-22,captured
pay_BE52S8U8,ORD_1686,1279.58,25.59,4.61,1249.38,setl_073,2026-08-21 04:43:00,2026-08-22,captured
pay_KB7IYNO6,ORD_1687,348.59,6.97,1.25,340.37,setl_073,2026-08-21 06:38:00,2026-08-22,captured
pay_2F1JOHKK,ORD_1688,208.7,4.17,0.75,203.78,setl_073,2026-08-21 06:46:00,2026-08-22,captured
pay_PL7ZQPPO,ORD_1689,3467.34,69.35,12.48,3385.51,setl_073,2026-08-20 20:13:00,2026-08-21,captured
pay_WKISETUK,ORD_1690,3451.64,69.03,12.43,3370.18,setl_073,2026-08-21 06:07:00,2026-08-22,captured
pay_QBB3XMDK,ORD_1691,289.29,5.79,1.04,282.46,setl_073,2026-08-21 07:56:00,2026-08-22,captured
pay_SU8E6XFW,ORD_1692,385.43,7.71,1.39,376.33,setl_073,2026-08-20 18:46:00,2026-08-21,captured
pay_F5SIDASO,ORD_1693,1311.37,26.23,4.72,1280.42,setl_073,2026-08-20 20:05:00,2026-08-21,captured
pay_JWPXEFAF,ORD_1694,189.46,3.79,0.68,184.99,setl_074,2026-08-21 00:58:00,2026-08-22,captured
pay_KY8RYOZD,ORD_1695,1800.15,36.0,6.48,1557.67,setl_074,2026-08-20 23:34:00,2026-08-21,captured
pay_OUBXXQ6M,ORD_1696,1563.82,31.28,5.63,1526.91,setl_074,2026-08-21 07:12:00,2026-08-22,captured
pay_M4SMZOCX,ORD_1697,737.24,14.74,2.65,719.85,setl_074,2026-08-21 01:02:00,2026-08-22,captured
pay_7C4R8VGZ,ORD_1698,1882.93,37.66,6.78,1838.49,setl_074,2026-08-20 21:20:00,2026-08-21,captured
pay_MWOB4FDD,ORD_1699,2474.92,49.5,8.91,2416.51,setl_074,2026-08-21 03:42:00,2026-08-22,captured
pay_0N97CJB0,ORD_1700,374.99,7.5,1.35,366.14,setl_074,2026-08-21 00:08:00,2026-08-22,captured
pay_ZN9UHJPK,ORD_1701,1009.65,20.19,3.63,985.83,setl_074,2026-08-20 22:21:00,2026-08-21,captured
pay_A8DBFA1U,ORD_1702,1792.41,35.85,6.45,1750.11,setl_074,2026-08-20 23:10:00,2026-08-21,captured
pay_URMWUECP,ORD_1703,317.53,6.35,1.14,310.04,setl_075,2026-08-21 08:14:00,2026-08-22,captured
pay_RBTA3K3O,ORD_1704,1505.92,30.12,5.42,1470.38,setl_075,2026-08-21 02:07:00,2026-08-22,captured
pay_U47SOCZD,ORD_1705,1536.24,30.72,5.53,1499.99,setl_075,2026-08-21 02:09:00,2026-08-22,captured
pay_H5CH3L16,ORD_1706,264.32,5.29,0.95,258.08,setl_075,2026-08-21 03:29:00,2026-08-22,captured
pay_8VWCT8JB,ORD_1707,1198.36,23.97,4.31,1170.08,setl_075,2026-08-20 18:23:00,2026-08-21,captured
pay_K48AB13T,ORD_1708,1299.76,26.0,4.68,1269.08,setl_075,2026-08-21 04:31:00,2026-08-22,captured
pay_ZPPEP69N,ORD_1709,504.25,10.09,1.82,492.34,setl_075,2026-08-21 05:53:00,2026-08-22,captured
pay_VI052U9A,ORD_1710,342.65,6.85,1.23,334.57,setl_075,2026-08-21 00:15:00,2026-08-22,captured
pay_BMXIKVRE,ORD_1711,2956.66,59.13,10.64,2886.89,setl_075,2026-08-21 07:14:00,2026-08-22,captured
pay_64PKNT5I,ORD_1712,1474.02,29.48,5.31,1439.23,setl_076,2026-08-20 23:34:00,2026-08-21,captured
pay_6ZWKHE9I,ORD_1713,368.78,7.38,1.33,360.07,setl_076,2026-08-20 20:06:30,2026-08-21,captured
pay_0HN3F9ZX,ORD_1713,368.78,7.38,1.33,360.07,setl_076,2026-08-20 20:06:00,2026-08-21,captured
pay_N3DKVR5N,ORD_1714,851.13,17.02,3.06,831.05,setl_076,2026-08-21 01:22:00,2026-08-22,captured
pay_XB1761M3,ORD_1715,1169.57,23.39,4.21,1141.97,setl_076,2026-08-21 06:35:00,2026-08-22,captured
pay_PP00CDNZ,ORD_1716,1870.65,37.41,6.73,1826.51,setl_076,2026-08-21 03:51:00,2026-08-22,captured
pay_Q9I6KYJ9,ORD_1717,3495.35,69.91,12.58,3412.86,setl_076,2026-08-21 01:14:00,2026-08-22,captured
pay_NX23VEUL,ORD_1718,182.75,3.66,0.66,178.43,setl_076,2026-08-20 18:42:00,2026-08-21,captured
pay_BMWUOUC6,ORD_1719,1793.38,35.87,6.46,1751.05,setl_076,2026-08-21 07:04:00,2026-08-22,captured
pay_JRIG5XIX,ORD_1720,394.33,7.89,1.42,385.02,setl_076,2026-08-20 22:19:00,2026-08-21,captured
pay_ZCZJJY4M,ORD_1721,2535.06,50.7,9.13,2475.23,setl_077,2026-08-21 03:07:00,2026-08-22,captured
pay_ECHU3YCP,ORD_1722,1472.47,29.45,5.3,1437.72,setl_077,2026-08-20 19:36:00,2026-08-21,captured
pay_6N7KBNKF,ORD_1723,251.47,5.03,0.91,245.53,setl_077,2026-08-21 04:25:00,2026-08-22,captured
pay_2Z7NUXF1,ORD_1724,459.62,9.19,1.65,448.78,setl_077,2026-08-21 03:37:00,2026-08-22,captured
pay_4SBRSPJ4,ORD_1725,1544.86,30.9,5.56,1508.4,setl_077,2026-08-21 06:35:00,2026-08-22,captured
pay_L9YQ8OCU,ORD_1726,1181.87,23.64,4.26,1153.97,setl_077,2026-08-21 04:18:00,2026-08-22,captured
pay_I397I6YX,ORD_1727,1014.33,20.29,3.65,990.39,setl_077,2026-08-21 00:32:00,2026-08-22,captured
pay_OSFR5HGQ,ORD_1728,278.59,5.57,1.0,272.02,setl_077,2026-08-21 03:08:00,2026-08-22,captured
pay_EBPY9E57,ORD_1729,890.86,17.82,3.21,869.83,setl_077,2026-08-21 08:48:00,2026-08-22,captured
pay_E66VW9B0,ORD_1730,961.75,19.23,3.46,939.06,setl_077,2026-08-21 00:48:00,2026-08-22,captured
pay_KREG167D,ORD_1731,740.07,14.8,2.66,722.61,setl_078,2026-08-21 07:51:00,2026-08-22,captured
pay_PSV8DKMU,ORD_1732,1908.3,38.17,6.87,1863.26,setl_078,2026-08-21 07:27:00,2026-08-22,captured
pay_LGF309HS,ORD_1733,1899.82,38.0,6.84,1854.98,setl_078,2026-08-21 02:24:00,2026-08-22,captured
pay_KRIG7JVD,ORD_1734,1480.44,29.61,5.33,1445.5,setl_078,2026-08-21 02:11:00,2026-08-22,captured
pay_68T2A3AH,ORD_1735,213.1,4.26,0.77,208.07,setl_078,2026-08-20 22:06:00,2026-08-21,captured
pay_KDZ4PPJ5,ORD_1736,1622.21,32.44,5.84,1583.93,setl_078,2026-08-20 21:57:00,2026-08-21,captured
pay_LSJWS1ZL,ORD_1737,945.84,18.92,3.41,923.51,setl_078,2026-08-21 00:47:00,2026-08-22,captured
pay_X5BWAEN7,ORD_1738,1559.04,31.18,5.61,1522.25,setl_078,2026-08-21 03:17:00,2026-08-22,captured
pay_KH5840AC,ORD_1739,246.01,4.92,0.89,240.2,setl_078,2026-08-20 22:50:00,2026-08-21,captured
pay_WWIMT854,ORD_1740,1469.85,29.4,5.29,1435.16,setl_078,2026-08-20 18:29:00,2026-08-21,captured
pay_TKH861PQ,ORD_1741,1298.02,25.96,4.67,1267.39,setl_079,2026-08-21 05:41:00,2026-08-22,captured
pay_MOE545VY,ORD_1742,1560.58,31.21,5.62,1523.75,setl_079,2026-08-21 03:43:00,2026-08-22,captured
pay_1JLOPO6J,ORD_1743,175.79,3.52,0.63,171.64,setl_079,2026-08-21 06:08:00,2026-08-22,captured
pay_H5T2D8VE,ORD_1744,362.63,7.25,1.3,354.08,setl_079,2026-08-21 02:32:00,2026-08-22,captured
pay_SNHFT4I2,ORD_1746,390.22,7.8,1.4,381.02,setl_079,2026-08-20 19:42:00,2026-08-21,captured
pay_41SS2BKA,ORD_1747,340.34,6.81,1.23,332.3,setl_079,2026-08-21 00:01:00,2026-08-22,captured
pay_E0JDCZ1O,ORD_1748,2976.25,59.52,10.71,2906.02,setl_079,2026-08-21 05:45:00,2026-08-22,captured
pay_2GVLLSAJ,ORD_1749,3509.49,70.19,12.63,3426.67,setl_079,2026-08-20 20:52:00,2026-08-21,captured
pay_PIOKKZSN,ORD_1750,875.43,17.51,3.15,854.77,setl_079,2026-08-21 08:27:00,2026-08-22,captured
pay_UA1QRDLF,ORD_1751,494.15,9.88,1.78,482.49,setl_079,2026-08-20 20:30:00,2026-08-21,captured
pay_DO4S41CR,ORD_1752,905.09,18.1,3.26,883.73,setl_080,2026-08-21 08:39:00,2026-08-22,captured
pay_V5JHURR8,ORD_1753,223.05,4.46,0.8,217.79,setl_080,2026-08-20 18:25:00,2026-08-21,captured
pay_PCEASEH5,ORD_1754,345.14,6.9,1.24,337.0,setl_080,2026-08-20 19:59:00,2026-08-21,captured
pay_R0TOKPK7,ORD_1755,3037.55,60.75,10.93,2965.87,setl_080,2026-08-20 22:45:00,2026-08-21,captured
pay_SHWZSJQ7,ORD_1756,2481.24,49.62,8.93,2422.69,setl_080,2026-08-20 22:12:00,2026-08-21,captured
pay_GQ9AZHDQ,ORD_1757,1801.44,42.51,7.65,1751.28,setl_080,2026-08-20 17:24:00,2026-08-21,captured
pay_W5MAGK6P,ORD_1758,3011.5,60.23,10.84,2940.43,setl_080,2026-08-20 22:07:00,2026-08-21,captured
pay_XHVDHGUE,ORD_1759,1011.45,20.23,3.64,987.58,setl_080,2026-08-21 01:40:00,2026-08-22,captured
pay_80W6HAIH,ORD_1760,1913.48,38.27,6.89,1868.32,setl_080,2026-08-21 23:59:00,2026-08-23,captured
pay_6BSPXLSE,ORD_1761,263.33,5.27,0.95,257.11,setl_080,2026-08-20 17:21:00,2026-08-21,captured
pay_4LCVHFWJ,ORD_1762,436.73,8.73,1.57,426.43,setl_080,2026-08-21 08:25:00,2026-08-22,captured
pay_UPMANQY0,ORD_1763,1605.05,32.1,5.78,1567.17,setl_081,2026-08-21 01:44:00,2026-08-22,captured
pay_79HMHVL6,ORD_1764,1504.98,30.1,5.42,1469.46,setl_081,2026-08-21 05:25:00,2026-08-22,captured
pay_XO9ZJCUB,ORD_1765,2541.16,50.82,9.15,2281.19,setl_081,2026-08-21 01:05:00,2026-08-22,captured
pay_3BB6F05E,ORD_1766,1512.22,30.24,5.44,1476.54,setl_081,2026-08-20 22:35:00,2026-08-21,captured
pay_4J4X0LY6,ORD_1767,854.6,17.09,3.08,834.43,setl_081,2026-08-20 18:21:00,2026-08-21,captured
pay_OYCG1FJG,ORD_1768,1921.21,38.42,6.92,1875.87,setl_081,2026-08-20 17:46:30,2026-08-21,captured
pay_BVYOW47L,ORD_1768,1921.21,38.42,6.92,1875.87,setl_081,2026-08-20 17:46:00,2026-08-21,captured
pay_D7GDLWAG,ORD_1769,960.77,19.22,3.46,938.09,setl_081,2026-08-20 19:40:00,2026-08-21,captured
pay_LY7500LN,ORD_1770,412.79,8.26,1.49,403.04,setl_081,2026-08-20 19:58:00,2026-08-21,captured
pay_4JH9JPDM,ORD_1771,1776.9,35.54,6.4,1734.96,setl_081,2026-08-21 03:28:00,2026-08-22,captured
pay_B4NTHZM3,ORD_1772,1026.24,20.52,3.69,1002.03,setl_081,2026-08-21 07:55:00,2026-08-22,captured
pay_BEXGFVNN,ORD_1774,2526.34,50.53,9.1,2466.71,setl_082,2026-08-20 23:32:00,2026-08-21,captured
pay_FRM6GMFT,ORD_1775,2981.24,59.62,10.73,2910.89,setl_082,2026-08-21 04:56:00,2026-08-22,captured
pay_RI0VROB7,ORD_1776,729.92,14.6,2.63,712.69,setl_082,2026-08-21 06:50:00,2026-08-22,captured
pay_VFFKVZS8,ORD_1777,2459.79,49.2,8.86,2401.73,setl_082,2026-08-21 01:40:00,2026-08-22,captured
pay_2FMOQXHG,ORD_1778,261.99,5.24,0.94,255.81,setl_082,2026-08-20 18:08:00,2026-08-21,captured
pay_FT1AFDTO,ORD_1779,1467.46,29.35,5.28,1432.83,setl_082,2026-08-21 06:07:00,2026-08-22,captured
pay_NL7OLKY5,ORD_1780,1315.84,26.32,4.74,1284.78,setl_082,2026-08-21 00:49:00,2026-08-22,captured
pay_A5GINSAV,ORD_1781,452.41,9.05,1.63,441.73,setl_082,2026-08-21 08:47:00,2026-08-22,captured
pay_HPMXPKN3,ORD_1782,1513.56,30.27,5.45,1477.84,setl_082,2026-08-21 08:13:00,2026-08-22,captured
pay_Y4QCYD52,ORD_1783,294.85,5.9,1.06,287.89,setl_083,2026-08-20 22:14:00,2026-08-21,captured
pay_AXYPBP0E,ORD_1784,1780.9,35.62,6.41,1738.87,setl_083,2026-08-21 05:47:00,2026-08-22,captured
pay_8EGP15CA,ORD_1785,2486.28,49.73,8.95,2427.6,setl_083,2026-08-21 03:59:00,2026-08-22,captured
pay_QB5QBVNP,ORD_1786,218.76,4.38,0.79,213.59,setl_083,2026-08-21 07:28:00,2026-08-22,captured
pay_ALWVMB0I,ORD_1787,503.27,10.07,1.81,491.39,setl_083,2026-08-21 02:26:00,2026-08-22,captured
pay_PJ8YI340,ORD_1788,3458.46,69.17,12.45,3376.84,setl_083,2026-08-20 21:44:00,2026-08-21,captured
pay_F9W5N9C7,ORD_1789,1894.84,37.9,6.82,1850.12,setl_083,2026-08-21 03:24:00,2026-08-22,captured
pay_4PEGJKS4,ORD_1790,1589.07,31.78,5.72,1551.57,setl_083,2026-08-21 01:47:00,2026-08-22,captured
pay_JYGSBOGK,ORD_1791,2986.42,59.73,10.75,2915.94,setl_083,2026-08-20 23:52:00,2026-08-21,captured
pay_Q2WDIZHW,ORD_1792,1569.71,31.39,5.65,1532.67,setl_084,2026-08-20 21:20:00,2026-08-21,captured
pay_RUML3F4R,ORD_1793,707.79,16.7,3.01,688.08,setl_084,2026-08-21 03:38:00,2026-08-22,captured
pay_8WUMH9NK,ORD_1794,1816.3,36.33,6.54,1773.43,setl_084,2026-08-21 05:07:00,2026-08-22,captured
pay_WUO11K09,ORD_1795,716.45,14.33,2.58,699.54,setl_084,2026-08-20 23:58:00,2026-08-22,captured
pay_H9UGF10O,ORD_1796,3462.17,69.24,12.46,3380.47,setl_084,2026-08-20 20:10:00,2026-08-21,captured
pay_WXYWWSTI,ORD_1797,1024.13,20.48,3.69,999.96,setl_084,2026-08-21 01:23:00,2026-08-22,captured
pay_OA31XYDU,ORD_1798,1324.68,26.49,4.77,1293.42,setl_084,2026-08-21 07:12:00,2026-08-22,captured
pay_EW9V08LI,ORD_1799,1590.03,31.8,5.72,1552.51,setl_084,2026-08-20 17:41:00,2026-08-21,captured
pay_5XT54FN5,ORD_1800,1317.44,26.35,4.74,1286.35,setl_084,2026-08-20 17:52:00,2026-08-21,captured
pay_CBUQYPIG,ORD_1801,1342.71,26.85,4.83,1311.03,setl_085,2026-08-21 03:11:00,2026-08-22,captured
pay_IZC0YOSQ,ORD_1802,2513.14,50.26,9.05,2453.83,setl_085,2026-08-21 03:57:00,2026-08-22,captured
pay_XTAR0KO3,ORD_1803,1527.3,30.55,5.5,1291.25,setl_085,2026-08-20 20:50:00,2026-08-21,captured
pay_D41U2ZNX,ORD_1804,988.94,19.78,3.56,965.6,setl_085,2026-08-21 07:28:00,2026-08-22,captured
pay_XC6RIJKQ,ORD_1805,1228.56,24.57,4.42,1199.57,setl_085,2026-08-21 01:09:00,2026-08-22,captured
pay_FKHNNK8F,ORD_1806,255.82,5.12,0.92,249.78,setl_085,2026-08-20 18:50:00,2026-08-21,captured
pay_FKNWBHKV,ORD_1807,1320.31,26.41,4.75,1289.15,setl_085,2026-08-21 02:11:00,2026-08-22,captured
pay_69XVSSN7,ORD_1808,1021.11,20.42,3.68,997.01,setl_085,2026-08-21 05:35:00,2026-08-22,captured
pay_MLIK22XM,ORD_1809,2497.21,49.94,8.99,2438.28,setl_085,2026-08-21 05:01:00,2026-08-22,captured
pay_NBW8SJ84,ORD_1810,1940.27,38.81,6.99,1894.47,setl_085,2026-08-21 00:49:00,2026-08-22,captured
pay_IJ0YXIYQ,ORD_1811,1546.04,30.92,5.57,1509.55,setl_085,2026-08-21 07:41:00,2026-08-22,captured
pay_076EKHI1,ORD_1812,1475.58,29.51,5.31,1440.76,setl_086,2026-08-20 19:49:00,2026-08-21,captured
pay_HEDHTHRU,ORD_1813,658.83,13.18,2.37,643.28,setl_086,2026-08-21 03:51:00,2026-08-22,captured
pay_VW19JOJW,ORD_1814,1635.11,32.7,5.89,1596.52,setl_086,2026-08-21 07:51:00,2026-08-22,captured
pay_IJULP98R,ORD_1815,2497.33,49.95,8.99,2438.39,setl_086,2026-08-21 02:21:00,2026-08-22,captured
pay_YD5MY3GD,ORD_1816,2496.05,49.92,8.99,2437.14,setl_086,2026-08-20 22:08:00,2026-08-21,captured
pay_QY7HYLGO,ORD_1817,379.72,7.59,1.37,370.76,setl_086,2026-08-21 03:54:00,2026-08-22,captured
pay_X22J7Q4K,ORD_1818,1810.01,36.2,6.52,1767.29,setl_086,2026-08-21 03:37:00,2026-08-22,captured
pay_POP1O8M2,ORD_1819,182.37,3.65,0.66,178.06,setl_086,2026-08-21 03:31:00,2026-08-22,captured
pay_KNL2LUHH,ORD_1820,200.95,4.02,0.72,196.21,setl_086,2026-08-20 23:16:30,2026-08-21,captured
pay_S4DILRZQ,ORD_1820,200.95,4.02,0.72,196.21,setl_086,2026-08-20 23:16:00,2026-08-21,captured
pay_9VCCMTPK,ORD_1821,467.78,9.36,1.68,456.74,setl_087,2026-08-21 08:18:00,2026-08-22,captured
pay_35VUUPLT,ORD_1822,337.08,6.74,1.21,329.13,setl_087,2026-08-21 03:53:00,2026-08-22,captured
pay_5Z08N10H,ORD_1823,3502.1,70.04,12.61,3419.45,setl_087,2026-08-20 17:09:00,2026-08-21,captured
pay_J0AEOORB,ORD_1824,671.77,13.44,2.42,655.91,setl_087,2026-08-21 03:15:00,2026-08-22,captured
pay_PBS22RUW,ORD_1825,3040.3,60.81,10.95,2968.54,setl_087,2026-08-21 04:06:00,2026-08-22,captured
pay_24D7V911,ORD_1826,1858.21,37.16,6.69,1814.36,setl_087,2026-08-20 20:36:00,2026-08-21,captured
pay_CXMSY3PA,ORD_1827,245.57,4.91,0.88,239.78,setl_087,2026-08-20 21:44:00,2026-08-21,captured
pay_V1TXH376,ORD_1829,1181.24,23.62,4.25,1153.37,setl_087,2026-08-21 01:56:00,2026-08-22,captured
pay_DT8BEMC5,ORD_1830,267.88,5.36,0.96,261.56,setl_087,2026-08-20 23:21:00,2026-08-21,captured
pay_7HME6P4N,ORD_1831,369.17,7.38,1.33,360.46,setl_088,2026-08-21 06:19:00,2026-08-22,captured
pay_HN3DG60E,ORD_1832,387.04,7.74,1.39,377.91,setl_088,2026-08-21 07:27:00,2026-08-22,captured
pay_OHDSRS8A,ORD_1833,943.07,18.86,3.39,920.82,setl_088,2026-08-21 04:50:00,2026-08-22,captured
pay_4P4K9DXO,ORD_1834,1589.03,31.78,5.72,1551.53,setl_088,2026-08-21 04:26:00,2026-08-22,captured
pay_4GASFQBV,ORD_1835,544.13,10.88,1.96,531.29,setl_088,2026-08-21 03:04:00,2026-08-22,captured
pay_GSF3YN72,ORD_1836,186.17,3.72,0.67,181.78,setl_088,2026-08-20 22:28:00,2026-08-21,captured
pay_WBABQ0FO,ORD_1837,1269.41,25.39,4.57,1239.45,setl_088,2026-08-21 05:01:00,2026-08-22,captured
pay_A6D9ER94,ORD_1838,475.25,11.22,2.02,462.01,setl_088,2026-08-20 22:11:00,2026-08-21,captured
pay_Q6EXNWZR,ORD_1839,662.44,13.25,2.38,646.81,setl_088,2026-08-20 17:23:00,2026-08-21,captured
pay_X0ZKWIJ0,ORD_1840,361.58,7.23,1.3,353.05,setl_088,2026-08-20 23:58:00,2026-08-22,captured
pay_LNF0402W,ORD_1841,370.05,7.4,1.33,361.32,setl_089,2026-08-21 01:50:00,2026-08-22,captured
pay_FLURMW3U,ORD_1842,1750.43,35.01,6.3,1709.12,setl_089,2026-08-20 18:55:00,2026-08-21,captured
pay_XSM9GM51,ORD_1843,394.32,7.89,1.42,306.15,setl_089,2026-08-21 07:10:00,2026-08-22,captured
pay_PATD93EZ,ORD_1844,915.8,18.32,3.3,894.18,setl_089,2026-08-21 01:07:00,2026-08-22,captured
pay_G35SFY1H,ORD_1845,979.7,19.59,3.53,956.58,setl_089,2026-08-20 20:00:00,2026-08-21,captured
pay_NI8TNDFW,ORD_1846,2509.09,50.18,9.03,2449.88,setl_089,2026-08-20 18:56:00,2026-08-21,captured
pay_PHB8OOSP,ORD_1847,1233.32,24.67,4.44,1204.21,setl_089,2026-08-20 21:39:00,2026-08-21,captured
pay_JUL7W8CO,ORD_1848,681.19,13.62,2.45,665.12,setl_089,2026-08-21 02:01:00,2026-08-22,captured
pay_XOG4C8J6,ORD_1849,1331.24,26.62,4.79,1299.83,setl_089,2026-08-21 00:27:00,2026-08-22,captured
pay_Y1AELDWQ,ORD_1850,1943.43,38.87,7.0,1897.56,setl_090,2026-08-20 23:30:00,2026-08-21,captured
pay_51Z58B4J,ORD_1851,231.22,4.62,0.83,225.77,setl_090,2026-08-21 07:10:00,2026-08-22,captured
pay_ID9VVN5X,ORD_1852,1607.5,32.15,5.79,1569.56,setl_090,2026-08-21 08:51:00,2026-08-22,captured
pay_6XLYJMAZ,ORD_1853,1554.67,31.09,5.6,1517.98,setl_090,2026-08-21 01:56:00,2026-08-22,captured
pay_D2ZU4NS7,ORD_1854,1207.58,24.15,4.35,1179.08,setl_090,2026-08-21 06:45:00,2026-08-22,captured
pay_E1MY6PO0,ORD_1855,3009.17,60.18,10.83,2938.16,setl_090,2026-08-20 20:37:00,2026-08-21,captured
pay_YAUA8D72,ORD_1856,734.22,14.68,2.64,716.9,setl_090,2026-08-20 18:29:00,2026-08-21,captured
pay_J2LZW1FU,ORD_1857,234.86,4.7,0.85,229.31,setl_090,2026-08-21 04:24:00,2026-08-22,captured
pay_44MW04I3,ORD_1858,373.07,7.46,1.34,364.27,setl_090,2026-08-21 04:51:00,2026-08-22,captured
pay_1H4RMPNF,ORD_1859,1512.95,30.26,5.45,1477.24,setl_091,2026-08-21 08:42:00,2026-08-22,captured
pay_ZU1TOZHD,ORD_1860,300.59,6.01,1.08,293.5,setl_091,2026-08-21 03:03:00,2026-08-22,captured
pay_O7D835KU,ORD_1861,484.22,9.68,1.74,472.8,setl_091,2026-08-21 03:37:00,2026-08-22,captured
pay_F9AIZH5P,ORD_1862,398.94,7.98,1.44,389.52,setl_091,2026-08-20 18:20:00,2026-08-21,captured
pay_RPU9GGSO,ORD_1863,250.24,5.0,0.9,244.34,setl_091,2026-08-20 17:59:00,2026-08-21,captured
pay_PN7ITCYL,ORD_1864,473.68,9.47,1.7,462.51,setl_091,2026-08-21 04:54:00,2026-08-22,captured
pay_D3IMZ93I,ORD_1865,3506.9,70.14,12.63,3424.13,setl_091,2026-08-21 08:37:00,2026-08-22,captured
pay_P8GUUCM5,ORD_1866,1932.66,38.65,6.96,1887.05,setl_091,2026-08-21 07:36:00,2026-08-22,captured
pay_80ZRZ79H,ORD_1867,1517.2,30.34,5.46,1481.4,setl_091,2026-08-21 01:39:00,2026-08-22,captured
pay_U58FTYLA,ORD_1868,202.84,4.06,0.73,198.05,setl_091,2026-08-21 02:23:00,2026-08-22,captured
pay_WT00IV1G,ORD_1869,3020.21,60.4,10.87,2948.94,setl_091,2026-08-20 20:50:00,2026-08-21,captured
pay_DOZY2NR4,ORD_1870,513.94,10.28,1.85,501.81,setl_092,2026-08-20 20:22:00,2026-08-21,captured
pay_RGOI9WM1,ORD_1871,880.12,17.6,3.17,859.35,setl_092,2026-08-21 06:59:00,2026-08-22,captured
pay_YDA9ALL2,ORD_1872,201.04,4.02,0.72,196.3,setl_092,2026-08-20 18:36:30,2026-08-21,captured
pay_UNCGWRT9,ORD_1872,201.04,4.02,0.72,196.3,setl_092,2026-08-20 18:36:00,2026-08-21,captured
pay_Z5GF3BBT,ORD_1873,308.97,6.18,1.11,301.68,setl_092,2026-08-20 23:01:00,2026-08-21,captured
pay_VGDGFWMQ,ORD_1874,242.5,4.85,0.87,236.78,setl_092,2026-08-21 04:45:00,2026-08-22,captured
pay_NI3GOM67,ORD_1875,477.41,9.55,1.72,466.14,setl_092,2026-08-20 19:23:00,2026-08-21,captured
pay_UZS1XKE1,ORD_1876,933.78,18.68,3.36,911.74,setl_092,2026-08-21 04:03:00,2026-08-22,captured
pay_L911ZSB8,ORD_1878,498.12,9.96,1.79,486.37,setl_092,2026-08-21 08:43:00,2026-08-22,captured
pay_0TBKG8B3,ORD_1879,1923.79,38.48,6.93,1878.38,setl_092,2026-08-20 22:44:00,2026-08-21,captured
pay_6D86ZCHH,ORD_1880,2501.4,50.03,9.01,2442.36,setl_092,2026-08-21 04:44:00,2026-08-22,captured
pay_7AI33993,ORD_1881,453.52,9.07,1.63,442.82,setl_092,2026-08-20 23:58:00,2026-08-21,captured
pay_5PU5WH50,ORD_1882,403.48,8.07,1.45,393.96,setl_093,2026-08-21 00:42:00,2026-08-22,captured
pay_4G2JAYB1,ORD_1883,1618.03,32.36,5.82,1579.85,setl_093,2026-08-21 06:27:00,2026-08-22,captured
pay_CTG08ZZK,ORD_1884,1156.05,23.12,4.16,1128.77,setl_093,2026-08-20 20:14:00,2026-08-21,captured
pay_O5HD4HSB,ORD_1885,234.55,4.69,0.84,229.02,setl_093,2026-08-20 20:49:00,2026-08-21,captured
pay_13IWPFVB,ORD_1886,860.14,20.3,3.65,836.19,setl_093,2026-08-21 05:12:00,2026-08-22,captured
pay_AF4JGQ6C,ORD_1887,425.85,8.52,1.53,415.8,setl_093,2026-08-21 03:07:00,2026-08-22,captured
pay_WMZAP4VK,ORD_1888,343.68,6.87,1.24,335.57,setl_093,2026-08-20 19:16:00,2026-08-21,captured
pay_SAZ0LB6Y,ORD_1889,303.71,6.07,1.09,296.55,setl_093,2026-08-20 23:59:00,2026-08-22,captured
pay_EIWUCX67,ORD_1890,399.34,7.99,1.44,389.91,setl_094,2026-08-21 05:54:00,2026-08-22,captured
pay_YWM9Q7FT,ORD_1891,217.56,4.35,0.78,212.43,setl_094,2026-08-21 08:00:00,2026-08-22,captured
pay_5NA2FQZT,ORD_1892,1163.44,23.27,4.19,1135.98,setl_094,2026-08-20 22:27:00,2026-08-21,captured
pay_PP0PNNLO,ORD_1893,411.5,8.23,1.48,401.79,setl_094,2026-08-21 04:17:00,2026-08-22,captured
pay_802NQ52N,ORD_1894,373.6,7.47,1.34,364.79,setl_094,2026-08-20 23:38:00,2026-08-21,captured
pay_K31WBHTF,ORD_1895,388.28,7.77,1.4,379.11,setl_094,2026-08-20 20:38:00,2026-08-21,captured
pay_NYJ0UFO2,ORD_1896,2492.18,49.84,8.97,2233.37,setl_094,2026-08-20 17:46:00,2026-08-21,captured
pay_1RV1TWBD,ORD_1897,290.13,5.8,1.04,283.29,setl_094,2026-08-21 00:57:00,2026-08-22,captured
pay_L6HFH4N6,ORD_1898,1451.15,29.02,5.22,1416.91,setl_095,2026-08-21 03:55:00,2026-08-22,captured
pay_DU6FOTWF,ORD_1899,696.51,13.93,2.51,680.07,setl_095,2026-08-20 22:21:00,2026-08-21,captured
pay_6DB5RR1V,ORD_1900,1318.99,26.38,4.75,1287.86,setl_095,2026-08-21 00:09:00,2026-08-22,captured
pay_88U595CE,ORD_1901,707.49,14.15,2.55,690.79,setl_095,2026-08-21 07:58:00,2026-08-22,captured
pay_K22M9RWV,ORD_1902,490.68,9.81,1.77,479.1,setl_095,2026-08-20 23:43:00,2026-08-21,captured
pay_R6BILQPB,ORD_1903,1034.13,20.68,3.72,1009.73,setl_095,2026-08-21 01:34:00,2026-08-22,captured
pay_AUKHQNZJ,ORD_1904,1482.29,29.65,5.34,1447.3,setl_095,2026-08-20 22:00:00,2026-08-21,captured
pay_EMJGKCQY,ORD_1905,335.68,6.71,1.21,327.76,setl_095,2026-08-21 06:29:00,2026-08-22,captured
pay_IGCUIDC0,ORD_1906,2538.58,50.77,9.14,2478.67,setl_095,2026-08-20 21:52:00,2026-08-21,captured
pay_2DEZH0CD,ORD_1907,1456.04,29.12,5.24,1421.68,setl_095,2026-08-21 07:43:00,2026-08-22,captured
pay_ZNWG3ZRZ,ORD_1908,492.3,9.85,1.77,480.68,setl_096,2026-08-21 00:14:00,2026-08-22,captured
pay_SC9J5UGE,ORD_1909,222.16,4.44,0.8,216.92,setl_096,2026-08-20 18:30:00,2026-08-21,captured
pay_WVVSKP30,ORD_1910,367.7,7.35,1.32,359.03,setl_096,2026-08-21 00:14:00,2026-08-22,captured
pay_CCM0W3C1,ORD_1911,514.48,10.29,1.85,502.34,setl_096,2026-08-21 01:20:00,2026-08-22,captured
pay_16ZV8U0L,ORD_1912,546.72,10.93,1.97,533.82,setl_096,2026-08-20 19:25:00,2026-08-21,captured
pay_9GVBMQQ7,ORD_1913,1286.04,25.72,4.63,1255.69,setl_096,2026-08-21 08:25:30,2026-08-22,captured
pay_49Q6QF1P,ORD_1913,1286.04,25.72,4.63,1255.69,setl_096,2026-08-21 08:25:00,2026-08-22,captured
pay_8HARJHRF,ORD_1915,950.4,19.01,3.42,927.97,setl_096,2026-08-20 22:14:00,2026-08-21,captured
pay_8F8C8CLR,ORD_1916,221.77,4.44,0.8,216.53,setl_096,2026-08-21 08:31:00,2026-08-22,captured
pay_ALFWYPEE,ORD_1917,272.52,6.43,1.16,264.93,setl_096,2026-08-20 23:30:00,2026-08-21,captured
pay_8CQPHLI5,ORD_1918,371.48,7.43,1.34,362.71,setl_096,2026-08-20 21:28:00,2026-08-21,captured
pay_Z682U6ZV,ORD_1919,1327.68,26.55,4.78,1296.35,setl_097,2026-08-21 03:39:00,2026-08-22,captured
pay_NFLTQ680,ORD_1920,1305.33,26.11,4.7,1274.52,setl_097,2026-08-21 03:33:00,2026-08-22,captured
pay_N1RIAMWU,ORD_1921,687.96,13.76,2.48,671.72,setl_097,2026-08-21 01:47:00,2026-08-22,captured
pay_8VE00H2K,ORD_1922,347.47,6.95,1.25,339.27,setl_097,2026-08-20 23:54:00,2026-08-21,captured
pay_FAX1CQ6F,ORD_1923,1619.06,32.38,5.83,1580.85,setl_097,2026-08-21 02:18:00,2026-08-22,captured
pay_QHVKVLAB,ORD_1924,3464.7,69.29,12.47,3382.94,setl_097,2026-08-21 03:09:00,2026-08-22,captured
pay_TWXOL4BK,ORD_1925,3496.71,69.93,12.59,3414.19,setl_097,2026-08-21 03:57:00,2026-08-22,captured
pay_R7FDFZDM,ORD_1926,1852.94,37.06,6.67,1809.21,setl_097,2026-08-20 18:48:00,2026-08-21,captured
pay_TSXOF33Q,ORD_1927,307.12,6.14,1.11,299.87,setl_097,2026-08-20 19:35:00,2026-08-21,captured
pay_RB188ELN,ORD_1928,221.74,4.43,0.8,216.51,setl_098,2026-08-20 17:05:00,2026-08-21,captured
pay_TBVHUAZU,ORD_1929,500.02,10.0,1.8,488.22,setl_098,2026-08-21 08:05:00,2026-08-22,captured
pay_T60KUSFH,ORD_1930,2538.86,50.78,9.14,2478.94,setl_098,2026-08-21 05:15:00,2026-08-22,captured
pay_XQQ8Y1HE,ORD_1931,232.45,4.65,0.84,226.96,setl_098,2026-08-21 01:26:00,2026-08-22,captured
pay_0KYHVKQX,ORD_1932,923.28,18.47,3.32,901.49,setl_098,2026-08-20 23:53:00,2026-08-21,captured
pay_LHGMRZZQ,ORD_1933,1938.02,38.76,6.98,1892.28,setl_098,2026-08-20 23:33:00,2026-08-21,captured
pay_K94IW54W,ORD_1934,1524.39,30.49,5.49,1488.41,setl_098,2026-08-21 08:40:00,2026-08-22,captured
pay_8DNX80NK,ORD_1935,292.02,5.84,1.05,285.13,setl_098,2026-08-21 07:29:00,2026-08-22,captured
pay_Q796EW82,ORD_1936,226.04,4.52,0.81,220.71,setl_099,2026-08-21 02:12:00,2026-08-22,captured
pay_ZJAUCYHO,ORD_1937,1750.43,35.01,6.3,1709.12,setl_099,2026-08-21 00:34:00,2026-08-22,captured
pay_9UBC1KKR,ORD_1938,452.72,9.05,1.63,442.04,setl_099,2026-08-21 07:28:00,2026-08-22,captured
pay_9BU4UZ2Z,ORD_1939,516.12,10.32,1.86,503.94,setl_099,2026-08-21 23:58:00,2026-08-23,captured
pay_TN60TLXO,ORD_1940,185.4,3.71,0.67,181.02,setl_099,2026-08-21 04:33:00,2026-08-22,captured
pay_YO8DJE7X,ORD_1941,436.21,8.72,1.57,425.92,setl_099,2026-08-21 02:13:00,2026-08-22,captured
pay_79FMW04U,ORD_1942,3535.18,70.7,12.73,3451.75,setl_099,2026-08-20 18:26:00,2026-08-21,captured
pay_BDA7XFIZ,ORD_1943,407.17,8.14,1.47,397.56,setl_099,2026-08-20 20:37:00,2026-08-21,captured
pay_S3HMO1DX,ORD_1944,1260.69,25.21,4.54,1230.94,setl_099,2026-08-21 04:39:00,2026-08-22,captured
pay_682R6ZL1,ORD_1945,332.43,6.65,1.2,258.09,setl_099,2026-08-20 23:46:00,2026-08-21,captured
pay_BEG1CJ8P,ORD_1946,403.2,8.06,1.45,393.69,setl_100,2026-08-20 23:02:00,2026-08-21,captured
pay_NKW7WVY9,ORD_1947,400.06,8.0,1.44,390.62,setl_100,2026-08-21 02:25:00,2026-08-22,captured
pay_11PV58Y9,ORD_1948,334.15,6.68,1.2,326.27,setl_100,2026-08-21 08:59:30,2026-08-22,captured
pay_N81DJDI3,ORD_1948,334.15,6.68,1.2,326.27,setl_100,2026-08-21 08:59:00,2026-08-22,captured
pay_BL14HOAE,ORD_1949,686.99,13.74,2.47,670.78,setl_100,2026-08-21 00:42:00,2026-08-22,captured
pay_ZN7XBVZR,ORD_1950,2493.44,49.87,8.98,2434.59,setl_100,2026-08-20 22:32:00,2026-08-21,captured
pay_PY8CRIN0,ORD_1951,234.36,4.69,0.84,228.83,setl_100,2026-08-21 02:41:00,2026-08-22,captured
pay_4IQZ6DF0,ORD_1952,403.39,8.07,1.45,393.87,setl_100,2026-08-21 00:26:00,2026-08-22,captured
pay_ASYWDRKU,ORD_1953,1851.37,37.03,6.67,1807.67,setl_100,2026-08-21 04:54:00,2026-08-22,captured
pay_SI7EADGH,ORD_1954,1455.52,29.11,5.24,1421.17,setl_100,2026-08-21 04:34:00,2026-08-22,captured
pay_UEBHK0ON,ORD_1955,1004.74,20.09,3.62,981.03,setl_100,2026-08-20 19:52:00,2026-08-21,captured
pay_A5E742GR,ORD_1956,460.28,9.21,1.66,449.41,setl_100,2026-08-21 01:42:00,2026-08-22,captured
pay_4F1R9CFW,ORD_1957,358.9,7.18,1.29,350.43,setl_101,2026-08-20 19:11:00,2026-08-21,captured
pay_BLOG0NQ4,ORD_1958,1042.76,20.86,3.75,1018.15,setl_101,2026-08-21 06:07:00,2026-08-22,captured
pay_ISRCVPUZ,ORD_1959,296.94,5.94,1.07,289.93,setl_101,2026-08-21 06:43:00,2026-08-22,captured
pay_KTLL8SN5,ORD_1960,2985.95,59.72,10.75,2915.48,setl_101,2026-08-21 01:32:00,2026-08-22,captured
pay_DRMSWJJJ,ORD_1961,3541.35,70.83,12.75,3457.77,setl_101,2026-08-20 21:33:00,2026-08-21,captured
pay_UML3SOJP,ORD_1962,1500.35,30.01,5.4,1464.94,setl_101,2026-08-21 04:00:00,2026-08-22,captured
pay_ZTHQSE0K,ORD_1963,1538.06,30.76,5.54,1501.76,setl_101,2026-08-21 02:15:00,2026-08-22,captured
pay_NOZ7QMJC,ORD_1964,408.81,8.18,1.47,399.16,setl_101,2026-08-21 03:15:00,2026-08-22,captured
pay_3JR7T3SP,ORD_1965,480.31,9.61,1.73,468.97,setl_102,2026-08-20 17:06:00,2026-08-21,captured
pay_RNEGN2B4,ORD_1966,3047.16,60.94,10.97,2975.25,setl_102,2026-08-21 08:39:00,2026-08-22,captured
pay_7YH6UAMW,ORD_1967,903.85,18.08,3.25,882.52,setl_102,2026-08-20 21:51:00,2026-08-21,captured
pay_UJT4FTLH,ORD_1968,191.98,3.84,0.69,187.45,setl_102,2026-08-21 00:44:00,2026-08-22,captured
pay_09JRD4HQ,ORD_1969,403.17,8.06,1.45,393.66,setl_102,2026-08-20 22:10:00,2026-08-21,captured
pay_YP44QI4O,ORD_1970,1840.76,36.82,6.63,1797.31,setl_102,2026-08-20 20:02:00,2026-08-21,captured
pay_1HYP5MAS,ORD_1971,664.04,13.28,2.39,648.37,setl_102,2026-08-21 05:06:00,2026-08-22,captured
pay_VZN2HLOI,ORD_1972,709.66,14.19,2.55,692.92,setl_102,2026-08-20 21:46:00,2026-08-21,captured
pay_IZQ2NMNR,ORD_1973,1186.94,23.74,4.27,1158.93,setl_102,2026-08-20 17:48:00,2026-08-21,captured
pay_N9RG4XV3,ORD_1974,1557.95,31.16,5.61,1521.18,setl_102,2026-08-21 04:17:00,2026-08-22,captured
pay_DZBC7QK4,ORD_1975,435.46,8.71,1.57,425.18,setl_103,2026-08-21 00:07:00,2026-08-22,captured
pay_IDBX287G,ORD_1976,1771.91,35.44,6.38,1730.09,setl_103,2026-08-20 22:34:00,2026-08-21,captured
pay_VC1J2T2T,ORD_1977,1343.2,26.86,4.83,1311.51,setl_103,2026-08-21 00:03:00,2026-08-22,captured
pay_LGJ3S6OG,ORD_1978,1764.27,35.29,6.35,1722.63,setl_103,2026-08-21 00:51:00,2026-08-22,captured
pay_QQZZFVB9,ORD_1979,333.65,6.67,1.2,325.78,setl_103,2026-08-21 04:39:00,2026-08-22,captured
pay_T05QXS2U,ORD_1980,477.72,9.55,1.72,466.45,setl_103,2026-08-21 08:47:00,2026-08-22,captured
pay_EBC94E6N,ORD_1981,251.35,5.03,0.91,245.41,setl_103,2026-08-20 22:36:00,2026-08-21,captured
pay_H11QV1F2,ORD_1982,951.39,19.03,3.43,928.93,setl_103,2026-08-20 23:49:00,2026-08-21,captured
pay_QOB867KB,ORD_1984,1288.92,25.78,4.64,1258.5,setl_103,2026-08-21 07:25:00,2026-08-22,captured
pay_MSR75RMG,ORD_1985,487.7,9.75,1.75,476.2,setl_103,2026-08-20 19:41:00,2026-08-21,captured
pay_JAHSAO2Q,ORD_1986,1750.11,35.0,6.3,1708.81,setl_103,2026-08-20 21:52:00,2026-08-21,captured
pay_1PSXT0S9,ORD_1987,327.49,6.55,1.18,319.76,setl_103,2026-08-20 21:00:00,2026-08-21,captured
pay_F1HWJHBA,ORD_1988,432.02,8.64,1.56,421.82,setl_104,2026-08-21 07:49:00,2026-08-22,captured
pay_PU9H9FB0,ORD_1989,390.84,7.82,1.41,381.61,setl_104,2026-08-21 06:53:00,2026-08-22,captured
pay_Y3M0NQ8U,ORD_1990,1195.83,23.92,4.31,1167.6,setl_104,2026-08-21 08:08:00,2026-08-22,captured
pay_SKV6IARL,ORD_1991,362.15,7.24,1.3,353.61,setl_104,2026-08-20 21:47:00,2026-08-21,captured
pay_K5DFI25I,ORD_1992,198.89,4.69,0.84,193.36,setl_104,2026-08-21 05:08:00,2026-08-22,captured
pay_PLCFR7CL,ORD_1993,918.74,18.37,3.31,897.06,setl_104,2026-08-21 04:30:00,2026-08-22,captured
pay_9MNLR97O,ORD_1994,1589.59,31.79,5.72,1552.08,setl_104,2026-08-20 21:30:00,2026-08-21,captured
pay_2MVV4DC0,ORD_1995,442.01,8.84,1.59,431.58,setl_104,2026-08-21 02:20:00,2026-08-22,captured
pay_QBK4Y7ZX,ORD_1996,3491.85,69.84,12.57,3409.44,setl_104,2026-08-20 21:04:00,2026-08-21,captured
pay_9CBA7263,ORD_1997,2965.52,59.31,10.68,2895.53,setl_105,2026-08-21 03:07:00,2026-08-22,captured
pay_KCVJXZDV,ORD_1998,875.73,17.51,3.15,855.07,setl_105,2026-08-20 19:58:00,2026-08-21,captured
pay_3MSKZO3I,ORD_1999,2988.34,59.77,10.76,2917.81,setl_105,2026-08-20 22:48:00,2026-08-21,captured
pay_BC5F9E0K,ORD_2000,320.05,6.4,1.15,312.5,setl_105,2026-08-20 21:47:00,2026-08-21,captured
pay_EX7TV7HR,ORD_2001,356.93,7.14,1.29,348.5,setl_105,2026-08-21 08:31:00,2026-08-22,captured
pay_B4JGRXOZ,ORD_2002,964.65,19.29,3.47,941.89,setl_105,2026-08-21 04:05:00,2026-08-22,captured
pay_815G5FJD,ORD_2003,662.29,13.25,2.38,646.66,setl_105,2026-08-21 06:45:00,2026-08-22,captured
pay_RKHGBAMM,ORD_2004,253.2,5.06,0.91,247.23,setl_105,2026-08-21 00:37:00,2026-08-22,captured
pay_HFY40JOT,ORD_2005,982.72,19.65,3.54,959.53,setl_105,2026-08-21 08:54:00,2026-08-22,captured
pay_QZTT1BLO,ORD_2006,1541.66,30.83,5.55,1505.28,setl_105,2026-08-21 06:50:00,2026-08-22,captured
pay_U74IJ643,ORD_2007,1331.96,26.64,4.8,1300.52,setl_106,2026-08-21 08:03:00,2026-08-22,captured
pay_8QOP82J3,ORD_2008,238.48,4.77,0.86,232.85,setl_106,2026-08-21 00:04:00,2026-08-22,captured
pay_XRUTT247,ORD_2009,1550.63,31.01,5.58,1514.04,setl_106,2026-08-21 02:54:00,2026-08-22,captured
pay_CX8AE0JX,ORD_2010,3521.57,70.43,12.68,3438.46,setl_106,2026-08-20 23:04:00,2026-08-21,captured
pay_N1K9YXCF,ORD_2011,1565.19,31.3,5.63,1528.26,setl_106,2026-08-20 23:48:00,2026-08-21,captured
pay_1MS4TSRW,ORD_2012,544.36,10.89,1.96,531.51,setl_106,2026-08-21 01:12:00,2026-08-22,captured
pay_TJA622DC,ORD_2013,1027.9,20.56,3.7,1003.64,setl_106,2026-08-20 22:26:00,2026-08-21,captured
pay_B42P31OG,ORD_2014,315.03,6.3,1.13,307.6,setl_106,2026-08-20 23:33:00,2026-08-21,captured
pay_472UQLN6,ORD_2015,1326.35,26.53,4.78,1295.04,setl_106,2026-08-20 19:49:00,2026-08-21,captured
pay_XO485D4V,ORD_2016,667.81,13.36,2.4,652.05,setl_107,2026-08-21 04:04:00,2026-08-22,captured
pay_0MWB4LL3,ORD_2017,908.29,18.17,3.27,886.85,setl_107,2026-08-21 08:40:00,2026-08-22,captured
pay_Z39K499N,ORD_2018,3034.87,60.7,10.93,2963.24,setl_107,2026-08-21 02:44:00,2026-08-22,captured
pay_LZ57V4ND,ORD_2019,222.86,4.46,0.8,217.6,setl_107,2026-08-20 17:04:00,2026-08-21,captured
pay_UCBL116C,ORD_2020,330.83,6.62,1.19,323.02,setl_107,2026-08-20 22:38:00,2026-08-21,captured
pay_DO7L5DL0,ORD_2021,1936.03,38.72,6.97,1890.34,setl_107,2026-08-21 23:59:00,2026-08-23,captured
pay_B3ODF76I,ORD_2022,1458.43,29.17,5.25,1424.01,setl_107,2026-08-20 17:10:00,2026-08-21,captured
pay_Q0E03YIO,ORD_2023,1767.51,35.35,6.36,1525.8,setl_107,2026-08-20 20:41:00,2026-08-21,captured
pay_IPWN3KE9,ORD_2024,256.67,5.13,0.92,250.62,setl_107,2026-08-20 23:36:00,2026-08-21,captured
pay_JVAEV0YU,ORD_2025,1877.77,37.56,6.76,1833.45,setl_107,2026-08-20 20:49:00,2026-08-21,captured
pay_IIBCO8JE,ORD_2026,945.72,18.91,3.4,923.41,setl_107,2026-08-20 21:46:00,2026-08-21,captured
pay_MQFXEN9N,ORD_2027,420.72,8.41,1.51,410.8,setl_108,2026-08-20 17:27:00,2026-08-21,captured
pay_M54XR8PJ,ORD_2028,243.34,4.87,0.88,237.59,setl_108,2026-08-20 21:17:00,2026-08-21,captured
pay_HDKKG1R1,ORD_2029,664.86,13.3,2.39,649.17,setl_108,2026-08-21 07:36:00,2026-08-22,captured
pay_YJROFH6A,ORD_2030,1894.44,37.89,6.82,1849.73,setl_108,2026-08-21 00:30:00,2026-08-22,captured
pay_ZSYJX20A,ORD_2031,1287.46,25.75,4.63,1257.08,setl_108,2026-08-20 21:10:00,2026-08-21,captured
pay_1YUW2TGR,ORD_2032,873.12,17.46,3.14,852.52,setl_108,2026-08-21 01:53:00,2026-08-22,captured
pay_PMRG0ZPZ,ORD_2033,463.91,9.28,1.67,452.96,setl_108,2026-08-21 03:54:00,2026-08-22,captured
pay_QHIBMQIM,ORD_2034,1868.95,37.38,6.73,1824.84,setl_108,2026-08-21 04:10:00,2026-08-22,captured
pay_6I5HO9CY,ORD_2035,1644.75,32.9,5.92,1605.93,setl_108,2026-08-20 19:11:00,2026-08-21,captured
pay_DJ7O9X66,ORD_2036,720.84,14.42,2.6,703.82,setl_108,2026-08-20 23:16:00,2026-08-21,captured
pay_2TW1BYTX,ORD_2037,391.36,7.83,1.41,382.12,setl_109,2026-08-20 20:08:00,2026-08-21,captured
pay_DSIUAZ71,ORD_2038,1330.71,26.61,4.79,1299.31,setl_109,2026-08-21 06:59:00,2026-08-22,captured
pay_G3IBG3HK,ORD_2039,1751.69,35.03,6.31,1710.35,setl_109,2026-08-20 17:45:00,2026-08-21,captured
pay_N114PY4F,ORD_2040,671.56,13.43,2.42,655.71,setl_109,2026-08-20 18:09:00,2026-08-21,captured
pay_D1HFDI3J,ORD_2041,466.14,9.32,1.68,455.14,setl_109,2026-08-20 22:47:00,2026-08-21,captured
pay_F9TU8PV2,ORD_2042,3537.38,70.75,12.73,3453.9,setl_109,2026-08-21 04:00:00,2026-08-22,captured
pay_K1QDU2EB,ORD_2043,325.02,6.5,1.17,317.35,setl_109,2026-08-20 17:16:30,2026-08-21,captured
pay_0T4UOXZ3,ORD_2043,325.02,6.5,1.17,317.35,setl_109,2026-08-20 17:16:00,2026-08-21,captured
pay_SV5ITMTJ,ORD_2044,2466.98,49.34,8.88,2408.76,setl_109,2026-08-20 21:16:00,2026-08-21,captured
pay_ZDFPPWC1,ORD_2046,1334.02,26.68,4.8,1302.54,setl_109,2026-08-20 21:53:00,2026-08-21,captured
pay_21Y50DF0,ORD_2047,1817.13,36.34,6.54,1774.25,setl_109,2026-08-20 17:03:00,2026-08-21,captured
pay_P6XCW8AF,ORD_2048,1457.26,29.15,5.25,1422.86,setl_109,2026-08-21 08:52:00,2026-08-22,captured
pay_JD3VURR6,ORD_2049,336.9,6.74,1.21,328.95,setl_110,2026-08-21 02:51:00,2026-08-22,captured
pay_2LQSQBBX,ORD_2050,266.57,5.33,0.96,260.28,setl_110,2026-08-21 02:37:00,2026-08-22,captured
pay_JFNEO2S9,ORD_2051,433.54,8.67,1.56,423.31,setl_110,2026-08-20 19:28:00,2026-08-21,captured
pay_TBQOIVWQ,ORD_2052,2985.62,70.46,12.68,2902.48,setl_110,2026-08-21 05:47:00,2026-08-22,captured
pay_C275JT66,ORD_2053,526.24,10.52,1.89,513.83,setl_110,2026-08-20 22:09:00,2026-08-21,captured
pay_R7SN1TCJ,ORD_2054,261.56,5.23,0.94,255.39,setl_110,2026-08-20 22:39:00,2026-08-21,captured
pay_SXYLKA51,ORD_2055,1463.15,29.26,5.27,1428.62,setl_110,2026-08-21 02:48:00,2026-08-22,captured
pay_L2C53K9O,ORD_2056,1021.22,20.42,3.68,997.12,setl_110,2026-08-21 06:14:00,2026-08-22,captured
pay_ZNTGG50Y,ORD_2057,1024.77,20.5,3.69,1000.58,setl_110,2026-08-20 22:27:00,2026-08-21,captured
pay_8T6AIDIZ,ORD_2058,429.77,8.6,1.55,419.62,setl_110,2026-08-21 02:37:00,2026-08-22,captured
pay_Q3CYBYC4,ORD_2059,1832.04,36.64,6.6,1788.8,setl_110,2026-08-21 03:48:00,2026-08-22,captured
pay_JLZOHFDD,ORD_2060,440.65,8.81,1.59,430.25,setl_111,2026-08-21 04:17:00,2026-08-22,captured
pay_VHVWHHOL,ORD_2061,701.62,14.03,2.53,685.06,setl_111,2026-08-20 20:35:00,2026-08-21,captured
pay_1R89D842,ORD_2062,3037.24,60.74,10.93,2965.57,setl_111,2026-08-20 19:10:00,2026-08-21,captured
pay_9BD2EEV7,ORD_2063,450.07,9.0,1.62,439.45,setl_111,2026-08-20 23:53:00,2026-08-21,captured
pay_3V8675YO,ORD_2064,432.39,8.65,1.56,422.18,setl_111,2026-08-21 08:19:00,2026-08-22,captured
pay_CES1KTIO,ORD_2065,962.39,19.25,3.46,939.68,setl_111,2026-08-20 19:24:00,2026-08-21,captured
pay_H3FHVFIJ,ORD_2066,382.81,7.66,1.38,373.77,setl_111,2026-08-20 21:52:00,2026-08-21,captured
pay_ET7BNA2I,ORD_2067,1556.67,31.13,5.6,1519.94,setl_111,2026-08-20 18:47:00,2026-08-21,captured
pay_EE2ABG9S,ORD_2068,1592.54,31.85,5.73,1554.96,setl_111,2026-08-20 18:34:00,2026-08-21,captured
pay_NYC7H81J,ORD_2069,988.06,19.76,3.56,964.74,setl_112,2026-08-20 19:53:00,2026-08-21,captured
pay_DWR1XFHS,ORD_2070,954.21,19.08,3.43,931.7,setl_112,2026-08-20 22:32:00,2026-08-21,captured
pay_6ATQGKRY,ORD_2071,223.97,4.48,0.81,218.68,setl_112,2026-08-20 20:18:00,2026-08-21,captured
pay_BYQYVBNU,ORD_2072,2462.65,49.25,8.87,2404.53,setl_112,2026-08-20 23:58:00,2026-08-22,captured
pay_9UF1ZWW1,ORD_2073,177.58,3.55,0.64,137.87,setl_112,2026-08-20 17:49:00,2026-08-21,captured
pay_X10Y14DS,ORD_2074,485.96,9.72,1.75,474.49,setl_112,2026-08-21 02:58:00,2026-08-22,captured
pay_ILDASLW9,ORD_2075,3527.35,70.55,12.7,3444.1,setl_112,2026-08-21 05:45:00,2026-08-22,captured
pay_KF8OU7OZ,ORD_2076,1838.05,36.76,6.62,1794.67,setl_112,2026-08-20 22:55:00,2026-08-21,captured
pay_9BP0L70S,ORD_2077,1264.5,25.29,4.55,1234.66,setl_112,2026-08-20 20:33:00,2026-08-21,captured
pay_6SXUA3KA,ORD_2078,366.01,7.32,1.32,357.37,setl_113,2026-08-21 04:43:00,2026-08-22,captured
pay_VMT4FVMY,ORD_2079,1637.73,32.75,5.89,1599.09,setl_113,2026-08-20 22:02:00,2026-08-21,captured
pay_MW7HU3D3,ORD_2080,208.35,4.17,0.75,203.43,setl_113,2026-08-21 05:40:00,2026-08-22,captured
pay_JGJTI2LS,ORD_2081,429.72,8.59,1.55,419.58,setl_113,2026-08-21 04:00:00,2026-08-22,captured
pay_AYSV6O9E,ORD_2082,532.25,10.64,1.92,519.69,setl_113,2026-08-21 08:50:00,2026-08-22,captured
pay_M84BCTWK,ORD_2083,2469.21,49.38,8.89,2410.94,setl_113,2026-08-20 23:57:00,2026-08-21,captured
pay_OGWHUPOF,ORD_2084,1456.32,29.13,5.24,1421.95,setl_113,2026-08-21 03:07:00,2026-08-22,captured
pay_PVOC7501,ORD_2085,1212.75,24.25,4.37,1184.13,setl_113,2026-08-20 18:01:00,2026-08-21,captured
pay_0RWRNBFZ,ORD_2086,308.63,6.17,1.11,301.35,setl_113,2026-08-20 17:36:30,2026-08-21,captured
pay_V1JOSTCH,ORD_2086,308.63,6.17,1.11,301.35,setl_113,2026-08-20 17:36:00,2026-08-21,captured
pay_H6OQ7QH9,ORD_2087,672.21,13.44,2.42,656.35,setl_114,2026-08-21 03:24:00,2026-08-22,captured
pay_HP39LQT9,ORD_2088,856.86,17.14,3.09,836.63,setl_114,2026-08-20 17:25:00,2026-08-21,captured
pay_KJB85LFO,ORD_2089,868.04,17.36,3.12,847.56,setl_114,2026-08-20 20:02:00,2026-08-21,captured
pay_9IHJDQDF,ORD_2090,3046.31,60.93,10.97,2974.41,setl_114,2026-08-21 06:20:00,2026-08-22,captured
pay_4X56V3DG,ORD_2091,1315.73,26.31,4.74,1284.68,setl_114,2026-08-20 22:05:00,2026-08-21,captured
pay_2YP15I3I,ORD_2092,1566.16,31.32,5.64,1529.2,setl_114,2026-08-21 03:51:00,2026-08-22,captured
pay_MUQ0RZTW,ORD_2093,2466.72,49.33,8.88,2408.51,setl_114,2026-08-21 03:27:00,2026-08-22,captured
pay_IO2F2NAT,ORD_2094,894.36,17.89,3.22,873.25,setl_114,2026-08-20 18:29:00,2026-08-21,captured
pay_DO5N1TQD,ORD_2095,1767.04,35.34,6.36,1725.34,setl_115,2026-08-21 04:22:00,2026-08-22,captured
pay_CULOQVBV,ORD_2096,455.94,9.12,1.64,445.18,setl_115,2026-08-20 19:35:00,2026-08-21,captured
pay_58E7428Y,ORD_2097,1192.0,23.84,4.29,1163.87,setl_115,2026-08-21 02:55:00,2026-08-22,captured
pay_XKV4VTCD,ORD_2098,3492.32,69.85,12.57,3409.9,setl_115,2026-08-21 01:35:00,2026-08-22,captured
pay_ZPMG6OOH,ORD_2099,711.61,14.23,2.56,694.82,setl_115,2026-08-21 07:52:00,2026-08-22,captured
pay_8CW9RTNF,ORD_2100,542.39,10.85,1.95,529.59,setl_115,2026-08-21 01:25:00,2026-08-22,captured
pay_H9BXLSOG,ORD_2102,332.7,6.65,1.2,324.85,setl_115,2026-08-21 03:38:00,2026-08-22,captured
pay_1O0LQBYG,ORD_2103,954.19,19.08,3.43,931.68,setl_115,2026-08-20 17:45:00,2026-08-21,captured
pay_GSQOF3WG,ORD_2104,1826.84,36.54,6.58,1783.72,setl_115,2026-08-21 04:20:00,2026-08-22,captured
pay_3H7T6UDO,ORD_2105,317.35,6.35,1.14,309.86,setl_116,2026-08-21 01:54:00,2026-08-22,captured
pay_07G8O8G8,ORD_2106,1517.45,30.35,5.46,1481.64,setl_116,2026-08-20 22:37:00,2026-08-21,captured
pay_47DZNAXS,ORD_2107,1183.33,23.67,4.26,1155.4,setl_116,2026-08-21 04:08:00,2026-08-22,captured
pay_1KJALW56,ORD_2108,3481.44,69.63,12.53,3399.28,setl_116,2026-08-21 03:52:00,2026-08-22,captured
pay_FH3MI2DN,ORD_2109,1541.63,30.83,5.55,1505.25,setl_116,2026-08-21 08:42:00,2026-08-22,captured
pay_3HHGWHP0,ORD_2110,157.82,3.16,0.57,154.09,setl_116,2026-08-21 07:09:00,2026-08-22,captured
pay_B8J4ZXD8,ORD_2111,872.81,17.46,3.14,852.21,setl_116,2026-08-21 07:57:00,2026-08-22,captured
pay_T9ZSUV41,ORD_2112,3026.63,60.53,10.9,2955.2,setl_116,2026-08-21 07:29:00,2026-08-22,captured
pay_67U61O85,ORD_2113,235.1,4.7,0.85,229.55,setl_117,2026-08-21 04:27:00,2026-08-22,captured
pay_K5EZS96K,ORD_2114,2490.55,49.81,8.97,2431.77,setl_117,2026-08-21 07:38:00,2026-08-22,captured
pay_KSKWECY9,ORD_2115,1891.2,37.82,6.81,1846.57,setl_117,2026-08-21 03:55:00,2026-08-22,captured
pay_2NIXI8E5,ORD_2116,342.26,6.85,1.23,334.18,setl_117,2026-08-20 18:04:00,2026-08-21,captured
pay_MBHWTGDK,ORD_2117,385.85,7.72,1.39,376.74,setl_117,2026-08-20 23:03:00,2026-08-21,captured
pay_8Y7P62ZK,ORD_2118,2510.69,50.21,9.04,2451.44,setl_117,2026-08-21 08:13:00,2026-08-22,captured
pay_9Z7K8CH3,ORD_2119,323.69,6.47,1.16,316.06,setl_117,2026-08-21 04:59:00,2026-08-22,captured
pay_V5XWWC05,ORD_2120,922.7,18.45,3.32,900.93,setl_117,2026-08-20 19:10:00,2026-08-21,captured
pay_QAFQSDQ2,ORD_2121,1190.54,23.81,4.29,1162.44,setl_117,2026-08-20 22:18:00,2026-08-21,captured
pay_RN57LWS1,ORD_2122,1295.43,25.91,4.66,1264.86,setl_117,2026-08-21 04:38:00,2026-08-22,captured
pay_OTGPEQCY,ORD_2123,488.97,9.78,1.76,477.43,setl_117,2026-08-21 00:47:00,2026-08-22,captured
pay_X887LGUU,ORD_2124,727.72,14.55,2.62,710.55,setl_118,2026-08-21 00:04:00,2026-08-21,captured
pay_2XVXITIF,ORD_2125,423.1,8.46,1.52,413.12,setl_118,2026-08-20 20:50:00,2026-08-21,captured
pay_7JE0Q0RF,ORD_2126,1227.94,24.56,4.42,1198.96,setl_118,2026-08-20 23:25:00,2026-08-21,captured
pay_U8RZE6V4,ORD_2127,173.71,3.47,0.62,169.62,setl_118,2026-08-21 03:19:00,2026-08-22,captured
pay_FLYV16ZH,ORD_2128,649.27,12.99,2.34,633.94,setl_118,2026-08-20 22:29:00,2026-08-21,captured
pay_BY8EN00B,ORD_2129,306.96,6.14,1.11,299.71,setl_118,2026-08-21 00:10:00,2026-08-22,captured
pay_R3YQS5PY,ORD_2130,1752.77,35.06,6.31,1711.4,setl_118,2026-08-21 01:53:00,2026-08-22,captured
pay_2723BA9I,ORD_2131,2484.74,49.69,8.94,2426.11,setl_118,2026-08-21 06:00:00,2026-08-22,captured
pay_C4FH065A,ORD_2132,1530.47,30.61,5.51,1494.35,setl_118,2026-08-21 03:11:00,2026-08-22,captured
pay_DHJ5SC36,ORD_2133,1865.75,37.31,6.72,1821.72,setl_119,2026-08-21 04:43:00,2026-08-22,captured
pay_RVEOW0EF,ORD_2134,1648.22,38.9,7.0,1602.32,setl_119,2026-08-20 23:48:00,2026-08-21,captured
pay_V0DEOEGE,ORD_2135,1595.66,31.91,5.74,1558.01,setl_119,2026-08-20 21:04:00,2026-08-21,captured
pay_HW0BUPMT,ORD_2136,662.6,13.25,2.38,646.97,setl_119,2026-08-21 08:01:00,2026-08-22,captured
pay_D1KDK2YW,ORD_2137,714.06,14.28,2.57,697.21,setl_119,2026-08-21 02:54:00,2026-08-22,captured
pay_VNA3G49M,ORD_2138,384.98,7.7,1.39,375.89,setl_119,2026-08-21 03:10:00,2026-08-22,captured
pay_ZUM2V31I,ORD_2139,1530.05,30.6,5.51,1493.94,setl_119,2026-08-20 17:53:00,2026-08-21,captured
pay_TTN1E4JC,ORD_2140,863.19,17.26,3.11,842.82,setl_119,2026-08-21 07:02:00,2026-08-22,captured
pay_NFIRCVCZ,ORD_2141,463.08,9.26,1.67,452.15,setl_119,2026-08-20 18:28:00,2026-08-21,captured
pay_E4T8DL8F,ORD_2142,1591.62,31.83,5.73,1554.06,setl_120,2026-08-20 17:28:00,2026-08-21,captured
pay_EW6OR6XN,ORD_2143,1219.12,24.38,4.39,1190.35,setl_120,2026-08-20 18:16:00,2026-08-21,captured
pay_48J4E3QA,ORD_2144,1455.49,29.11,5.24,1421.14,setl_120,2026-08-22 23:59:00,2026-08-24,captured
pay_A62TDO1D,ORD_2145,3454.94,69.1,12.44,3373.4,setl_120,2026-08-21 20:04:00,2026-08-22,captured
pay_3YQFBZ9Z,ORD_2146,1600.63,32.01,5.76,1562.86,setl_120,2026-08-21 17:34:00,2026-08-22,captured
pay_IQICB5NT,ORD_2147,1468.55,29.37,5.29,1433.89,setl_120,2026-08-22 06:29:00,2026-08-23,captured
pay_AUGTTMPP,ORD_2148,1279.02,25.58,4.6,1248.84,setl_120,2026-08-21 22:09:00,2026-08-22,captured
pay_921VF377,ORD_2149,1251.97,25.04,4.51,1022.42,setl_120,2026-08-21 17:23:00,2026-08-22,captured
pay_CIE4ACJO,ORD_2150,442.68,8.85,1.59,432.24,setl_120,2026-08-21 19:27:00,2026-08-22,captured
pay_2BVXEJAX,ORD_2151,245.51,4.91,0.88,239.72,setl_121,2026-08-21 17:49:00,2026-08-22,captured
pay_14WJAI9C,ORD_2152,1203.39,24.07,4.33,1174.99,setl_121,2026-08-21 19:57:00,2026-08-22,captured
pay_K337OV9W,ORD_2153,2974.55,59.49,10.71,2904.35,setl_121,2026-08-21 18:56:00,2026-08-22,captured
pay_NUKONDHK,ORD_2154,395.32,7.91,1.42,385.99,setl_121,2026-08-21 20:56:00,2026-08-22,captured
pay_1PHYSVKU,ORD_2155,1296.99,25.94,4.67,1266.38,setl_121,2026-08-22 00:16:00,2026-08-23,captured
pay_FP9XAQS3,ORD_2156,1493.61,29.87,5.38,1458.36,setl_121,2026-08-21 19:48:00,2026-08-22,captured
pay_XXWXJ46T,ORD_2157,1759.57,35.19,6.33,1718.05,setl_121,2026-08-21 18:55:00,2026-08-22,captured
pay_6DQA4SVK,ORD_2158,1185.94,23.72,4.27,1157.95,setl_121,2026-08-22 07:59:00,2026-08-23,captured
pay_KE1Q5MS7,ORD_2159,530.53,10.61,1.91,518.01,setl_121,2026-08-22 06:00:00,2026-08-23,captured
pay_TCATPLX3,ORD_2160,746.25,14.93,2.69,728.63,setl_121,2026-08-22 08:00:00,2026-08-23,captured
pay_DXDF6YV2,ORD_2161,387.02,7.74,1.39,377.89,setl_122,2026-08-22 02:42:00,2026-08-23,captured
pay_U97RWJVI,ORD_2162,1604.97,32.1,5.78,1567.09,setl_122,2026-08-21 21:33:00,2026-08-22,captured
pay_PRTIRY3T,ORD_2163,289.47,5.79,1.04,282.64,setl_122,2026-08-22 06:10:00,2026-08-23,captured
pay_U4XXGX57,ORD_2164,371.29,7.43,1.34,362.52,setl_122,2026-08-21 20:53:00,2026-08-22,captured
pay_7PJSFPFM,ORD_2165,1486.63,29.73,5.35,1451.55,setl_122,2026-08-22 00:49:00,2026-08-23,captured
pay_JTA882JO,ORD_2166,264.98,5.3,0.95,258.73,setl_122,2026-08-22 00:56:00,2026-08-23,captured
pay_R91QUPWC,ORD_2167,1210.41,24.21,4.36,1181.84,setl_122,2026-08-21 21:20:00,2026-08-22,captured
pay_XF3HOIRO,ORD_2168,1470.45,29.41,5.29,1435.75,setl_122,2026-08-22 00:27:00,2026-08-23,captured
pay_LSO2Z6M8,ORD_2169,317.66,6.35,1.14,310.17,setl_123,2026-08-21 19:01:00,2026-08-22,captured
pay_X5ZJ2O4Q,ORD_2170,1263.46,25.27,4.55,1233.64,setl_123,2026-08-21 20:30:00,2026-08-22,captured
pay_UTBT6AO3,ORD_2171,1526.24,30.52,5.49,1490.23,setl_123,2026-08-22 01:43:00,2026-08-23,captured
pay_4DILGONJ,ORD_2172,876.15,17.52,3.15,855.48,setl_123,2026-08-22 01:31:00,2026-08-23,captured
pay_OWP7NL6D,ORD_2173,1515.32,30.31,5.46,1479.55,setl_123,2026-08-22 00:49:00,2026-08-23,captured
pay_W0YCYRNZ,ORD_2174,1875.12,37.5,6.75,1830.87,setl_123,2026-08-21 18:08:00,2026-08-22,captured
pay_YC3T13HL,ORD_2175,2984.13,59.68,10.74,2913.71,setl_123,2026-08-22 08:09:00,2026-08-23,captured
pay_VNAAXU3K,ORD_2176,259.0,5.18,0.93,252.89,setl_123,2026-08-22 01:23:00,2026-08-23,captured
pay_20UPRB2J,ORD_2177,216.89,4.34,0.78,211.77,setl_123,2026-08-22 05:27:00,2026-08-23,captured
pay_M6U2LLH2,ORD_2178,180.47,3.61,0.65,176.21,setl_124,2026-08-22 08:52:00,2026-08-23,captured
pay_524GPZBO,ORD_2179,491.52,9.83,1.77,479.92,setl_124,2026-08-22 04:20:00,2026-08-23,captured
pay_FGGK82P5,ORD_2180,1509.82,30.2,5.44,1474.18,setl_124,2026-08-21 18:04:00,2026-08-22,captured
pay_ODGZDN9S,ORD_2181,189.12,3.78,0.68,184.66,setl_124,2026-08-22 03:40:00,2026-08-23,captured
pay_19ARSOZ9,ORD_2182,3528.69,70.57,12.7,3445.42,setl_124,2026-08-22 05:04:00,2026-08-23,captured
pay_7JEZ24WP,ORD_2183,436.46,8.73,1.57,426.16,setl_124,2026-08-22 04:29:00,2026-08-23,captured
pay_I1RIMVN1,ORD_2184,940.95,18.82,3.39,918.74,setl_124,2026-08-21 23:36:00,2026-08-22,captured
pay_8GEYZILJ,ORD_2185,704.41,14.09,2.54,687.78,setl_124,2026-08-21 22:26:00,2026-08-22,captured
pay_KQ054CFG,ORD_2186,2952.14,59.04,10.63,2882.47,setl_124,2026-08-22 01:22:00,2026-08-23,captured
pay_09Q6OHXX,ORD_2187,225.98,4.52,0.81,220.65,setl_124,2026-08-22 08:48:00,2026-08-23,captured
pay_36MAT2C2,ORD_2188,1265.97,25.32,4.56,1236.09,setl_125,2026-08-22 05:45:00,2026-08-23,captured
pay_V2IZSFWI,ORD_2189,2974.49,59.49,10.71,2904.29,setl_125,2026-08-21 23:06:00,2026-08-22,captured
pay_ZORK64MG,ORD_2190,150.18,3.0,0.54,146.64,setl_125,2026-08-21 20:33:00,2026-08-22,captured
pay_BT35YRWQ,ORD_2191,290.68,5.81,1.05,283.82,setl_125,2026-08-22 01:20:00,2026-08-23,captured
pay_ET8SJTNW,ORD_2192,850.56,17.01,3.06,830.49,setl_125,2026-08-22 03:20:00,2026-08-23,captured
pay_C9LUERJQ,ORD_2193,1647.82,32.96,5.93,1608.93,setl_125,2026-08-21 22:01:00,2026-08-22,captured
pay_T8ZGEHUI,ORD_2194,236.68,4.73,0.85,231.1,setl_125,2026-08-21 20:00:00,2026-08-22,captured
pay_9XRO37U9,ORD_2195,1801.15,36.02,6.48,1758.65,setl_125,2026-08-21 20:10:00,2026-08-22,captured
pay_E3AI6AYN,ORD_2196,2541.42,50.83,9.15,2481.44,setl_125,2026-08-21 23:12:00,2026-08-22,captured
pay_ET3GNDC0,ORD_2197,410.46,8.21,1.48,400.77,setl_125,2026-08-22 08:49:00,2026-08-23,captured
pay_V12J21TE,ORD_2198,241.86,4.84,0.87,236.15,setl_125,2026-08-22 00:42:00,2026-08-23,captured
pay_BH1A4OGN,ORD_2199,189.87,3.8,0.68,185.39,setl_126,2026-08-22 03:54:00,2026-08-23,captured
pay_L6BP6OJC,ORD_2200,394.25,7.88,1.42,384.95,setl_126,2026-08-22 05:29:00,2026-08-23,captured
pay_9AQLO36J,ORD_2201,978.91,19.58,3.52,955.81,setl_126,2026-08-21 19:47:00,2026-08-22,captured
pay_1PTKFTUW,ORD_2202,1253.2,25.06,4.51,1223.63,setl_126,2026-08-21 17:28:00,2026-08-22,captured
pay_USWETYX2,ORD_2203,459.69,9.19,1.65,448.85,setl_126,2026-08-22 00:38:00,2026-08-23,captured
pay_QCQNYIAD,ORD_2204,952.06,19.04,3.43,929.59,setl_126,2026-08-22 06:14:00,2026-08-23,captured
pay_KC419U77,ORD_2205,994.46,19.89,3.58,970.99,setl_126,2026-08-21 22:25:00,2026-08-22,captured
pay_QZYEKV2D,ORD_2206,982.56,19.65,3.54,959.37,setl_126,2026-08-21 20:33:00,2026-08-22,captured
pay_JFVRSCBZ,ORD_2207,277.03,5.54,1.0,270.49,setl_126,2026-08-22 05:12:00,2026-08-23,captured
pay_MKR4L2E4,ORD_2208,975.64,19.51,3.51,952.62,setl_126,2026-08-21 20:57:30,2026-08-22,captured
pay_F4N3ZA0C,ORD_2208,975.64,19.51,3.51,952.62,setl_126,2026-08-21 20:57:00,2026-08-22,captured
pay_9S7V55KC,ORD_2210,2994.94,59.9,10.78,2924.26,setl_126,2026-08-21 21:21:00,2026-08-22,captured
pay_ZIEPO772,ORD_2211,2514.19,50.28,9.05,2454.86,setl_127,2026-08-21 22:13:00,2026-08-22,captured
pay_DU9V45D3,ORD_2212,497.15,9.94,1.79,485.42,setl_127,2026-08-22 04:36:00,2026-08-23,captured
pay_I32BUHBC,ORD_2213,317.59,6.35,1.14,310.1,setl_127,2026-08-21 18:50:00,2026-08-22,captured
pay_63X5ULZZ,ORD_2214,1880.39,44.38,7.99,1828.02,setl_127,2026-08-21 17:33:00,2026-08-22,captured
pay_TH4MVKQE,ORD_2215,328.74,6.57,1.18,320.99,setl_127,2026-08-22 07:31:00,2026-08-23,captured
pay_23C60CJB,ORD_2216,1528.3,30.57,5.5,1492.23,setl_127,2026-08-21 21:32:00,2026-08-22,captured
pay_C6H52MJ1,ORD_2217,3515.4,70.31,12.66,3432.43,setl_127,2026-08-22 00:45:00,2026-08-23,captured
pay_OJTBPGT9,ORD_2218,386.14,7.72,1.39,377.03,setl_127,2026-08-22 06:34:00,2026-08-23,captured
pay_8LI72W4O,ORD_2219,242.09,4.84,0.87,236.38,setl_127,2026-08-21 23:38:00,2026-08-22,captured
pay_7ZOQMC8F,ORD_2220,3453.74,69.07,12.43,3372.24,setl_128,2026-08-21 18:32:00,2026-08-22,captured
pay_6LBWLA9D,ORD_2221,1821.92,36.44,6.56,1778.92,setl_128,2026-08-21 18:37:00,2026-08-22,captured
pay_D9ALK7YB,ORD_2222,944.1,18.88,3.4,921.82,setl_128,2026-08-22 23:59:00,2026-08-24,captured
pay_L7J7Y96Y,ORD_2223,1812.38,36.25,6.52,1769.61,setl_128,2026-08-22 05:00:00,2026-08-23,captured
pay_A41ZBLM5,ORD_2224,739.11,14.78,2.66,721.67,setl_128,2026-08-22 04:56:00,2026-08-23,captured
pay_MPB4DPGE,ORD_2225,1045.66,20.91,3.76,1020.99,setl_128,2026-08-22 01:33:00,2026-08-23,captured
pay_6X3B9KYH,ORD_2226,3453.95,69.08,12.43,3372.44,setl_128,2026-08-22 04:42:00,2026-08-23,captured
pay_M75PSZ1C,ORD_2227,469.33,9.39,1.69,458.25,setl_128,2026-08-21 20:03:00,2026-08-22,captured
pay_5WGTM16Y,ORD_2228,211.69,4.23,0.76,206.7,setl_128,2026-08-22 00:44:00,2026-08-23,captured
pay_OR7AAU76,ORD_2229,253.57,5.07,0.91,247.59,setl_128,2026-08-21 19:03:00,2026-08-22,captured
pay_BZIRJYZ8,ORD_2230,2956.37,59.13,10.64,2886.6,setl_128,2026-08-22 07:33:00,2026-08-23,captured
pay_AOQ14MAF,ORD_2231,1933.83,38.68,6.96,1888.19,setl_129,2026-08-22 04:57:00,2026-08-23,captured
pay_EOKQJUWX,ORD_2232,456.29,9.13,1.64,445.52,setl_129,2026-08-22 05:23:00,2026-08-23,captured
pay_C0BB6PYM,ORD_2233,270.88,5.42,0.98,264.48,setl_129,2026-08-22 02:22:00,2026-08-23,captured
pay_F6DOHE7K,ORD_2234,3504.58,70.09,12.62,3421.87,setl_129,2026-08-22 01:16:00,2026-08-23,captured
pay_4DVVPGB8,ORD_2235,682.41,13.65,2.46,666.3,setl_129,2026-08-22 07:25:00,2026-08-23,captured
pay_QMGJ96ZE,ORD_2236,1616.1,32.32,5.82,1577.96,setl_129,2026-08-21 17:58:00,2026-08-22,captured
pay_AGZGXVXC,ORD_2237,858.08,17.16,3.09,837.83,setl_129,2026-08-21 22:19:00,2026-08-22,captured
pay_UP1SHNTC,ORD_2238,901.23,18.02,3.24,879.97,setl_129,2026-08-21 17:46:00,2026-08-22,captured
pay_NSZ117R1,ORD_2239,355.9,7.12,1.28,347.5,setl_129,2026-08-22 08:11:00,2026-08-23,captured
pay_RGSL55X9,ORD_2240,355.72,7.11,1.28,347.33,setl_129,2026-08-21 21:37:00,2026-08-22,captured
pay_GHKE79E8,ORD_2241,1821.24,36.42,6.56,1778.26,setl_130,2026-08-21 22:01:00,2026-08-22,captured
pay_0740C98U,ORD_2242,207.87,4.16,0.75,202.96,setl_130,2026-08-22 08:19:00,2026-08-23,captured
pay_W9JZF4EP,ORD_2243,516.31,10.33,1.86,504.12,setl_130,2026-08-21 17:09:00,2026-08-22,captured
pay_B1EDMBJH,ORD_2244,318.55,6.37,1.15,311.03,setl_130,2026-08-22 00:25:00,2026-08-23,captured
pay_QM6DTECA,ORD_2245,1020.52,20.41,3.67,996.44,setl_130,2026-08-22 01:03:00,2026-08-23,captured
pay_NV4F0TE2,ORD_2246,1457.97,29.16,5.25,1423.56,setl_130,2026-08-21 19:33:00,2026-08-22,captured
pay_NFU2HERS,ORD_2247,1233.21,24.66,4.44,1204.11,setl_130,2026-08-22 01:09:00,2026-08-23,captured
pay_Q16NZ7DS,ORD_2248,454.72,9.09,1.64,443.99,setl_130,2026-08-22 06:57:00,2026-08-23,captured
pay_KB8OHL1Z,ORD_2249,985.17,19.7,3.55,961.92,setl_130,2026-08-22 02:52:00,2026-08-23,captured
pay_G4NP4D8J,ORD_2250,1583.38,31.67,5.7,1546.01,setl_130,2026-08-22 05:14:00,2026-08-23,captured
pay_ZJFY4W8T,ORD_2251,340.96,6.82,1.23,332.91,setl_130,2026-08-22 03:46:00,2026-08-23,captured
pay_7FIL3DVY,ORD_2252,1544.04,30.88,5.56,1507.6,setl_131,2026-08-21 20:52:00,2026-08-22,captured
pay_Z8KQ86YN,ORD_2253,1169.1,23.38,4.21,941.51,setl_131,2026-08-22 00:58:00,2026-08-23,captured
pay_CZNYRB9J,ORD_2254,1173.55,23.47,4.22,1145.86,setl_131,2026-08-21 18:53:00,2026-08-22,captured
pay_2OZZ9Z76,ORD_2255,490.61,9.81,1.77,479.03,setl_131,2026-08-22 01:34:00,2026-08-23,captured
pay_Q4O7VS8C,ORD_2256,385.05,7.7,1.39,375.96,setl_131,2026-08-22 06:28:00,2026-08-23,captured
pay_AZAL4W7S,ORD_2257,211.65,4.23,0.76,206.66,setl_131,2026-08-22 03:21:00,2026-08-23,captured
pay_UO4G4IQ9,ORD_2258,1825.04,36.5,6.57,1781.97,setl_131,2026-08-21 21:23:00,2026-08-22,captured
pay_N7K98XVI,ORD_2259,1185.79,23.72,4.27,1157.8,setl_131,2026-08-21 20:19:00,2026-08-22,captured
pay_H3QOXQD6,ORD_2260,1630.66,32.61,5.87,1592.18,setl_131,2026-08-22 03:59:00,2026-08-23,captured
pay_37FENTD7,ORD_2261,502.42,10.05,1.81,490.56,setl_132,2026-08-21 20:36:00,2026-08-22,captured
pay_P62J4XYB,ORD_2262,314.64,6.29,1.13,307.22,setl_132,2026-08-22 01:49:00,2026-08-23,captured
pay_OM0F6QEP,ORD_2263,413.28,8.27,1.49,403.52,setl_132,2026-08-21 17:49:00,2026-08-22,captured
pay_6XB1Z337,ORD_2264,1567.83,31.36,5.64,1530.83,setl_132,2026-08-21 17:10:00,2026-08-22,captured
pay_XBAF4GEL,ORD_2265,541.76,10.84,1.95,528.97,setl_132,2026-08-22 03:46:00,2026-08-23,captured
pay_VIU21HO3,ORD_2266,715.26,14.31,2.58,698.37,setl_132,2026-08-21 20:28:00,2026-08-22,captured
pay_NMZSO6AX,ORD_2267,1348.35,26.97,4.85,1316.53,setl_132,2026-08-21 23:09:00,2026-08-22,captured
pay_8M6XHIGX,ORD_2268,1327.41,26.55,4.78,1296.08,setl_132,2026-08-21 21:49:00,2026-08-22,captured
pay_NRY632II,ORD_2269,1218.93,24.38,4.39,1190.16,setl_132,2026-08-21 22:03:30,2026-08-22,captured
pay_PS8QDB9B,ORD_2269,1218.93,24.38,4.39,1190.16,setl_132,2026-08-21 22:03:00,2026-08-22,captured
pay_NDRFDX89,ORD_2270,459.71,9.19,1.65,448.87,setl_133,2026-08-21 22:55:00,2026-08-22,captured
pay_8R2W71TJ,ORD_2271,3516.78,70.34,12.66,3433.78,setl_133,2026-08-21 22:46:00,2026-08-22,captured
pay_H8HYF87S,ORD_2272,1269.03,25.38,4.57,1239.08,setl_133,2026-08-22 01:10:00,2026-08-23,captured
pay_F39WG0MC,ORD_2273,1478.2,29.56,5.32,1443.32,setl_133,2026-08-22 04:40:00,2026-08-23,captured
pay_CXTJYRDI,ORD_2275,3039.02,60.78,10.94,2967.3,setl_133,2026-08-22 08:57:00,2026-08-23,captured
pay_XLAXHNOC,ORD_2276,321.91,6.44,1.16,314.31,setl_133,2026-08-22 02:50:00,2026-08-23,captured
pay_NLJRNJCG,ORD_2277,421.92,8.44,1.52,411.96,setl_133,2026-08-22 08:45:00,2026-08-23,captured
pay_U7MPA7DZ,ORD_2278,957.65,19.15,3.45,935.05,setl_133,2026-08-22 01:05:00,2026-08-23,captured
pay_C23AG9XC,ORD_2279,408.09,8.16,1.47,398.46,setl_133,2026-08-22 08:24:00,2026-08-23,captured
pay_CHIZ6WQU,ORD_2280,862.6,17.25,3.1,842.25,setl_133,2026-08-21 19:12:00,2026-08-22,captured
pay_FRRCV1EX,ORD_2281,402.63,8.05,1.45,393.13,setl_133,2026-08-22 08:14:00,2026-08-23,captured
pay_PIWHWU6Y,ORD_2282,744.91,14.9,2.68,727.33,setl_134,2026-08-22 08:46:00,2026-08-23,captured
pay_G8Y2WGEB,ORD_2283,909.26,18.19,3.27,887.8,setl_134,2026-08-22 05:24:00,2026-08-23,captured
pay_JKX2KABF,ORD_2284,1855.93,37.12,6.68,1812.13,setl_134,2026-08-22 04:35:00,2026-08-23,captured
pay_KQQL7PH6,ORD_2285,688.56,13.77,2.48,672.31,setl_134,2026-08-22 06:35:00,2026-08-23,captured
pay_ILHHVNJP,ORD_2286,2974.69,59.49,10.71,2904.49,setl_134,2026-08-21 18:05:00,2026-08-22,captured
pay_ZIHZVZGM,ORD_2287,693.14,13.86,2.49,676.79,setl_134,2026-08-22 04:13:00,2026-08-23,captured
pay_ICLKS441,ORD_2288,2465.11,49.3,8.87,2406.94,setl_134,2026-08-21 23:30:00,2026-08-22,captured
pay_I9157KHZ,ORD_2289,433.87,8.68,1.56,423.63,setl_134,2026-08-22 06:46:00,2026-08-23,captured
pay_IZ4JQI55,ORD_2290,210.2,4.96,0.89,204.35,setl_135,2026-08-22 00:53:00,2026-08-23,captured
pay_BLPVR79Y,ORD_2291,501.58,10.03,1.81,489.74,setl_135,2026-08-21 22:11:00,2026-08-22,captured
pay_DA6UEYER,ORD_2292,2507.26,50.15,9.03,2448.08,setl_135,2026-08-21 20:17:00,2026-08-22,captured
pay_NRV4EIBK,ORD_2293,1281.68,25.63,4.61,1251.44,setl_135,2026-08-22 23:59:00,2026-08-24,captured
pay_IBA65D2H,ORD_2294,187.15,3.74,0.67,182.74,setl_135,2026-08-21 21:51:00,2026-08-22,captured
pay_UW48TP37,ORD_2295,384.85,7.7,1.39,375.76,setl_135,2026-08-22 05:15:00,2026-08-23,captured
pay_GZOHC7TB,ORD_2296,443.44,8.87,1.6,344.28,setl_135,2026-08-22 04:38:00,2026-08-23,captured
pay_BILKJHDK,ORD_2297,238.02,4.76,0.86,232.4,setl_135,2026-08-22 06:12:00,2026-08-23,captured
pay_3B29XZ6U,ORD_2298,1890.57,37.81,6.81,1845.95,setl_135,2026-08-22 05:55:00,2026-08-23,captured
pay_X9PKQGBH,ORD_2299,474.33,9.49,1.71,463.13,setl_135,2026-08-21 21:57:00,2026-08-22,captured
pay_FU7PMQM5,ORD_2300,2964.52,59.29,10.67,2894.56,setl_136,2026-08-22 04:05:00,2026-08-23,captured
pay_AALUDHAA,ORD_2301,369.1,7.38,1.33,360.39,setl_136,2026-08-21 21:41:00,2026-08-22,captured
pay_YPQ7A4FR,ORD_2302,239.83,4.8,0.86,234.17,setl_136,2026-08-21 19:47:00,2026-08-22,captured
pay_GXHC660U,ORD_2303,1024.09,20.48,3.69,999.92,setl_136,2026-08-22 00:58:00,2026-08-23,captured
pay_BTQ82327,ORD_2304,1266.06,25.32,4.56,1236.18,setl_136,2026-08-21 23:19:00,2026-08-22,captured
pay_K5C3Z6J5,ORD_2305,1494.42,29.89,5.38,1459.15,setl_136,2026-08-21 22:44:00,2026-08-22,captured
pay_OW37GJNX,ORD_2306,932.17,18.64,3.36,910.17,setl_136,2026-08-22 08:23:00,2026-08-23,captured
pay_WM5CFV2V,ORD_2307,3536.24,70.72,12.73,3452.79,setl_136,2026-08-21 21:54:00,2026-08-22,captured
pay_60FIIGU7,ORD_2308,438.42,8.77,1.58,428.07,setl_136,2026-08-22 02:48:30,2026-08-23,captured
pay_2DD9EQSI,ORD_2308,438.42,8.77,1.58,428.07,setl_136,2026-08-22 02:48:00,2026-08-23,captured
pay_QB3KBWIF,ORD_2309,3490.59,69.81,12.57,3408.21,setl_136,2026-08-21 18:43:00,2026-08-22,captured
pay_GL51RGFR,ORD_2310,1946.16,38.92,7.01,1900.23,setl_137,2026-08-22 01:47:00,2026-08-23,captured
pay_NNL3VX4G,ORD_2312,1751.15,35.02,6.3,1709.83,setl_137,2026-08-21 21:10:00,2026-08-22,captured
pay_K54K4RV7,ORD_2313,518.24,10.36,1.86,506.02,setl_137,2026-08-21 23:21:00,2026-08-22,captured
pay_WNSMW5GY,ORD_2314,245.46,4.91,0.88,239.67,setl_137,2026-08-21 17:58:00,2026-08-22,captured
pay_F50OJQRL,ORD_2315,261.39,5.23,0.94,255.22,setl_137,2026-08-22 05:29:00,2026-08-23,captured
pay_COTFVAN0,ORD_2316,1840.2,36.8,6.62,1796.78,setl_137,2026-08-21 21:05:00,2026-08-22,captured
pay_HFL1ZOPQ,ORD_2317,308.25,6.17,1.11,300.97,setl_137,2026-08-21 19:24:00,2026-08-22,captured
pay_BNMJSXTD,ORD_2318,1566.24,31.32,5.64,1529.28,setl_137,2026-08-22 02:44:00,2026-08-23,captured
pay_U4I4CXGF,ORD_2319,871.3,17.43,3.14,850.73,setl_137,2026-08-21 18:05:00,2026-08-22,captured
pay_T5TT9KA1,ORD_2320,1486.21,29.72,5.35,1451.14,setl_138,2026-08-21 20:48:00,2026-08-22,captured
pay_914YBNUS,ORD_2321,2481.67,49.63,8.93,2423.11,setl_138,2026-08-21 18:27:00,2026-08-22,captured
pay_S18WK501,ORD_2322,712.83,14.26,2.57,696.0,setl_138,2026-08-22 00:56:00,2026-08-23,captured
pay_EF73GGAY,ORD_2323,1492.53,29.85,5.37,1457.31,setl_138,2026-08-21 23:20:00,2026-08-22,captured
pay_KRS51ZEQ,ORD_2324,165.31,3.9,0.7,160.71,setl_138,2026-08-21 23:51:00,2026-08-22,captured
pay_VWUSXSH0,ORD_2325,664.34,13.29,2.39,648.66,setl_138,2026-08-22 06:42:00,2026-08-23,captured
pay_00ZCMHFM,ORD_2326,2970.93,59.42,10.7,2900.81,setl_138,2026-08-22 06:27:00,2026-08-23,captured
pay_LGITIZ7T,ORD_2327,417.86,8.36,1.5,408.0,setl_138,2026-08-21 17:21:00,2026-08-22,captured
pay_1CQTP317,ORD_2328,1633.25,32.66,5.88,1594.71,setl_138,2026-08-21 22:47:00,2026-08-22,captured
pay_HR6CMEWT,ORD_2329,1833.38,36.67,6.6,1790.11,setl_139,2026-08-22 05:45:00,2026-08-23,captured
pay_K1ACFSF6,ORD_2330,1788.76,35.78,6.44,1746.54,setl_139,2026-08-22 00:32:00,2026-08-23,captured
pay_QV4TL70Z,ORD_2331,258.91,5.18,0.93,252.8,setl_139,2026-08-22 00:24:00,2026-08-23,captured
pay_A6TDXJ1W,ORD_2332,1298.3,25.97,4.67,1267.66,setl_139,2026-08-21 23:58:00,2026-08-23,captured
pay_ZMVUTIYM,ORD_2333,1493.46,29.87,5.38,1258.21,setl_139,2026-08-21 20:34:00,2026-08-22,captured
pay_NZ3T1WM3,ORD_2334,1822.44,36.45,6.56,1779.43,setl_139,2026-08-21 21:48:00,2026-08-22,captured
pay_IJPW105U,ORD_2335,343.82,6.88,1.24,335.7,setl_139,2026-08-21 22:24:00,2026-08-22,captured
pay_OV9CPWRU,ORD_2336,493.51,9.87,1.78,481.86,setl_139,2026-08-22 08:14:00,2026-08-23,captured
pay_MWUOCS22,ORD_2337,1494.73,29.89,5.38,1459.46,setl_139,2026-08-22 08:21:00,2026-08-23,captured
pay_SWH0TT9K,ORD_2338,890.1,17.8,3.2,869.1,setl_139,2026-08-22 02:57:00,2026-08-23,captured
pay_FX35LG49,ORD_2339,3451.8,69.04,12.43,3370.33,setl_139,2026-08-22 03:05:00,2026-08-23,captured
pay_KVC4GTJS,ORD_2340,412.95,8.26,1.49,403.2,setl_140,2026-08-21 18:29:00,2026-08-22,captured
pay_LK3TW0J4,ORD_2341,504.63,10.09,1.82,492.72,setl_140,2026-08-21 23:56:00,2026-08-22,captured
pay_26BHYZ1O,ORD_2342,3483.76,69.68,12.54,3401.54,setl_140,2026-08-21 17:13:00,2026-08-22,captured
pay_NDJU39X6,ORD_2343,1484.59,29.69,5.34,1449.56,setl_140,2026-08-21 18:01:00,2026-08-22,captured
pay_XTF52BWH,ORD_2344,1593.88,31.88,5.74,1556.26,setl_140,2026-08-22 08:59:00,2026-08-23,captured
pay_EVBRX8U7,ORD_2345,853.76,17.08,3.07,833.61,setl_140,2026-08-22 02:22:00,2026-08-23,captured
pay_E6WPRLPG,ORD_2346,1779.09,35.58,6.4,1737.11,setl_140,2026-08-22 05:11:00,2026-08-23,captured
pay_PBRRNTYL,ORD_2347,909.9,18.2,3.28,888.42,setl_140,2026-08-22 00:16:00,2026-08-23,captured
pay_TLRCELMD,ORD_2348,1209.08,24.18,4.35,1180.55,setl_140,2026-08-21 22:08:00,2026-08-22,captured
pay_87CZR7XW,ORD_2349,2949.33,58.99,10.62,2879.72,setl_140,2026-08-22 05:10:30,2026-08-23,captured
pay_QF1TTIML,ORD_2349,2949.33,58.99,10.62,2879.72,setl_140,2026-08-22 05:10:00,2026-08-23,captured
pay_F4DESRWQ,ORD_2350,3481.47,69.63,12.53,3399.31,setl_141,2026-08-22 02:13:00,2026-08-23,captured
pay_VJQJINH1,ORD_2351,390.62,7.81,1.41,381.4,setl_141,2026-08-21 18:26:00,2026-08-22,captured
pay_EUZ9QJ4V,ORD_2352,736.38,14.73,2.65,719.0,setl_141,2026-08-22 02:11:00,2026-08-23,captured
pay_YIX79PBR,ORD_2354,361.48,7.23,1.3,352.95,setl_141,2026-08-22 06:06:00,2026-08-23,captured
pay_RRA3PLCG,ORD_2355,1830.21,36.6,6.59,1787.02,setl_141,2026-08-21 19:24:00,2026-08-22,captured
pay_0R3SDUDP,ORD_2356,189.86,3.8,0.68,185.38,setl_141,2026-08-22 00:02:00,2026-08-22,captured
pay_PNF3VCLH,ORD_2357,378.25,7.57,1.36,369.32,setl_141,2026-08-22 08:09:00,2026-08-23,captured
pay_WP8MVU2Y,ORD_2358,307.77,6.16,1.11,300.5,setl_141,2026-08-22 02:00:00,2026-08-23,captured
pay_UTI7ZFZT,ORD_2359,3002.23,60.04,10.81,2931.38,setl_142,2026-08-22 03:32:00,2026-08-23,captured
pay_O0SSW74W,ORD_2360,2478.05,49.56,8.92,2419.57,setl_142,2026-08-21 22:44:00,2026-08-22,captured
pay_LZMS804B,ORD_2361,1886.07,37.72,6.79,1841.56,setl_142,2026-08-22 04:56:00,2026-08-23,captured
pay_V6443KTX,ORD_2362,1493.11,29.86,5.37,1457.88,setl_142,2026-08-22 07:51:00,2026-08-23,captured
pay_7322HR5S,ORD_2363,1495.21,35.29,6.35,1453.57,setl_142,2026-08-22 03:01:00,2026-08-23,captured
pay_HS14ECI9,ORD_2364,2459.48,49.19,8.85,2401.44,setl_142,2026-08-21 23:41:00,2026-08-22,captured
pay_0W78ZWGD,ORD_2365,3456.98,69.14,12.45,3375.39,setl_142,2026-08-21 17:57:00,2026-08-22,captured
pay_7VH2D3LS,ORD_2366,1853.7,37.07,6.67,1809.96,setl_142,2026-08-21 21:39:00,2026-08-22,captured
pay_YA0EIVA8,ORD_2367,745.12,14.9,2.68,727.54,setl_143,2026-08-22 03:14:00,2026-08-23,captured
pay_MIPUYLTD,ORD_2368,334.28,6.69,1.2,326.39,setl_143,2026-08-22 02:11:00,2026-08-23,captured
pay_KZHCMZ2R,ORD_2369,853.27,17.07,3.07,833.13,setl_143,2026-08-21 18:58:00,2026-08-22,captured
pay_SVUHIWZW,ORD_2370,412.99,8.26,1.49,403.24,setl_143,2026-08-21 19:16:00,2026-08-22,captured
pay_WKXDMNNV,ORD_2371,396.54,7.93,1.43,387.18,setl_143,2026-08-22 06:08:00,2026-08-23,captured
pay_I8WX46QG,ORD_2372,1784.71,35.69,6.42,1742.6,setl_143,2026-08-21 20:27:00,2026-08-22,captured
pay_MIGC3J3Y,ORD_2373,1803.47,36.07,6.49,1760.91,setl_143,2026-08-22 05:27:00,2026-08-23,captured
pay_M5WK3BNE,ORD_2374,3038.33,60.77,10.94,2966.62,setl_143,2026-08-22 07:22:00,2026-08-23,captured
pay_JRHE45JJ,ORD_2375,3503.69,70.07,12.61,3421.01,setl_143,2026-08-22 08:14:00,2026-08-23,captured
pay_27UUBRJ1,ORD_2376,660.61,13.21,2.38,645.02,setl_143,2026-08-22 00:40:00,2026-08-23,captured
pay_QJL8EZ31,ORD_2377,505.97,10.12,1.82,494.03,setl_143,2026-08-22 01:44:00,2026-08-23,captured
pay_5A838921,ORD_2378,662.58,13.25,2.38,646.95,setl_143,2026-08-21 20:32:00,2026-08-22,captured
pay_HQXMS0HK,ORD_2379,2969.31,59.39,10.69,2899.23,setl_144,2026-08-21 19:36:00,2026-08-22,captured
pay_VWE8G358,ORD_2380,650.39,13.01,2.34,635.04,setl_144,2026-08-21 20:15:00,2026-08-22,captured
pay_87C45IDB,ORD_2381,3461.77,69.24,12.46,3380.07,setl_144,2026-08-22 04:18:00,2026-08-23,captured
pay_CCYY4JUF,ORD_2382,695.18,13.9,2.5,678.78,setl_144,2026-08-22 01:51:00,2026-08-23,captured
pay_RWDWF1TQ,ORD_2383,1233.02,24.66,4.44,1203.92,setl_144,2026-08-21 19:08:00,2026-08-22,captured
pay_OGN942GA,ORD_2384,3496.47,69.93,12.59,3413.95,setl_144,2026-08-22 05:21:00,2026-08-23,captured
pay_KSDNBATQ,ORD_2385,1790.92,35.82,6.45,1748.65,setl_144,2026-08-21 18:04:00,2026-08-22,captured
pay_M2O2ZCMO,ORD_2386,3042.43,60.85,10.95,2970.63,setl_144,2026-08-21 18:07:00,2026-08-22,captured
pay_LCRE8UA2,ORD_2387,1852.12,37.04,6.67,1808.41,setl_144,2026-08-22 07:35:00,2026-08-23,captured
pay_GDH3U0RC,ORD_2388,1495.15,29.9,5.38,1459.87,setl_145,2026-08-21 18:45:00,2026-08-22,captured
pay_L71029DG,ORD_2389,1263.25,25.27,4.55,1233.43,setl_145,2026-08-21 17:54:00,2026-08-22,captured
pay_O9FIK47E,ORD_2390,1332.42,26.65,4.8,1300.97,setl_145,2026-08-22 01:21:00,2026-08-23,captured
pay_HV1F070V,ORD_2391,258.28,5.17,0.93,252.18,setl_145,2026-08-21 23:58:00,2026-08-23,captured
pay_AYPWLIEO,ORD_2392,728.78,14.58,2.62,711.58,setl_145,2026-08-21 22:29:00,2026-08-22,captured
pay_JMYVMNED,ORD_2393,1530.83,30.62,5.51,1494.7,setl_145,2026-08-21 17:45:00,2026-08-22,captured
pay_TO1KVTOR,ORD_2394,394.51,7.89,1.42,385.2,setl_145,2026-08-21 19:14:00,2026-08-22,captured
pay_96SJQA0P,ORD_2395,2516.45,50.33,9.06,2457.06,setl_145,2026-08-21 23:33:00,2026-08-22,captured
pay_WUDKBU0T,ORD_2396,1546.67,30.93,5.57,1510.17,setl_145,2026-08-21 18:34:00,2026-08-22,captured
pay_29KJPQ8S,ORD_2397,459.79,9.2,1.66,448.93,setl_146,2026-08-21 21:55:00,2026-08-22,captured
pay_PF4G9H0Y,ORD_2398,1206.41,24.13,4.34,1177.94,setl_146,2026-08-22 06:23:00,2026-08-23,captured
pay_1AATN209,ORD_2399,484.93,9.7,1.75,473.48,setl_146,2026-08-21 17:58:00,2026-08-22,captured
pay_S1UDJOAU,ORD_2400,1208.37,24.17,4.35,1179.85,setl_146,2026-08-21 17:05:00,2026-08-22,captured
pay_ER70UT10,ORD_2401,455.77,9.12,1.64,445.01,setl_146,2026-08-21 21:54:00,2026-08-22,captured
pay_9875TRJI,ORD_2402,2987.82,59.76,10.76,2717.3,setl_146,2026-08-22 03:24:00,2026-08-23,captured
pay_IED48CD5,ORD_2403,541.14,10.82,1.95,528.37,setl_146,2026-08-22 01:45:00,2026-08-23,captured
pay_LFU2FAW2,ORD_2404,1515.22,30.3,5.45,1479.47,setl_146,2026-08-22 04:47:00,2026-08-23,captured
pay_OQNUVK6J,ORD_2405,1485.3,29.71,5.35,1450.24,setl_147,2026-08-22 00:21:00,2026-08-23,captured
pay_TJXAF16Y,ORD_2406,1593.16,31.86,5.73,1555.57,setl_147,2026-08-21 18:07:00,2026-08-22,captured
pay_8F6FTSCJ,ORD_2407,314.26,6.29,1.13,306.84,setl_147,2026-08-22 07:41:00,2026-08-23,captured
pay_F7MQADW9,ORD_2408,295.76,5.92,1.07,288.77,setl_147,2026-08-21 23:29:00,2026-08-22,captured
pay_Y7W29MAX,ORD_2409,304.17,6.08,1.09,297.0,setl_147,2026-08-21 20:36:00,2026-08-22,captured
pay_HJOBEIFD,ORD_2410,937.34,18.75,3.38,915.21,setl_147,2026-08-22 07:40:00,2026-08-23,captured
pay_DB68ZA0P,ORD_2411,1769.05,35.38,6.37,1727.3,setl_147,2026-08-22 06:07:00,2026-08-23,captured
pay_08KGFP94,ORD_2412,1244.57,24.89,4.48,1215.2,setl_147,2026-08-22 01:23:00,2026-08-23,captured
pay_LAR0WH0R,ORD_2413,481.52,9.63,1.73,470.16,setl_147,2026-08-21 20:40:00,2026-08-22,captured
pay_9TFLDY3Y,ORD_2414,222.49,4.45,0.8,217.24,setl_148,2026-08-22 06:09:00,2026-08-23,captured
pay_ZNMZOFE9,ORD_2415,444.31,8.89,1.6,433.82,setl_148,2026-08-22 05:58:00,2026-08-23,captured
pay_2KQCFCHA,ORD_2416,737.39,14.75,2.65,719.99,setl_148,2026-08-22 07:35:00,2026-08-23,captured
pay_ELJHB051,ORD_2417,929.63,18.59,3.35,907.69,setl_148,2026-08-22 08:21:00,2026-08-23,captured
pay_4V1FJ2AO,ORD_2418,343.75,6.88,1.24,335.63,setl_148,2026-08-21 19:25:00,2026-08-22,captured
pay_RHTTQAYI,ORD_2419,213.28,4.27,0.77,208.24,setl_148,2026-08-21 20:11:00,2026-08-22,captured
pay_TJ2T9O5A,ORD_2420,366.72,7.33,1.32,358.07,setl_148,2026-08-21 22:47:00,2026-08-22,captured
pay_LXK2G5EO,ORD_2421,948.3,18.97,3.41,925.92,setl_148,2026-08-21 19:13:00,2026-08-22,captured
pay_RD05N9HC,ORD_2422,1523.4,30.47,5.48,1487.45,setl_148,2026-08-22 06:02:00,2026-08-23,captured
pay_3BAK73I1,ORD_2423,908.47,18.17,3.27,887.03,setl_149,2026-08-21 18:06:00,2026-08-22,captured
pay_515F9MZ9,ORD_2424,907.97,18.16,3.27,886.54,setl_149,2026-08-22 06:03:00,2026-08-23,captured
pay_3LNAEHPI,ORD_2425,2474.84,49.5,8.91,2416.43,setl_149,2026-08-22 02:58:00,2026-08-23,captured
pay_UY4SAEQ1,ORD_2426,1819.62,36.39,6.55,1776.68,setl_149,2026-08-22 09:01:00,2026-08-23,captured
pay_TS2Q4EHV,ORD_2427,660.2,13.2,2.38,644.62,setl_149,2026-08-21 20:28:00,2026-08-22,captured
pay_R4B5UD6G,ORD_2428,424.13,8.48,1.53,414.12,setl_149,2026-08-21 20:36:00,2026-08-22,captured
pay_Q8BGJ5G1,ORD_2429,3450.49,69.01,12.42,3369.06,setl_149,2026-08-22 04:53:00,2026-08-23,captured
pay_B9V1T4JX,ORD_2430,495.4,9.91,1.78,483.71,setl_149,2026-08-21 20:30:00,2026-08-22,captured
pay_WEU97Z77,ORD_2431,479.08,9.58,1.72,467.78,setl_150,2026-08-22 04:08:00,2026-08-23,captured
pay_3NA7HN98,ORD_2432,304.49,6.09,1.1,297.3,setl_150,2026-08-22 07:00:00,2026-08-23,captured
pay_ZZW5UK4S,ORD_2433,288.28,5.77,1.04,281.47,setl_150,2026-08-22 02:56:00,2026-08-23,captured
pay_3LIFNCRN,ORD_2434,450.02,9.0,1.62,439.4,setl_150,2026-08-22 06:39:00,2026-08-23,captured
pay_5ITDL35J,ORD_2435,468.83,9.38,1.69,457.76,setl_150,2026-08-22 00:19:00,2026-08-23,captured
pay_24ERTL15,ORD_2436,1574.96,31.5,5.67,1537.79,setl_150,2026-08-22 08:37:00,2026-08-23,captured
pay_EV1RDNF4,ORD_2437,3526.04,70.52,12.69,3442.83,setl_150,2026-08-22 08:22:00,2026-08-23,captured
pay_KK14NK1Q,ORD_2438,1495.19,29.9,5.38,1459.91,setl_150,2026-08-22 05:03:00,2026-08-23,captured
pay_CSENJXTX,ORD_2439,955.47,19.11,3.44,932.92,setl_151,2026-08-21 17:31:00,2026-08-22,captured
pay_L9T15KCK,ORD_2440,1315.46,26.31,4.74,1284.41,setl_151,2026-08-21 23:10:00,2026-08-22,captured
pay_GJ1YOFQT,ORD_2441,716.17,14.32,2.58,699.27,setl_151,2026-08-21 18:15:00,2026-08-22,captured
pay_Q6YF84Z7,ORD_2442,2993.87,59.88,10.78,2923.21,setl_151,2026-08-22 01:09:00,2026-08-23,captured
pay_ME6PSRB6,ORD_2443,3545.69,70.91,12.76,3462.02,setl_151,2026-08-22 08:28:00,2026-08-23,captured
pay_GY21JMAS,ORD_2444,250.7,5.01,0.9,244.79,setl_151,2026-08-22 05:39:00,2026-08-23,captured
pay_8L4PJAGX,ORD_2445,296.43,5.93,1.07,289.43,setl_151,2026-08-22 06:48:00,2026-08-23,captured
pay_5RMJPCZA,ORD_2446,1594.02,31.88,5.74,1556.4,setl_151,2026-08-22 08:37:00,2026-08-23,captured
pay_0E0GZGXR,ORD_2447,213.72,4.27,0.77,208.68,setl_151,2026-08-22 08:17:00,2026-08-23,captured
pay_ERPCKWTE,ORD_2448,1532.59,30.65,5.52,1496.42,setl_152,2026-08-22 08:32:00,2026-08-23,captured
pay_GDPUH4GB,ORD_2449,3489.41,69.79,12.56,3407.06,setl_152,2026-08-22 00:05:00,2026-08-23,captured
pay_GORCPACQ,ORD_2450,1648.49,32.97,5.93,1609.59,setl_152,2026-08-21 17:09:00,2026-08-22,captured
pay_Q25Y7KHG,ORD_2451,429.62,8.59,1.55,419.48,setl_152,2026-08-22 06:01:30,2026-08-23,captured
pay_4G7NIE3F,ORD_2451,429.62,8.59,1.55,419.48,setl_152,2026-08-22 06:01:00,2026-08-23,captured
pay_8BO7JFM0,ORD_2452,692.32,13.85,2.49,675.98,setl_152,2026-08-21 17:36:00,2026-08-22,captured
pay_IQF1G5FU,ORD_2453,309.87,6.2,1.12,302.55,setl_152,2026-08-22 00:52:00,2026-08-23,captured
pay_3C3ZQX3Q,ORD_2454,1183.81,23.68,4.26,1155.87,setl_152,2026-08-22 02:54:00,2026-08-23,captured
pay_J0VA0STK,ORD_2455,3513.45,70.27,12.65,3430.53,setl_152,2026-08-21 23:41:00,2026-08-22,captured
pay_GTX7U4GB,ORD_2456,1623.82,32.48,5.85,1585.49,setl_153,2026-08-22 06:55:00,2026-08-23,captured
pay_WKT6VGF8,ORD_2457,1539.41,30.79,5.54,1503.08,setl_153,2026-08-22 02:58:00,2026-08-23,captured
pay_B362M9E5,ORD_2458,366.33,7.33,1.32,357.68,setl_153,2026-08-22 00:23:00,2026-08-23,captured
pay_U33K2W1I,ORD_2459,327.37,6.55,1.18,319.64,setl_153,2026-08-21 18:18:00,2026-08-22,captured
pay_E3AU09IE,ORD_2460,233.98,4.68,0.84,228.46,setl_153,2026-08-21 22:41:00,2026-08-22,captured
pay_1O6WW8EI,ORD_2461,208.05,4.16,0.75,203.14,setl_153,2026-08-21 18:31:00,2026-08-22,captured
pay_NF6NV5XU,ORD_2462,418.81,8.38,1.51,408.92,setl_153,2026-08-22 07:24:00,2026-08-23,captured
pay_N0EP8RF4,ORD_2464,443.63,10.47,1.88,431.28,setl_153,2026-08-22 00:10:00,2026-08-23,captured
pay_PQ1AUF0T,ORD_2465,237.31,4.75,0.85,231.71,setl_153,2026-08-21 18:01:00,2026-08-22,captured
pay_ZCY4MLJZ,ORD_2466,386.46,7.73,1.39,377.34,setl_153,2026-08-21 18:14:00,2026-08-22,captured
pay_SP7QFQ9N,ORD_2467,907.19,18.14,3.27,885.78,setl_154,2026-08-22 02:16:00,2026-08-23,captured
pay_WYZTDG7A,ORD_2468,264.33,5.29,0.95,258.09,setl_154,2026-08-22 00:48:00,2026-08-23,captured
pay_3HHIGVUM,ORD_2469,1298.26,25.97,4.67,1267.62,setl_154,2026-08-22 08:44:00,2026-08-23,captured
pay_8J5MS20T,ORD_2470,1543.28,30.87,5.56,1506.85,setl_154,2026-08-22 23:59:00,2026-08-24,captured
pay_E2ASOEVG,ORD_2471,1846.27,36.93,6.65,1802.69,setl_154,2026-08-22 06:49:00,2026-08-23,captured
pay_CVGFGM1T,ORD_2472,435.23,8.7,1.57,424.96,setl_154,2026-08-22 03:50:00,2026-08-23,captured
pay_OVJGA4GF,ORD_2473,415.8,8.32,1.5,405.98,setl_154,2026-08-22 07:16:00,2026-08-23,captured
pay_2VXO3PEO,ORD_2474,1477.75,29.55,5.32,1442.88,setl_154,2026-08-21 22:39:00,2026-08-22,captured
pay_GRKBZWB1,ORD_2475,381.8,7.64,1.38,372.78,setl_154,2026-08-22 04:29:00,2026-08-23,captured
pay_GF4D8H4Z,ORD_2476,1173.56,23.47,4.22,1145.87,setl_154,2026-08-21 23:39:00,2026-08-22,captured
pay_LKDYP4RP,ORD_2477,542.18,10.84,1.95,529.39,setl_154,2026-08-22 07:32:00,2026-08-23,captured
pay_UIGJD3X4,ORD_2478,427.14,8.54,1.54,417.06,setl_155,2026-08-22 04:01:00,2026-08-23,captured
pay_X2JZ8K7Z,ORD_2479,447.3,8.95,1.61,436.74,setl_155,2026-08-22 06:08:00,2026-08-23,captured
pay_QQXNN861,ORD_2480,976.6,19.53,3.52,953.55,setl_155,2026-08-21 21:00:00,2026-08-22,captured
pay_9353R4DT,ORD_2481,428.0,8.56,1.54,417.9,setl_155,2026-08-22 02:16:00,2026-08-23,captured
pay_ZBGUQJJ1,ORD_2482,1532.59,30.65,5.52,1496.42,setl_155,2026-08-21 23:14:00,2026-08-22,captured
pay_SNJU9F51,ORD_2483,1175.87,23.52,4.23,1148.12,setl_155,2026-08-22 03:52:00,2026-08-23,captured
pay_UKQHPZCA,ORD_2484,1186.85,23.74,4.27,1158.84,setl_155,2026-08-21 21:31:00,2026-08-22,captured
pay_R7GOKLVA,ORD_2485,1482.89,29.66,5.34,1447.89,setl_155,2026-08-22 03:43:00,2026-08-23,captured
pay_BRXODHS6,ORD_2486,1927.1,38.54,6.94,1881.62,setl_156,2026-08-21 19:20:00,2026-08-22,captured
pay_C148MO64,ORD_2487,220.23,4.4,0.79,215.04,setl_156,2026-08-22 05:50:00,2026-08-23,captured
pay_5DNSVBCQ,ORD_2488,474.5,9.49,1.71,463.3,setl_156,2026-08-21 19:26:00,2026-08-22,captured
pay_ZX4NKIO5,ORD_2489,1933.31,38.67,6.96,1887.68,setl_156,2026-08-22 02:22:00,2026-08-23,captured
pay_6VIARPH3,ORD_2490,388.94,7.78,1.4,379.76,setl_156,2026-08-22 00:31:00,2026-08-23,captured
pay_P5RUKCAS,ORD_2491,903.8,18.08,3.25,882.47,setl_156,2026-08-21 22:49:00,2026-08-22,captured
pay_3BQHOK3Z,ORD_2492,2492.09,49.84,8.97,2433.28,setl_156,2026-08-22 03:48:00,2026-08-23,captured
pay_2W44WUFE,ORD_2493,2524.59,50.49,9.09,2465.01,setl_156,2026-08-21 17:50:00,2026-08-22,captured
pay_TO0BOGCC,ORD_2494,2975.24,59.5,10.71,2905.03,setl_156,2026-08-22 06:49:00,2026-08-23,captured
pay_7UG44C93,ORD_2495,1942.09,38.84,6.99,1896.26,setl_157,2026-08-21 17:32:00,2026-08-22,captured
pay_811ID07T,ORD_2496,1261.0,25.22,4.54,1231.24,setl_157,2026-08-22 06:47:00,2026-08-23,captured
pay_HZT8I5YI,ORD_2497,1475.24,29.5,5.31,1440.43,setl_157,2026-08-22 02:11:00,2026-08-23,captured
pay_MU9Q9VCM,ORD_2498,217.71,4.35,0.78,212.58,setl_157,2026-08-21 17:10:00,2026-08-22,captured
pay_F9I60K23,ORD_2499,667.99,13.36,2.4,652.23,setl_157,2026-08-22 01:43:00,2026-08-23,captured
pay_S7NNXXYM,ORD_2500,1495.59,29.91,5.38,1460.3,setl_157,2026-08-21 20:30:00,2026-08-22,captured
pay_XJ17X6XD,ORD_2501,1935.37,38.71,6.97,1889.69,setl_157,2026-08-21 18:10:00,2026-08-22,captured
pay_BVFWB5HS,ORD_2502,442.95,8.86,1.59,432.5,setl_157,2026-08-21 18:11:00,2026-08-22,captured
pay_FF8TX134,ORD_2503,3000.76,60.02,10.8,2929.94,setl_157,2026-08-22 07:14:00,2026-08-23,captured
pay_SUMUXQJC,ORD_2504,515.05,10.3,1.85,399.89,setl_157,2026-08-22 07:14:00,2026-08-23,captured
pay_5ND2OEUT,ORD_2505,491.3,9.83,1.77,479.7,setl_157,2026-08-21 20:51:00,2026-08-22,captured
pay_9PY5KH2N,ORD_2506,1211.49,24.23,4.36,1182.9,setl_158,2026-08-21 18:42:00,2026-08-22,captured
pay_CA037FF5,ORD_2507,232.4,4.65,0.84,226.91,setl_158,2026-08-22 08:58:00,2026-08-23,captured
pay_8QIG6UO3,ORD_2508,1608.67,32.17,5.79,1570.71,setl_158,2026-08-21 20:01:00,2026-08-22,captured
pay_7KNE1YBM,ORD_2509,1210.0,24.2,4.36,1181.44,setl_158,2026-08-22 07:02:00,2026-08-23,captured
pay_2KAIOZ46,ORD_2510,249.12,4.98,0.9,243.24,setl_158,2026-08-22 07:53:00,2026-08-23,captured
pay_SJZO98IB,ORD_2511,260.89,5.22,0.94,254.73,setl_158,2026-08-22 07:33:00,2026-08-23,captured
pay_CNL384XG,ORD_2512,709.43,14.19,2.55,692.69,setl_158,2026-08-22 06:23:00,2026-08-23,captured
pay_8UENO88U,ORD_2513,217.6,4.35,0.78,212.47,setl_158,2026-08-22 05:13:00,2026-08-23,captured
pay_68XF6V8T,ORD_2514,1767.91,35.36,6.36,1726.19,setl_158,2026-08-22 05:44:00,2026-08-23,captured
pay_UQRVN2AE,ORD_2515,374.15,7.48,1.35,365.32,setl_159,2026-08-22 08:59:00,2026-08-23,captured
pay_3DHTG1D9,ORD_2516,2466.27,49.33,8.88,2408.06,setl_159,2026-08-22 02:02:00,2026-08-23,captured
pay_XXQO4078,ORD_2517,451.93,9.04,1.63,441.26,setl_159,2026-08-22 02:20:00,2026-08-23,captured
pay_EH3RFWTE,ORD_2518,1234.29,24.69,4.44,1205.16,setl_159,2026-08-21 19:16:00,2026-08-22,captured
pay_K0YZKAWZ,ORD_2519,1503.01,30.06,5.41,1467.54,setl_159,2026-08-22 03:57:00,2026-08-23,captured
pay_B79P7D7U,ORD_2520,3000.86,60.02,10.8,2930.04,setl_159,2026-08-22 03:55:00,2026-08-23,captured
pay_OEARNWAW,ORD_2521,411.51,8.23,1.48,401.8,setl_159,2026-08-21 18:44:00,2026-08-22,captured
pay_1X08K4L2,ORD_2522,942.64,18.85,3.39,920.4,setl_159,2026-08-22 03:32:00,2026-08-23,captured
pay_8XRW4DBR,ORD_2523,1274.76,25.5,4.59,1244.67,setl_159,2026-08-21 22:22:00,2026-08-22,captured
pay_DUX8FMW4,ORD_2524,1756.33,35.13,6.32,1714.88,setl_160,2026-08-21 18:18:00,2026-08-22,captured
pay_QG034L4K,ORD_2525,1508.08,30.16,5.43,1472.49,setl_160,2026-08-22 08:14:00,2026-08-23,captured
pay_0T51LC8A,ORD_2526,526.97,10.54,1.9,514.53,setl_160,2026-08-22 06:05:00,2026-08-23,captured
pay_W9Y49DZ8,ORD_2527,1581.14,31.62,5.69,1543.83,setl_160,2026-08-21 19:54:00,2026-08-22,captured
pay_GJVC2SMT,ORD_2528,3508.31,70.17,12.63,3425.51,setl_160,2026-08-22 01:26:00,2026-08-23,captured
pay_ONVEOX3A,ORD_2529,881.1,17.62,3.17,860.31,setl_160,2026-08-22 01:22:00,2026-08-23,captured
pay_EJA1V2TG,ORD_2530,507.78,10.16,1.83,495.79,setl_160,2026-08-22 02:23:00,2026-08-23,captured
pay_10BS6TO8,ORD_2531,517.1,10.34,1.86,504.9,setl_160,2026-08-22 05:27:00,2026-08-23,captured
pay_FZD6KPV5,ORD_2532,702.42,14.05,2.53,685.84,setl_161,2026-08-21 21:28:00,2026-08-22,captured
pay_VQJA6614,ORD_2533,371.08,7.42,1.34,362.32,setl_161,2026-08-21 23:05:00,2026-08-22,captured
pay_G9ZVWT0Y,ORD_2534,2999.56,59.99,10.8,2928.77,setl_161,2026-08-22 08:07:00,2026-08-23,captured
pay_NDTTUM2I,ORD_2535,1156.89,23.14,4.17,1129.58,setl_161,2026-08-21 21:55:00,2026-08-22,captured
pay_2YFAI6YR,ORD_2536,908.4,18.17,3.27,886.96,setl_161,2026-08-21 18:22:00,2026-08-22,captured
pay_5YYEXHPC,ORD_2537,1020.12,20.4,3.67,996.05,setl_161,2026-08-22 08:47:00,2026-08-23,captured
pay_UP229EOI,ORD_2538,1531.29,30.63,5.51,1495.15,setl_161,2026-08-22 03:48:00,2026-08-23,captured
pay_0CTAN36A,ORD_2539,491.28,9.83,1.77,479.68,setl_161,2026-08-22 00:02:00,2026-08-23,captured
pay_BOPAB05D,ORD_2540,2489.13,49.78,8.96,2430.39,setl_161,2026-08-21 18:27:00,2026-08-22,captured
pay_VV9C0XFE,ORD_2541,282.74,5.65,1.02,276.07,setl_161,2026-08-21 20:02:00,2026-08-22,captured
pay_1UZN4U38,ORD_2542,232.9,4.66,0.84,227.4,setl_161,2026-08-21 23:53:00,2026-08-22,captured
pay_5Q787XJJ,ORD_2543,3011.33,60.23,10.84,2940.26,setl_162,2026-08-22 06:04:00,2026-08-23,captured
pay_7IDUWETO,ORD_2544,253.38,5.07,0.91,247.4,setl_162,2026-08-22 02:47:00,2026-08-23,captured
pay_FG2NEWBZ,ORD_2545,2470.14,49.4,8.89,2411.85,setl_162,2026-08-22 03:29:00,2026-08-23,captured
pay_4LPQK5FP,ORD_2546,472.47,9.45,1.7,461.32,setl_162,2026-08-21 20:55:00,2026-08-22,captured
pay_NC8YCI08,ORD_2547,462.11,9.24,1.66,451.21,setl_162,2026-08-21 19:28:00,2026-08-22,captured
pay_SUNGKHVL,ORD_2548,1329.9,26.6,4.79,1298.51,setl_162,2026-08-22 06:06:00,2026-08-23,captured
pay_HYL77VLQ,ORD_2549,204.66,4.09,0.74,199.83,setl_162,2026-08-22 01:49:00,2026-08-23,captured
pay_4OHL5THL,ORD_2550,1524.85,30.5,5.49,1488.86,setl_162,2026-08-22 05:30:00,2026-08-23,captured
pay_8NQ189Y4,ORD_2551,1275.38,25.51,4.59,1245.28,setl_162,2026-08-22 07:30:00,2026-08-23,captured
pay_FVPIG3YV,ORD_2552,3475.54,69.51,12.51,3393.52,setl_163,2026-08-21 20:38:00,2026-08-22,captured
pay_KB57L137,ORD_2553,427.61,8.55,1.54,417.52,setl_163,2026-08-21 23:40:00,2026-08-22,captured
pay_P7WZITMF,ORD_2554,460.73,9.21,1.66,449.86,setl_163,2026-08-21 22:18:00,2026-08-22,captured
pay_CWI2SKHK,ORD_2555,1217.6,24.35,4.38,1188.87,setl_163,2026-08-21 20:17:00,2026-08-22,captured
pay_LLD4YEO6,ORD_2556,1508.1,30.16,5.43,1472.51,setl_163,2026-08-21 17:55:30,2026-08-22,captured
pay_PPYWH8EA,ORD_2556,1508.1,30.16,5.43,1472.51,setl_163,2026-08-21 17:55:00,2026-08-22,captured
pay_90FEQQHC,ORD_2557,247.47,4.95,0.89,241.63,setl_163,2026-08-21 21:15:00,2026-08-22,captured
pay_NI2MLW2E,ORD_2559,1251.83,29.54,5.32,1216.97,setl_163,2026-08-21 17:18:00,2026-08-22,captured
pay_ERAXP2NG,ORD_2560,1521.79,30.44,5.48,1485.87,setl_163,2026-08-22 23:58:00,2026-08-24,captured
pay_3ABZGS9W,ORD_2561,1562.77,31.26,5.63,1525.88,setl_163,2026-08-21 17:57:00,2026-08-22,captured
pay_QLRVD79Z,ORD_2562,293.59,5.87,1.06,286.66,setl_163,2026-08-21 19:23:00,2026-08-22,captured
pay_2J6SB053,ORD_2563,1323.86,26.48,4.77,1292.61,setl_163,2026-08-22 01:58:00,2026-08-23,captured
pay_1PHEIV6D,ORD_2564,208.72,4.17,0.75,203.8,setl_164,2026-08-21 23:13:00,2026-08-22,captured
pay_LK7IAZGQ,ORD_2565,1820.86,36.42,6.56,1777.88,setl_164,2026-08-21 19:43:00,2026-08-22,captured
pay_G6WMZ0ZC,ORD_2566,339.96,6.8,1.22,331.94,setl_164,2026-08-22 02:34:00,2026-08-23,captured
pay_XXCX9KNB,ORD_2567,2501.64,50.03,9.01,2442.6,setl_164,2026-08-21 23:33:00,2026-08-22,captured
pay_Q9V98O1L,ORD_2568,418.79,8.38,1.51,408.9,setl_164,2026-08-22 04:28:00,2026-08-23,captured
pay_IAW7FOE4,ORD_2569,711.35,14.23,2.56,694.56,setl_164,2026-08-22 05:17:00,2026-08-23,captured
pay_EDL60YOK,ORD_2570,1937.01,38.74,6.97,1691.3,setl_164,2026-08-21 19:28:00,2026-08-22,captured
pay_5M9GQJAN,ORD_2571,2543.7,50.87,9.16,2483.67,setl_164,2026-08-22 03:51:00,2026-08-23,captured
pay_MOMLF65J,ORD_2572,351.1,7.02,1.26,342.82,setl_164,2026-08-21 21:19:00,2026-08-22,captured
pay_HOTPSILQ,ORD_2573,1910.16,38.2,6.88,1865.08,setl_164,2026-08-21 17:11:00,2026-08-22,captured
pay_5K7FHXCB,ORD_2574,1494.26,29.89,5.38,1458.99,setl_165,2026-08-22 06:13:00,2026-08-23,captured
pay_1KCJUVPC,ORD_2575,3003.06,60.06,10.81,2932.19,setl_165,2026-08-22 00:06:00,2026-08-23,captured
pay_MFJHOJAL,ORD_2576,1308.64,26.17,4.71,1277.76,setl_165,2026-08-22 08:11:30,2026-08-23,captured
pay_BH1NYKS9,ORD_2576,1308.64,26.17,4.71,1277.76,setl_165,2026-08-22 08:11:00,2026-08-23,captured
pay_Y5VWTF9A,ORD_2577,348.83,6.98,1.26,340.59,setl_165,2026-08-22 00:39:00,2026-08-23,captured
pay_8MT9FSV5,ORD_2578,226.03,4.52,0.81,220.7,setl_165,2026-08-21 18:53:00,2026-08-22,captured
pay_UPQKPNN8,ORD_2579,433.44,8.67,1.56,423.21,setl_165,2026-08-21 18:15:00,2026-08-22,captured
pay_ZHS1EV2S,ORD_2580,1500.35,30.01,5.4,1464.94,setl_165,2026-08-22 02:03:00,2026-08-23,captured
pay_FXH8P0MT,ORD_2581,2529.6,50.59,9.11,2469.9,setl_165,2026-08-21 20:40:00,2026-08-22,captured
pay_H4PZNGVX,ORD_2582,215.57,4.31,0.78,210.48,setl_165,2026-08-22 08:23:00,2026-08-23,captured
pay_33UOT477,ORD_2584,3499.07,69.98,12.6,3416.49,setl_166,2026-08-21 22:00:00,2026-08-22,captured
pay_EW8AFGQ3,ORD_2585,295.02,5.9,1.06,288.06,setl_166,2026-08-22 00:45:00,2026-08-23,captured
pay_5ZWQYT39,ORD_2586,3019.84,60.4,10.87,2948.57,setl_166,2026-08-22 06:23:00,2026-08-23,captured
pay_LHS95TWB,ORD_2587,369.33,7.39,1.33,360.61,setl_166,2026-08-22 07:30:00,2026-08-23,captured
pay_LVUKSVZO,ORD_2588,395.28,7.91,1.42,385.95,setl_166,2026-08-22 04:38:00,2026-08-23,captured
pay_S58YOFVY,ORD_2589,3470.01,69.4,12.49,3388.12,setl_166,2026-08-22 07:28:00,2026-08-23,captured
pay_0T3D7XTX,ORD_2590,942.57,18.85,3.39,920.33,setl_166,2026-08-21 17:43:00,2026-08-22,captured
pay_N18BEQER,ORD_2591,2525.7,50.51,9.09,2466.1,setl_166,2026-08-22 08:04:00,2026-08-23,captured
pay_6S7PK67I,ORD_2592,1904.48,38.09,6.86,1859.53,setl_166,2026-08-22 00:17:00,2026-08-23,captured
pay_OS0I9MYA,ORD_2593,2991.07,70.59,12.71,2907.77,setl_166,2026-08-22 07:37:00,2026-08-23,captured
pay_DLWY1P6M,ORD_2594,672.61,13.45,2.42,656.74,setl_166,2026-08-21 22:55:00,2026-08-22,captured
pay_ZKBNSH8L,ORD_2595,2496.84,49.94,8.99,2437.91,setl_167,2026-08-22 00:36:00,2026-08-23,captured
pay_7924HTPL,ORD_2596,1344.1,26.88,4.84,1312.38,setl_167,2026-08-21 20:50:00,2026-08-22,captured
pay_5QQB5I92,ORD_2597,3509.17,70.18,12.63,3426.36,setl_167,2026-08-21 18:41:00,2026-08-22,captured
pay_UK693P48,ORD_2598,991.64,19.83,3.57,968.24,setl_167,2026-08-22 01:30:00,2026-08-23,captured
pay_1SHEURQ7,ORD_2599,1492.2,29.84,5.37,1456.99,setl_167,2026-08-22 03:32:00,2026-08-23,captured
pay_81HBUDU7,ORD_2600,315.25,6.3,1.13,307.82,setl_167,2026-08-21 20:36:00,2026-08-22,captured
pay_D40CM0TU,ORD_2601,1848.59,36.97,6.65,1804.97,setl_167,2026-08-22 00:14:00,2026-08-23,captured
pay_4ZN0MWMK,ORD_2602,543.67,10.87,1.96,530.84,setl_167,2026-08-22 02:22:00,2026-08-23,captured
pay_PM86CXOT,ORD_2603,1275.77,25.52,4.59,1245.66,setl_168,2026-08-21 20:28:00,2026-08-22,captured
pay_YN6ZJUY3,ORD_2604,871.79,17.44,3.14,851.21,setl_168,2026-08-22 02:56:00,2026-08-23,captured
pay_KWIH73P4,ORD_2605,522.59,10.45,1.88,510.26,setl_168,2026-08-21 21:38:00,2026-08-22,captured
pay_E6OQE09O,ORD_2606,506.51,10.13,1.82,494.56,setl_168,2026-08-22 05:47:00,2026-08-23,captured
pay_K37E4EY9,ORD_2607,462.95,9.26,1.67,452.02,setl_168,2026-08-22 06:00:00,2026-08-23,captured
pay_08T6RWAR,ORD_2608,1507.84,30.16,5.43,1472.25,setl_168,2026-08-21 19:59:00,2026-08-22,captured
pay_EKWH1MQ4,ORD_2609,1456.22,29.12,5.24,1421.86,setl_168,2026-08-22 02:21:00,2026-08-23,captured
pay_DNREHU2M,ORD_2610,1637.17,32.74,5.89,1598.54,setl_168,2026-08-22 05:53:00,2026-08-23,captured
pay_RP4JDVA7,ORD_2611,1512.37,30.25,5.44,1476.68,setl_168,2026-08-21 22:42:00,2026-08-22,captured
pay_0932JKY5,ORD_2612,299.25,5.99,1.08,292.18,setl_168,2026-08-22 03:22:00,2026-08-23,captured
pay_K18C7J0Z,ORD_2613,1263.07,25.26,4.55,1233.26,setl_168,2026-08-22 00:37:00,2026-08-23,captured
pay_EZVSQ3HE,ORD_2614,1278.24,25.56,4.6,1248.08,setl_169,2026-08-21 21:23:00,2026-08-22,captured
pay_XPSBTNBD,ORD_2615,150.4,3.01,0.54,146.85,setl_169,2026-08-22 23:59:00,2026-08-24,captured
pay_DDCIROW8,ORD_2616,1345.5,26.91,4.84,1313.75,setl_169,2026-08-22 02:18:00,2026-08-23,captured
pay_WOSPE14O,ORD_2617,1328.84,26.58,4.78,1297.48,setl_169,2026-08-22 07:07:00,2026-08-23,captured
pay_NJZHOBHG,ORD_2618,463.28,9.27,1.67,452.34,setl_169,2026-08-21 23:16:00,2026-08-22,captured
pay_Y6EKDKFO,ORD_2619,1636.43,32.73,5.89,1597.81,setl_169,2026-08-22 03:59:00,2026-08-23,captured
pay_UA9O6H0F,ORD_2620,2959.31,59.19,10.65,2889.47,setl_169,2026-08-22 01:25:00,2026-08-23,captured
pay_EXBNXDXW,ORD_2621,276.79,5.54,1.0,270.25,setl_169,2026-08-22 03:19:00,2026-08-23,captured
pay_HUGXNS8E,ORD_2622,1460.39,29.21,5.26,1425.92,setl_170,2026-08-22 01:37:00,2026-08-23,captured
pay_YLHGO1KP,ORD_2623,1773.33,35.47,6.38,1731.48,setl_170,2026-08-22 01:25:00,2026-08-23,captured
pay_J00VMPQY,ORD_2624,1775.37,35.51,6.39,1733.47,setl_170,2026-08-22 06:29:00,2026-08-23,captured
pay_QIO1MGN8,ORD_2625,265.19,5.3,0.95,258.94,setl_170,2026-08-22 04:16:00,2026-08-23,captured
pay_8NIXC6OD,ORD_2626,355.27,7.11,1.28,346.88,setl_170,2026-08-22 01:35:00,2026-08-23,captured
pay_5187OZYM,ORD_2627,970.92,19.42,3.5,948.0,setl_170,2026-08-22 04:13:00,2026-08-23,captured
pay_TMIK5Z9R,ORD_2628,1918.87,38.38,6.91,1873.58,setl_170,2026-08-22 06:13:00,2026-08-23,captured
pay_X5ZPHW7L,ORD_2629,278.78,5.58,1.0,216.44,setl_170,2026-08-22 08:07:00,2026-08-23,captured
pay_A2OTKQXW,ORD_2630,190.08,3.8,0.68,185.6,setl_170,2026-08-22 06:20:00,2026-08-23,captured
pay_CO2XZDIR,ORD_2631,1490.53,29.81,5.37,1455.35,setl_170,2026-08-22 00:48:00,2026-08-23,captured
pay_117JW386,ORD_2632,1262.08,25.24,4.54,1232.3,setl_171,2026-08-22 08:46:30,2026-08-23,captured
pay_A6NJHEEK,ORD_2632,1262.08,25.24,4.54,1232.3,setl_171,2026-08-22 08:46:00,2026-08-23,captured
pay_LKFU3F4K,ORD_2633,1925.82,38.52,6.93,1880.37,setl_171,2026-08-22 07:27:00,2026-08-23,captured
pay_0V3WKH3J,ORD_2634,440.72,8.81,1.59,430.32,setl_171,2026-08-21 20:31:00,2026-08-22,captured
pay_O6ILVB8D,ORD_2636,205.72,4.11,0.74,200.87,setl_171,2026-08-22 06:29:00,2026-08-23,captured
pay_JV1CIJJR,ORD_2637,1851.75,37.04,6.67,1808.04,setl_171,2026-08-22 00:41:00,2026-08-23,captured
pay_K3TYDCCP,ORD_2638,1314.68,26.29,4.73,1283.66,setl_171,2026-08-22 01:35:00,2026-08-23,captured
pay_AKXVX1BL,ORD_2639,352.77,7.06,1.27,344.44,setl_171,2026-08-21 19:10:00,2026-08-22,captured
pay_7OTB85VI,ORD_2640,2964.05,59.28,10.67,2894.1,setl_171,2026-08-22 06:58:00,2026-08-23,captured
pay_67KJFCLC,ORD_2641,944.48,18.89,3.4,922.19,setl_171,2026-08-21 23:21:00,2026-08-22,captured
pay_D7NC2DZD,ORD_2642,1305.55,26.11,4.7,1274.74,setl_172,2026-08-21 20:36:00,2026-08-22,captured
pay_739KQ5F7,ORD_2643,869.33,17.39,3.13,848.81,setl_172,2026-08-21 20:40:00,2026-08-22,captured
pay_QWL67C7H,ORD_2644,1477.93,29.56,5.32,1443.05,setl_172,2026-08-21 21:58:00,2026-08-22,captured
pay_4GCT8BWK,ORD_2645,1333.91,26.68,4.8,1302.43,setl_172,2026-08-22 08:27:00,2026-08-23,captured
pay_XEKBZCML,ORD_2646,411.21,8.22,1.48,401.51,setl_172,2026-08-22 02:12:00,2026-08-23,captured
pay_OJMGL1RL,ORD_2647,1515.35,30.31,5.46,1479.58,setl_172,2026-08-21 22:25:00,2026-08-22,captured
pay_7QTZJS6P,ORD_2648,462.89,10.92,1.97,450.0,setl_172,2026-08-22 02:32:00,2026-08-23,captured
pay_NVW0PMXO,ORD_2649,199.67,3.99,0.72,194.96,setl_172,2026-08-22 00:04:00,2026-08-23,captured
pay_Q0QOEXOA,ORD_2650,1026.83,20.54,3.7,1002.59,setl_172,2026-08-21 21:56:00,2026-08-22,captured
pay_4XJ4A3S8,ORD_2651,496.64,9.93,1.79,484.92,setl_172,2026-08-21 18:08:00,2026-08-22,captured
pay_5AW3OVY9,ORD_2652,1775.07,35.5,6.39,1733.18,setl_172,2026-08-22 07:50:00,2026-08-23,captured
pay_GSEM2FIT,ORD_2653,1262.56,25.25,4.54,1232.77,setl_173,2026-08-21 17:34:00,2026-08-22,captured
pay_Q5SMVVBJ,ORD_2654,1804.61,36.09,6.5,1762.02,setl_173,2026-08-21 17:37:00,2026-08-22,captured
pay_6DEIY38L,ORD_2655,3475.8,69.52,12.51,3393.77,setl_173,2026-08-21 20:17:00,2026-08-22,captured
pay_2PEZX8UB,ORD_2656,741.76,14.84,2.67,724.25,setl_173,2026-08-21 22:00:00,2026-08-22,captured
pay_AKW6ZLKW,ORD_2657,2473.03,49.46,8.9,2414.67,setl_173,2026-08-21 17:55:00,2026-08-22,captured
pay_U2K5EBDS,ORD_2658,2525.1,50.5,9.09,2465.51,setl_173,2026-08-22 01:22:00,2026-08-23,captured
pay_R6X8YIU1,ORD_2659,1471.33,29.43,5.3,1436.6,setl_173,2026-08-22 00:51:00,2026-08-23,captured
pay_3OULLLMR,ORD_2660,871.19,17.42,3.14,850.63,setl_173,2026-08-22 07:18:00,2026-08-23,captured
pay_G6AP8UBK,ORD_2661,1906.22,38.12,6.86,1861.24,setl_173,2026-08-21 17:37:00,2026-08-22,captured
pay_CBLQI1N6,ORD_2662,2509.77,50.2,9.04,2450.53,setl_174,2026-08-22 06:04:00,2026-08-23,captured
pay_PUK6CMWS,ORD_2663,430.83,8.62,1.55,420.66,setl_174,2026-08-22 06:07:00,2026-08-23,captured
pay_4KK1R6L5,ORD_2664,1321.29,26.43,4.76,1290.1,setl_174,2026-08-21 22:45:00,2026-08-22,captured
pay_6GKABCZL,ORD_2665,3477.2,69.54,12.52,3395.14,setl_174,2026-08-22 00:49:00,2026-08-23,captured
pay_MQ4VBGR3,ORD_2666,323.66,6.47,1.16,316.03,setl_174,2026-08-21 20:25:00,2026-08-22,captured
pay_9HXWMVM7,ORD_2667,1776.76,35.54,6.4,1734.82,setl_174,2026-08-22 07:05:00,2026-08-23,captured
pay_A3VO6YVP,ORD_2668,363.0,7.26,1.31,354.43,setl_174,2026-08-22 23:59:00,2026-08-24,captured
pay_ADQ7GEYV,ORD_2669,1278.55,25.57,4.6,1248.38,setl_174,2026-08-21 21:55:00,2026-08-22,captured
pay_9318EIFB,ORD_2670,459.41,9.19,1.65,448.57,setl_174,2026-08-21 17:27:00,2026-08-22,captured
pay_YBUXHWRR,ORD_2671,949.76,19.0,3.42,927.34,setl_174,2026-08-21 18:27:00,2026-08-22,captured
pay_XPNGMZYZ,ORD_2672,2949.21,58.98,10.62,2879.61,setl_174,2026-08-21 17:16:00,2026-08-22,captured
pay_UW6IK209,ORD_2673,2523.0,50.46,9.08,2463.46,setl_175,2026-08-22 02:04:00,2026-08-23,captured
pay_1KNPKIA0,ORD_2674,1157.28,23.15,4.17,929.96,setl_175,2026-08-22 07:34:00,2026-08-23,captured
pay_ZDCQR8ZM,ORD_2675,243.5,4.87,0.88,237.75,setl_175,2026-08-21 23:48:00,2026-08-22,captured
pay_AUT3XRBX,ORD_2676,1814.88,36.3,6.53,1772.05,setl_175,2026-08-22 06:06:00,2026-08-23,captured
pay_OWYPN3WH,ORD_2677,2964.59,59.29,10.67,2894.63,setl_175,2026-08-21 19:44:00,2026-08-22,captured
pay_MF5NWZXN,ORD_2678,264.12,5.28,0.95,257.89,setl_175,2026-08-22 08:12:00,2026-08-23,captured
pay_GB7I31I1,ORD_2679,1257.38,25.15,4.53,1227.7,setl_175,2026-08-21 21:41:00,2026-08-22,captured
pay_JMXSNWER,ORD_2680,336.37,6.73,1.21,328.43,setl_175,2026-08-21 19:15:00,2026-08-22,captured
pay_OU5MHSBD,ORD_2681,209.33,4.19,0.75,204.39,setl_175,2026-08-21 23:55:00,2026-08-22,captured
pay_OGQ2H5CF,ORD_2682,530.45,10.61,1.91,517.93,setl_175,2026-08-21 22:48:00,2026-08-22,captured
pay_R4YL1W9J,ORD_2683,230.59,4.61,0.83,225.15,setl_176,2026-08-22 00:53:00,2026-08-23,captured
pay_3UZ3AOEA,ORD_2684,2478.35,49.57,8.92,2419.86,setl_176,2026-08-21 22:13:00,2026-08-22,captured
pay_TMD3BPEQ,ORD_2685,1861.96,37.24,6.7,1818.02,setl_176,2026-08-22 06:24:00,2026-08-23,captured
pay_WVHYJEED,ORD_2686,1266.93,25.34,4.56,1237.03,setl_176,2026-08-22 03:45:00,2026-08-23,captured
pay_KRT47Z0A,ORD_2687,1039.1,20.78,3.74,1014.58,setl_176,2026-08-21 21:52:00,2026-08-22,captured
pay_5KXQHXTD,ORD_2688,1321.3,26.43,4.76,1290.11,setl_176,2026-08-21 21:24:00,2026-08-22,captured
pay_X5Y7ZJC7,ORD_2689,3517.06,70.34,12.66,3434.06,setl_176,2026-08-22 00:16:00,2026-08-23,captured
pay_OHF59SHE,ORD_2690,475.59,9.51,1.71,464.37,setl_176,2026-08-21 17:27:00,2026-08-22,captured
pay_E315H9H4,ORD_2691,251.71,5.03,0.91,245.77,setl_176,2026-08-22 02:35:00,2026-08-23,captured
pay_VR0DHAMY,ORD_2692,401.29,8.03,1.45,391.81,setl_176,2026-08-21 22:49:00,2026-08-22,captured
pay_97KZB5FW,ORD_2693,238.07,4.76,0.86,232.45,setl_176,2026-08-21 21:06:00,2026-08-22,captured
pay_C6KDM6Z6,ORD_2694,1942.05,38.84,6.99,1896.22,setl_177,2026-08-21 18:53:00,2026-08-22,captured
pay_WCCIMNSC,ORD_2695,3536.78,70.74,12.73,3453.31,setl_177,2026-08-21 18:21:00,2026-08-22,captured
pay_XRQMBBXD,ORD_2696,318.09,6.36,1.14,310.59,setl_177,2026-08-21 20:22:00,2026-08-22,captured
pay_R3TB8VFQ,ORD_2697,2542.14,50.84,9.15,2482.15,setl_177,2026-08-22 02:29:00,2026-08-23,captured
pay_PDSO9SPD,ORD_2698,488.75,9.78,1.76,477.21,setl_177,2026-08-21 23:31:00,2026-08-22,captured
pay_0SXFC5Z5,ORD_2699,1331.66,26.63,4.79,1300.24,setl_177,2026-08-22 07:27:00,2026-08-23,captured
pay_CMLZTI89,ORD_2700,3469.74,69.39,12.49,3387.86,setl_177,2026-08-22 01:27:00,2026-08-23,captured
pay_NXD6ZMBY,ORD_2701,1926.05,38.52,6.93,1880.6,setl_177,2026-08-21 22:20:00,2026-08-22,captured
pay_A5HFSH6Q,ORD_2702,291.9,5.84,1.05,285.01,setl_177,2026-08-22 08:40:00,2026-08-23,captured
pay_CN0CL5NK,ORD_2703,442.0,8.84,1.59,431.57,setl_177,2026-08-22 00:19:00,2026-08-23,captured
pay_7A67EZAQ,ORD_2704,1149.44,22.99,4.14,1122.31,setl_178,2026-08-22 07:54:00,2026-08-23,captured
pay_Q78E5SFE,ORD_2705,3535.5,70.71,12.73,3452.06,setl_178,2026-08-22 08:54:00,2026-08-23,captured
pay_CPCC3ZKG,ORD_2706,2541.15,50.82,9.15,2481.18,setl_178,2026-08-21 17:54:00,2026-08-22,captured
pay_4YQQ1426,ORD_2707,1270.66,25.41,4.57,1240.68,setl_178,2026-08-21 18:26:00,2026-08-22,captured
pay_ZP1OQKV0,ORD_2708,1907.26,38.15,6.87,1862.24,setl_178,2026-08-21 20:27:00,2026-08-22,captured
pay_AWNF3KEY,ORD_2709,2534.47,50.69,9.12,2474.66,setl_178,2026-08-22 02:52:00,2026-08-23,captured
pay_EDCJ9ZQN,ORD_2710,427.03,8.54,1.54,416.95,setl_178,2026-08-21 23:46:00,2026-08-22,captured
pay_M2VC8BZB,ORD_2711,1316.18,26.32,4.74,1285.12,setl_178,2026-08-21 18:49:00,2026-08-22,captured
pay_MUHJQMQU,ORD_2712,290.91,5.82,1.05,284.04,setl_178,2026-08-21 18:12:00,2026-08-22,captured
pay_6VDUQDJI,ORD_2713,1180.86,23.62,4.25,1152.99,setl_179,2026-08-21 23:26:00,2026-08-22,captured
pay_3AH78Y3O,ORD_2714,1647.5,32.95,5.93,1608.62,setl_179,2026-08-22 02:45:00,2026-08-23,captured
pay_L4VFZYKB,ORD_2715,326.87,6.54,1.18,319.15,setl_179,2026-08-22 02:30:00,2026-08-23,captured
pay_XNADA1K3,ORD_2716,251.08,5.02,0.9,245.16,setl_179,2026-08-21 18:08:00,2026-08-22,captured
pay_5ZHI646N,ORD_2717,889.06,17.78,3.2,868.08,setl_179,2026-08-21 23:47:00,2026-08-22,captured
pay_VSVITS03,ORD_2718,457.94,9.16,1.65,447.13,setl_179,2026-08-21 18:47:00,2026-08-22,captured
pay_CT71WB0B,ORD_2719,3545.72,70.91,12.76,3462.05,setl_179,2026-08-22 00:24:00,2026-08-23,captured
pay_1OTXS3FE,ORD_2720,1212.34,24.25,4.37,1183.72,setl_179,2026-08-22 06:07:00,2026-08-23,captured
pay_691456H9,ORD_2721,2455.68,49.11,8.84,2397.73,setl_179,2026-08-22 02:53:30,2026-08-23,captured
pay_5D9Y8Y0A,ORD_2721,2455.68,49.11,8.84,2397.73,setl_179,2026-08-22 02:53:00,2026-08-23,captured
pay_90FPI90M,ORD_2723,2478.02,49.56,8.92,2419.54,setl_179,2026-08-21 20:40:00,2026-08-22,captured
pay_SR5ET3H7,ORD_2724,889.55,17.79,3.2,868.56,setl_180,2026-08-22 06:31:00,2026-08-23,captured
pay_0O1XQOVG,ORD_2725,3501.6,70.03,12.61,3418.96,setl_180,2026-08-22 04:02:00,2026-08-23,captured
pay_QO89LG7V,ORD_2726,1593.39,37.6,6.77,1549.02,setl_180,2026-08-21 17:38:00,2026-08-22,captured
pay_UDLWRFLV,ORD_2727,1449.07,28.98,5.22,1414.87,setl_180,2026-08-22 00:54:00,2026-08-23,captured
pay_N0ABCZ7E,ORD_2728,428.64,8.57,1.54,418.53,setl_180,2026-08-22 00:03:00,2026-08-22,captured
pay_U8F855MD,ORD_2729,938.19,18.76,3.38,916.05,setl_180,2026-08-22 23:58:00,2026-08-24,captured
pay_B5MBZGJZ,ORD_2730,657.03,13.14,2.37,641.52,setl_180,2026-08-22 02:37:00,2026-08-23,captured
pay_9WX1VAD5,ORD_2731,2543.79,50.88,9.16,2483.75,setl_180,2026-08-22 08:26:00,2026-08-23,captured
pay_RG1AXVFG,ORD_2732,455.38,9.11,1.64,444.63,setl_180,2026-08-22 05:54:00,2026-08-23,captured
pay_AGB2RH73,ORD_2733,389.81,7.8,1.4,380.61,setl_181,2026-08-21 20:45:00,2026-08-22,captured
pay_QI80KA3R,ORD_2734,464.12,9.28,1.67,453.17,setl_181,2026-08-21 21:21:00,2026-08-22,captured
pay_Y6JZTRHX,ORD_2735,229.51,4.59,0.83,224.09,setl_181,2026-08-22 05:01:00,2026-08-23,captured
pay_X69XP7SX,ORD_2736,970.89,19.42,3.5,753.79,setl_181,2026-08-21 19:21:00,2026-08-22,captured
pay_X8W43H93,ORD_2737,2468.83,49.38,8.89,2410.56,setl_181,2026-08-22 00:45:00,2026-08-23,captured
pay_SASVI1X1,ORD_2738,323.03,6.46,1.16,315.41,setl_181,2026-08-22 07:33:00,2026-08-23,captured
pay_509Y5BA0,ORD_2739,3470.84,69.42,12.5,3388.92,setl_181,2026-08-22 01:21:00,2026-08-23,captured
pay_TOF3BHG9,ORD_2740,378.97,7.58,1.36,370.03,setl_181,2026-08-21 18:40:00,2026-08-22,captured
pay_6RF8LW7Y,ORD_2741,405.71,8.11,1.46,396.14,setl_181,2026-08-22 07:30:00,2026-08-23,captured
pay_M9DBEZA9,ORD_2742,1205.22,24.1,4.34,1176.78,setl_182,2026-08-21 19:28:00,2026-08-22,captured
pay_IC6V1YY3,ORD_2743,1844.94,36.9,6.64,1801.4,setl_182,2026-08-22 02:16:00,2026-08-23,captured
pay_20DFXUJ5,ORD_2744,1534.85,30.7,5.53,1498.62,setl_182,2026-08-22 03:13:00,2026-08-23,captured
pay_PY63MYSR,ORD_2745,967.47,19.35,3.48,944.64,setl_182,2026-08-22 01:14:00,2026-08-23,captured
pay_MCWPBV6C,ORD_2746,404.4,8.09,1.46,394.85,setl_182,2026-08-22 04:25:00,2026-08-23,captured
pay_LYYZ7PRT,ORD_2747,308.38,6.17,1.11,301.1,setl_182,2026-08-22 02:25:30,2026-08-23,captured
pay_DQIJD44Y,ORD_2747,308.38,6.17,1.11,301.1,setl_182,2026-08-22 02:25:00,2026-08-23,captured
pay_JD1BJE9X,ORD_2748,1045.33,20.91,3.76,1020.66,setl_182,2026-08-21 22:52:00,2026-08-22,captured
pay_IVPA47V8,ORD_2749,1750.41,35.01,6.3,1709.1,setl_182,2026-08-21 18:32:00,2026-08-22,captured
pay_Z3T7EY0P,ORD_2750,1343.1,26.86,4.83,1311.41,setl_182,2026-08-22 03:05:00,2026-08-23,captured
pay_M7XXCN3O,ORD_2752,1231.78,29.07,5.23,1197.48,setl_183,2026-08-21 18:24:00,2026-08-22,captured
pay_DJQ1PQVC,ORD_2753,3034.9,60.7,10.93,2963.27,setl_183,2026-08-21 22:52:00,2026-08-22,captured
pay_GD4HKPWI,ORD_2754,208.05,4.16,0.75,203.14,setl_183,2026-08-22 02:43:00,2026-08-23,captured
pay_YDAFV87V,ORD_2755,3017.57,60.35,10.86,2946.36,setl_183,2026-08-22 08:31:00,2026-08-23,captured
pay_4FW00R3F,ORD_2756,379.89,7.6,1.37,370.92,setl_183,2026-08-21 23:58:00,2026-08-23,captured
pay_PYPR1MUY,ORD_2757,1903.99,38.08,6.85,1859.06,setl_183,2026-08-21 19:53:00,2026-08-22,captured
pay_04C5CJB3,ORD_2758,493.21,9.86,1.77,481.58,setl_183,2026-08-22 04:59:00,2026-08-23,captured
pay_IRW50LMB,ORD_2759,462.09,9.24,1.66,451.19,setl_183,2026-08-22 05:52:00,2026-08-23,captured
pay_XBA22JYQ,ORD_2760,349.3,6.99,1.26,341.05,setl_183,2026-08-22 05:05:00,2026-08-23,captured
pay_TDCITEGB,ORD_2761,211.54,4.23,0.76,206.55,setl_183,2026-08-21 21:19:00,2026-08-22,captured
pay_TFAIXG2G,ORD_2762,873.37,17.47,3.14,852.76,setl_184,2026-08-22 05:04:00,2026-08-23,captured
pay_0WI4IUYD,ORD_2763,417.51,8.35,1.5,407.66,setl_184,2026-08-22 05:34:00,2026-08-23,captured
pay_VLRRBAEJ,ORD_2764,1222.83,24.46,4.4,993.97,setl_184,2026-08-21 17:34:00,2026-08-22,captured
pay_IU5AXTVD,ORD_2765,3045.65,60.91,10.96,2973.78,setl_184,2026-08-22 07:11:00,2026-08-23,captured
pay_5VCJXN7P,ORD_2766,649.64,12.99,2.34,634.31,setl_184,2026-08-21 19:49:00,2026-08-22,captured
pay_VQRIQYE1,ORD_2767,310.68,6.21,1.12,303.35,setl_184,2026-08-22 03:25:00,2026-08-23,captured
pay_MD01N1T7,ORD_2768,2490.53,49.81,8.97,2431.75,setl_184,2026-08-22 06:20:00,2026-08-23,captured
pay_4S03B0HX,ORD_2769,998.44,19.97,3.59,974.88,setl_184,2026-08-21 20:17:00,2026-08-22,captured
pay_5GP0A8D2,ORD_2770,495.14,9.9,1.78,483.46,setl_184,2026-08-22 02:54:00,2026-08-23,captured
pay_KIV90H7J,ORD_2771,917.42,18.35,3.3,895.77,setl_184,2026-08-21 20:25:00,2026-08-22,captured
pay_67HT2IBT,ORD_2772,237.83,4.76,0.86,232.21,setl_185,2026-08-22 05:42:00,2026-08-23,captured
pay_YCM90F89,ORD_2773,1541.05,30.82,5.55,1504.68,setl_185,2026-08-22 05:48:00,2026-08-23,captured
pay_NVKBJN7F,ORD_2774,915.13,18.3,3.29,893.54,setl_185,2026-08-22 09:00:00,2026-08-23,captured
pay_KEGDEZ18,ORD_2775,1503.32,30.07,5.41,1467.84,setl_185,2026-08-21 21:34:00,2026-08-22,captured
pay_RKWWCF5D,ORD_2776,1282.47,25.65,4.62,1252.2,setl_185,2026-08-22 01:58:00,2026-08-23,captured
pay_SDWX96AC,ORD_2777,876.92,17.54,3.16,856.22,setl_185,2026-08-22 03:29:00,2026-08-23,captured
pay_3GQ83QG5,ORD_2778,339.64,6.79,1.22,331.63,setl_185,2026-08-21 20:28:00,2026-08-22,captured
pay_6SD4H4ZX,ORD_2779,890.86,17.82,3.21,869.83,setl_185,2026-08-22 06:17:00,2026-08-23,captured
pay_XAC9M2ZE,ORD_2780,2988.2,59.76,10.76,2917.68,setl_185,2026-08-21 18:09:00,2026-08-22,captured
pay_WSJB4LVC,ORD_2781,391.16,7.82,1.41,381.93,setl_186,2026-08-22 00:08:00,2026-08-23,captured
pay_1SMP85Y7,ORD_2782,1809.14,36.18,6.51,1766.45,setl_186,2026-08-22 02:28:00,2026-08-23,captured
pay_FL8MPJ4Z,ORD_2783,864.31,17.29,3.11,843.91,setl_186,2026-08-21 23:40:00,2026-08-22,captured
pay_566DZGG3,ORD_2784,354.77,7.1,1.28,346.39,setl_186,2026-08-22 01:57:00,2026-08-23,captured
pay_DH1JILHB,ORD_2785,3488.52,69.77,12.56,3406.19,setl_186,2026-08-22 01:25:00,2026-08-23,captured
pay_1WXPXN2T,ORD_2786,538.48,10.77,1.94,525.77,setl_186,2026-08-22 05:36:00,2026-08-23,captured
pay_QW6L87PS,ORD_2787,290.47,5.81,1.05,283.61,setl_186,2026-08-21 22:45:00,2026-08-22,captured
pay_QRERIKA7,ORD_2788,370.58,7.41,1.33,361.84,setl_186,2026-08-22 08:16:00,2026-08-23,captured
pay_DW54I3O6,ORD_2789,314.05,6.28,1.13,306.64,setl_186,2026-08-21 22:50:00,2026-08-22,captured
pay_D2KG1T4F,ORD_2790,1192.39,23.85,4.29,1164.25,setl_187,2026-08-21 17:11:00,2026-08-22,captured
pay_LOZ7E0PC,ORD_2791,1818.31,36.37,6.55,1775.39,setl_187,2026-08-22 04:05:00,2026-08-23,captured
pay_RGTZ6QL3,ORD_2792,1647.97,32.96,5.93,1609.08,setl_187,2026-08-22 02:09:30,2026-08-23,captured
pay_E49YWS3N,ORD_2792,1647.97,32.96,5.93,1609.08,setl_187,2026-08-22 02:09:00,2026-08-23,captured
pay_WGU9B8IN,ORD_2793,1451.72,29.03,5.23,1417.46,setl_187,2026-08-22 03:27:00,2026-08-23,captured
pay_UITDJ4WT,ORD_2794,1607.31,32.15,5.79,1569.37,setl_187,2026-08-21 22:51:00,2026-08-22,captured
pay_EX4KNYSG,ORD_2795,1516.68,30.33,5.46,1480.89,setl_187,2026-08-22 00:53:00,2026-08-23,captured
pay_HN70N6JB,ORD_2796,369.16,7.38,1.33,360.45,setl_187,2026-08-22 00:18:00,2026-08-23,captured
pay_MQH3A5F1,ORD_2798,3466.66,69.33,12.48,3384.85,setl_187,2026-08-21 21:38:00,2026-08-22,captured
pay_45IP65PL,ORD_2799,2529.7,50.59,9.11,2470.0,setl_187,2026-08-22 02:00:00,2026-08-23,captured
pay_JETHBVVJ,ORD_2800,1458.61,34.42,6.2,1417.99,setl_187,2026-08-22 05:22:00,2026-08-23,captured
pay_XYSPQTUQ,ORD_2801,2543.95,50.88,9.16,2483.91,setl_187,2026-08-22 01:23:00,2026-08-23,captured
pay_VDJPCA12,ORD_2802,894.76,17.9,3.22,873.64,setl_188,2026-08-21 17:59:00,2026-08-22,captured
pay_P0AMTS7Y,ORD_2803,659.26,13.19,2.37,643.7,setl_188,2026-08-22 08:56:00,2026-08-23,captured
pay_Y8N59UL5,ORD_2804,1315.22,26.3,4.73,1284.19,setl_188,2026-08-21 22:16:00,2026-08-22,captured
pay_4U8RLEZ6,ORD_2805,374.95,7.5,1.35,366.1,setl_188,2026-08-22 23:59:00,2026-08-24,captured
pay_2E84L9YI,ORD_2806,3492.46,69.85,12.57,3210.04,setl_188,2026-08-21 23:00:00,2026-08-22,captured
pay_S2W1IXU1,ORD_2807,1291.78,25.84,4.65,1261.29,setl_188,2026-08-22 05:58:00,2026-08-23,captured
pay_SHZD14FT,ORD_2808,3535.82,70.72,12.73,3452.37,setl_188,2026-08-22 05:15:00,2026-08-23,captured
pay_XSN66RMN,ORD_2809,1482.35,29.65,5.34,1447.36,setl_188,2026-08-21 23:03:00,2026-08-22,captured
pay_BGPJYHVO,ORD_2810,3038.15,60.76,10.94,2966.45,setl_188,2026-08-22 03:28:00,2026-08-23,captured
pay_TYFIPPR4,ORD_2811,473.72,9.47,1.7,462.55,setl_188,2026-08-22 00:15:00,2026-08-23,captured
pay_5Q5GOEIO,ORD_2812,737.28,14.75,2.65,719.88,setl_189,2026-08-22 07:22:00,2026-08-23,captured
pay_JR1NJKIK,ORD_2813,368.66,7.37,1.33,359.96,setl_189,2026-08-22 08:56:00,2026-08-23,captured
pay_25582RQU,ORD_2814,312.83,6.26,1.13,305.44,setl_189,2026-08-21 23:32:00,2026-08-22,captured
pay_PMLQHDLQ,ORD_2815,475.51,9.51,1.71,464.29,setl_189,2026-08-21 17:59:00,2026-08-22,captured
pay_XB402NMS,ORD_2816,354.94,7.1,1.28,346.56,setl_189,2026-08-21 18:51:00,2026-08-22,captured
pay_XPI865EO,ORD_2817,221.24,4.42,0.8,216.02,setl_189,2026-08-22 00:36:00,2026-08-23,captured
pay_4UCCIL9X,ORD_2818,535.17,10.7,1.93,522.54,setl_189,2026-08-22 01:30:00,2026-08-23,captured
pay_9DD5S0Q7,ORD_2819,1456.87,29.14,5.25,1422.48,setl_189,2026-08-22 05:56:00,2026-08-23,captured
pay_PDXXSYKQ,ORD_2820,1556.65,31.13,5.6,1519.92,setl_189,2026-08-22 02:34:00,2026-08-23,captured
pay_ZANEO9VA,ORD_2821,1588.99,31.78,5.72,1551.49,setl_189,2026-08-22 05:37:00,2026-08-23,captured
pay_AGZR64L4,ORD_2822,1476.62,29.53,5.32,1441.77,setl_189,2026-08-22 00:46:00,2026-08-23,captured
pay_BC5TNLL5,ORD_2823,1502.5,30.05,5.41,1467.04,setl_190,2026-08-21 21:07:00,2026-08-22,captured
pay_MJKKEGVK,ORD_2824,3508.08,70.16,12.63,3425.29,setl_190,2026-08-22 01:34:00,2026-08-23,captured
pay_49T0Z4O7,ORD_2825,1840.63,36.81,6.63,1797.19,setl_190,2026-08-22 08:43:00,2026-08-23,captured
pay_CYAMNJ8P,ORD_2826,1279.24,25.58,4.6,1249.06,setl_190,2026-08-21 19:16:00,2026-08-22,captured
pay_1NGETL53,ORD_2827,3530.47,70.61,12.71,3447.15,setl_190,2026-08-21 23:44:30,2026-08-22,captured
pay_CUK52CG9,ORD_2827,3530.47,70.61,12.71,3447.15,setl_190,2026-08-21 23:44:00,2026-08-22,captured
pay_MWHH4VL1,ORD_2828,335.1,6.7,1.21,327.19,setl_190,2026-08-21 20:28:00,2026-08-22,captured
pay_5GEV3LFY,ORD_2830,3048.28,60.97,10.97,2976.34,setl_190,2026-08-21 19:55:00,2026-08-22,captured
pay_0DCLQGDD,ORD_2831,1895.33,37.91,6.82,1850.6,setl_190,2026-08-21 18:58:00,2026-08-22,captured
pay_N48LBCLA,ORD_2832,1468.66,29.37,5.29,1434.0,setl_190,2026-08-22 03:59:00,2026-08-23,captured
pay_W5OWK1LO,ORD_2833,3457.8,69.16,12.45,3376.19,setl_190,2026-08-21 20:58:00,2026-08-22,captured
pay_EU9VDOW6,ORD_2834,1223.93,24.48,4.41,1195.04,setl_190,2026-08-22 03:59:00,2026-08-23,captured
pay_772A8709,ORD_2835,314.27,6.29,1.13,306.85,setl_191,2026-08-22 02:44:00,2026-08-23,captured
pay_E0OF37FD,ORD_2836,1458.33,29.17,5.25,1423.91,setl_191,2026-08-21 21:13:00,2026-08-22,captured
pay_4UNFTWR2,ORD_2837,1041.79,20.84,3.75,1017.2,setl_191,2026-08-21 22:45:00,2026-08-22,captured
pay_R1TQZFB8,ORD_2838,450.11,9.0,1.62,439.49,setl_191,2026-08-22 00:11:00,2026-08-23,captured
pay_JGQEVDM6,ORD_2839,254.89,5.1,0.92,248.87,setl_191,2026-08-22 08:49:00,2026-08-23,captured
pay_68O3BTG7,ORD_2840,366.69,7.33,1.32,358.04,setl_191,2026-08-21 17:47:00,2026-08-22,captured
pay_J8O98BUJ,ORD_2841,200.28,4.73,0.85,194.7,setl_191,2026-08-22 03:00:00,2026-08-23,captured
pay_8JB6L4PE,ORD_2842,2546.21,50.92,9.17,2486.12,setl_191,2026-08-22 03:31:00,2026-08-23,captured
pay_MZ6W3CO8,ORD_2843,3498.21,69.96,12.59,3415.66,setl_191,2026-08-22 07:50:00,2026-08-23,captured
pay_925UAK3J,ORD_2844,337.5,6.75,1.21,329.54,setl_191,2026-08-21 17:57:00,2026-08-22,captured
pay_AL104S21,ORD_2845,1524.37,30.49,5.49,1488.39,setl_191,2026-08-21 17:18:00,2026-08-22,captured
pay_V1J308IP,ORD_2846,3465.85,69.32,12.48,3384.05,setl_192,2026-08-22 02:20:00,2026-08-23,captured
pay_X3LHXOAU,ORD_2847,1207.85,24.16,4.35,1179.34,setl_192,2026-08-22 06:32:00,2026-08-23,captured
pay_NXVG17TG,ORD_2848,2489.4,49.79,8.96,2430.65,setl_192,2026-08-22 06:56:00,2026-08-23,captured
pay_SFNB6SP0,ORD_2849,2539.62,50.79,9.14,2479.69,setl_192,2026-08-21 17:49:00,2026-08-22,captured
pay_VOLTRJKL,ORD_2850,1339.66,26.79,4.82,1308.05,setl_192,2026-08-22 08:33:00,2026-08-23,captured
pay_CR6YZVFS,ORD_2851,1282.47,25.65,4.62,1252.2,setl_192,2026-08-22 00:24:00,2026-08-23,captured
pay_8CW8N57P,ORD_2852,1276.45,25.53,4.6,1246.32,setl_192,2026-08-22 07:18:00,2026-08-23,captured
pay_WPMJO2CM,ORD_2853,932.9,18.66,3.36,910.88,setl_192,2026-08-21 20:55:00,2026-08-22,captured
pay_VI06B8MS,ORD_2854,237.67,4.75,0.85,232.07,setl_192,2026-08-22 05:33:00,2026-08-23,captured
pay_D0UXF7FS,ORD_2855,3032.51,60.65,10.92,2960.94,setl_193,2026-08-21 23:54:00,2026-08-22,captured
pay_OBW1PY82,ORD_2856,379.53,7.59,1.37,370.57,setl_193,2026-08-21 22:34:00,2026-08-22,captured
pay_TC45PI2S,ORD_2857,2976.46,59.53,10.72,2906.21,setl_193,2026-08-22 00:01:00,2026-08-22,captured
pay_PAIFOWP4,ORD_2858,1259.43,25.19,4.53,1229.71,setl_193,2026-08-22 03:19:00,2026-08-23,captured
pay_OZ2WCVFT,ORD_2859,298.58,5.97,1.07,291.54,setl_193,2026-08-22 03:49:00,2026-08-23,captured
pay_NB958804,ORD_2860,1593.44,31.87,5.74,1555.83,setl_193,2026-08-21 21:56:00,2026-08-22,captured
pay_5TDFGJ7N,ORD_2861,3473.59,69.47,12.5,3391.62,setl_193,2026-08-22 08:32:00,2026-08-23,captured
pay_U1ARMX6Z,ORD_2862,2475.7,49.51,8.91,2417.28,setl_193,2026-08-22 05:04:00,2026-08-23,captured
pay_CUYK2VFH,ORD_2863,1499.49,29.99,5.4,1464.1,setl_194,2026-08-22 08:26:00,2026-08-23,captured
pay_SXXRPPNL,ORD_2864,1640.77,32.82,5.91,1602.04,setl_194,2026-08-21 22:35:00,2026-08-22,captured
pay_XZWL9PQR,ORD_2865,1250.87,25.02,4.5,1221.35,setl_194,2026-08-22 23:59:00,2026-08-24,captured
pay_3JW6R8YK,ORD_2866,1629.07,32.58,5.86,1590.63,setl_194,2026-08-21 21:47:00,2026-08-22,captured
pay_9XD8XQ41,ORD_2867,970.05,19.4,3.49,753.15,setl_194,2026-08-22 07:30:00,2026-08-23,captured
pay_RG7QSODM,ORD_2868,223.04,4.46,0.8,217.78,setl_194,2026-08-22 01:49:00,2026-08-23,captured
pay_QWLIFNNT,ORD_2869,158.52,3.17,0.57,154.78,setl_194,2026-08-22 03:59:00,2026-08-23,captured
pay_NSXOF6T6,ORD_2870,997.6,19.95,3.59,974.06,setl_194,2026-08-22 02:57:00,2026-08-23,captured
pay_PKQJ39QZ,ORD_2871,390.05,7.8,1.4,380.85,setl_195,2026-08-21 23:50:00,2026-08-22,captured
pay_UZU9SH7N,ORD_2872,1315.94,26.32,4.74,1284.88,setl_195,2026-08-22 00:19:00,2026-08-23,captured
pay_DCMYXBD0,ORD_2873,2961.27,59.23,10.66,2891.38,setl_195,2026-08-21 23:42:00,2026-08-22,captured
pay_RPV7LYOZ,ORD_2874,706.28,14.13,2.54,689.61,setl_195,2026-08-22 01:37:00,2026-08-23,captured
pay_17POI92R,ORD_2875,1006.83,20.14,3.63,983.06,setl_195,2026-08-22 00:47:00,2026-08-23,captured
pay_CETH28IM,ORD_2876,1036.92,20.74,3.73,1012.45,setl_195,2026-08-22 06:06:00,2026-08-23,captured
pay_V6LRLWP4,ORD_2877,410.21,8.2,1.48,400.53,setl_195,2026-08-22 01:13:30,2026-08-23,captured
pay_7LZ0O158,ORD_2877,410.21,8.2,1.48,400.53,setl_195,2026-08-22 01:13:00,2026-08-23,captured
pay_6YINW4UF,ORD_2878,2545.33,50.91,9.16,2485.26,setl_195,2026-08-21 17:43:00,2026-08-22,captured
pay_I038Z2FS,ORD_2879,2466.41,49.33,8.88,2408.2,setl_196,2026-08-21 22:46:00,2026-08-22,captured
pay_Y82FJXLF,ORD_2880,441.92,8.84,1.59,431.49,setl_196,2026-08-21 20:07:00,2026-08-22,captured
pay_U9435O1L,ORD_2881,1541.33,30.83,5.55,1504.95,setl_196,2026-08-22 08:55:00,2026-08-23,captured
pay_YLKCS2YX,ORD_2882,236.75,4.74,0.85,231.16,setl_196,2026-08-21 23:14:00,2026-08-22,captured
pay_YFH3XDVQ,ORD_2883,1470.38,29.41,5.29,1435.68,setl_196,2026-08-21 23:33:00,2026-08-22,captured
pay_7JYF8JSH,ORD_2884,2479.09,49.58,8.92,2420.59,setl_196,2026-08-22 01:59:00,2026-08-23,captured
pay_GHOHS5OK,ORD_2885,296.48,5.93,1.07,289.48,setl_196,2026-08-21 20:15:00,2026-08-22,captured
pay_N0NRXYCO,ORD_2887,1292.55,25.85,4.65,1262.05,setl_196,2026-08-22 00:53:00,2026-08-23,captured
pay_XDOUB5YN,ORD_2888,1263.73,25.27,4.55,1233.91,setl_197,2026-08-22 05:36:00,2026-08-23,captured
pay_DWOL61VA,ORD_2889,378.58,7.57,1.36,369.65,setl_197,2026-08-22 06:32:00,2026-08-23,captured
pay_IE39ZVYE,ORD_2890,1852.32,37.05,6.67,1808.6,setl_197,2026-08-22 08:42:00,2026-08-23,captured
pay_FO8QG87C,ORD_2891,1004.87,20.1,3.62,981.15,setl_197,2026-08-21 23:30:00,2026-08-22,captured
pay_2FEU7AZQ,ORD_2892,471.86,9.44,1.7,460.72,setl_197,2026-08-22 03:14:00,2026-08-23,captured
pay_T13G4WAN,ORD_2893,2450.05,49.0,8.82,2392.23,setl_197,2026-08-22 00:15:00,2026-08-23,captured
pay_NHYMAFCB,ORD_2894,384.13,7.68,1.38,375.07,setl_197,2026-08-22 02:24:00,2026-08-23,captured
pay_LSWZUAH3,ORD_2895,340.09,6.8,1.22,332.07,setl_197,2026-08-21 23:10:00,2026-08-22,captured
pay_ZGMS66KE,ORD_2896,659.0,13.18,2.37,643.45,setl_197,2026-08-21 19:58:00,2026-08-22,captured
pay_1WVHQUEU,ORD_2897,482.0,9.64,1.74,470.62,setl_197,2026-08-22 01:36:00,2026-08-23,captured
pay_AKL7XZVZ,ORD_2898,695.48,13.91,2.5,679.07,setl_197,2026-08-22 06:55:00,2026-08-23,captured
pay_IJ200Q69,ORD_2899,1512.91,30.26,5.45,1477.2,setl_198,2026-08-22 00:04:00,2026-08-23,captured
pay_64VZ90HE,ORD_2900,310.63,6.21,1.12,303.3,setl_198,2026-08-22 02:37:00,2026-08-23,captured
pay_BV46MU62,ORD_2901,987.7,19.75,3.55,964.4,setl_198,2026-08-22 02:14:00,2026-08-23,captured
pay_O5NYMMFU,ORD_2902,859.52,17.19,3.09,839.24,setl_198,2026-08-22 08:40:00,2026-08-23,captured
pay_M7Y1UVJY,ORD_2903,265.64,5.31,0.96,259.37,setl_198,2026-08-21 23:23:00,2026-08-22,captured
pay_0G5X5CS7,ORD_2904,1023.16,20.46,3.68,999.02,setl_198,2026-08-22 06:29:00,2026-08-23,captured
pay_6PNBXU6O,ORD_2905,1252.38,25.05,4.51,1222.82,setl_198,2026-08-22 08:00:00,2026-08-23,captured
pay_C2BPIMEV,ORD_2906,1198.7,28.29,5.09,1165.32,setl_198,2026-08-21 23:00:00,2026-08-22,captured
pay_KFG7I2HV,ORD_2907,1815.07,36.3,6.53,1772.24,setl_198,2026-08-22 06:36:00,2026-08-23,captured
pay_U9ZYAWXG,ORD_2908,226.99,4.54,0.82,221.63,setl_199,2026-08-22 23:59:00,2026-08-24,captured
pay_DSIZB25J,ORD_2909,3537.0,70.74,12.73,3453.53,setl_199,2026-08-21 21:41:00,2026-08-22,captured
pay_IEU122JN,ORD_2910,3482.63,69.65,12.54,3400.44,setl_199,2026-08-22 08:52:00,2026-08-23,captured
pay_O98N2R48,ORD_2911,301.94,6.04,1.09,294.81,setl_199,2026-08-22 03:19:00,2026-08-23,captured
pay_BZ8GICR6,ORD_2912,2512.75,50.26,9.05,2453.44,setl_199,2026-08-22 05:03:00,2026-08-23,captured
pay_81XTQSR7,ORD_2913,1545.88,30.92,5.57,1509.39,setl_199,2026-08-22 05:28:00,2026-08-23,captured
pay_3U2G3RXO,ORD_2914,1269.3,25.39,4.57,1239.34,setl_199,2026-08-21 19:18:00,2026-08-22,captured
pay_TSQACBSL,ORD_2915,891.71,17.83,3.21,870.67,setl_199,2026-08-21 23:50:00,2026-08-22,captured
pay_C5MNJOTW,ORD_2916,342.9,6.86,1.23,334.81,setl_200,2026-08-21 22:47:00,2026-08-22,captured
pay_5L02MOYQ,ORD_2917,3035.84,60.72,10.93,2964.19,setl_200,2026-08-22 05:28:00,2026-08-23,captured
pay_T1KT7GA8,ORD_2918,1831.52,36.63,6.59,1788.3,setl_200,2026-08-22 05:07:00,2026-08-23,captured
pay_ZABDJQVI,ORD_2919,1263.18,25.26,4.55,1233.37,setl_200,2026-08-21 23:30:00,2026-08-22,captured
pay_WQDBDPV4,ORD_2920,1256.55,25.13,4.52,1226.9,setl_200,2026-08-22 03:33:00,2026-08-23,captured
pay_EEUTZEIF,ORD_2921,251.77,5.04,0.91,245.82,setl_200,2026-08-22 04:09:00,2026-08-23,captured
pay_VSVDT766,ORD_2922,733.18,14.66,2.64,715.88,setl_200,2026-08-21 23:52:00,2026-08-22,captured
pay_V96Q3QZD,ORD_2923,1491.94,29.84,5.37,1456.73,setl_200,2026-08-22 07:08:00,2026-08-23,captured
pay_FEVSTYGX,ORD_2924,1778.9,35.58,6.4,1736.92,setl_200,2026-08-22 00:41:00,2026-08-23,captured
pay_R5JGLWMK,ORD_2925,672.56,13.45,2.42,522.18,setl_200,2026-08-22 06:49:00,2026-08-23,captured
pay_D614ISYB,ORD_2926,2498.54,49.97,8.99,2439.58,setl_200,2026-08-22 05:27:00,2026-08-23,captured
pay_XXEQ58WZ,ORD_2927,1540.58,30.81,5.55,1504.22,setl_201,2026-08-22 00:22:00,2026-08-23,captured
pay_RRE5OZ83,ORD_2928,149.95,3.0,0.54,146.41,setl_201,2026-08-22 06:47:00,2026-08-23,captured
pay_2IVD87WC,ORD_2929,975.17,19.5,3.51,952.16,setl_201,2026-08-21 18:18:00,2026-08-22,captured
pay_1GGLCR5P,ORD_2930,313.83,6.28,1.13,306.42,setl_201,2026-08-21 20:46:00,2026-08-22,captured
pay_2HLS0QLF,ORD_2931,512.41,10.25,1.84,500.32,setl_201,2026-08-22 01:13:00,2026-08-23,captured
pay_Y6RR79IV,ORD_2932,1232.41,24.65,4.44,1203.32,setl_201,2026-08-22 03:43:00,2026-08-23,captured
pay_OAZFUUZW,ORD_2933,1792.13,35.84,6.45,1749.84,setl_201,2026-08-22 02:31:00,2026-08-23,captured
pay_KQR4ZLXB,ORD_2934,233.24,4.66,0.84,227.74,setl_201,2026-08-21 19:58:00,2026-08-22,captured
pay_V000PN58,ORD_2935,1813.13,36.26,6.53,1770.34,setl_201,2026-08-22 05:43:00,2026-08-23,captured
pay_J40Y52YG,ORD_2936,1468.65,29.37,5.29,1433.99,setl_202,2026-08-22 05:38:00,2026-08-23,captured
pay_33DHARJI,ORD_2937,3518.39,70.37,12.67,3435.35,setl_202,2026-08-22 07:14:30,2026-08-23,captured
pay_6YB9PDGK,ORD_2937,3518.39,70.37,12.67,3435.35,setl_202,2026-08-22 07:14:00,2026-08-23,captured
pay_FIMLCBIE,ORD_2938,201.16,4.02,0.72,196.42,setl_202,2026-08-22 04:16:00,2026-08-23,captured
pay_TR28J9BF,ORD_2939,497.75,9.96,1.79,486.0,setl_202,2026-08-22 04:25:00,2026-08-23,captured
pay_I2BRSV43,ORD_2941,1464.63,29.29,5.27,1430.07,setl_202,2026-08-21 19:11:00,2026-08-22,captured
pay_WJ1CZQLR,ORD_2942,483.93,9.68,1.74,472.51,setl_202,2026-08-22 00:49:00,2026-08-23,captured
pay_GSX9OA2E,ORD_2943,998.62,19.97,3.59,975.06,setl_202,2026-08-22 05:29:00,2026-08-23,captured
pay_IE5APCBF,ORD_2944,333.54,6.67,1.2,325.67,setl_202,2026-08-22 05:01:00,2026-08-23,captured
pay_VQCGH8A7,ORD_2945,1505.24,30.1,5.42,1469.72,setl_202,2026-08-22 04:46:00,2026-08-23,captured
pay_1PDBHF3S,ORD_2946,1852.79,37.06,6.67,1809.06,setl_203,2026-08-21 20:01:00,2026-08-22,captured
pay_XNISOSZ0,ORD_2947,902.79,18.06,3.25,881.48,setl_203,2026-08-21 18:21:00,2026-08-22,captured
pay_BMBVMOU1,ORD_2948,2530.73,50.61,9.11,2471.01,setl_203,2026-08-22 07:04:00,2026-08-23,captured
pay_ZFAWTY7K,ORD_2949,1266.61,25.33,4.56,1236.72,setl_203,2026-08-21 17:32:00,2026-08-22,captured
pay_QI028H1V,ORD_2950,394.81,9.32,1.68,383.81,setl_203,2026-08-22 06:19:00,2026-08-23,captured
pay_MKTO6JRU,ORD_2951,1507.4,30.15,5.43,1471.82,setl_203,2026-08-22 04:09:00,2026-08-23,captured
pay_CU16DKPM,ORD_2952,451.69,9.03,1.63,441.03,setl_203,2026-08-22 06:31:00,2026-08-23,captured
pay_S6XH7ABM,ORD_2953,1031.1,20.62,3.71,1006.77,setl_203,2026-08-22 02:16:00,2026-08-23,captured
pay_ZRIYDRUD,ORD_2954,1582.13,31.64,5.7,1544.79,setl_203,2026-08-22 00:53:00,2026-08-23,captured
pay_ADJC88KL,ORD_2955,1559.77,31.2,5.62,1522.95,setl_204,2026-08-22 08:45:00,2026-08-23,captured
pay_URWISENO,ORD_2956,328.58,6.57,1.18,320.83,setl_204,2026-08-21 23:58:00,2026-08-23,captured
pay_HYAUKLWW,ORD_2957,428.83,8.58,1.54,418.71,setl_204,2026-08-22 02:20:00,2026-08-23,captured
pay_9UXLJ1FW,ORD_2958,498.17,9.96,1.79,486.42,setl_204,2026-08-22 01:10:00,2026-08-23,captured
pay_MQLOAEBI,ORD_2959,958.98,19.18,3.45,936.35,setl_204,2026-08-22 05:12:00,2026-08-23,captured
pay_GCNUBJ74,ORD_2960,2986.23,59.72,10.75,2915.76,setl_204,2026-08-22 07:29:00,2026-08-23,captured
pay_OBTEGURT,ORD_2961,2537.26,50.75,9.13,2477.38,setl_204,2026-08-22 03:08:00,2026-08-23,captured
pay_OLRW334K,ORD_2962,1312.49,26.25,4.72,1081.52,setl_204,2026-08-22 05:53:00,2026-08-23,captured
pay_FT4GC5IC,ORD_2963,250.48,5.01,0.9,244.57,setl_204,2026-08-22 01:49:00,2026-08-23,captured
pay_BFYW372V,ORD_2964,2971.64,59.43,10.7,2901.51,setl_204,2026-08-21 21:03:00,2026-08-22,captured
pay_Q2DS3EDU,ORD_2965,1889.88,37.8,6.8,1845.28,setl_205,2026-08-21 19:04:00,2026-08-22,captured
pay_0OT1K8HC,ORD_2966,322.36,6.45,1.16,314.75,setl_205,2026-08-21 21:59:00,2026-08-22,captured
pay_WL8MDZFW,ORD_2967,424.56,8.49,1.53,414.54,setl_205,2026-08-21 20:12:00,2026-08-22,captured
pay_SOUJB9ND,ORD_2968,1915.85,38.32,6.9,1870.63,setl_205,2026-08-22 02:29:00,2026-08-23,captured
pay_J31OLE1Q,ORD_2969,701.66,14.03,2.53,685.1,setl_205,2026-08-21 17:13:00,2026-08-22,captured
pay_AH9QJWW8,ORD_2970,1475.88,29.52,5.31,1441.05,setl_205,2026-08-22 07:49:00,2026-08-23,captured
pay_ZO8WD3OK,ORD_2971,509.43,10.19,1.83,497.41,setl_205,2026-08-22 00:39:00,2026-08-23,captured
pay_M7ZUM7OD,ORD_2972,400.69,8.01,1.44,391.24,setl_205,2026-08-22 06:52:00,2026-08-23,captured
pay_K2FIB7AK,ORD_2973,1451.68,29.03,5.23,1417.42,setl_206,2026-08-22 05:44:00,2026-08-23,captured
pay_NWVSJJCA,ORD_2974,2489.0,49.78,8.96,2430.26,setl_206,2026-08-22 03:01:00,2026-08-23,captured
pay_2ACR85XL,ORD_2975,479.81,9.6,1.73,468.48,setl_206,2026-08-21 19:02:00,2026-08-22,captured
pay_D7CDZPBB,ORD_2976,1468.73,29.37,5.29,1434.07,setl_206,2026-08-21 18:33:00,2026-08-22,captured
pay_D8M4PKIX,ORD_2977,466.02,9.32,1.68,455.02,setl_206,2026-08-22 01:21:00,2026-08-23,captured
pay_NFUD1AHI,ORD_2978,215.36,4.31,0.78,210.27,setl_206,2026-08-22 06:47:00,2026-08-23,captured
pay_ZVGW9HNE,ORD_2979,536.64,10.73,1.93,523.98,setl_206,2026-08-21 18:24:00,2026-08-22,captured
pay_HUKP6JR0,ORD_2980,1313.76,26.28,4.73,1282.75,setl_206,2026-08-22 00:10:00,2026-08-23,captured
pay_8IW5XNQD,ORD_2981,3531.27,70.63,12.71,3447.93,setl_206,2026-08-22 05:57:00,2026-08-23,captured
pay_7O7PNUD5,ORD_2982,1176.35,23.53,4.24,1148.58,setl_207,2026-08-21 21:01:00,2026-08-22,captured
pay_MO3UG51O,ORD_2983,709.75,14.2,2.56,692.99,setl_207,2026-08-21 20:26:00,2026-08-22,captured
pay_7XWLR4IZ,ORD_2984,430.96,8.62,1.55,420.79,setl_207,2026-08-22 07:01:00,2026-08-23,captured
pay_8NE4XLWG,ORD_2985,296.54,5.93,1.07,289.54,setl_207,2026-08-22 05:30:00,2026-08-23,captured
pay_CLCCVGJJ,ORD_2986,453.79,9.08,1.63,443.08,setl_207,2026-08-21 20:43:00,2026-08-22,captured
pay_YUF1TK83,ORD_2987,2457.19,49.14,8.85,2399.2,setl_207,2026-08-22 00:01:00,2026-08-23,captured
pay_H7CJJEY7,ORD_2988,3025.42,60.51,10.89,2954.02,setl_207,2026-08-22 05:32:00,2026-08-23,captured
pay_CE91TEFO,ORD_2989,1211.81,24.24,4.36,1183.21,setl_207,2026-08-22 04:24:00,2026-08-23,captured
pay_NWWZ3FO1,ORD_2990,2521.72,50.43,9.08,2462.21,setl_208,2026-08-22 02:11:00,2026-08-23,captured
pay_VOQJ4F2X,ORD_2991,1472.87,29.46,5.3,1438.11,setl_208,2026-08-21 23:25:30,2026-08-22,captured
pay_Z0X9F6F5,ORD_2991,1472.87,29.46,5.3,1438.11,setl_208,2026-08-21 23:25:00,2026-08-22,captured
pay_IUVWL47L,ORD_2992,740.15,14.8,2.66,722.69,setl_208,2026-08-22 06:01:00,2026-08-23,captured
pay_K820PZTS,ORD_2993,1625.16,32.5,5.85,1586.81,setl_208,2026-08-22 02:48:00,2026-08-23,captured
pay_JVSLRDMZ,ORD_2994,1479.91,29.6,5.33,1444.98,setl_208,2026-08-22 00:06:00,2026-08-23,captured
pay_T7B7UYA0,ORD_2995,3026.09,60.52,10.89,2954.68,setl_208,2026-08-21 22:53:00,2026-08-22,captured
pay_OAFLKTAW,ORD_2996,1195.8,23.92,4.31,1167.57,setl_208,2026-08-22 06:15:00,2026-08-23,captured
pay_Z82H394L,ORD_2997,1507.94,30.16,5.43,1472.35,setl_208,2026-08-22 07:51:00,2026-08-23,captured
pay_JDCY98QH,ORD_2998,1505.43,30.11,5.42,1469.9,setl_208,2026-08-21 21:20:00,2026-08-22,captured
pay_8K4HBABO,ORD_3000,735.28,14.71,2.65,717.92,setl_208,2026-08-21 20:13:00,2026-08-22,captured
pay_W9USI652,ORD_3001,3023.31,60.47,10.88,2951.96,setl_209,2026-08-21 21:38:00,2026-08-22,captured
pay_WIPM7TFA,ORD_3002,1317.3,31.09,5.6,1280.61,setl_209,2026-08-21 23:07:00,2026-08-22,captured
pay_EQ3CYFWP,ORD_3003,455.41,9.11,1.64,444.66,setl_209,2026-08-21 17:38:00,2026-08-22,captured
pay_DZANCSWY,ORD_3004,431.62,8.63,1.55,421.44,setl_209,2026-08-22 03:25:00,2026-08-23,captured
pay_AP9EIB0T,ORD_3005,261.88,5.24,0.94,255.7,setl_209,2026-08-21 23:45:00,2026-08-22,captured
pay_9LHEPU4U,ORD_3006,415.97,8.32,1.5,406.15,setl_209,2026-08-21 23:58:00,2026-08-23,captured
pay_P6PNU0KI,ORD_3007,936.12,18.72,3.37,726.81,setl_209,2026-08-22 05:15:00,2026-08-23,captured
pay_DOUAYK2L,ORD_3008,236.38,4.73,0.85,230.8,setl_209,2026-08-21 19:05:00,2026-08-22,captured
pay_KUOYSVKE,ORD_3009,881.92,17.64,3.18,861.1,setl_210,2026-08-21 20:35:00,2026-08-22,captured
pay_9O01E4ZN,ORD_3010,380.81,7.62,1.37,371.82,setl_210,2026-08-22 06:44:00,2026-08-23,captured
pay_4GQQKMJC,ORD_3011,1762.32,35.25,6.34,1720.73,setl_210,2026-08-21 18:25:00,2026-08-22,captured
pay_VBDELFLS,ORD_3012,1348.51,26.97,4.85,1316.69,setl_210,2026-08-22 03:49:00,2026-08-23,captured
pay_H9JV8A6M,ORD_3013,1795.3,35.91,6.46,1752.93,setl_210,2026-08-21 22:26:00,2026-08-22,captured
pay_P24L6G9H,ORD_3014,2449.7,48.99,8.82,2391.89,setl_210,2026-08-22 08:12:00,2026-08-23,captured
pay_0MOLRV4D,ORD_3015,215.08,4.3,0.77,210.01,setl_210,2026-08-21 22:05:00,2026-08-22,captured
pay_1Q8PJ1YD,ORD_3016,747.94,14.96,2.69,730.29,setl_210,2026-08-22 00:04:00,2026-08-23,captured
pay_2DM7GEHN,ORD_3017,503.95,10.08,1.81,492.06,setl_210,2026-08-22 07:59:00,2026-08-23,captured
pay_HQYCYW5V,ORD_3018,1526.69,30.53,5.5,1490.66,setl_210,2026-08-21 18:03:00,2026-08-22,captured
pay_000U1R54,ORD_3019,517.69,10.35,1.86,505.48,setl_211,2026-08-22 01:25:00,2026-08-23,captured
pay_64HSRTSM,ORD_3020,659.51,13.19,2.37,643.95,setl_211,2026-08-22 06:00:00,2026-08-23,captured
pay_T118QZB6,ORD_3021,2485.55,49.71,8.95,2426.89,setl_211,2026-08-22 05:33:30,2026-08-23,captured
pay_UXQRKUW2,ORD_3021,2485.55,49.71,8.95,2426.89,setl_211,2026-08-22 05:33:00,2026-08-23,captured
pay_J4BO6GPN,ORD_3022,230.26,4.61,0.83,224.82,setl_211,2026-08-22 01:58:00,2026-08-23,captured
pay_9DO70IU7,ORD_3023,214.42,4.29,0.77,209.36,setl_211,2026-08-22 07:56:00,2026-08-23,captured
pay_ZUPSLSIY,ORD_3024,1500.57,30.01,5.4,1465.16,setl_211,2026-08-21 18:34:00,2026-08-22,captured
pay_S9HLB4YC,ORD_3025,1615.6,32.31,5.82,1577.47,setl_211,2026-08-21 19:28:00,2026-08-22,captured
pay_5Y4LAWRT,ORD_3026,929.64,18.59,3.35,907.7,setl_211,2026-08-22 07:25:00,2026-08-23,captured
pay_LA6OVM8L,ORD_3027,1864.67,37.29,6.71,1820.67,setl_211,2026-08-21 23:50:00,2026-08-22,captured
pay_LFIYZ3KQ,ORD_3028,1771.42,35.43,6.38,1729.61,setl_212,2026-08-21 22:03:00,2026-08-22,captured
pay_JRK2LBIM,ORD_3029,1518.0,30.36,5.46,1482.18,setl_212,2026-08-21 21:10:00,2026-08-22,captured
pay_OQCPL72U,ORD_3030,1018.49,20.37,3.67,994.45,setl_212,2026-08-21 21:03:00,2026-08-22,captured
pay_R024LPO6,ORD_3032,1873.93,37.48,6.75,1829.7,setl_212,2026-08-21 19:42:00,2026-08-22,captured
pay_NKPZIAJN,ORD_3033,339.64,8.02,1.44,330.18,setl_212,2026-08-22 00:42:00,2026-08-23,captured
pay_PRRT2L2I,ORD_3034,1882.3,37.65,6.78,1837.87,setl_212,2026-08-22 06:16:00,2026-08-23,captured
pay_BSY3ONX3,ORD_3035,1289.99,25.8,4.64,1259.55,setl_212,2026-08-21 18:20:00,2026-08-22,captured
pay_FUNMAD1B,ORD_3036,1637.98,32.76,5.9,1599.32,setl_212,2026-08-21 17:13:00,2026-08-22,captured
pay_BH4JWQV6,ORD_3037,540.77,10.82,1.95,528.0,setl_212,2026-08-22 23:58:00,2026-08-24,captured
pay_13VW40F7,ORD_3038,417.23,8.34,1.5,407.39,setl_213,2026-08-21 23:45:00,2026-08-22,captured
pay_DGP56EFI,ORD_3039,260.25,5.21,0.94,254.1,setl_213,2026-08-22 00:05:00,2026-08-23,captured
pay_LWL0TQFT,ORD_3040,723.86,14.48,2.61,706.77,setl_213,2026-08-22 07:50:00,2026-08-23,captured
pay_30AC9PUB,ORD_3041,2989.02,59.78,10.76,2918.48,setl_213,2026-08-21 22:49:00,2026-08-22,captured
pay_L0JO4PYA,ORD_3042,240.6,4.81,0.87,234.92,setl_213,2026-08-22 04:37:00,2026-08-23,captured
pay_GQQQJR6J,ORD_3043,243.0,4.86,0.87,237.27,setl_213,2026-08-22 02:01:00,2026-08-23,captured
pay_RQ59D6SV,ORD_3044,530.05,10.6,1.91,517.54,setl_213,2026-08-22 01:29:00,2026-08-23,captured
pay_E2FOZZ1J,ORD_3045,3479.63,69.59,12.53,3197.51,setl_213,2026-08-21 18:55:00,2026-08-22,captured
pay_7BNZTAHY,ORD_3046,449.13,8.98,1.62,438.53,setl_213,2026-08-22 08:09:00,2026-08-23,captured
pay_FUGEG1JU,ORD_3047,429.56,8.59,1.55,419.42,setl_213,2026-08-22 04:41:00,2026-08-23,captured
pay_2DV9UJAP,ORD_3048,1247.3,24.95,4.49,1217.86,setl_214,2026-08-22 01:09:00,2026-08-23,captured
pay_NBQD8QKK,ORD_3049,1249.12,24.98,4.5,1219.64,setl_214,2026-08-22 05:32:00,2026-08-23,captured
pay_VQF6OYLC,ORD_3050,1646.5,32.93,5.93,1607.64,setl_214,2026-08-22 04:50:00,2026-08-23,captured
pay_R0BGNFXU,ORD_3051,1941.52,38.83,6.99,1895.7,setl_214,2026-08-22 08:04:00,2026-08-23,captured
pay_AYW5NWVJ,ORD_3052,1219.33,24.39,4.39,1190.55,setl_214,2026-08-21 22:03:00,2026-08-22,captured
pay_590J1MNY,ORD_3053,363.0,7.26,1.31,354.43,setl_214,2026-08-22 06:25:00,2026-08-23,captured
pay_OE2HK724,ORD_3054,265.89,5.32,0.96,259.61,setl_214,2026-08-21 18:19:00,2026-08-22,captured
pay_22OU2VNE,ORD_3055,372.84,7.46,1.34,364.04,setl_214,2026-08-22 00:59:00,2026-08-23,captured
pay_3QVBNK0S,ORD_3056,532.75,10.65,1.92,520.18,setl_214,2026-08-22 03:32:00,2026-08-23,captured
pay_H3MOKBMJ,ORD_3057,226.29,4.53,0.82,220.94,setl_215,2026-08-21 18:33:00,2026-08-22,captured
pay_J1L90D6D,ORD_3058,505.49,10.11,1.82,493.56,setl_215,2026-08-22 06:15:30,2026-08-23,captured
pay_86S258JY,ORD_3058,505.49,10.11,1.82,493.56,setl_215,2026-08-22 06:15:00,2026-08-23,captured
pay_3CMUEXBX,ORD_3059,1504.39,30.09,5.42,1468.88,setl_215,2026-08-22 03:40:00,2026-08-23,captured
pay_M8R7A4K3,ORD_3061,3037.47,60.75,10.93,2965.79,setl_215,2026-08-22 06:18:00,2026-08-23,captured
pay_FC1K8J0K,ORD_3062,2535.97,50.72,9.13,2476.12,setl_215,2026-08-21 20:50:00,2026-08-22,captured
pay_8RTJR2GJ,ORD_3063,399.49,7.99,1.44,390.06,setl_215,2026-08-22 01:03:00,2026-08-23,captured
pay_MF3GQ7P7,ORD_3064,667.32,13.35,2.4,651.57,setl_215,2026-08-21 18:54:00,2026-08-22,captured
pay_KLJQKCJE,ORD_3065,1494.5,29.89,5.38,1459.23,setl_215,2026-08-22 07:33:00,2026-08-23,captured
pay_Y8PZL99U,ORD_3066,321.2,6.42,1.16,313.62,setl_215,2026-08-21 23:27:00,2026-08-22,captured
pay_44T2RIZY,ORD_3067,488.58,9.77,1.76,477.05,setl_215,2026-08-21 17:09:00,2026-08-22,captured
pay_2EE75C7Q,ORD_3068,941.11,18.82,3.39,918.9,setl_215,2026-08-22 04:31:00,2026-08-23,captured
pay_8DBZQ7IB,ORD_3069,360.33,7.21,1.3,351.82,setl_216,2026-08-21 17:58:00,2026-08-22,captured
pay_OXKQ5P52,ORD_3070,1829.84,36.6,6.59,1786.65,setl_216,2026-08-22 08:09:00,2026-08-23,captured
pay_4UR1BOCZ,ORD_3071,311.55,6.23,1.12,304.2,setl_216,2026-08-21 17:36:00,2026-08-22,captured
pay_NML4C7F4,ORD_3072,1011.26,20.23,3.64,987.39,setl_216,2026-08-22 03:36:00,2026-08-23,captured
pay_ZNV6L8JV,ORD_3073,1782.86,35.66,6.42,1740.78,setl_216,2026-08-21 23:03:00,2026-08-22,captured
pay_9QBFIY4G,ORD_3074,2525.12,50.5,9.09,2465.53,setl_216,2026-08-21 22:49:00,2026-08-22,captured
pay_HFA58S9E,ORD_3075,3504.55,70.09,12.62,3421.84,setl_216,2026-08-21 19:52:00,2026-08-22,captured
pay_GFQNBIA9,ORD_3076,1303.51,26.07,4.69,1272.75,setl_216,2026-08-22 06:37:00,2026-08-23,captured
pay_OXIHWM51,ORD_3077,705.1,14.1,2.54,688.46,setl_216,2026-08-22 07:06:00,2026-08-23,captured
pay_44QX1CLM,ORD_3078,1273.27,25.47,4.58,1243.22,setl_216,2026-08-21 22:14:00,2026-08-22,captured
pay_HW3GM7Q6,ORD_3079,1895.98,37.92,6.83,1851.23,setl_217,2026-08-21 21:53:00,2026-08-22,captured
pay_M6S0ZIUQ,ORD_3080,1827.87,36.56,6.58,1784.73,setl_217,2026-08-21 21:24:00,2026-08-22,captured
pay_T8MVW5OX,ORD_3081,2978.32,59.57,10.72,2908.03,setl_217,2026-08-22 06:35:00,2026-08-23,captured
pay_K8S7JYRI,ORD_3082,2488.1,49.76,8.96,2429.38,setl_217,2026-08-22 05:39:00,2026-08-23,captured
pay_VMQYBXPF,ORD_3083,1811.36,36.23,6.52,1768.61,setl_217,2026-08-21 22:23:00,2026-08-22,captured
pay_JRATLCEZ,ORD_3084,293.0,5.86,1.05,286.09,setl_217,2026-08-22 01:14:00,2026-08-23,captured
pay_R5NTIPWL,ORD_3085,1206.59,24.13,4.34,1178.12,setl_217,2026-08-21 20:20:00,2026-08-22,captured
pay_3HK3LQEX,ORD_3086,1452.82,29.06,5.23,1418.53,setl_217,2026-08-21 17:10:00,2026-08-22,captured
pay_NPWQ6YK8,ORD_3087,1800.15,42.48,7.65,1750.02,setl_217,2026-08-21 19:24:00,2026-08-22,captured
pay_6LXYNUWP,ORD_3088,1883.33,37.67,6.78,1838.88,setl_217,2026-08-22 04:24:00,2026-08-23,captured
pay_W7YE46F7,ORD_3089,2485.45,49.71,8.95,2426.79,setl_218,2026-08-21 19:37:00,2026-08-22,captured
pay_OL5VZD3N,ORD_3090,2513.52,50.27,9.05,2454.2,setl_218,2026-08-21 22:50:00,2026-08-22,captured
pay_RNWJHS1F,ORD_3091,180.97,3.62,0.65,176.7,setl_218,2026-08-21 23:04:00,2026-08-22,captured
pay_20K9AZU9,ORD_3092,431.25,8.62,1.55,421.08,setl_218,2026-08-22 00:12:00,2026-08-23,captured
pay_2DTBZXMU,ORD_3093,1177.96,23.56,4.24,1150.16,setl_218,2026-08-22 01:07:00,2026-08-23,captured
pay_VJE6IFKA,ORD_3094,1855.11,37.1,6.68,1811.33,setl_218,2026-08-22 03:03:00,2026-08-23,captured
pay_00I2ZRHV,ORD_3095,1457.7,29.15,5.25,1423.3,setl_218,2026-08-21 23:54:00,2026-08-22,captured
pay_DRKE1F1W,ORD_3096,1618.19,32.36,5.82,1580.01,setl_218,2026-08-22 06:38:00,2026-08-23,captured
pay_VKBW8BTT,ORD_3097,2457.36,49.15,8.85,2399.36,setl_218,2026-08-21 18:08:00,2026-08-22,captured
pay_FEUY5BFY,ORD_3098,1886.98,37.74,6.79,1842.45,setl_219,2026-08-22 02:54:00,2026-08-23,captured
pay_8IP5OBK7,ORD_3099,338.26,6.77,1.22,330.27,setl_219,2026-08-21 23:10:00,2026-08-22,captured
pay_6DES1KL5,ORD_3100,1257.51,25.15,4.53,1227.83,setl_219,2026-08-21 23:49:00,2026-08-22,captured
pay_J2VP8C6R,ORD_3101,1221.22,24.42,4.4,1192.4,setl_219,2026-08-21 17:50:00,2026-08-22,captured
pay_1FZXFCN0,ORD_3102,954.8,19.1,3.44,932.26,setl_219,2026-08-22 08:32:00,2026-08-23,captured
pay_0D9Y9B1Y,ORD_3103,401.61,8.03,1.45,392.13,setl_219,2026-08-22 08:46:00,2026-08-23,captured
pay_COQAVK65,ORD_3104,544.41,10.89,1.96,531.56,setl_219,2026-08-22 05:57:00,2026-08-23,captured
pay_HQBDYSAA,ORD_3105,467.64,9.35,1.68,456.61,setl_219,2026-08-21 21:51:00,2026-08-22,captured
pay_GK42O62K,ORD_3106,1476.43,29.53,5.32,1441.58,setl_219,2026-08-22 06:14:00,2026-08-23,captured
pay_M04RF4LT,ORD_3107,2504.21,50.08,9.01,2445.12,setl_219,2026-08-21 22:19:00,2026-08-22,captured
pay_9EWEUPAH,ORD_3108,1004.04,20.08,3.61,980.35,setl_220,2026-08-22 01:25:00,2026-08-23,captured
pay_T6TROUWF,ORD_3109,2535.19,50.7,9.13,2475.36,setl_220,2026-08-22 00:31:00,2026-08-23,captured
pay_PSO6JPRZ,ORD_3110,3450.7,69.01,12.42,3369.27,setl_220,2026-08-22 00:29:00,2026-08-23,captured
pay_ODL6URBJ,ORD_3111,422.09,8.44,1.52,412.13,setl_220,2026-08-21 19:09:00,2026-08-22,captured
pay_JCPTZZZ6,ORD_3112,149.49,2.99,0.54,145.96,setl_220,2026-08-21 20:50:00,2026-08-22,captured
pay_745CSF0A,ORD_3113,1602.9,32.06,5.77,1565.07,setl_220,2026-08-21 20:23:00,2026-08-22,captured
pay_6GO8N177,ORD_3114,332.98,6.66,1.2,325.12,setl_220,2026-08-22 01:27:00,2026-08-23,captured
pay_5YWL94MO,ORD_3115,1294.21,25.88,4.66,1263.67,setl_220,2026-08-21 17:15:00,2026-08-22,captured
pay_8XERFHS2,ORD_3116,449.89,9.0,1.62,439.27,setl_220,2026-08-21 19:10:00,2026-08-22,captured
pay_02OTTX57,ORD_3117,267.7,5.35,0.96,261.39,setl_220,2026-08-21 20:45:00,2026-08-22,captured
pay_2VDY6BEG,ORD_3118,651.15,13.02,2.34,635.79,setl_221,2026-08-21 23:17:00,2026-08-22,captured
pay_G0RQAP37,ORD_3119,473.05,9.46,1.7,461.89,setl_221,2026-08-22 01:38:00,2026-08-23,captured
pay_VMK0PLED,ORD_3120,1882.54,37.65,6.78,1838.11,setl_221,2026-08-21 20:21:00,2026-08-22,captured
pay_S8E80975,ORD_3121,1033.47,20.67,3.72,1009.08,setl_221,2026-08-22 08:23:00,2026-08-23,captured
pay_VIY3ZT3P,ORD_3122,376.09,7.52,1.35,367.22,setl_221,2026-08-22 02:47:00,2026-08-23,captured
pay_QQ8DYWWM,ORD_3123,1497.64,29.95,5.39,1462.3,setl_221,2026-08-21 18:04:00,2026-08-22,captured
pay_527KKZ4G,ORD_3124,1522.77,30.46,5.48,1486.83,setl_221,2026-08-21 18:57:00,2026-08-22,captured
pay_HHGTQMOR,ORD_3125,370.36,7.41,1.33,361.62,setl_221,2026-08-21 21:55:00,2026-08-22,captured
pay_NW8R3MU5,ORD_3126,914.95,18.3,3.29,893.36,setl_221,2026-08-21 21:29:00,2026-08-22,captured
pay_2J77RUEO,ORD_3127,2535.53,50.71,9.13,2475.69,setl_222,2026-08-21 18:48:00,2026-08-22,captured
pay_894I1Q2G,ORD_3128,242.3,4.85,0.87,236.58,setl_222,2026-08-22 01:25:00,2026-08-23,captured
pay_I9Y8U40Q,ORD_3129,1270.29,25.41,4.57,1240.31,setl_222,2026-08-22 03:47:00,2026-08-23,captured
pay_G7F10TB8,ORD_3130,1305.03,26.1,4.7,1274.23,setl_222,2026-08-21 21:23:00,2026-08-22,captured
pay_XOATMZH9,ORD_3131,447.31,8.95,1.61,436.75,setl_222,2026-08-21 18:43:00,2026-08-22,captured
pay_EDZ3G9R3,ORD_3132,994.94,19.9,3.58,971.46,setl_222,2026-08-22 02:30:00,2026-08-23,captured
pay_SS07ZP3U,ORD_3133,493.7,9.87,1.78,482.05,setl_222,2026-08-22 08:34:00,2026-08-23,captured
pay_ISVYYRKP,ORD_3134,2998.87,59.98,10.8,2928.09,setl_222,2026-08-21 18:41:00,2026-08-22,captured
pay_2YJMLEQM,ORD_3135,1810.57,36.21,6.52,1767.84,setl_222,2026-08-21 18:58:00,2026-08-22,captured
pay_QVRUA7BL,ORD_3136,1526.34,30.53,5.5,1490.31,setl_222,2026-08-21 22:33:00,2026-08-22,captured
pay_CE0X6M8N,ORD_3137,255.1,5.1,0.92,249.08,setl_223,2026-08-21 23:58:00,2026-08-23,captured
pay_1BNMPMXJ,ORD_3138,1173.15,23.46,4.22,1145.47,setl_223,2026-08-21 18:32:00,2026-08-22,captured
pay_H1U9C245,ORD_3139,1285.81,25.72,4.63,1255.46,setl_223,2026-08-22 03:50:00,2026-08-23,captured
pay_PHJF7ZF8,ORD_3140,1609.05,32.18,5.79,1371.08,setl_223,2026-08-21 23:12:00,2026-08-22,captured
pay_G1HB3Z30,ORD_3141,1195.54,23.91,4.3,1167.33,setl_223,2026-08-22 08:45:00,2026-08-23,captured
pay_J6HQJG5H,ORD_3142,503.32,10.07,1.81,491.44,setl_223,2026-08-22 02:11:00,2026-08-23,captured
pay_NW8EX6WA,ORD_3143,3537.72,70.75,12.73,3454.24,setl_223,2026-08-21 23:37:00,2026-08-22,captured
pay_RPXT6XNN,ORD_3144,1192.99,23.86,4.29,1164.84,setl_223,2026-08-22 04:49:00,2026-08-23,captured
pay_RZ2QYPBH,ORD_3145,179.25,3.58,0.64,175.03,setl_223,2026-08-21 21:09:00,2026-08-22,captured
pay_NH0E9H2B,ORD_3146,668.82,13.38,2.41,653.03,setl_224,2026-08-22 06:38:00,2026-08-23,captured
pay_5YCNIDS1,ORD_3147,710.36,14.21,2.56,693.59,setl_224,2026-08-22 08:03:00,2026-08-23,captured
pay_EAP50SW1,ORD_3148,1028.79,20.58,3.7,1004.51,setl_224,2026-08-21 19:44:00,2026-08-22,captured
pay_DKUYPFV0,ORD_3149,671.32,13.43,2.42,655.47,setl_224,2026-08-22 08:30:00,2026-08-23,captured
pay_4NFLUO6P,ORD_3150,472.11,9.44,1.7,460.97,setl_224,2026-08-21 22:21:00,2026-08-22,captured
pay_JMVAUM2K,ORD_3151,1916.67,38.33,6.9,1871.44,setl_224,2026-08-22 00:43:00,2026-08-23,captured
pay_QSHB0DX0,ORD_3152,1626.87,32.54,5.86,1588.47,setl_224,2026-08-22 04:13:00,2026-08-23,captured
pay_MO2HZG8H,ORD_3153,387.02,7.74,1.39,377.89,setl_224,2026-08-22 00:45:30,2026-08-23,captured
pay_7QUVCYAD,ORD_3153,387.02,7.74,1.39,377.89,setl_224,2026-08-22 00:45:00,2026-08-23,captured
pay_0H4FL7Q1,ORD_3154,3009.32,60.19,10.83,2938.3,setl_225,2026-08-22 06:26:00,2026-08-23,captured
pay_WKRPC3YV,ORD_3155,415.45,8.31,1.5,405.64,setl_225,2026-08-22 04:42:00,2026-08-23,captured
pay_DK13ZP84,ORD_3156,940.85,18.82,3.39,918.64,setl_225,2026-08-22 04:45:00,2026-08-23,captured
pay_15028LSU,ORD_3157,1328.28,26.57,4.78,1296.93,setl_225,2026-08-22 00:38:00,2026-08-23,captured
pay_V7TIQIJB,ORD_3159,3528.88,70.58,12.7,3445.6,setl_225,2026-08-22 07:29:00,2026-08-23,captured
pay_0CISUVYK,ORD_3160,2480.89,49.62,8.93,2422.34,setl_225,2026-08-21 18:27:00,2026-08-22,captured
pay_MTVGE3YN,ORD_3161,1775.52,35.51,6.39,1733.62,setl_225,2026-08-22 02:51:00,2026-08-23,captured
pay_5PKP6VCR,ORD_3162,2494.19,49.88,8.98,2435.33,setl_225,2026-08-21 18:16:00,2026-08-22,captured
pay_PGEM9IUY,ORD_3163,676.62,15.97,2.87,657.78,setl_225,2026-08-21 20:43:00,2026-08-22,captured
pay_6B2KLVHN,ORD_3164,1004.12,20.08,3.61,980.43,setl_225,2026-08-21 19:45:00,2026-08-22,captured
pay_3SLA5GM4,ORD_3165,1620.46,32.41,5.83,1582.22,setl_225,2026-08-22 05:01:00,2026-08-23,captured
pay_34DT6UN6,ORD_3166,2450.16,49.0,8.82,2392.34,setl_226,2026-08-21 19:14:00,2026-08-22,captured
pay_BMED33I7,ORD_3167,1478.52,29.57,5.32,1443.63,setl_226,2026-08-21 23:59:00,2026-08-23,captured
pay_CAAL8VHF,ORD_3168,3492.8,69.86,12.57,3410.37,setl_226,2026-08-22 06:54:00,2026-08-23,captured
pay_D8H3CHUF,ORD_3169,950.73,19.01,3.42,928.3,setl_226,2026-08-21 20:42:00,2026-08-22,captured
pay_73RY7QNU,ORD_3170,3005.25,60.11,10.82,2734.32,setl_226,2026-08-22 01:03:00,2026-08-23,captured
pay_DY69620Z,ORD_3171,320.63,6.41,1.15,313.07,setl_226,2026-08-21 17:28:00,2026-08-22,captured
pay_LYGEP3CC,ORD_3172,3048.47,60.97,10.97,2976.53,setl_226,2026-08-22 04:08:00,2026-08-23,captured
pay_47HGM5SR,ORD_3173,335.35,6.71,1.21,327.43,setl_226,2026-08-22 01:00:30,2026-08-23,captured
pay_ZEPFEKXV,ORD_3173,335.35,6.71,1.21,327.43,setl_226,2026-08-22 01:00:00,2026-08-23,captured
pay_ZWUOT8MM,ORD_3174,2519.11,50.38,9.07,2459.66,setl_226,2026-08-21 18:01:00,2026-08-22,captured
pay_1761J034,ORD_3176,1549.59,36.57,6.58,1506.44,setl_227,2026-08-22 05:53:00,2026-08-23,captured
pay_2TIPLK5B,ORD_3177,1518.18,30.36,5.46,1482.36,setl_227,2026-08-21 20:17:00,2026-08-22,captured
pay_B3YQMPUY,ORD_3178,508.06,10.16,1.83,496.07,setl_227,2026-08-22 03:58:00,2026-08-23,captured
pay_VJKXXKM7,ORD_3179,1006.15,20.12,3.62,982.41,setl_227,2026-08-22 08:18:00,2026-08-23,captured
pay_1V53HD78,ORD_3180,1566.91,31.34,5.64,1529.93,setl_227,2026-08-22 02:33:00,2026-08-23,captured
pay_9YNSUA88,ORD_3181,301.44,6.03,1.09,294.32,setl_227,2026-08-22 05:11:00,2026-08-23,captured
pay_1N1TP1LS,ORD_3182,309.88,6.2,1.12,302.56,setl_227,2026-08-22 05:06:00,2026-08-23,captured
pay_ENFRRYBC,ORD_3183,486.61,9.73,1.75,475.13,setl_227,2026-08-22 06:31:00,2026-08-23,captured
pay_LJ8MM03A,ORD_3184,1344.18,26.88,4.84,1312.46,setl_227,2026-08-21 19:47:00,2026-08-22,captured
pay_QD8C1AM0,ORD_3185,2532.77,50.66,9.12,2472.99,setl_227,2026-08-22 05:57:00,2026-08-23,captured
pay_NOL8WKFF,ORD_3186,318.92,6.38,1.15,311.39,setl_228,2026-08-21 23:59:00,2026-08-23,captured
pay_6ID36XC5,ORD_3187,509.45,10.19,1.83,497.43,setl_228,2026-08-22 02:01:00,2026-08-23,captured
pay_5R1F5BF7,ORD_3188,1300.2,26.0,4.68,1069.52,setl_228,2026-08-21 23:47:00,2026-08-22,captured
pay_756SSX82,ORD_3189,2463.73,49.27,8.87,2405.59,setl_228,2026-08-21 23:36:00,2026-08-22,captured
pay_9SW23YNR,ORD_3190,414.06,8.28,1.49,404.29,setl_228,2026-08-21 22:29:00,2026-08-22,captured
pay_S8F093FL,ORD_3191,1035.68,20.71,3.73,1011.24,setl_228,2026-08-21 23:52:00,2026-08-22,captured
pay_68Y1TL9J,ORD_3192,312.94,6.26,1.13,305.55,setl_228,2026-08-22 03:08:00,2026-08-23,captured
pay_F9PRNNBE,ORD_3193,1204.4,24.09,4.34,1175.97,setl_228,2026-08-21 22:36:00,2026-08-22,captured
pay_CRHY3ZOM,ORD_3194,1278.92,25.58,4.6,1248.74,setl_228,2026-08-22 07:07:00,2026-08-23,captured
pay_DXRK6C2J,ORD_3195,886.14,17.72,3.19,865.23,setl_229,2026-08-21 21:27:00,2026-08-22,captured
pay_MV5NLZL7,ORD_3196,850.52,17.01,3.06,830.45,setl_229,2026-08-21 19:20:00,2026-08-22,captured
pay_YNIIJUQW,ORD_3197,1508.52,30.17,5.43,1472.92,setl_229,2026-08-22 08:07:00,2026-08-23,captured
pay_2KKVR0TM,ORD_3198,651.85,13.04,2.35,636.46,setl_229,2026-08-21 18:49:00,2026-08-22,captured
pay_SBZ75EUF,ORD_3199,1611.69,32.23,5.8,1573.66,setl_229,2026-08-21 19:57:00,2026-08-22,captured
pay_RK58HEGI,ORD_3200,220.74,4.41,0.79,215.54,setl_229,2026-08-22 00:34:00,2026-08-23,captured
pay_QY9055S2,ORD_3201,325.4,6.51,1.17,317.72,setl_229,2026-08-22 07:03:00,2026-08-23,captured
pay_QHN49MAY,ORD_3202,679.97,13.6,2.45,663.92,setl_229,2026-08-22 08:17:00,2026-08-23,captured
pay_4E82XEU7,ORD_3203,495.24,9.9,1.78,483.56,setl_229,2026-08-21 22:59:00,2026-08-22,captured
pay_21EJ2VHA,ORD_3204,1635.52,32.71,5.89,1596.92,setl_229,2026-08-21 22:35:00,2026-08-22,captured
pay_6O8BJMIG,ORD_3205,1013.38,20.27,3.65,989.46,setl_230,2026-08-21 22:43:00,2026-08-22,captured
pay_D8X92MFJ,ORD_3206,219.56,4.39,0.79,214.38,setl_230,2026-08-22 01:42:00,2026-08-23,captured
pay_YRZLZ72J,ORD_3207,536.29,10.73,1.93,523.63,setl_230,2026-08-22 00:34:00,2026-08-23,captured
pay_7033ZUJC,ORD_3208,857.32,17.15,3.09,837.08,setl_230,2026-08-22 03:40:00,2026-08-23,captured
pay_GYMRRQSR,ORD_3209,1306.38,26.13,4.7,1275.55,setl_230,2026-08-21 20:17:00,2026-08-22,captured
pay_4LR9CM19,ORD_3210,1869.96,37.4,6.73,1825.83,setl_230,2026-08-22 06:06:00,2026-08-23,captured
pay_4GVA34E5,ORD_3211,3514.24,70.28,12.65,3431.31,setl_230,2026-08-21 22:31:00,2026-08-22,captured
pay_SAK0OJW1,ORD_3212,856.5,17.13,3.08,836.29,setl_230,2026-08-21 20:24:30,2026-08-22,captured
pay_JVAA08D7,ORD_3212,856.5,17.13,3.08,836.29,setl_230,2026-08-21 20:24:00,2026-08-22,captured
pay_UD9RT7NW,ORD_3213,719.4,14.39,2.59,702.42,setl_230,2026-08-22 02:58:00,2026-08-23,captured
pay_9VOBGGGK,ORD_3214,445.18,8.9,1.6,434.68,setl_230,2026-08-22 05:30:00,2026-08-23,captured
pay_6WQX1N6P,ORD_3215,2985.38,59.71,10.75,2914.92,setl_231,2026-08-22 07:13:00,2026-08-23,captured
pay_EMYD8YH3,ORD_3216,1825.82,36.52,6.57,1782.73,setl_231,2026-08-22 07:01:00,2026-08-23,captured
pay_OTTXT1B1,ORD_3217,530.72,10.61,1.91,518.2,setl_231,2026-08-22 06:35:00,2026-08-23,captured
pay_KHZH4J5B,ORD_3218,1496.43,29.93,5.39,1461.11,setl_231,2026-08-22 05:35:00,2026-08-23,captured
pay_51MO5JMQ,ORD_3219,364.04,7.28,1.31,355.45,setl_231,2026-08-22 08:46:00,2026-08-23,captured
pay_M43I465X,ORD_3220,460.9,9.22,1.66,450.02,setl_231,2026-08-22 01:29:00,2026-08-23,captured
pay_GXUJ3SO5,ORD_3221,201.35,4.03,0.73,196.59,setl_231,2026-08-22 00:32:00,2026-08-23,captured
pay_K5B8SNTH,ORD_3222,232.28,4.65,0.84,226.79,setl_231,2026-08-22 00:31:00,2026-08-23,captured
pay_EON9SZJ2,ORD_3223,1041.49,20.83,3.75,1016.91,setl_231,2026-08-21 23:16:00,2026-08-22,captured
pay_A5H3Z4LB,ORD_3224,1194.86,23.9,4.3,1166.66,setl_231,2026-08-22 01:08:00,2026-08-23,captured
pay_PHKOKPY9,ORD_3225,1585.1,31.7,5.71,1547.69,setl_232,2026-08-22 07:45:00,2026-08-23,captured
pay_6H2WJMFB,ORD_3226,1623.56,32.47,5.84,1585.25,setl_232,2026-08-21 23:56:00,2026-08-22,captured
pay_AWPRTYVE,ORD_3227,230.82,4.62,0.83,225.37,setl_232,2026-08-21 18:57:00,2026-08-22,captured
pay_HHI4PJHL,ORD_3228,2475.24,49.5,8.91,2416.83,setl_232,2026-08-22 08:40:00,2026-08-23,captured
pay_A3M1XGB1,ORD_3229,269.58,5.39,0.97,263.22,setl_232,2026-08-21 23:57:00,2026-08-22,captured
pay_CD4ZYEFG,ORD_3230,485.07,9.7,1.75,473.62,setl_232,2026-08-22 03:31:00,2026-08-23,captured
pay_RJVV88D0,ORD_3231,935.27,18.71,3.37,913.19,setl_232,2026-08-21 20:10:00,2026-08-22,captured
pay_CB2OXEBP,ORD_3233,390.67,7.81,1.41,381.45,setl_232,2026-08-21 17:36:00,2026-08-22,captured
pay_YKTJ82IS,ORD_3234,1252.58,25.05,4.51,1223.02,setl_233,2026-08-21 23:53:00,2026-08-22,captured
pay_55WRSWG5,ORD_3235,670.31,13.41,2.41,654.49,setl_233,2026-08-22 02:45:00,2026-08-23,captured
pay_I8P0LW38,ORD_3236,2473.49,49.47,8.9,2415.12,setl_233,2026-08-22 05:54:00,2026-08-23,captured
pay_HHGWQ5P4,ORD_3237,3004.08,60.08,10.81,2933.19,setl_233,2026-08-22 03:52:00,2026-08-23,captured
pay_F4X6VVWN,ORD_3238,291.33,5.83,1.05,284.45,setl_233,2026-08-21 18:10:00,2026-08-22,captured
pay_M89BVV2J,ORD_3239,544.94,10.9,1.96,532.08,setl_233,2026-08-22 00:26:00,2026-08-23,captured
pay_F9VHU7AK,ORD_3240,1817.26,36.35,6.54,1774.37,setl_233,2026-08-21 22:02:00,2026-08-22,captured
pay_1YNS3BTE,ORD_3241,1515.43,30.31,5.46,1479.66,setl_233,2026-08-21 21:45:00,2026-08-22,captured
pay_KQ6M1RQH,ORD_3242,1872.75,37.45,6.74,1828.56,setl_234,2026-08-22 04:24:00,2026-08-23,captured
pay_I3NDFFY1,ORD_3243,276.09,5.52,0.99,269.58,setl_234,2026-08-22 03:43:00,2026-08-23,captured
pay_SGNXY12X,ORD_3244,1642.18,32.84,5.91,1603.43,setl_234,2026-08-22 04:56:00,2026-08-23,captured
pay_7EP03LK0,ORD_3245,389.53,7.79,1.4,380.34,setl_234,2026-08-21 18:16:00,2026-08-22,captured
pay_SK0540SE,ORD_3246,409.33,8.19,1.47,399.67,setl_234,2026-08-21 17:55:00,2026-08-22,captured
pay_A7O7MMZ1,ORD_3247,189.72,3.79,0.68,185.25,setl_234,2026-08-21 18:18:00,2026-08-22,captured
pay_SZXQ1K1Q,ORD_3248,1035.09,20.7,3.73,1010.66,setl_234,2026-08-21 19:55:00,2026-08-22,captured
pay_5EHQ403I,ORD_3249,1276.15,25.52,4.59,1246.04,setl_234,2026-08-21 22:26:00,2026-08-22,captured
pay_56VK3U0Q,ORD_3250,1310.57,26.21,4.72,1279.64,setl_234,2026-08-22 08:06:00,2026-08-23,captured
pay_MP4ELVMB,ORD_3251,892.64,17.85,3.21,871.58,setl_234,2026-08-21 23:48:00,2026-08-22,captured
pay_EF1FFRM2,ORD_3252,692.09,13.84,2.49,675.76,setl_235,2026-08-21 17:27:00,2026-08-22,captured
pay_R73CKNU2,ORD_3253,1043.84,20.88,3.76,1019.2,setl_235,2026-08-21 23:18:00,2026-08-22,captured
pay_28PU8HN8,ORD_3254,1011.25,23.87,4.3,983.08,setl_235,2026-08-22 05:03:00,2026-08-23,captured
pay_K2UBPZKC,ORD_3255,1590.48,31.81,5.73,1552.94,setl_235,2026-08-22 04:49:00,2026-08-23,captured
pay_1DZQIONB,ORD_3256,1040.07,20.8,3.74,1015.53,setl_235,2026-08-22 08:38:00,2026-08-23,captured
pay_U8SSMY9B,ORD_3257,1236.03,24.72,4.45,1206.86,setl_235,2026-08-22 06:07:00,2026-08-23,captured
pay_4GFKBZY0,ORD_3258,3468.69,69.37,12.49,3386.83,setl_235,2026-08-21 19:09:00,2026-08-22,captured
pay_X6TWS79C,ORD_3259,1892.34,37.85,6.81,1847.68,setl_235,2026-08-21 18:12:00,2026-08-22,captured
pay_D11PI552,ORD_3260,1470.13,29.4,5.29,1435.44,setl_235,2026-08-22 02:33:00,2026-08-23,captured
pay_G1PRF3L4,ORD_3261,3472.26,69.45,12.5,3390.31,setl_236,2026-08-21 19:14:00,2026-08-22,captured
pay_VPIVXSYT,ORD_3262,713.82,14.28,2.57,696.97,setl_236,2026-08-21 22:52:00,2026-08-22,captured
pay_SXL8NV9U,ORD_3263,176.26,3.53,0.64,172.09,setl_236,2026-08-21 22:23:00,2026-08-22,captured
pay_OXHK7W2V,ORD_3264,1158.19,23.16,4.17,1130.86,setl_236,2026-08-22 03:55:00,2026-08-23,captured
pay_NP9S8E9G,ORD_3265,3542.87,70.86,12.75,3459.26,setl_236,2026-08-22 01:54:00,2026-08-23,captured
pay_JUE6IHRU,ORD_3266,1927.15,38.54,6.94,1881.67,setl_236,2026-08-22 00:44:00,2026-08-23,captured
pay_RK5SLSBJ,ORD_3267,3047.12,60.94,10.97,2975.21,setl_236,2026-08-21 23:59:00,2026-08-23,captured
pay_XXX2N2SU,ORD_3268,357.41,7.15,1.29,348.97,setl_236,2026-08-22 03:47:00,2026-08-23,captured
pay_6WRPX7J8,ORD_3269,3037.67,60.75,10.93,2965.99,setl_237,2026-08-21 19:56:00,2026-08-22,captured
pay_8M52GCF9,ORD_3270,1795.69,35.91,6.46,1753.32,setl_237,2026-08-22 06:09:00,2026-08-23,captured
pay_EICUUSYX,ORD_3271,1593.31,31.87,5.74,1555.7,setl_237,2026-08-21 20:58:00,2026-08-22,captured
pay_5TBDJGGG,ORD_3272,1586.41,31.73,5.71,1548.97,setl_237,2026-08-22 00:17:00,2026-08-23,captured
pay_GRVZ2EHD,ORD_3273,2535.8,50.72,9.13,2475.95,setl_237,2026-08-22 06:28:00,2026-08-23,captured
pay_BNECJQ42,ORD_3274,3041.01,60.82,10.95,2969.24,setl_237,2026-08-21 19:51:00,2026-08-22,captured
pay_A4RZMWDE,ORD_3275,1932.19,38.64,6.96,1886.59,setl_237,2026-08-22 04:44:00,2026-08-23,captured
pay_7AR00NHP,ORD_3276,380.65,7.61,1.37,371.67,setl_237,2026-08-21 23:05:00,2026-08-22,captured
pay_VK2HQKQ8,ORD_3277,1524.12,30.48,5.49,1288.15,setl_238,2026-08-21 20:30:00,2026-08-22,captured
pay_IDOOOBHO,ORD_3278,2977.34,59.55,10.72,2907.07,setl_238,2026-08-21 21:31:00,2026-08-22,captured
pay_JLMP76YO,ORD_3279,982.98,19.66,3.54,959.78,setl_238,2026-08-22 06:50:30,2026-08-23,captured
pay_60F0EA86,ORD_3279,982.98,19.66,3.54,959.78,setl_238,2026-08-22 06:50:00,2026-08-23,captured
pay_818CS4QY,ORD_3280,3497.74,69.95,12.59,3415.2,setl_238,2026-08-21 17:24:00,2026-08-22,captured
pay_17A5JKUL,ORD_3281,1846.18,36.92,6.65,1802.61,setl_238,2026-08-21 23:38:00,2026-08-22,captured
pay_JOJ02WY0,ORD_3283,167.83,3.96,0.71,163.16,setl_238,2026-08-22 00:04:00,2026-08-23,captured
pay_LKS2DVGO,ORD_3284,463.27,9.27,1.67,452.33,setl_238,2026-08-22 02:05:00,2026-08-23,captured
pay_AR1ZGZBU,ORD_3285,1171.43,23.43,4.22,1143.78,setl_238,2026-08-21 23:50:00,2026-08-22,captured
pay_7BXDQ30P,ORD_3286,160.95,3.22,0.58,157.15,setl_238,2026-08-22 01:18:00,2026-08-23,captured
pay_7WUQQ4TN,ORD_3287,1783.1,35.66,6.42,1741.02,setl_239,2026-08-22 23:58:00,2026-08-24,captured
pay_VR081I1C,ORD_3288,686.86,13.74,2.47,670.65,setl_239,2026-08-23 04:05:00,2026-08-24,captured
pay_VTIXRH6K,ORD_3289,1021.11,20.42,3.68,997.01,setl_239,2026-08-22 19:53:00,2026-08-23,captured
pay_BMZW7539,ORD_3290,500.91,10.02,1.8,489.09,setl_239,2026-08-23 01:49:00,2026-08-24,captured
pay_495AJGAT,ORD_3291,1869.26,37.39,6.73,1825.14,setl_239,2026-08-23 07:05:00,2026-08-24,captured
pay_U3O193X2,ORD_3292,1563.72,31.27,5.63,1526.82,setl_239,2026-08-22 22:29:00,2026-08-23,captured
pay_AV7H4VCK,ORD_3293,905.11,18.1,3.26,883.75,setl_239,2026-08-22 17:48:00,2026-08-23,captured
pay_59ROGA72,ORD_3294,530.46,10.61,1.91,517.94,setl_239,2026-08-23 07:04:00,2026-08-24,captured
pay_DYQZS5DU,ORD_3295,695.49,13.91,2.5,679.08,setl_239,2026-08-23 08:51:00,2026-08-24,captured
pay_QW8NZUEV,ORD_3296,1539.88,30.8,5.54,1503.54,setl_239,2026-08-23 06:05:00,2026-08-24,captured
pay_I747X202,ORD_3297,252.69,5.05,0.91,246.73,setl_240,2026-08-22 23:27:00,2026-08-23,captured
pay_P050ORNE,ORD_3298,1784.17,35.68,6.42,1742.07,setl_240,2026-08-23 08:23:00,2026-08-24,captured
pay_7KQI5WWY,ORD_3299,898.01,17.96,3.23,876.82,setl_240,2026-08-23 01:36:00,2026-08-24,captured
pay_VV1GFBCH,ORD_3300,3479.69,69.59,12.53,3397.57,setl_240,2026-08-23 00:27:00,2026-08-24,captured
pay_3EDPVGNY,ORD_3301,241.58,4.83,0.87,235.88,setl_240,2026-08-22 20:13:00,2026-08-23,captured
pay_BXTS02NI,ORD_3302,1473.53,29.47,5.3,1438.76,setl_240,2026-08-23 08:37:00,2026-08-24,captured
pay_Y18JSEUO,ORD_3303,1791.35,35.83,6.45,1749.07,setl_240,2026-08-22 18:13:00,2026-08-23,captured
pay_UFEUCXSM,ORD_3304,378.04,7.56,1.36,369.12,setl_240,2026-08-22 20:30:00,2026-08-23,captured
pay_L8YRR4CK,ORD_3305,1205.77,24.12,4.34,1177.31,setl_241,2026-08-23 07:24:00,2026-08-24,captured
pay_HI7CYRBV,ORD_3306,315.93,6.32,1.14,308.47,setl_241,2026-08-23 02:44:00,2026-08-24,captured
pay_NZNX9GWH,ORD_3307,1754.02,35.08,6.31,1712.63,setl_241,2026-08-22 18:48:00,2026-08-23,captured
pay_TLO1I7XJ,ORD_3308,889.69,17.79,3.2,868.7,setl_241,2026-08-23 07:05:00,2026-08-24,captured
pay_42VJGKVE,ORD_3309,3027.58,60.55,10.9,2756.13,setl_241,2026-08-22 17:21:00,2026-08-23,captured
pay_XHF4WIQ8,ORD_3310,934.08,18.68,3.36,912.04,setl_241,2026-08-23 06:44:00,2026-08-24,captured
pay_LR4KNBD9,ORD_3311,2479.67,49.59,8.93,2421.15,setl_241,2026-08-22 19:07:00,2026-08-23,captured
pay_K76K9AGE,ORD_3312,233.16,4.66,0.84,227.66,setl_241,2026-08-22 22:26:00,2026-08-23,captured
pay_UA4DQXIN,ORD_3313,369.9,7.4,1.33,361.17,setl_241,2026-08-22 22:11:00,2026-08-23,captured
pay_ZBB27S9B,ORD_3314,1541.59,30.83,5.55,1505.21,setl_242,2026-08-23 08:44:00,2026-08-24,captured
pay_J1DG6FWR,ORD_3315,959.84,19.2,3.46,937.18,setl_242,2026-08-23 03:09:00,2026-08-24,captured
pay_XD06JGYP,ORD_3316,1487.3,29.75,5.35,1452.2,setl_242,2026-08-23 03:30:00,2026-08-24,captured
pay_Z5TPWY0T,ORD_3317,463.05,9.26,1.67,452.12,setl_242,2026-08-22 19:25:00,2026-08-23,captured
pay_G35XDKU6,ORD_3318,3019.39,60.39,10.87,2948.13,setl_242,2026-08-23 02:39:00,2026-08-24,captured
pay_HSNZ6UUK,ORD_3319,2460.29,49.21,8.86,2402.22,setl_242,2026-08-23 02:01:00,2026-08-24,captured
pay_3BQ6FWSK,ORD_3320,1581.14,31.62,5.69,1543.83,setl_242,2026-08-22 20:55:00,2026-08-23,captured
pay_WTYFG2EX,ORD_3321,1610.83,32.22,5.8,1572.81,setl_242,2026-08-23 05:28:00,2026-08-24,captured
pay_YU98GFEX,ORD_3322,393.94,7.88,1.42,384.64,setl_242,2026-08-23 06:22:00,2026-08-24,captured
pay_HM3TG8KT,ORD_3323,868.07,17.36,3.12,847.59,setl_243,2026-08-23 03:58:00,2026-08-24,captured
pay_7RCI2AFI,ORD_3324,263.76,5.28,0.95,257.53,setl_243,2026-08-23 01:27:00,2026-08-24,captured
pay_3RB1W0XW,ORD_3325,1773.17,35.46,6.38,1731.33,setl_243,2026-08-23 07:52:00,2026-08-24,captured
pay_6K8Z6R5C,ORD_3326,3498.35,69.97,12.59,3415.79,setl_243,2026-08-23 06:49:00,2026-08-24,captured
pay_3Z5NCY31,ORD_3327,316.85,6.34,1.14,309.37,setl_243,2026-08-22 18:03:00,2026-08-23,captured
pay_GM5P39VH,ORD_3328,277.37,5.55,1.0,270.82,setl_243,2026-08-22 21:25:00,2026-08-23,captured
pay_LGTDT2SG,ORD_3329,1348.81,26.98,4.86,1316.97,setl_243,2026-08-23 00:42:00,2026-08-24,captured
pay_TPA50BG5,ORD_3330,446.02,8.92,1.61,435.49,setl_243,2026-08-22 22:53:00,2026-08-23,captured
pay_VUCCPUGC,ORD_3331,726.33,14.53,2.62,709.18,setl_243,2026-08-22 19:38:00,2026-08-23,captured
pay_M399ARAU,ORD_3332,323.94,6.48,1.17,316.29,setl_244,2026-08-23 07:47:00,2026-08-24,captured
pay_QSZO1I73,ORD_3333,1877.26,37.55,6.76,1832.95,setl_244,2026-08-23 05:15:00,2026-08-24,captured
pay_0KG6UMH4,ORD_3334,956.3,19.13,3.44,933.73,setl_244,2026-08-23 01:38:00,2026-08-24,captured
pay_DOXM7Z7A,ORD_3335,3023.25,60.47,10.88,2951.9,setl_244,2026-08-22 19:25:30,2026-08-23,captured
pay_OLDI47I1,ORD_3335,3023.25,60.47,10.88,2951.9,setl_244,2026-08-22 19:25:00,2026-08-23,captured
pay_RR7FIE5R,ORD_3336,543.28,10.87,1.96,530.45,setl_244,2026-08-22 17:17:00,2026-08-23,captured
pay_CC2SW01M,ORD_3338,1770.65,35.41,6.37,1728.87,setl_244,2026-08-22 20:13:00,2026-08-23,captured
pay_8E6PLUI4,ORD_3339,723.17,14.46,2.6,706.11,setl_244,2026-08-23 03:58:00,2026-08-24,captured
pay_69SFI30M,ORD_3340,1457.77,29.16,5.25,1423.36,setl_244,2026-08-22 23:16:00,2026-08-23,captured
pay_D2IPTNDB,ORD_3341,266.33,5.33,0.96,260.04,setl_244,2026-08-22 17:20:00,2026-08-23,captured
pay_ADBS9CWQ,ORD_3342,255.77,5.12,0.92,249.73,setl_245,2026-08-23 02:07:00,2026-08-24,captured
pay_U54HEAGL,ORD_3343,367.37,7.35,1.32,358.7,setl_245,2026-08-23 02:41:00,2026-08-24,captured
pay_DOCBA4AA,ORD_3344,220.3,4.41,0.79,215.1,setl_245,2026-08-23 02:21:00,2026-08-24,captured
pay_8QKBR9FY,ORD_3345,868.93,17.38,3.13,848.42,setl_245,2026-08-23 03:26:00,2026-08-24,captured
pay_R2CS16UU,ORD_3346,1545.01,30.9,5.56,1508.55,setl_245,2026-08-23 07:09:00,2026-08-24,captured
pay_075HRXEH,ORD_3347,3539.62,70.79,12.74,3456.09,setl_245,2026-08-23 08:31:00,2026-08-24,captured
pay_X2BSIJEJ,ORD_3348,1502.3,30.05,5.41,1466.84,setl_245,2026-08-23 00:43:00,2026-08-24,captured
pay_3IETYR9X,ORD_3349,2489.99,49.8,8.96,2431.23,setl_245,2026-08-22 19:45:00,2026-08-23,captured
pay_2SW6D9WI,ORD_3350,2973.8,59.48,10.71,2903.61,setl_245,2026-08-22 20:26:00,2026-08-23,captured
pay_1VQYLBOS,ORD_3351,252.3,5.95,1.07,245.28,setl_245,2026-08-23 02:40:00,2026-08-24,captured
pay_1HUKB6MX,ORD_3352,649.84,13.0,2.34,634.5,setl_245,2026-08-23 07:41:00,2026-08-24,captured
pay_Q7SVOQ85,ORD_3353,1216.38,24.33,4.38,1187.67,setl_246,2026-08-23 03:00:00,2026-08-24,captured
pay_1BB2YAJ1,ORD_3354,1941.71,38.83,6.99,1895.89,setl_246,2026-08-22 21:52:00,2026-08-23,captured
pay_KDPYTA7D,ORD_3355,198.45,3.97,0.71,193.77,setl_246,2026-08-22 20:52:00,2026-08-23,captured
pay_P8FP1K8R,ORD_3356,204.2,4.08,0.73,199.39,setl_246,2026-08-23 08:10:00,2026-08-24,captured
pay_9SQAIL1Y,ORD_3357,1903.86,38.08,6.85,1858.93,setl_246,2026-08-22 19:08:00,2026-08-23,captured
pay_LNPT95XJ,ORD_3358,1227.58,24.55,4.42,1198.61,setl_246,2026-08-23 07:17:00,2026-08-24,captured
pay_SDQW5SVF,ORD_3359,412.91,8.26,1.49,403.16,setl_246,2026-08-23 01:53:00,2026-08-24,captured
pay_E7YCS1KE,ORD_3360,1865.08,37.3,6.71,1821.07,setl_246,2026-08-22 17:23:00,2026-08-23,captured
pay_D2FNC3CI,ORD_3361,291.23,5.82,1.05,284.36,setl_247,2026-08-23 05:55:00,2026-08-24,captured
pay_3QB38YHE,ORD_3362,676.08,13.52,2.43,660.13,setl_247,2026-08-22 21:26:00,2026-08-23,captured
pay_WE46XAAD,ORD_3363,269.55,5.39,0.97,263.19,setl_247,2026-08-23 03:17:00,2026-08-24,captured
pay_G9LF52P9,ORD_3364,1869.39,37.39,6.73,1825.27,setl_247,2026-08-23 04:57:00,2026-08-24,captured
pay_LPEO8L1U,ORD_3365,1030.63,20.61,3.71,1006.31,setl_247,2026-08-23 01:44:00,2026-08-24,captured
pay_T4LH19L8,ORD_3366,176.01,3.52,0.63,171.86,setl_247,2026-08-23 06:51:00,2026-08-24,captured
pay_D4U4LB2E,ORD_3367,2461.73,49.23,8.86,2403.64,setl_247,2026-08-23 04:08:00,2026-08-24,captured
pay_Y80W5GSM,ORD_3368,3486.04,69.72,12.55,3403.77,setl_247,2026-08-23 04:33:00,2026-08-24,captured
pay_3M236MKZ,ORD_3369,303.56,6.07,1.09,296.4,setl_247,2026-08-22 19:41:00,2026-08-23,captured
pay_JVBP3BAU,ORD_3370,1297.24,25.94,4.67,1266.63,setl_247,2026-08-23 01:40:00,2026-08-24,captured
pay_32RV23U6,ORD_3371,288.02,5.76,1.04,281.22,setl_247,2026-08-23 23:59:00,2026-08-25,captured
pay_5JQ4J90V,ORD_3372,401.07,8.02,1.44,391.61,setl_248,2026-08-22 21:08:00,2026-08-23,captured
pay_QPF8M72Z,ORD_3373,1524.57,30.49,5.49,1488.59,setl_248,2026-08-23 00:12:00,2026-08-24,captured
pay_NXIYYVIW,ORD_3374,361.44,7.23,1.3,352.91,setl_248,2026-08-22 18:15:00,2026-08-23,captured
pay_UF7P2R6U,ORD_3375,2474.87,49.5,8.91,2416.46,setl_248,2026-08-22 21:34:00,2026-08-23,captured
pay_MQSEQGDZ,ORD_3376,391.65,7.83,1.41,382.41,setl_248,2026-08-23 04:50:00,2026-08-24,captured
pay_7KAH8OXE,ORD_3377,292.94,5.86,1.05,286.03,setl_248,2026-08-23 00:10:00,2026-08-24,captured
pay_9K7MNCTI,ORD_3378,895.17,17.9,3.22,874.05,setl_248,2026-08-22 17:52:00,2026-08-23,captured
pay_TVB1KWVG,ORD_3379,945.48,18.91,3.4,923.17,setl_248,2026-08-22 17:10:00,2026-08-23,captured
pay_GWLJ6IW5,ORD_3380,293.24,5.86,1.05,286.33,setl_248,2026-08-23 08:33:00,2026-08-24,captured
pay_1UC8EANR,ORD_3381,320.55,6.41,1.15,312.99,setl_249,2026-08-22 23:42:00,2026-08-23,captured
pay_N5XN23HR,ORD_3382,1474.75,29.5,5.31,1439.94,setl_249,2026-08-23 01:49:00,2026-08-24,captured
pay_AUHUHXUN,ORD_3383,996.64,19.93,3.59,973.12,setl_249,2026-08-22 17:24:00,2026-08-23,captured
pay_DERG870S,ORD_3384,1469.96,29.4,5.29,1435.27,setl_249,2026-08-23 07:30:00,2026-08-24,captured
pay_SOZACFAX,ORD_3385,1817.44,36.35,6.54,1774.55,setl_249,2026-08-23 04:39:00,2026-08-24,captured
pay_49MI9ZU1,ORD_3386,1536.14,30.72,5.53,1499.89,setl_249,2026-08-22 20:38:00,2026-08-23,captured
pay_QQWHH3TT,ORD_3387,1169.97,23.4,4.21,1142.36,setl_249,2026-08-23 07:23:00,2026-08-24,captured
pay_A80EHAPW,ORD_3388,537.6,10.75,1.93,524.92,setl_249,2026-08-22 19:32:00,2026-08-23,captured
pay_YM9VUDMK,ORD_3389,1313.96,26.28,4.73,1282.95,setl_249,2026-08-23 08:23:00,2026-08-24,captured
pay_YEGPMTE1,ORD_3390,1839.13,36.78,6.62,1795.73,setl_249,2026-08-23 06:42:00,2026-08-24,captured
pay_6YY6FRNX,ORD_3391,2979.85,59.6,10.73,2909.52,setl_250,2026-08-23 01:51:00,2026-08-24,captured
pay_27Z5Q8P6,ORD_3392,1535.98,30.72,5.53,1499.73,setl_250,2026-08-23 02:10:00,2026-08-24,captured
pay_QW8DO3PX,ORD_3393,1605.36,32.11,5.78,1567.47,setl_250,2026-08-23 04:37:00,2026-08-24,captured
pay_XQWLQB8K,ORD_3394,243.96,4.88,0.88,238.2,setl_250,2026-08-23 07:41:00,2026-08-24,captured
pay_SF699PAP,ORD_3395,892.12,17.84,3.21,871.07,setl_250,2026-08-23 04:48:00,2026-08-24,captured
pay_CSQOU966,ORD_3396,2997.25,59.95,10.79,2926.51,setl_250,2026-08-22 23:27:00,2026-08-23,captured
pay_QHMRFORG,ORD_3397,3032.37,60.65,10.92,2960.8,setl_250,2026-08-23 00:44:00,2026-08-24,captured
pay_QSU2EIZG,ORD_3398,334.26,6.69,1.2,326.37,setl_250,2026-08-22 17:38:00,2026-08-23,captured
pay_73HXB8B6,ORD_3399,400.97,8.02,1.44,391.51,setl_250,2026-08-22 17:59:00,2026-08-23,captured
pay_ESP7J6V4,ORD_3400,1531.12,30.62,5.51,1494.99,setl_250,2026-08-23 05:23:00,2026-08-24,captured
pay_R7DKI5BB,ORD_3401,522.64,10.45,1.88,510.31,setl_250,2026-08-23 06:03:00,2026-08-24,captured
pay_HUC036I6,ORD_3402,1856.93,37.14,6.69,1613.1,setl_251,2026-08-23 08:22:00,2026-08-24,captured
pay_Z230JNSP,ORD_3403,1567.65,31.35,5.64,1530.66,setl_251,2026-08-23 05:01:00,2026-08-24,captured
pay_JRNICD0S,ORD_3404,278.05,5.56,1.0,271.49,setl_251,2026-08-23 08:20:00,2026-08-24,captured
pay_GWEZUV26,ORD_3405,1790.83,35.82,6.45,1748.56,setl_251,2026-08-23 01:48:00,2026-08-24,captured
pay_H8XAZ8J2,ORD_3406,880.4,17.61,3.17,859.62,setl_251,2026-08-22 17:30:00,2026-08-23,captured
pay_D8XNALT4,ORD_3407,741.37,14.83,2.67,723.87,setl_251,2026-08-22 19:26:00,2026-08-23,captured
pay_XR2YQ373,ORD_3408,1538.19,30.76,5.54,1501.89,setl_251,2026-08-23 02:27:00,2026-08-24,captured
pay_UES0MXVL,ORD_3409,439.09,8.78,1.58,428.73,setl_251,2026-08-23 08:26:00,2026-08-24,captured
pay_WSTVS9QK,ORD_3410,1756.06,35.12,6.32,1714.62,setl_251,2026-08-22 18:23:00,2026-08-23,captured
pay_NB6G3QYX,ORD_3411,265.66,5.31,0.96,259.39,setl_251,2026-08-22 19:48:00,2026-08-23,captured
pay_O8HBF5JC,ORD_3412,202.47,4.05,0.73,197.69,setl_251,2026-08-23 08:11:00,2026-08-24,captured
pay_6DE5JAMS,ORD_3413,3518.63,70.37,12.67,3435.59,setl_252,2026-08-23 00:16:00,2026-08-24,captured
pay_MUDCGV7M,ORD_3414,351.31,7.03,1.27,343.01,setl_252,2026-08-23 04:11:00,2026-08-24,captured
pay_Q7XL886P,ORD_3415,380.74,7.61,1.37,371.76,setl_252,2026-08-22 23:46:00,2026-08-23,captured
pay_PJQTF8NB,ORD_3416,429.79,8.6,1.55,419.64,setl_252,2026-08-23 04:50:00,2026-08-24,captured
pay_E47LQZGH,ORD_3417,1510.47,30.21,5.44,1474.82,setl_252,2026-08-22 20:53:00,2026-08-23,captured
pay_RVGR0V9D,ORD_3418,162.74,3.25,0.58,158.91,setl_252,2026-08-23 04:54:00,2026-08-24,captured
pay_Y9LZYEAT,ORD_3419,314.5,6.29,1.13,307.08,setl_252,2026-08-22 19:39:00,2026-08-23,captured
pay_WUW60N33,ORD_3420,1759.09,35.18,6.33,1717.58,setl_252,2026-08-22 20:52:00,2026-08-23,captured
pay_MOWIHYBF,ORD_3421,1617.86,32.36,5.82,1579.68,setl_252,2026-08-22 18:10:00,2026-08-23,captured
pay_DJIXL7VS,ORD_3422,287.33,5.75,1.03,280.55,setl_253,2026-08-23 00:48:00,2026-08-24,captured
pay_TG8BKA8V,ORD_3423,1516.26,30.33,5.46,1480.47,setl_253,2026-08-22 18:12:30,2026-08-23,captured
pay_0IGBV7U2,ORD_3423,1516.26,30.33,5.46,1480.47,setl_253,2026-08-22 18:12:00,2026-08-23,captured
pay_D6ARYGYZ,ORD_3424,275.5,5.51,0.99,269.0,setl_253,2026-08-23 03:01:00,2026-08-24,captured
pay_RMJOPPRI,ORD_3425,324.65,6.49,1.17,316.99,setl_253,2026-08-23 08:42:00,2026-08-24,captured
pay_GOPMYU2U,ORD_3426,204.74,4.09,0.74,199.91,setl_253,2026-08-23 02:30:00,2026-08-24,captured
pay_8M7D53II,ORD_3427,1475.63,29.51,5.31,1440.81,setl_253,2026-08-22 18:55:00,2026-08-23,captured
pay_63RH5U3V,ORD_3428,1564.76,31.3,5.63,1527.83,setl_253,2026-08-23 03:34:00,2026-08-24,captured
pay_MIZNQ782,ORD_3429,2971.1,59.42,10.7,2900.98,setl_253,2026-08-22 20:13:00,2026-08-23,captured
pay_3Z4ZLDAJ,ORD_3430,1491.14,29.82,5.37,1455.95,setl_254,2026-08-22 22:12:00,2026-08-23,captured
pay_JF17ACWF,ORD_3432,174.1,3.48,0.63,169.99,setl_254,2026-08-23 06:38:00,2026-08-24,captured
pay_S4S5QTYD,ORD_3433,470.78,9.42,1.7,459.66,setl_254,2026-08-23 03:14:00,2026-08-24,captured
pay_AV6XH9M0,ORD_3434,367.84,7.36,1.32,359.16,setl_254,2026-08-23 04:14:00,2026-08-24,captured
pay_TEFX8XIJ,ORD_3435,1342.18,26.84,4.83,1310.51,setl_254,2026-08-23 02:28:00,2026-08-24,captured
pay_M21O5K3C,ORD_3436,371.02,7.42,1.34,362.26,setl_254,2026-08-23 02:56:00,2026-08-24,captured
pay_RL9C9N24,ORD_3437,1622.48,32.45,5.84,1584.19,setl_254,2026-08-22 20:32:00,2026-08-23,captured
pay_MULOB777,ORD_3438,455.89,9.12,1.64,445.13,setl_254,2026-08-23 04:50:00,2026-08-24,captured
pay_40SWDUG5,ORD_3439,1193.77,23.88,4.3,1165.59,setl_254,2026-08-22 21:16:00,2026-08-23,captured
pay_W4HXIOBC,ORD_3440,1522.24,30.44,5.48,1486.32,setl_254,2026-08-23 04:35:00,2026-08-24,captured
pay_BC2FVFA2,ORD_3441,1579.69,31.59,5.69,1542.41,setl_255,2026-08-22 22:43:00,2026-08-23,captured
pay_FWBZY7LO,ORD_3442,280.14,5.6,1.01,273.53,setl_255,2026-08-22 23:40:00,2026-08-23,captured
pay_3HBTTH9K,ORD_3443,3475.03,69.5,12.51,3393.02,setl_255,2026-08-23 06:48:00,2026-08-24,captured
pay_SLO9NLUP,ORD_3444,444.79,8.9,1.6,434.29,setl_255,2026-08-22 17:07:00,2026-08-23,captured
pay_506ALUMW,ORD_3445,1912.38,45.13,8.12,1859.13,setl_255,2026-08-23 06:34:00,2026-08-24,captured
pay_1F32L0FI,ORD_3446,1896.67,37.93,6.83,1851.91,setl_255,2026-08-23 05:29:00,2026-08-24,captured
pay_0JG2YJJ5,ORD_3447,1641.18,32.82,5.91,1602.45,setl_255,2026-08-22 22:31:00,2026-08-23,captured
pay_V0DBNSG3,ORD_3448,1588.78,31.78,5.72,1551.28,setl_255,2026-08-23 04:09:00,2026-08-24,captured
pay_V961Y2X6,ORD_3449,2518.54,50.37,9.07,2459.1,setl_255,2026-08-22 22:20:00,2026-08-23,captured
pay_IKBUTZID,ORD_3450,1501.01,30.02,5.4,1465.59,setl_255,2026-08-23 03:27:00,2026-08-24,captured
pay_PCE37RR8,ORD_3451,3451.77,69.04,12.43,3370.3,setl_256,2026-08-22 23:21:00,2026-08-23,captured
pay_F2CHSNBW,ORD_3452,1504.1,30.08,5.41,1468.61,setl_256,2026-08-22 19:51:00,2026-08-23,captured
pay_3O1HC1VG,ORD_3453,1858.94,37.18,6.69,1815.07,setl_256,2026-08-22 23:58:00,2026-08-24,captured
pay_6RBEWV68,ORD_3454,1253.55,25.07,4.51,1223.97,setl_256,2026-08-22 20:40:00,2026-08-23,captured
pay_ZAZYXW1C,ORD_3455,697.6,13.95,2.51,681.14,setl_256,2026-08-23 06:02:00,2026-08-24,captured
pay_TJH56RNC,ORD_3456,485.88,9.72,1.75,474.41,setl_256,2026-08-22 22:21:00,2026-08-23,captured
pay_9CZTARTG,ORD_3457,1279.44,25.59,4.61,1249.24,setl_256,2026-08-22 20:11:00,2026-08-23,captured
pay_A57HWUE4,ORD_3458,204.32,4.09,0.74,158.63,setl_256,2026-08-23 00:47:00,2026-08-24,captured
pay_55HJCIY1,ORD_3459,887.04,17.74,3.19,866.11,setl_256,2026-08-22 17:04:00,2026-08-23,captured
pay_5DEPU0F8,ORD_3460,687.44,13.75,2.48,671.21,setl_257,2026-08-22 21:42:00,2026-08-23,captured
pay_OSEP720O,ORD_3461,1838.05,36.76,6.62,1794.67,setl_257,2026-08-22 17:07:00,2026-08-23,captured
pay_S51PIAGW,ORD_3462,1449.71,28.99,5.22,1415.5,setl_257,2026-08-22 20:23:00,2026-08-23,captured
pay_KYMHVKCX,ORD_3463,1497.33,29.95,5.39,1461.99,setl_257,2026-08-22 23:42:00,2026-08-23,captured
pay_SFK7QIRJ,ORD_3464,681.24,13.62,2.45,665.17,setl_257,2026-08-22 17:36:00,2026-08-23,captured
pay_9XOX3MSL,ORD_3465,1498.21,29.96,5.39,1462.86,setl_257,2026-08-22 17:37:00,2026-08-23,captured
pay_X9I0TUEY,ORD_3466,1498.76,29.98,5.4,1463.38,setl_257,2026-08-23 07:14:30,2026-08-24,captured
pay_6EMDF3JP,ORD_3466,1498.76,29.98,5.4,1463.38,setl_257,2026-08-23 07:14:00,2026-08-24,captured
pay_GBLCQZJ8,ORD_3467,452.42,9.05,1.63,441.74,setl_257,2026-08-22 18:24:00,2026-08-23,captured
pay_M3PPSOHX,ORD_3468,1495.09,29.9,5.38,1459.81,setl_258,2026-08-23 05:22:00,2026-08-24,captured
pay_TCI9SU6D,ORD_3469,281.95,5.64,1.02,275.29,setl_258,2026-08-22 17:22:00,2026-08-23,captured
pay_OC4EU0DB,ORD_3470,368.87,7.38,1.33,360.16,setl_258,2026-08-23 05:33:00,2026-08-24,captured
pay_5Q2EFHAZ,ORD_3471,893.99,17.88,3.22,872.89,setl_258,2026-08-23 03:08:00,2026-08-24,captured
pay_XLGFWMVY,ORD_3472,1179.53,23.59,4.25,1151.69,setl_258,2026-08-22 22:32:00,2026-08-23,captured
pay_MSGQGV8H,ORD_3473,251.41,5.03,0.91,245.47,setl_258,2026-08-23 08:52:00,2026-08-24,captured
pay_B3ISXHVT,ORD_3474,1338.17,26.76,4.82,1306.59,setl_258,2026-08-22 17:13:00,2026-08-23,captured
pay_IUL12MZV,ORD_3475,202.37,4.05,0.73,197.59,setl_258,2026-08-22 21:47:00,2026-08-23,captured
pay_RM9IILAO,ORD_3476,3490.63,69.81,12.57,3408.25,setl_258,2026-08-23 05:12:00,2026-08-24,captured
pay_JCJ5DOH5,ORD_3477,3034.21,60.68,10.92,2962.61,setl_259,2026-08-23 06:14:00,2026-08-24,captured
pay_2TP5HQKJ,ORD_3478,1846.23,36.92,6.65,1802.66,setl_259,2026-08-22 23:27:00,2026-08-23,captured
pay_QJUKURK1,ORD_3480,286.13,5.72,1.03,279.38,setl_259,2026-08-22 19:05:00,2026-08-23,captured
pay_NS6CWE6J,ORD_3481,3502.15,70.04,12.61,3419.5,setl_259,2026-08-22 22:57:00,2026-08-23,captured
pay_V59GPHH6,ORD_3482,1466.36,29.33,5.28,1431.75,setl_259,2026-08-23 05:20:00,2026-08-24,captured
pay_4CLEN7CT,ORD_3483,2537.22,50.74,9.13,2477.35,setl_259,2026-08-22 20:25:00,2026-08-23,captured
pay_83UJ09AS,ORD_3484,1337.34,26.75,4.81,1305.78,setl_259,2026-08-23 00:06:00,2026-08-24,captured
pay_TY97L09W,ORD_3485,239.45,4.79,0.86,233.8,setl_259,2026-08-23 00:51:00,2026-08-24,captured
pay_N5WIQLD3,ORD_3486,1550.32,31.01,5.58,1513.73,setl_259,2026-08-23 05:08:00,2026-08-24,captured
pay_AC1PMADF,ORD_3487,2540.29,50.81,9.15,2480.33,setl_260,2026-08-22 18:27:00,2026-08-23,captured
pay_AJB6RU3T,ORD_3488,321.71,6.43,1.16,314.12,setl_260,2026-08-22 19:27:00,2026-08-23,captured
pay_OC0WKN4W,ORD_3489,1212.89,24.26,4.37,1184.26,setl_260,2026-08-22 22:08:00,2026-08-23,captured
pay_F7XKKJJA,ORD_3490,1509.45,35.62,6.41,1467.42,setl_260,2026-08-23 07:35:00,2026-08-24,captured
pay_7C9UGZ40,ORD_3491,1233.22,24.66,4.44,1204.12,setl_260,2026-08-23 00:50:00,2026-08-24,captured
pay_H1R1SVBL,ORD_3492,244.7,4.89,0.88,238.93,setl_260,2026-08-23 08:48:00,2026-08-24,captured
pay_PQZDNHJY,ORD_3493,1895.92,37.92,6.83,1851.17,setl_260,2026-08-22 23:28:00,2026-08-23,captured
pay_9M305T1W,ORD_3494,299.44,5.99,1.08,292.37,setl_260,2026-08-23 00:37:00,2026-08-24,captured
pay_LQ7AR42D,ORD_3495,441.55,8.83,1.59,431.13,setl_260,2026-08-23 06:16:00,2026-08-24,captured
pay_N4KDA24M,ORD_3496,2478.1,49.56,8.92,2419.62,setl_261,2026-08-22 22:44:00,2026-08-23,captured
pay_NM2XQQ0V,ORD_3497,2999.17,59.98,10.8,2928.39,setl_261,2026-08-23 00:24:00,2026-08-24,captured
pay_QI5J32M7,ORD_3498,721.27,14.43,2.6,704.24,setl_261,2026-08-23 04:52:00,2026-08-24,captured
pay_3P24BX21,ORD_3499,306.6,6.13,1.1,299.37,setl_261,2026-08-23 03:57:00,2026-08-24,captured
pay_U19LF2OJ,ORD_3500,1307.9,26.16,4.71,1277.03,setl_261,2026-08-22 22:42:00,2026-08-23,captured
pay_JPCJDUCE,ORD_3501,1910.66,38.21,6.88,1865.57,setl_261,2026-08-22 23:59:00,2026-08-24,captured
pay_HZMZH75N,ORD_3502,1605.42,32.11,5.78,1567.53,setl_261,2026-08-23 08:59:00,2026-08-24,captured
pay_EPGJSFOI,ORD_3503,315.1,6.3,1.13,307.67,setl_261,2026-08-23 06:07:00,2026-08-24,captured
pay_GFGNMV3X,ORD_3504,1556.62,31.13,5.6,1519.89,setl_261,2026-08-23 08:37:00,2026-08-24,captured
pay_22BI90YC,ORD_3505,2977.69,59.55,10.72,2907.42,setl_261,2026-08-22 19:31:00,2026-08-23,captured
pay_X5BGAVHI,ORD_3506,177.14,3.54,0.64,172.96,setl_262,2026-08-23 02:19:00,2026-08-24,captured
pay_IO00O72Q,ORD_3507,3453.83,69.08,12.43,3372.32,setl_262,2026-08-22 19:07:00,2026-08-23,captured
pay_ML5H6SW3,ORD_3508,375.52,7.51,1.35,366.66,setl_262,2026-08-23 05:22:00,2026-08-24,captured
pay_FWUNIBW1,ORD_3509,384.82,7.7,1.39,375.73,setl_262,2026-08-22 20:07:00,2026-08-23,captured
pay_LXL0BANA,ORD_3510,1167.86,23.36,4.2,1140.3,setl_262,2026-08-22 23:24:00,2026-08-23,captured
pay_L90K3RF7,ORD_3511,1550.42,31.01,5.58,1513.83,setl_262,2026-08-23 02:46:00,2026-08-24,captured
pay_Q56QBUBU,ORD_3512,205.25,4.11,0.74,200.4,setl_262,2026-08-23 01:44:00,2026-08-24,captured
pay_01NWQ1FT,ORD_3513,1783.49,35.67,6.42,1741.4,setl_262,2026-08-22 18:12:00,2026-08-23,captured
pay_8KV8N0WC,ORD_3514,252.07,5.04,0.91,246.12,setl_262,2026-08-22 19:42:00,2026-08-23,captured
pay_JLIVBCNK,ORD_3515,230.36,4.61,0.83,224.92,setl_262,2026-08-23 02:23:00,2026-08-24,captured
pay_RACV1VMB,ORD_3516,2486.57,49.73,8.95,2427.89,setl_263,2026-08-23 04:24:00,2026-08-24,captured
pay_FXMBESB2,ORD_3517,444.14,8.88,1.6,433.66,setl_263,2026-08-23 00:31:00,2026-08-24,captured
pay_IZPYDDXA,ORD_3518,1495.14,29.9,5.38,1459.86,setl_263,2026-08-22 18:57:00,2026-08-23,captured
pay_MLGMXZZX,ORD_3519,1910.81,38.22,6.88,1865.71,setl_263,2026-08-22 19:27:00,2026-08-23,captured
pay_MDMB6O7C,ORD_3520,325.03,6.5,1.17,252.35,setl_263,2026-08-23 05:36:00,2026-08-24,captured
pay_YCPUUKBI,ORD_3521,659.98,13.2,2.38,644.4,setl_263,2026-08-23 04:57:00,2026-08-24,captured
pay_5LZE6HVO,ORD_3522,424.09,8.48,1.53,414.08,setl_263,2026-08-22 17:26:00,2026-08-23,captured
pay_NVCE8XPU,ORD_3523,1762.17,35.24,6.34,1720.59,setl_263,2026-08-22 19:34:00,2026-08-23,captured
pay_TSU3W90D,ORD_3524,3532.95,70.66,12.72,3449.57,setl_263,2026-08-23 05:41:00,2026-08-24,captured
pay_JHU3G130,ORD_3525,1154.85,23.1,4.16,1127.59,setl_263,2026-08-23 08:41:00,2026-08-24,captured
pay_KVZARHDV,ORD_3526,212.31,4.25,0.77,207.29,setl_263,2026-08-22 20:12:00,2026-08-23,captured
pay_4NM3A2GA,ORD_3527,2535.23,50.7,9.13,2475.4,setl_263,2026-08-23 07:44:00,2026-08-24,captured
pay_NWK1S2AK,ORD_3528,990.72,19.81,3.57,967.34,setl_264,2026-08-23 04:35:00,2026-08-24,captured
pay_A1LSZKZN,ORD_3529,2970.71,59.41,10.69,2900.61,setl_264,2026-08-22 22:32:00,2026-08-23,captured
pay_CUYF84TY,ORD_3530,317.35,6.35,1.14,309.86,setl_264,2026-08-23 03:57:00,2026-08-24,captured
pay_UHXXCDXF,ORD_3531,1881.95,37.64,6.78,1837.53,setl_264,2026-08-23 06:09:00,2026-08-24,captured
pay_WPOOZWRS,ORD_3532,697.44,13.95,2.51,680.98,setl_264,2026-08-22 17:53:00,2026-08-23,captured
pay_G9RBGXK9,ORD_3533,1790.41,35.81,6.45,1748.15,setl_264,2026-08-23 01:22:00,2026-08-24,captured
pay_XFJM4QYO,ORD_3534,1285.12,25.7,4.63,1254.79,setl_264,2026-08-22 23:43:30,2026-08-23,captured
pay_3UM330BO,ORD_3534,1285.12,25.7,4.63,1254.79,setl_264,2026-08-22 23:43:00,2026-08-23,captured
pay_LK4KTCM2,ORD_3535,3455.16,69.1,12.44,3373.62,setl_264,2026-08-22 21:48:00,2026-08-23,captured
pay_6CEVPOUI,ORD_3536,2472.8,49.46,8.9,2414.44,setl_264,2026-08-22 22:59:00,2026-08-23,captured
pay_E6FE81DU,ORD_3537,1634.71,32.69,5.88,1596.14,setl_265,2026-08-23 06:56:00,2026-08-24,captured
pay_UUJ2G430,ORD_3538,269.84,5.4,0.97,263.47,setl_265,2026-08-22 17:58:00,2026-08-23,captured
pay_7TPWA05B,ORD_3539,697.03,13.94,2.51,680.58,setl_265,2026-08-23 05:06:00,2026-08-24,captured
pay_0SFHZ92N,ORD_3540,1518.74,30.37,5.47,1482.9,setl_265,2026-08-23 04:50:00,2026-08-24,captured
pay_DWBNULIB,ORD_3541,387.36,7.75,1.4,378.21,setl_265,2026-08-22 20:40:00,2026-08-23,captured
pay_B4IWH7DC,ORD_3542,1302.49,26.05,4.69,1271.75,setl_265,2026-08-22 21:02:00,2026-08-23,captured
pay_I1S9NPAX,ORD_3544,1193.29,23.87,4.3,1165.12,setl_265,2026-08-22 23:45:00,2026-08-23,captured
pay_44VRBJ3H,ORD_3545,483.75,9.68,1.74,472.33,setl_265,2026-08-23 03:34:00,2026-08-24,captured
pay_JPTT0IX1,ORD_3546,1488.25,29.77,5.36,1453.12,setl_265,2026-08-22 17:40:00,2026-08-23,captured
pay_L9EVG4PL,ORD_3547,2491.88,49.84,8.97,2433.07,setl_265,2026-08-22 18:56:00,2026-08-23,captured
pay_SL42N3VQ,ORD_3548,2538.46,50.77,9.14,2478.55,setl_265,2026-08-22 18:39:00,2026-08-23,captured
pay_QS7JP1IL,ORD_3549,2951.56,59.03,10.63,2881.9,setl_266,2026-08-22 18:57:00,2026-08-23,captured
pay_WBVDDT8N,ORD_3550,173.4,3.47,0.62,169.31,setl_266,2026-08-23 00:57:00,2026-08-24,captured
pay_K7TJ2GWD,ORD_3551,2470.9,49.42,8.9,2412.58,setl_266,2026-08-22 23:03:00,2026-08-23,captured
pay_UFUCGUW0,ORD_3552,2968.63,59.37,10.69,2898.57,setl_266,2026-08-23 02:56:00,2026-08-24,captured
pay_TQPQ4BW3,ORD_3553,3021.87,60.44,10.88,2950.55,setl_266,2026-08-22 21:20:00,2026-08-23,captured
pay_AHW9TTKY,ORD_3554,1942.79,45.85,8.25,1888.69,setl_266,2026-08-22 23:52:00,2026-08-23,captured
pay_F1XW53ZG,ORD_3555,501.8,10.04,1.81,489.95,setl_266,2026-08-22 23:28:00,2026-08-23,captured
pay_7UTEI5CQ,ORD_3556,1199.98,24.0,4.32,1171.66,setl_266,2026-08-23 08:10:00,2026-08-24,captured
pay_RV923UV1,ORD_3557,2983.11,59.66,10.74,2912.71,setl_266,2026-08-23 05:57:00,2026-08-24,captured
pay_JMW6I4HA,ORD_3558,3041.19,60.82,10.95,2969.42,setl_267,2026-08-23 07:24:00,2026-08-24,captured
pay_Q7NM5C7K,ORD_3559,1301.99,26.04,4.69,1271.26,setl_267,2026-08-22 22:22:00,2026-08-23,captured
pay_LQ1MZ9K3,ORD_3560,1343.8,26.88,4.84,1312.08,setl_267,2026-08-23 04:09:00,2026-08-24,captured
pay_X8UBES81,ORD_3561,3463.62,69.27,12.47,3381.88,setl_267,2026-08-22 21:50:00,2026-08-23,captured
pay_2TMLP0RB,ORD_3562,880.47,17.61,3.17,859.69,setl_267,2026-08-23 08:59:00,2026-08-24,captured
pay_H094IPZG,ORD_3563,3015.1,60.3,10.85,2943.95,setl_267,2026-08-22 17:43:00,2026-08-23,captured
pay_06NY41UI,ORD_3564,349.91,7.0,1.26,341.65,setl_267,2026-08-22 18:18:00,2026-08-23,captured
pay_ML5MQT8E,ORD_3565,962.84,19.26,3.47,940.11,setl_267,2026-08-23 03:29:00,2026-08-24,captured
pay_8906QNX0,ORD_3566,3503.39,70.07,12.61,3420.71,setl_267,2026-08-22 23:53:00,2026-08-23,captured
pay_8JP289WA,ORD_3567,1820.53,36.41,6.55,1777.57,setl_267,2026-08-23 05:41:00,2026-08-24,captured
pay_1ZOD9GEV,ORD_3568,1014.15,20.28,3.65,990.22,setl_267,2026-08-23 08:39:00,2026-08-24,captured
pay_F1A79OMY,ORD_3569,1944.14,38.88,7.0,1898.26,setl_268,2026-08-22 23:01:00,2026-08-23,captured
pay_CTFTT7IJ,ORD_3570,940.14,18.8,3.38,917.96,setl_268,2026-08-23 23:59:00,2026-08-25,captured
pay_H6SPGY5A,ORD_3571,3038.05,60.76,10.94,2966.35,setl_268,2026-08-23 05:15:00,2026-08-24,captured
pay_D3SZXDF0,ORD_3572,1930.33,38.61,6.95,1684.77,setl_268,2026-08-23 05:27:00,2026-08-24,captured
pay_LKWKNYS5,ORD_3573,3001.45,60.03,10.81,2930.61,setl_268,2026-08-23 07:03:00,2026-08-24,captured
pay_TGVXKQ5H,ORD_3574,1770.09,35.4,6.37,1728.32,setl_268,2026-08-22 22:57:00,2026-08-23,captured
pay_KBQ08F1I,ORD_3575,1488.66,29.77,5.36,1453.53,setl_268,2026-08-22 17:59:00,2026-08-23,captured
pay_KCD3I4Z4,ORD_3576,430.16,8.6,1.55,420.01,setl_268,2026-08-23 02:54:00,2026-08-24,captured
pay_ING1FJ4L,ORD_3577,1243.28,24.87,4.48,1213.93,setl_269,2026-08-22 20:28:00,2026-08-23,captured
pay_F6M1DALP,ORD_3578,502.34,10.05,1.81,490.48,setl_269,2026-08-23 07:43:30,2026-08-24,captured
pay_B01002GO,ORD_3578,502.34,10.05,1.81,490.48,setl_269,2026-08-23 07:43:00,2026-08-24,captured
pay_WMSWD3N3,ORD_3579,190.88,3.82,0.69,186.37,setl_269,2026-08-22 20:31:00,2026-08-23,captured
pay_TK95H36P,ORD_3580,206.26,4.13,0.74,201.39,setl_269,2026-08-23 06:28:00,2026-08-24,captured
pay_1UM04ACC,ORD_3581,1840.12,36.8,6.62,1796.7,setl_269,2026-08-22 21:59:00,2026-08-23,captured
pay_IX9W04PD,ORD_3582,724.59,14.49,2.61,707.49,setl_269,2026-08-23 04:03:00,2026-08-24,captured
pay_RCQ1M0CU,ORD_3583,322.4,6.45,1.16,314.79,setl_269,2026-08-22 23:50:00,2026-08-23,captured
pay_3G86C2GS,ORD_3584,1778.27,35.57,6.4,1736.3,setl_269,2026-08-22 22:11:00,2026-08-23,captured
pay_F841RIZK,ORD_3586,461.02,9.22,1.66,450.14,setl_269,2026-08-23 06:42:00,2026-08-24,captured
pay_I81N0GJO,ORD_3587,1472.17,29.44,5.3,1437.43,setl_269,2026-08-23 02:16:00,2026-08-24,captured
pay_179YIXMH,ORD_3588,1205.12,24.1,4.34,1176.68,setl_270,2026-08-23 02:19:00,2026-08-24,captured
pay_AIAOJDUX,ORD_3589,1875.6,37.51,6.75,1831.34,setl_270,2026-08-23 04:52:00,2026-08-24,captured
pay_LC37SRDV,ORD_3590,1913.88,38.28,6.89,1868.71,setl_270,2026-08-23 03:52:00,2026-08-24,captured
pay_DWRKQYUY,ORD_3591,904.71,21.35,3.84,879.52,setl_270,2026-08-23 07:33:00,2026-08-24,captured
pay_MT6Y6TL7,ORD_3592,897.44,17.95,3.23,876.26,setl_270,2026-08-22 23:59:00,2026-08-24,captured
pay_8PHNCK5Q,ORD_3593,1278.38,25.57,4.6,1248.21,setl_270,2026-08-23 05:29:00,2026-08-24,captured
pay_SHXM42YV,ORD_3594,249.67,4.99,0.9,243.78,setl_270,2026-08-22 17:16:00,2026-08-23,captured
pay_EAO1L9NY,ORD_3595,479.61,9.59,1.73,468.29,setl_270,2026-08-23 00:52:00,2026-08-24,captured
pay_POSQF4TI,ORD_3596,1605.06,32.1,5.78,1567.18,setl_270,2026-08-22 18:14:00,2026-08-23,captured
pay_IWA81MVE,ORD_3597,1287.55,25.75,4.63,1257.17,setl_271,2026-08-22 22:44:00,2026-08-23,captured
pay_VUQIZBDW,ORD_3598,3001.19,60.02,10.8,2930.37,setl_271,2026-08-23 04:14:00,2026-08-24,captured
pay_0H5QQJVW,ORD_3599,1332.58,26.65,4.8,1301.13,setl_271,2026-08-23 07:24:00,2026-08-24,captured
pay_9MRQVD7X,ORD_3600,1594.88,31.9,5.74,1557.24,setl_271,2026-08-23 02:27:00,2026-08-24,captured
pay_DB5A3ZR5,ORD_3601,483.31,9.67,1.74,471.9,setl_271,2026-08-23 05:39:00,2026-08-24,captured
pay_26S2QQCZ,ORD_3602,1512.91,30.26,5.45,1477.2,setl_271,2026-08-22 18:32:00,2026-08-23,captured
pay_OLCBTL97,ORD_3603,1859.09,37.18,6.69,1815.22,setl_271,2026-08-23 07:13:00,2026-08-24,captured
pay_3YTC84VE,ORD_3604,742.3,14.85,2.67,724.78,setl_271,2026-08-22 21:27:00,2026-08-23,captured
pay_J8UWOWKZ,ORD_3605,3511.38,70.23,12.64,3428.51,setl_271,2026-08-23 05:00:00,2026-08-24,captured
pay_C2H6HTNO,ORD_3606,3526.84,70.54,12.7,3443.6,setl_271,2026-08-22 23:31:00,2026-08-23,captured
pay_4JZ4JKA0,ORD_3607,498.3,9.97,1.79,486.54,setl_271,2026-08-23 06:53:00,2026-08-24,captured
pay_I5E0L1Q9,ORD_3608,3027.43,60.55,10.9,2955.98,setl_272,2026-08-23 06:04:00,2026-08-24,captured
pay_S60KQHJ9,ORD_3609,1807.43,36.15,6.51,1764.77,setl_272,2026-08-22 22:16:00,2026-08-23,captured
pay_E47RHOW5,ORD_3610,1931.28,38.63,6.95,1885.7,setl_272,2026-08-22 22:00:00,2026-08-23,captured
pay_Z78IY664,ORD_3611,722.28,14.45,2.6,705.23,setl_272,2026-08-23 07:58:00,2026-08-24,captured
pay_BP3QUHO1,ORD_3612,446.39,8.93,1.61,435.85,setl_272,2026-08-22 21:27:00,2026-08-23,captured
pay_8FN2BE6O,ORD_3613,1277.95,25.56,4.6,1247.79,setl_272,2026-08-22 17:17:00,2026-08-23,captured
pay_P95UZYDP,ORD_3614,1295.48,25.91,4.66,1264.91,setl_272,2026-08-23 08:50:00,2026-08-24,captured
pay_FZ7YHTD6,ORD_3615,490.04,9.8,1.76,478.48,setl_272,2026-08-23 02:15:00,2026-08-24,captured
pay_0L8O9ICS,ORD_3616,688.76,13.78,2.48,672.5,setl_272,2026-08-23 07:04:00,2026-08-24,captured
pay_3NQ6FXYP,ORD_3617,287.58,5.75,1.03,280.8,setl_272,2026-08-23 03:27:00,2026-08-24,captured
pay_B3OCJZ5Q,ORD_3618,468.37,9.37,1.69,457.31,setl_273,2026-08-23 03:48:00,2026-08-24,captured
pay_NP8KAIWJ,ORD_3619,264.47,5.29,0.95,258.23,setl_273,2026-08-22 18:56:00,2026-08-23,captured
pay_Z8SPCTAT,ORD_3620,1646.78,32.94,5.93,1607.91,setl_273,2026-08-23 00:23:00,2026-08-24,captured
pay_IEN3416U,ORD_3621,1246.6,24.93,4.49,1217.18,setl_273,2026-08-22 18:25:00,2026-08-23,captured
pay_LBA0X9A8,ORD_3622,982.22,19.64,3.54,959.04,setl_273,2026-08-22 21:27:00,2026-08-23,captured
pay_6JD1MYU4,ORD_3623,1543.63,30.87,5.56,1507.2,setl_273,2026-08-23 05:38:00,2026-08-24,captured
pay_V5IPBXMM,ORD_3624,1892.4,37.85,6.81,1847.74,setl_273,2026-08-23 03:39:00,2026-08-24,captured
pay_CVRSVH4G,ORD_3625,1497.26,29.95,5.39,1461.92,setl_273,2026-08-23 07:47:00,2026-08-24,captured
pay_YWRYE7PD,ORD_3626,275.52,5.51,0.99,269.02,setl_273,2026-08-23 03:34:00,2026-08-24,captured
pay_I3EYJ5Q0,ORD_3627,406.69,8.13,1.46,397.1,setl_273,2026-08-23 06:52:00,2026-08-24,captured
pay_YGZCUJ1U,ORD_3628,947.02,18.94,3.41,924.67,setl_273,2026-08-22 20:22:00,2026-08-23,captured
pay_6SR7I0SA,ORD_3629,1193.74,23.87,4.3,1165.57,setl_274,2026-08-22 20:53:00,2026-08-23,captured
pay_BEAHZA9T,ORD_3630,3529.64,70.59,12.71,3446.34,setl_274,2026-08-22 17:26:00,2026-08-23,captured
pay_ZX3VBGDI,ORD_3631,2982.91,59.66,10.74,2912.51,setl_274,2026-08-23 00:26:00,2026-08-24,captured
pay_68C65683,ORD_3632,890.09,17.8,3.2,869.09,setl_274,2026-08-23 02:27:00,2026-08-24,captured
pay_5OFQ3W32,ORD_3633,299.57,5.99,1.08,292.5,setl_274,2026-08-23 04:41:00,2026-08-24,captured
pay_4N5FIC40,ORD_3634,1939.15,38.78,6.98,1893.39,setl_274,2026-08-23 03:39:00,2026-08-24,captured
pay_1OR4SDA9,ORD_3635,1645.86,32.92,5.93,1607.01,setl_274,2026-08-23 08:46:00,2026-08-24,captured
pay_U1KDJBN5,ORD_3636,1033.94,20.68,3.72,1009.54,setl_274,2026-08-23 01:04:00,2026-08-24,captured
pay_A9969TRJ,ORD_3637,318.0,6.36,1.14,310.5,setl_274,2026-08-22 21:56:00,2026-08-23,captured
pay_RLOSALSU,ORD_3638,1558.87,31.18,5.61,1522.08,setl_275,2026-08-23 04:55:00,2026-08-24,captured
pay_4YRTU7EG,ORD_3639,3000.81,60.02,10.8,2929.99,setl_275,2026-08-23 01:43:00,2026-08-24,captured
pay_XV38PFIT,ORD_3640,1487.31,29.75,5.35,1252.21,setl_275,2026-08-22 23:14:00,2026-08-23,captured
pay_H0Z98WQU,ORD_3641,1796.0,35.92,6.47,1753.61,setl_275,2026-08-23 01:12:00,2026-08-24,captured
pay_RYAEK5A0,ORD_3642,1839.51,36.79,6.62,1796.1,setl_275,2026-08-22 17:09:00,2026-08-23,captured
pay_J94KIC0G,ORD_3643,175.75,3.52,0.63,171.6,setl_275,2026-08-23 04:44:00,2026-08-24,captured
pay_W5PR0QXE,ORD_3644,931.7,18.63,3.35,909.72,setl_275,2026-08-23 06:34:00,2026-08-24,captured
pay_IJ04GADT,ORD_3645,856.95,17.14,3.09,836.72,setl_275,2026-08-23 02:05:00,2026-08-24,captured
pay_G77FLV7E,ORD_3646,1327.58,26.55,4.78,1296.25,setl_275,2026-08-23 04:43:00,2026-08-24,captured
pay_1QJQMFD2,ORD_3647,285.01,5.7,1.03,278.28,setl_275,2026-08-23 08:34:00,2026-08-24,captured
pay_PBZGI3ZT,ORD_3648,967.67,19.35,3.48,944.84,setl_275,2026-08-23 02:36:00,2026-08-24,captured
pay_Q6W51IX2,ORD_3649,2536.32,50.73,9.13,2476.46,setl_275,2026-08-22 17:51:00,2026-08-23,captured
pay_YGMEXF9L,ORD_3650,724.28,14.49,2.61,707.18,setl_276,2026-08-23 05:38:00,2026-08-24,captured
pay_O9XS2S1S,ORD_3651,1534.22,30.68,5.52,1498.02,setl_276,2026-08-23 08:40:00,2026-08-24,captured
pay_5LZ2L2E9,ORD_3652,420.76,8.42,1.52,410.82,setl_276,2026-08-22 19:57:00,2026-08-23,captured
pay_8BWQRUEY,ORD_3653,3482.53,69.65,12.54,3400.34,setl_276,2026-08-22 22:17:00,2026-08-23,captured
pay_75YUZTW3,ORD_3654,1886.91,37.74,6.79,1842.38,setl_276,2026-08-23 02:54:00,2026-08-24,captured
pay_DJSOOCGD,ORD_3655,453.4,9.07,1.63,442.7,setl_276,2026-08-22 20:02:00,2026-08-23,captured
pay_11UODZY2,ORD_3656,357.62,7.15,1.29,349.18,setl_276,2026-08-23 02:00:00,2026-08-24,captured
pay_6JXRYX5Z,ORD_3657,449.16,8.98,1.62,438.56,setl_276,2026-08-23 04:36:30,2026-08-24,captured
pay_VOMXW3HB,ORD_3657,449.16,8.98,1.62,438.56,setl_276,2026-08-23 04:36:00,2026-08-24,captured
pay_CX5J1IIP,ORD_3658,894.66,17.89,3.22,873.55,setl_276,2026-08-23 07:12:00,2026-08-24,captured
pay_62E21TRB,ORD_3659,716.98,14.34,2.58,700.06,setl_276,2026-08-23 07:16:00,2026-08-24,captured
pay_JQRWYGS8,ORD_3660,478.96,9.58,1.72,467.66,setl_277,2026-08-23 07:39:00,2026-08-24,captured
pay_9OZO13JF,ORD_3661,1543.04,30.86,5.55,1506.63,setl_277,2026-08-22 18:33:00,2026-08-23,captured
pay_NPXI9BF1,ORD_3662,660.97,13.22,2.38,645.37,setl_277,2026-08-23 02:51:00,2026-08-24,captured
pay_Q0NH0RUD,ORD_3663,1886.17,37.72,6.79,1841.66,setl_277,2026-08-23 04:25:00,2026-08-24,captured
pay_KQN8OY7G,ORD_3664,1266.59,25.33,4.56,1236.7,setl_277,2026-08-23 00:46:00,2026-08-24,captured
pay_YI1O46MZ,ORD_3665,1475.03,29.5,5.31,1440.22,setl_277,2026-08-22 23:46:00,2026-08-23,captured
pay_CVM5O9CO,ORD_3666,1207.01,24.14,4.35,1178.52,setl_277,2026-08-22 18:40:00,2026-08-23,captured
pay_NCS5834B,ORD_3667,320.1,6.4,1.15,312.55,setl_277,2026-08-22 18:23:00,2026-08-23,captured
pay_5YRWYIO7,ORD_3668,2459.81,49.2,8.86,2401.75,setl_277,2026-08-23 04:50:00,2026-08-24,captured
pay_OQZMKVZB,ORD_3669,1825.54,36.51,6.57,1782.46,setl_277,2026-08-23 03:42:00,2026-08-24,captured
pay_7LZG3RBE,ORD_3670,1818.34,36.37,6.55,1775.42,setl_278,2026-08-23 05:43:00,2026-08-24,captured
pay_SH3PFI14,ORD_3671,426.59,8.53,1.54,416.52,setl_278,2026-08-22 23:12:00,2026-08-23,captured
pay_09SGWN0M,ORD_3672,1484.97,29.7,5.35,1449.92,setl_278,2026-08-22 19:46:00,2026-08-23,captured
pay_NETUY56H,ORD_3674,3509.0,70.18,12.63,3426.19,setl_278,2026-08-23 00:47:00,2026-08-24,captured
pay_2MF4SRN6,ORD_3675,303.69,6.07,1.09,296.53,setl_278,2026-08-22 22:40:00,2026-08-23,captured
pay_SL0JJMBY,ORD_3676,1513.89,30.28,5.45,1478.16,setl_278,2026-08-23 08:14:00,2026-08-24,captured
pay_0BT7ROL7,ORD_3677,1159.27,23.19,4.17,1131.91,setl_278,2026-08-22 20:38:00,2026-08-23,captured
pay_LAA6UYPV,ORD_3678,523.72,10.47,1.88,511.37,setl_278,2026-08-22 20:42:00,2026-08-23,captured
pay_308N32K1,ORD_3679,248.95,4.98,0.9,243.07,setl_278,2026-08-22 23:33:00,2026-08-23,captured
pay_OI8U4F5Y,ORD_3680,1172.4,23.45,4.22,1144.73,setl_279,2026-08-23 07:22:00,2026-08-24,captured
pay_HKTWI9B8,ORD_3681,2460.44,49.21,8.86,2402.37,setl_279,2026-08-23 04:02:00,2026-08-24,captured
pay_EPW5XPVJ,ORD_3682,1477.98,29.56,5.32,1443.1,setl_279,2026-08-22 17:20:00,2026-08-23,captured
pay_T0LEUPK9,ORD_3683,1294.09,25.88,4.66,1263.55,setl_279,2026-08-23 05:06:00,2026-08-24,captured
pay_SS3SVY65,ORD_3684,442.58,8.85,1.59,432.14,setl_279,2026-08-23 07:46:00,2026-08-24,captured
pay_807CP4LM,ORD_3685,873.47,17.47,3.14,852.86,setl_279,2026-08-23 01:19:00,2026-08-24,captured
pay_CIJQN6C4,ORD_3686,1296.67,25.93,4.67,1266.07,setl_279,2026-08-23 00:30:00,2026-08-24,captured
pay_R5T9EGVX,ORD_3687,1541.78,30.84,5.55,1505.39,setl_279,2026-08-23 08:24:00,2026-08-24,captured
pay_0PNTKLUU,ORD_3688,2981.37,59.63,10.73,2911.01,setl_280,2026-08-23 03:21:00,2026-08-24,captured
pay_DEVI5B9O,ORD_3689,241.56,4.83,0.87,235.86,setl_280,2026-08-23 06:12:00,2026-08-24,captured
pay_L6VTU9FG,ORD_3690,386.19,9.11,1.64,375.44,setl_280,2026-08-23 04:43:00,2026-08-24,captured
pay_1LQXT229,ORD_3691,1489.33,29.79,5.36,1454.18,setl_280,2026-08-23 08:39:00,2026-08-24,captured
pay_U3054OUX,ORD_3692,1573.76,31.48,5.67,1536.61,setl_280,2026-08-23 08:31:00,2026-08-24,captured
pay_YK9XPFO8,ORD_3693,2530.04,50.6,9.11,2470.33,setl_280,2026-08-22 17:51:00,2026-08-23,captured
pay_YFMQFKIL,ORD_3694,1450.72,29.01,5.22,1416.49,setl_280,2026-08-23 00:47:00,2026-08-24,captured
pay_QLV488PK,ORD_3695,1522.78,30.46,5.48,1486.84,setl_280,2026-08-23 08:08:00,2026-08-24,captured
pay_9YKRZ1Y3,ORD_3696,3458.06,69.16,12.45,3376.45,setl_280,2026-08-23 07:43:00,2026-08-24,captured
pay_S58BQZAC,ORD_3697,423.17,8.46,1.52,413.19,setl_280,2026-08-23 08:13:00,2026-08-24,captured
pay_2TLTT23G,ORD_3698,2989.87,59.8,10.76,2919.31,setl_281,2026-08-23 07:12:00,2026-08-24,captured
pay_90GDRRA5,ORD_3699,321.44,6.43,1.16,313.85,setl_281,2026-08-22 21:10:00,2026-08-23,captured
pay_BUYS9P7S,ORD_3700,1852.53,37.05,6.67,1808.81,setl_281,2026-08-23 04:35:00,2026-08-24,captured
pay_YBOR9MM2,ORD_3701,1593.3,31.87,5.74,1555.69,setl_281,2026-08-23 05:30:00,2026-08-24,captured
pay_RXMABL30,ORD_3702,159.05,3.18,0.57,155.3,setl_281,2026-08-23 03:51:00,2026-08-24,captured
pay_TFMS12WB,ORD_3703,2503.81,50.08,9.01,2444.72,setl_281,2026-08-23 03:54:00,2026-08-24,captured
pay_DCQ81UEN,ORD_3704,277.81,5.56,1.0,271.25,setl_281,2026-08-22 17:53:00,2026-08-23,captured
pay_W8DXAJXM,ORD_3705,891.81,17.84,3.21,870.76,setl_281,2026-08-22 23:59:00,2026-08-24,captured
pay_BXVERO6W,ORD_3706,3036.17,60.72,10.93,2964.52,setl_282,2026-08-23 03:38:00,2026-08-24,captured
pay_X04XSBY2,ORD_3707,430.02,8.6,1.55,333.87,setl_282,2026-08-23 00:25:00,2026-08-24,captured
pay_5KLS0RSH,ORD_3708,405.24,8.1,1.46,395.68,setl_282,2026-08-23 02:33:00,2026-08-24,captured
pay_JX5W3OZY,ORD_3709,1527.23,30.54,5.5,1491.19,setl_282,2026-08-23 02:57:00,2026-08-24,captured
pay_6ZAZ505T,ORD_3710,3021.96,60.44,10.88,2950.64,setl_282,2026-08-23 04:18:00,2026-08-24,captured
pay_YN0BU8HR,ORD_3711,1312.2,26.24,4.72,1281.24,setl_282,2026-08-22 20:20:00,2026-08-23,captured
pay_6D6IWKVY,ORD_3712,1899.11,37.98,6.84,1854.29,setl_282,2026-08-23 05:31:00,2026-08-24,captured
pay_JO9NIFMP,ORD_3713,885.48,17.71,3.19,864.58,setl_282,2026-08-23 05:19:00,2026-08-24,captured
pay_1F15MR0V,ORD_3714,689.24,13.78,2.48,672.98,setl_282,2026-08-23 07:27:00,2026-08-24,captured
pay_XWQQIH11,ORD_3715,1277.01,25.54,4.6,1246.87,setl_282,2026-08-22 18:45:00,2026-08-23,captured
pay_J6JDPBJ1,ORD_3716,1552.68,31.05,5.59,1516.04,setl_283,2026-08-22 22:25:00,2026-08-23,captured
pay_0F6OV0ND,ORD_3717,1792.01,35.84,6.45,1749.72,setl_283,2026-08-23 04:48:00,2026-08-24,captured
pay_JS3EV33P,ORD_3718,932.52,18.65,3.36,910.51,setl_283,2026-08-23 07:36:00,2026-08-24,captured
pay_3YA2KYLJ,ORD_3719,492.09,9.84,1.77,480.48,setl_283,2026-08-22 22:21:00,2026-08-23,captured
pay_GFMNUF8Z,ORD_3720,528.68,10.57,1.9,516.21,setl_283,2026-08-22 20:15:00,2026-08-23,captured
pay_4UM75W15,ORD_3721,402.34,8.05,1.45,392.84,setl_283,2026-08-23 04:23:00,2026-08-24,captured
pay_XSGAFCOH,ORD_3722,485.78,9.72,1.75,474.31,setl_283,2026-08-22 18:35:30,2026-08-23,captured
pay_BXXHTD2F,ORD_3722,485.78,9.72,1.75,474.31,setl_283,2026-08-22 18:35:00,2026-08-23,captured
pay_EQZPPW62,ORD_3723,1794.13,35.88,6.46,1751.79,setl_283,2026-08-22 22:00:00,2026-08-23,captured
pay_XQKY9KVG,ORD_3724,1912.46,38.25,6.88,1867.33,setl_284,2026-08-23 05:38:00,2026-08-24,captured
pay_OJ38AYIX,ORD_3725,390.71,7.81,1.41,381.49,setl_284,2026-08-23 08:14:00,2026-08-24,captured
pay_O6ZHDQAI,ORD_3726,2469.92,49.4,8.89,2411.63,setl_284,2026-08-22 18:13:00,2026-08-23,captured
pay_DL970SDO,ORD_3727,404.46,8.09,1.46,394.91,setl_284,2026-08-23 00:14:00,2026-08-24,captured
pay_55HTY6XN,ORD_3728,464.75,9.29,1.67,453.79,setl_284,2026-08-22 21:35:00,2026-08-23,captured
pay_TDRJDL2A,ORD_3729,1460.03,29.2,5.26,1425.57,setl_284,2026-08-23 00:40:00,2026-08-24,captured
pay_MKBF6X3L,ORD_3730,1550.23,31.0,5.58,1513.65,setl_284,2026-08-22 22:19:00,2026-08-23,captured
pay_D29F8PX7,ORD_3731,3512.91,70.26,12.65,3430.0,setl_284,2026-08-22 22:02:00,2026-08-23,captured
pay_TBLRWU7A,ORD_3732,303.31,6.07,1.09,296.15,setl_284,2026-08-22 21:05:00,2026-08-23,captured
pay_TPN9HT1U,ORD_3734,1496.76,29.94,5.39,1461.43,setl_285,2026-08-22 22:59:00,2026-08-23,captured
pay_BYQ71UHA,ORD_3735,878.09,17.56,3.16,857.37,setl_285,2026-08-23 00:32:00,2026-08-24,captured
pay_2RW97RSL,ORD_3736,540.34,10.81,1.95,527.58,setl_285,2026-08-23 05:15:00,2026-08-24,captured
pay_GIELGV3G,ORD_3737,1501.34,30.03,5.41,1465.9,setl_285,2026-08-22 22:06:00,2026-08-23,captured
pay_EV4IY4K1,ORD_3738,716.06,14.32,2.58,699.16,setl_285,2026-08-23 03:17:00,2026-08-24,captured
pay_MJTC33U0,ORD_3739,172.47,3.45,0.62,168.4,setl_285,2026-08-23 05:53:00,2026-08-24,captured
pay_MWNA3MIR,ORD_3740,1570.67,31.41,5.65,1533.61,setl_285,2026-08-23 00:33:00,2026-08-24,captured
pay_U0E2D521,ORD_3741,536.45,10.73,1.93,523.79,setl_285,2026-08-23 07:07:00,2026-08-24,captured
pay_3NPPABLB,ORD_3742,2449.24,48.98,8.82,2391.44,setl_285,2026-08-22 23:16:00,2026-08-23,captured
pay_4P93NYH9,ORD_3743,447.9,8.96,1.61,437.33,setl_285,2026-08-23 03:12:00,2026-08-24,captured
pay_NK68GARY,ORD_3744,325.05,6.5,1.17,317.38,setl_286,2026-08-23 00:15:00,2026-08-24,captured
pay_B1VWNTVZ,ORD_3745,1528.4,30.57,5.5,1492.33,setl_286,2026-08-23 03:32:00,2026-08-24,captured
pay_FPIVD2IG,ORD_3746,340.31,8.03,1.45,330.83,setl_286,2026-08-23 00:43:00,2026-08-24,captured
pay_392N9BO0,ORD_3747,1214.22,24.28,4.37,1185.57,setl_286,2026-08-22 21:47:00,2026-08-23,captured
pay_PKXUNDMF,ORD_3748,1778.49,35.57,6.4,1736.52,setl_286,2026-08-22 23:27:00,2026-08-23,captured
pay_9LQ6W67V,ORD_3749,1542.0,30.84,5.55,1505.61,setl_286,2026-08-23 04:14:00,2026-08-24,captured
pay_8L8DJ0EK,ORD_3750,480.57,9.61,1.73,469.23,setl_286,2026-08-23 00:10:00,2026-08-24,captured
pay_CYHC065J,ORD_3751,248.4,4.97,0.89,242.54,setl_286,2026-08-23 06:30:00,2026-08-24,captured
pay_XTR3GAE9,ORD_3752,517.24,10.34,1.86,505.04,setl_286,2026-08-23 03:22:00,2026-08-24,captured
pay_DXBDEHHD,ORD_3753,1289.33,25.79,4.64,1258.9,setl_287,2026-08-23 07:05:00,2026-08-24,captured
pay_VM4JBUX4,ORD_3754,1494.51,29.89,5.38,1459.24,setl_287,2026-08-23 00:24:00,2026-08-24,captured
pay_Z5T84CPK,ORD_3755,234.58,4.69,0.84,229.05,setl_287,2026-08-23 05:47:00,2026-08-24,captured
pay_J9LKOPJ1,ORD_3756,1779.3,35.59,6.41,1737.3,setl_287,2026-08-22 19:54:00,2026-08-23,captured
pay_ECC7JBS8,ORD_3757,271.88,5.44,0.98,265.46,setl_287,2026-08-23 07:00:00,2026-08-24,captured
pay_KYOF4RPL,ORD_3758,958.78,19.18,3.45,936.15,setl_287,2026-08-23 23:58:00,2026-08-25,captured
pay_ABL3DYH9,ORD_3759,943.66,18.87,3.4,921.39,setl_287,2026-08-23 01:40:00,2026-08-24,captured
pay_W1ARVYXT,ORD_3760,1213.19,24.26,4.37,1184.56,setl_287,2026-08-23 06:49:00,2026-08-24,captured
pay_2S9JZL4K,ORD_3761,344.29,6.89,1.24,336.16,setl_287,2026-08-22 18:12:00,2026-08-23,captured
pay_ZNXXVI1R,ORD_3762,1279.64,25.59,4.61,1249.44,setl_287,2026-08-23 00:18:00,2026-08-24,captured
pay_4C3Z2LJA,ORD_3763,1599.2,31.98,5.76,1561.46,setl_288,2026-08-22 21:56:00,2026-08-23,captured
pay_WUZJAWGA,ORD_3764,396.38,7.93,1.43,387.02,setl_288,2026-08-22 20:36:00,2026-08-23,captured
pay_TQFOB80V,ORD_3765,3008.9,60.18,10.83,2937.89,setl_288,2026-08-22 21:33:00,2026-08-23,captured
pay_MJ3Z7W7N,ORD_3766,156.7,3.13,0.56,153.01,setl_288,2026-08-22 20:10:00,2026-08-23,captured
pay_90BSH1FY,ORD_3767,2513.61,50.27,9.05,2454.29,setl_288,2026-08-22 17:37:00,2026-08-23,captured
pay_F3FICLRE,ORD_3768,742.66,14.85,2.67,725.14,setl_288,2026-08-22 22:01:00,2026-08-23,captured
pay_GQE8DKGX,ORD_3769,400.91,8.02,1.44,391.45,setl_288,2026-08-23 06:11:00,2026-08-24,captured
pay_5G2YLFVG,ORD_3770,363.4,7.27,1.31,282.14,setl_288,2026-08-23 08:18:00,2026-08-24,captured
pay_XQWWFB4L,ORD_3771,1472.85,29.46,5.3,1438.09,setl_288,2026-08-23 01:10:00,2026-08-24,captured
pay_5UM4YRV8,ORD_3772,315.31,6.31,1.14,307.86,setl_288,2026-08-23 00:56:00,2026-08-24,captured
pay_QMFSWPY6,ORD_3773,1188.54,23.77,4.28,1160.49,setl_288,2026-08-22 22:33:00,2026-08-23,captured
pay_XWIHDRG8,ORD_3774,1863.86,37.28,6.71,1819.87,setl_289,2026-08-23 03:07:00,2026-08-24,captured
pay_Z5GF0G46,ORD_3775,1835.85,36.72,6.61,1792.52,setl_289,2026-08-23 01:36:00,2026-08-24,captured
pay_C11UH3DR,ORD_3776,1327.54,26.55,4.78,1296.21,setl_289,2026-08-23 04:00:00,2026-08-24,captured
pay_GI9P8TFX,ORD_3777,1005.19,20.1,3.62,981.47,setl_289,2026-08-22 23:35:00,2026-08-23,captured
pay_NWCQTJVU,ORD_3778,510.73,10.21,1.84,498.68,setl_289,2026-08-22 23:29:00,2026-08-23,captured
pay_52TD2QYU,ORD_3779,3449.31,68.99,12.42,3367.9,setl_289,2026-08-23 01:45:00,2026-08-24,captured
pay_PR9A67L7,ORD_3780,1779.62,35.59,6.41,1737.62,setl_289,2026-08-23 03:20:00,2026-08-24,captured
pay_2ATGXI9C,ORD_3781,334.41,6.69,1.2,326.52,setl_289,2026-08-22 20:43:00,2026-08-23,captured
pay_RMQ9PKL4,ORD_3782,3477.03,69.54,12.52,3394.97,setl_289,2026-08-22 22:26:00,2026-08-23,captured
pay_O6C6ZH6D,ORD_3783,423.35,8.47,1.52,413.36,setl_290,2026-08-22 17:28:00,2026-08-23,captured
pay_L0AIHEGY,ORD_3784,1520.86,30.42,5.48,1484.96,setl_290,2026-08-22 19:11:00,2026-08-23,captured
pay_RWHO3U56,ORD_3785,1298.29,25.97,4.67,1267.65,setl_290,2026-08-23 07:02:00,2026-08-24,captured
pay_O3QYEPJR,ORD_3786,1000.74,20.01,3.6,977.13,setl_290,2026-08-23 08:10:00,2026-08-24,captured
pay_84UVM6N6,ORD_3787,1036.91,20.74,3.73,1012.44,setl_290,2026-08-22 18:53:30,2026-08-23,captured
pay_PWE3960B,ORD_3787,1036.91,20.74,3.73,1012.44,setl_290,2026-08-22 18:53:00,2026-08-23,captured
pay_DV28O470,ORD_3789,1180.38,23.61,4.25,1152.52,setl_290,2026-08-23 03:05:00,2026-08-24,captured
pay_23QKG8J7,ORD_3790,342.54,6.85,1.23,334.46,setl_290,2026-08-23 07:52:00,2026-08-24,captured
pay_2KUGEORL,ORD_3791,1546.37,30.93,5.57,1509.87,setl_290,2026-08-23 03:30:00,2026-08-24,captured
pay_5C5MWBWA,ORD_3792,1152.54,23.05,4.15,1125.34,setl_290,2026-08-22 19:17:00,2026-08-23,captured
pay_SABBKAZJ,ORD_3793,277.34,5.55,1.0,270.79,setl_291,2026-08-23 06:25:00,2026-08-24,captured
pay_3MNA9TV4,ORD_3794,261.33,5.23,0.94,255.16,setl_291,2026-08-22 23:23:00,2026-08-23,captured
pay_8TZV0DSG,ORD_3795,1562.46,31.25,5.62,1525.59,setl_291,2026-08-23 06:04:00,2026-08-24,captured
pay_YNLAIMA5,ORD_3796,434.29,8.69,1.56,424.04,setl_291,2026-08-23 04:08:00,2026-08-24,captured
pay_R248X533,ORD_3797,1274.67,25.49,4.59,1244.59,setl_291,2026-08-23 06:46:00,2026-08-24,captured
pay_EQQFLNOJ,ORD_3798,3018.08,60.36,10.86,2946.86,setl_291,2026-08-22 22:46:00,2026-08-23,captured
pay_V1JL7TG6,ORD_3799,236.97,4.74,0.85,231.38,setl_291,2026-08-23 02:28:00,2026-08-24,captured
pay_J0Y17VZ2,ORD_3800,1534.62,30.69,5.52,1498.41,setl_291,2026-08-23 07:42:00,2026-08-24,captured
pay_86UL6ULM,ORD_3801,396.91,7.94,1.43,387.54,setl_291,2026-08-23 02:01:00,2026-08-24,captured
pay_U4SUXRIO,ORD_3802,288.7,5.77,1.04,281.89,setl_291,2026-08-22 21:44:00,2026-08-23,captured
pay_QBI4MU4Q,ORD_3803,1629.28,32.59,5.87,1590.82,setl_291,2026-08-23 09:01:00,2026-08-24,captured
pay_PQP81YCE,ORD_3804,333.67,6.67,1.2,325.8,setl_292,2026-08-23 07:23:00,2026-08-24,captured
pay_XWEPU44T,ORD_3805,965.37,19.31,3.48,942.58,setl_292,2026-08-22 21:26:00,2026-08-23,captured
pay_ANX0H6VY,ORD_3806,1624.2,32.48,5.85,1585.87,setl_292,2026-08-23 03:37:00,2026-08-24,captured
pay_RR3DB24Q,ORD_3807,1253.64,25.07,4.51,1224.06,setl_292,2026-08-23 01:54:00,2026-08-24,captured
pay_M8JKX2Y5,ORD_3808,345.93,6.92,1.25,337.76,setl_292,2026-08-22 17:45:00,2026-08-23,captured
pay_R8J0JMMY,ORD_3809,730.22,17.23,3.1,709.89,setl_292,2026-08-23 04:26:00,2026-08-24,captured
pay_3Y8A6M96,ORD_3810,493.22,9.86,1.77,481.59,setl_292,2026-08-23 06:15:00,2026-08-24,captured
pay_EWZFOLSU,ORD_3811,517.58,10.35,1.86,505.37,setl_292,2026-08-23 09:03:00,2026-08-24,captured
pay_3AOPVBW2,ORD_3812,3507.11,70.14,12.63,3424.34,setl_293,2026-08-22 22:51:00,2026-08-23,captured
pay_B8VODMR5,ORD_3813,175.42,3.51,0.63,171.28,setl_293,2026-08-23 02:15:00,2026-08-24,captured
pay_9UCEGYUA,ORD_3814,2474.6,49.49,8.91,2416.2,setl_293,2026-08-23 08:10:00,2026-08-24,captured
pay_NCPRCWFB,ORD_3815,1783.31,35.67,6.42,1741.22,setl_293,2026-08-23 04:03:00,2026-08-24,captured
pay_3UF8RI3P,ORD_3816,501.39,10.03,1.81,489.55,setl_293,2026-08-22 23:51:00,2026-08-23,captured
pay_YW6WEYUK,ORD_3817,261.35,5.23,0.94,255.18,setl_293,2026-08-22 17:09:00,2026-08-23,captured
pay_J6VDCF33,ORD_3818,2973.73,59.47,10.7,2903.56,setl_293,2026-08-22 23:58:00,2026-08-24,captured
pay_XJH8KGYZ,ORD_3819,3048.28,60.97,10.97,2976.34,setl_293,2026-08-23 05:31:00,2026-08-24,captured
pay_RRLT2BI3,ORD_3820,237.66,4.75,0.85,232.06,setl_293,2026-08-23 02:26:00,2026-08-24,captured
pay_HCFB4MFP,ORD_3821,696.49,13.93,2.51,680.05,setl_294,2026-08-22 19:34:00,2026-08-23,captured
pay_IQOUQZVI,ORD_3822,276.79,5.54,1.0,270.25,setl_294,2026-08-23 02:48:00,2026-08-24,captured
pay_48PSRRT7,ORD_3823,2505.94,50.12,9.02,2446.8,setl_294,2026-08-22 19:53:00,2026-08-23,captured
pay_V58NG0DL,ORD_3824,2978.46,59.57,10.72,2908.17,setl_294,2026-08-23 05:47:00,2026-08-24,captured
pay_AC6QDCV2,ORD_3825,1515.57,30.31,5.46,1479.8,setl_294,2026-08-22 21:04:00,2026-08-23,captured
pay_TDWHMBUN,ORD_3826,1194.64,23.89,4.3,1166.45,setl_294,2026-08-23 06:27:00,2026-08-24,captured
pay_NPI53RY0,ORD_3827,1452.04,29.04,5.23,1417.77,setl_294,2026-08-23 03:35:00,2026-08-24,captured
pay_M829A7ZZ,ORD_3828,676.52,13.53,2.44,660.55,setl_294,2026-08-22 20:01:00,2026-08-23,captured
pay_D5AX7UOC,ORD_3829,394.31,7.89,1.42,385.0,setl_294,2026-08-23 08:52:00,2026-08-24,captured
pay_OHNJYPOG,ORD_3830,1534.28,30.69,5.52,1498.07,setl_294,2026-08-23 01:01:00,2026-08-24,captured
pay_Z43D3ZB2,ORD_3831,1546.58,30.93,5.57,1510.08,setl_295,2026-08-23 00:26:00,2026-08-24,captured
pay_ZUL867WC,ORD_3832,304.26,6.09,1.1,236.22,setl_295,2026-08-23 01:00:00,2026-08-24,captured
pay_29RRPBL6,ORD_3833,1289.62,25.79,4.64,1259.19,setl_295,2026-08-22 23:54:00,2026-08-23,captured
pay_GL51N5XY,ORD_3834,413.97,8.28,1.49,404.2,setl_295,2026-08-23 04:03:00,2026-08-24,captured
pay_50F1DEU3,ORD_3835,927.04,18.54,3.34,905.16,setl_295,2026-08-23 08:24:00,2026-08-24,captured
pay_R2L6BGRT,ORD_3836,404.55,8.09,1.46,395.0,setl_295,2026-08-22 17:09:00,2026-08-23,captured
pay_6KE9JFO2,ORD_3837,2975.27,59.51,10.71,2905.05,setl_295,2026-08-23 02:08:00,2026-08-24,captured
pay_C3IYX95O,ORD_3838,2502.88,50.06,9.01,2443.81,setl_295,2026-08-23 04:55:00,2026-08-24,captured
pay_JOUSK57Q,ORD_3839,1543.74,30.87,5.56,1507.31,setl_295,2026-08-22 18:20:00,2026-08-23,captured
pay_T6HMRYI0,ORD_3840,3456.86,69.14,12.45,3375.27,setl_295,2026-08-22 17:06:00,2026-08-23,captured
pay_EQDB2PC3,ORD_3841,440.11,8.8,1.58,429.73,setl_295,2026-08-22 18:23:00,2026-08-23,captured
pay_6TGKNQDW,ORD_3842,1024.78,20.5,3.69,1000.59,setl_296,2026-08-22 17:04:00,2026-08-23,captured
pay_YVF3TIVE,ORD_3843,1328.91,26.58,4.78,1297.55,setl_296,2026-08-23 06:33:00,2026-08-24,captured
pay_F80WTH8Q,ORD_3844,544.07,10.88,1.96,531.23,setl_296,2026-08-22 21:10:00,2026-08-23,captured
pay_MVJKQ5O0,ORD_3845,3038.53,60.77,10.94,2966.82,setl_296,2026-08-22 20:11:00,2026-08-23,captured
pay_2CHDAUBM,ORD_3846,3451.93,69.04,12.43,3370.46,setl_296,2026-08-22 22:25:00,2026-08-23,captured
pay_0OIC67W5,ORD_3847,1533.99,30.68,5.52,1497.79,setl_296,2026-08-22 22:46:00,2026-08-23,captured
pay_1PO9O2M4,ORD_3848,880.8,17.62,3.17,860.01,setl_296,2026-08-23 08:01:00,2026-08-24,captured
pay_I5SGFCFL,ORD_3849,484.59,9.69,1.74,473.16,setl_296,2026-08-22 21:52:00,2026-08-23,captured
pay_JWU73365,ORD_3850,953.6,19.07,3.43,931.1,setl_296,2026-08-22 17:29:00,2026-08-23,captured
pay_619XPLKK,ORD_3851,930.72,18.61,3.35,908.76,setl_296,2026-08-22 23:43:00,2026-08-23,captured
pay_CZLXOZV4,ORD_3852,1872.14,37.44,6.74,1827.96,setl_297,2026-08-22 17:21:00,2026-08-23,captured
pay_WAK59W80,ORD_3853,2987.38,59.75,10.75,2916.88,setl_297,2026-08-23 00:33:00,2026-08-24,captured
pay_UFQJEGY1,ORD_3854,2975.28,59.51,10.71,2905.06,setl_297,2026-08-22 21:36:00,2026-08-23,captured
pay_LR6SAKRA,ORD_3855,3038.71,60.77,10.94,2967.0,setl_297,2026-08-23 04:02:00,2026-08-24,captured
pay_MIAY8MLN,ORD_3856,2465.46,49.31,8.88,2407.27,setl_297,2026-08-22 17:30:00,2026-08-23,captured
pay_DPSY9MZE,ORD_3857,867.85,17.36,3.12,847.37,setl_297,2026-08-23 01:30:00,2026-08-24,captured
pay_A03DAZ3R,ORD_3858,936.72,18.73,3.37,914.62,setl_297,2026-08-23 01:10:00,2026-08-24,captured
pay_U6H2FOW2,ORD_3859,272.5,5.45,0.98,266.07,setl_297,2026-08-22 19:25:00,2026-08-23,captured
pay_S4HUFN4V,ORD_3860,3506.17,70.12,12.62,3423.43,setl_297,2026-08-23 01:30:00,2026-08-24,captured
pay_PF34HH4W,ORD_3861,2985.7,59.71,10.75,2915.24,setl_297,2026-08-23 06:52:00,2026-08-24,captured
pay_OKGK8MYD,ORD_3862,352.52,7.05,1.27,344.2,setl_298,2026-08-23 01:01:00,2026-08-24,captured
pay_TEBTLDKZ,ORD_3863,368.3,7.37,1.33,359.6,setl_298,2026-08-23 01:27:00,2026-08-24,captured
pay_2IYBHK3H,ORD_3864,3493.77,69.88,12.58,3411.31,setl_298,2026-08-23 09:00:00,2026-08-24,captured
pay_N1LVZFAA,ORD_3865,2501.52,50.03,9.01,2442.48,setl_298,2026-08-23 00:11:30,2026-08-24,captured
pay_2I477PKB,ORD_3865,2501.52,50.03,9.01,2442.48,setl_298,2026-08-23 00:11:00,2026-08-24,captured
pay_RSPPOBH9,ORD_3866,287.87,5.76,1.04,281.07,setl_298,2026-08-22 22:32:00,2026-08-23,captured
pay_5BQD2UGQ,ORD_3867,2454.79,49.1,8.84,2396.85,setl_298,2026-08-22 21:14:00,2026-08-23,captured
pay_ASW23OGQ,ORD_3868,685.19,13.7,2.47,669.02,setl_298,2026-08-23 05:09:00,2026-08-24,captured
pay_NA164S6C,ORD_3869,2513.89,50.28,9.05,2454.56,setl_298,2026-08-23 06:39:00,2026-08-24,captured
pay_TJL7P1YV,ORD_3870,1307.8,26.16,4.71,1276.93,setl_298,2026-08-22 22:25:00,2026-08-23,captured
pay_AEUTJ0W6,ORD_3871,159.09,3.18,0.57,155.34,setl_299,2026-08-23 07:42:00,2026-08-24,captured
pay_B386TGO2,ORD_3872,224.74,4.49,0.81,219.44,setl_299,2026-08-23 07:40:00,2026-08-24,captured
pay_GHYSBZ0O,ORD_3873,490.79,9.82,1.77,479.2,setl_299,2026-08-22 21:25:00,2026-08-23,captured
pay_IARU4HS7,ORD_3874,391.19,7.82,1.41,381.96,setl_299,2026-08-23 08:43:00,2026-08-24,captured
pay_SA9C2LTW,ORD_3875,1192.88,23.86,4.29,1164.73,setl_299,2026-08-23 06:52:00,2026-08-24,captured
pay_9ERM9JVJ,ORD_3876,669.03,13.38,2.41,653.24,setl_299,2026-08-23 02:54:00,2026-08-24,captured
pay_RPBLA6SZ,ORD_3878,1793.96,35.88,6.46,1751.62,setl_299,2026-08-22 18:27:00,2026-08-23,captured
pay_QONEWRX4,ORD_3879,288.69,5.77,1.04,281.88,setl_299,2026-08-22 20:25:00,2026-08-23,captured
pay_M2OGGV9F,ORD_3880,280.61,5.61,1.01,273.99,setl_299,2026-08-23 02:12:00,2026-08-24,captured
pay_D9JIFZ7U,ORD_3881,1310.59,26.21,4.72,1279.66,setl_299,2026-08-23 06:43:00,2026-08-24,captured
pay_4XVOFXJX,ORD_3882,2470.86,49.42,8.9,2412.54,setl_299,2026-08-22 21:53:00,2026-08-23,captured
pay_MNJTULR7,ORD_3883,1805.3,36.11,6.5,1762.69,setl_300,2026-08-22 19:05:00,2026-08-23,captured
pay_AOBC3OKO,ORD_3884,1865.09,37.3,6.71,1821.08,setl_300,2026-08-23 08:17:00,2026-08-24,captured
pay_U4AVPMX5,ORD_3885,1928.94,38.58,6.94,1883.42,setl_300,2026-08-23 02:39:00,2026-08-24,captured
pay_D554E0RK,ORD_3886,393.28,7.87,1.42,383.99,setl_300,2026-08-23 00:03:00,2026-08-24,captured
pay_MYU7Q7HR,ORD_3887,540.13,10.8,1.94,527.39,setl_300,2026-08-22 22:54:00,2026-08-23,captured
pay_UD0CTY1C,ORD_3888,1759.9,35.2,6.34,1718.36,setl_300,2026-08-23 04:56:00,2026-08-24,captured
pay_M8OG996J,ORD_3889,1258.32,25.17,4.53,1228.62,setl_300,2026-08-23 01:02:00,2026-08-24,captured
pay_7Y6CLGRR,ORD_3890,1913.64,38.27,6.89,1868.48,setl_300,2026-08-23 06:23:00,2026-08-24,captured
pay_NUMZ98TR,ORD_3891,1457.17,29.14,5.25,1422.78,setl_300,2026-08-22 17:15:00,2026-08-23,captured
pay_U0C0Y5F2,ORD_3892,1512.93,30.26,5.45,1477.22,setl_300,2026-08-23 09:02:00,2026-08-24,captured
pay_0AXW9VRZ,ORD_3893,1825.27,36.51,6.57,1782.19,setl_300,2026-08-22 20:28:00,2026-08-23,captured
pay_MQP7RXKZ,ORD_3894,171.73,3.43,0.62,167.68,setl_301,2026-08-22 21:40:00,2026-08-23,captured
pay_Z6R222H1,ORD_3895,1343.31,26.87,4.84,1311.6,setl_301,2026-08-23 01:44:00,2026-08-24,captured
pay_AVPK9WFU,ORD_3896,1928.51,38.57,6.94,1883.0,setl_301,2026-08-23 07:41:00,2026-08-24,captured
pay_EMMV8B71,ORD_3897,462.61,9.25,1.67,451.69,setl_301,2026-08-22 20:13:00,2026-08-23,captured
pay_QUD130IY,ORD_3898,2508.21,59.19,10.65,2438.37,setl_301,2026-08-23 03:44:00,2026-08-24,captured
pay_K7JZQA1O,ORD_3899,434.03,8.68,1.56,423.79,setl_301,2026-08-22 21:51:00,2026-08-23,captured
pay_I7T264W0,ORD_3900,1543.0,30.86,5.55,1506.59,setl_301,2026-08-23 03:42:00,2026-08-24,captured
pay_2GLF8SLJ,ORD_3901,864.6,17.29,3.11,844.2,setl_301,2026-08-22 19:41:00,2026-08-23,captured
pay_BC4PW8ZW,ORD_3902,3499.52,69.99,12.6,3416.93,setl_301,2026-08-23 07:44:00,2026-08-24,captured
pay_Z55HPQA1,ORD_3903,465.87,9.32,1.68,454.87,setl_302,2026-08-23 23:59:00,2026-08-25,captured
pay_S90XP7RX,ORD_3904,2454.26,49.09,8.84,2396.33,setl_302,2026-08-23 08:06:00,2026-08-24,captured
pay_N23KJDYV,ORD_3905,411.03,8.22,1.48,401.33,setl_302,2026-08-23 06:55:00,2026-08-24,captured
pay_OFVD2ML0,ORD_3906,2540.45,50.81,9.15,2480.49,setl_302,2026-08-22 21:35:00,2026-08-23,captured
pay_398NLI8C,ORD_3907,1797.17,35.94,6.47,1754.76,setl_302,2026-08-23 07:59:00,2026-08-24,captured
pay_X3LNC304,ORD_3908,1943.08,38.86,6.99,1897.23,setl_302,2026-08-22 19:52:00,2026-08-23,captured
pay_22GTLVU5,ORD_3909,1012.04,20.24,3.64,988.16,setl_302,2026-08-22 20:52:00,2026-08-23,captured
pay_7I6BXPDZ,ORD_3910,654.64,13.09,2.36,639.19,setl_302,2026-08-23 04:09:00,2026-08-24,captured
pay_QU3G58K4,ORD_3911,437.71,8.75,1.57,339.85,setl_302,2026-08-22 23:15:00,2026-08-23,captured
pay_D0MY1HR4,ORD_3912,1766.9,35.34,6.36,1725.2,setl_302,2026-08-23 08:22:00,2026-08-24,captured
pay_LXJV32VU,ORD_3913,681.52,13.63,2.45,665.44,setl_303,2026-08-22 23:47:00,2026-08-23,captured
pay_YTAU731Q,ORD_3914,395.91,7.92,1.43,386.56,setl_303,2026-08-23 05:14:00,2026-08-24,captured
pay_AQLDTMXE,ORD_3915,994.05,19.88,3.58,970.59,setl_303,2026-08-23 06:36:00,2026-08-24,captured
pay_9RUJ3NP6,ORD_3916,357.96,7.16,1.29,349.51,setl_303,2026-08-23 06:30:00,2026-08-24,captured
pay_28ZBJJAC,ORD_3917,1629.6,32.59,5.87,1591.14,setl_303,2026-08-23 07:47:00,2026-08-24,captured
pay_QPX17NQG,ORD_3918,464.4,9.29,1.67,453.44,setl_303,2026-08-23 07:27:00,2026-08-24,captured
pay_MPLA10IB,ORD_3919,1913.29,38.27,6.89,1868.13,setl_303,2026-08-23 02:06:00,2026-08-24,captured
pay_W5448M46,ORD_3920,1625.08,32.5,5.85,1586.73,setl_303,2026-08-22 20:23:00,2026-08-23,captured
pay_V8ZC6PUC,ORD_3921,481.2,9.62,1.73,469.85,setl_303,2026-08-23 02:15:00,2026-08-24,captured
pay_PEVH4QLC,ORD_3922,410.14,8.2,1.48,400.46,setl_303,2026-08-23 08:08:00,2026-08-24,captured
pay_PHV9OB7N,ORD_3923,895.01,17.9,3.22,873.89,setl_304,2026-08-23 08:33:00,2026-08-24,captured
pay_5F5SAYRS,ORD_3924,3495.12,69.9,12.58,3412.64,setl_304,2026-08-23 06:53:00,2026-08-24,captured
pay_QW90TPG9,ORD_3925,733.95,14.68,2.64,716.63,setl_304,2026-08-22 21:18:00,2026-08-23,captured
pay_UP6J3VME,ORD_3926,1842.88,36.86,6.63,1799.39,setl_304,2026-08-22 17:56:00,2026-08-23,captured
pay_N1SCAFT8,ORD_3927,387.46,7.75,1.4,378.31,setl_304,2026-08-22 19:07:00,2026-08-23,captured
pay_QPLUYG3H,ORD_3928,242.82,4.86,0.87,237.09,setl_304,2026-08-22 20:43:00,2026-08-23,captured
pay_DI53CD0Z,ORD_3929,1039.63,20.79,3.74,1015.1,setl_304,2026-08-23 00:35:00,2026-08-24,captured
pay_VK0KJ1YT,ORD_3930,1929.33,38.59,6.95,1883.79,setl_304,2026-08-23 02:01:00,2026-08-24,captured
pay_RUD5WC9F,ORD_3931,909.48,18.19,3.27,888.02,setl_304,2026-08-23 02:00:00,2026-08-24,captured
pay_X3S63LC6,ORD_3932,1454.43,29.09,5.24,1420.1,setl_304,2026-08-23 06:44:00,2026-08-24,captured
pay_4K8O5B8M,ORD_3933,408.6,8.17,1.47,398.96,setl_304,2026-08-23 07:45:00,2026-08-24,captured
pay_XRY9LRKA,ORD_3934,1004.44,20.09,3.62,980.73,setl_304,2026-08-22 17:21:00,2026-08-23,captured
pay_5DMUP1YV,ORD_3935,2968.73,59.37,10.69,2898.67,setl_305,2026-08-22 19:52:00,2026-08-23,captured
pay_57GNVBA4,ORD_3936,1575.4,31.51,5.67,1538.22,setl_305,2026-08-23 01:40:00,2026-08-24,captured
pay_7R1BLLYP,ORD_3937,1170.23,23.4,4.21,1142.62,setl_305,2026-08-22 21:13:00,2026-08-23,captured
pay_JYJ2DSAE,ORD_3938,1210.7,24.21,4.36,1182.13,setl_305,2026-08-23 04:50:00,2026-08-24,captured
pay_5DW1NN9F,ORD_3939,1289.54,25.79,4.64,1259.11,setl_305,2026-08-22 20:46:00,2026-08-23,captured
pay_IQ63F9HK,ORD_3940,1285.16,25.7,4.63,1254.83,setl_305,2026-08-22 23:43:00,2026-08-23,captured
pay_25LPTR5N,ORD_3941,258.6,5.17,0.93,252.5,setl_305,2026-08-23 04:55:30,2026-08-24,captured
pay_AZ4LLS9K,ORD_3941,258.6,5.17,0.93,252.5,setl_305,2026-08-23 04:55:00,2026-08-24,captured
pay_FNNMPGG0,ORD_3942,1810.31,36.21,6.52,1767.58,setl_305,2026-08-22 18:35:00,2026-08-23,captured
pay_580NSNT3,ORD_3943,525.62,10.51,1.89,513.22,setl_305,2026-08-22 22:43:00,2026-08-23,captured
pay_NADHE709,ORD_3944,1563.36,31.27,5.63,1526.46,setl_306,2026-08-22 19:30:00,2026-08-23,captured
pay_14TZP0D9,ORD_3945,225.7,4.51,0.81,220.38,setl_306,2026-08-23 07:33:00,2026-08-24,captured
pay_IG7T92ZX,ORD_3946,1902.71,38.05,6.85,1857.81,setl_306,2026-08-22 17:58:00,2026-08-23,captured
pay_41R1JKEW,ORD_3947,1488.03,29.76,5.36,1452.91,setl_306,2026-08-23 07:47:00,2026-08-24,captured
pay_213Y2EU0,ORD_3948,342.93,6.86,1.23,334.84,setl_306,2026-08-22 17:36:00,2026-08-23,captured
pay_B0U2HVMB,ORD_3949,400.78,8.02,1.44,391.32,setl_306,2026-08-22 19:39:00,2026-08-23,captured
pay_CFU9NLGS,ORD_3950,2468.97,49.38,8.89,2410.7,setl_306,2026-08-22 21:41:00,2026-08-23,captured
pay_WMVXXOGW,ORD_3951,924.02,18.48,3.33,902.21,setl_306,2026-08-23 06:43:00,2026-08-24,captured
pay_GTWY3Y76,ORD_3952,460.35,9.21,1.66,449.48,setl_306,2026-08-22 21:16:00,2026-08-23,captured
pay_QK06HOI9,ORD_3953,475.25,9.51,1.71,464.03,setl_306,2026-08-22 19:06:00,2026-08-23,captured
pay_H3EEHP2Z,ORD_3954,499.76,10.0,1.8,487.96,setl_306,2026-08-23 02:19:00,2026-08-24,captured
pay_ZC7BKSKI,ORD_3955,1570.24,31.4,5.65,1533.19,setl_307,2026-08-23 00:50:00,2026-08-24,captured
pay_S2GTU8CS,ORD_3956,1306.0,26.12,4.7,1275.18,setl_307,2026-08-23 03:53:00,2026-08-24,captured
pay_DFNWPNHE,ORD_3957,245.27,4.91,0.88,239.48,setl_307,2026-08-22 19:47:00,2026-08-23,captured
pay_LZ5RLTDC,ORD_3958,862.29,17.25,3.1,841.94,setl_307,2026-08-22 20:29:00,2026-08-23,captured
pay_4EM5GOTU,ORD_3959,1530.19,30.6,5.51,1494.08,setl_307,2026-08-23 06:14:00,2026-08-24,captured
pay_QXGLI5GH,ORD_3960,1883.41,37.67,6.78,1838.96,setl_307,2026-08-22 18:02:00,2026-08-23,captured
pay_4XU43LC6,ORD_3961,1470.53,29.41,5.29,1435.83,setl_307,2026-08-22 18:12:00,2026-08-23,captured
pay_BQFRB0NZ,ORD_3962,460.61,9.21,1.66,449.74,setl_307,2026-08-23 00:56:00,2026-08-24,captured
pay_8ZPLCL4J,ORD_3964,971.87,19.44,3.5,948.93,setl_307,2026-08-23 04:02:00,2026-08-24,captured
pay_DHEVPB5V,ORD_3965,1273.43,25.47,4.58,1243.38,setl_308,2026-08-22 19:54:00,2026-08-23,captured
pay_MWPMIB2I,ORD_3966,246.55,5.82,1.05,239.68,setl_308,2026-08-23 02:07:00,2026-08-24,captured
pay_V5AA2KOY,ORD_3967,997.05,19.94,3.59,973.52,setl_308,2026-08-23 00:39:00,2026-08-24,captured
pay_IEOA3AU1,ORD_3968,953.38,19.07,3.43,930.88,setl_308,2026-08-23 02:32:00,2026-08-24,captured
pay_XCS16AHA,ORD_3969,1000.09,20.0,3.6,976.49,setl_308,2026-08-23 02:27:00,2026-08-24,captured
pay_4ERMQM70,ORD_3970,959.52,19.19,3.45,936.88,setl_308,2026-08-22 17:26:00,2026-08-23,captured
pay_2KDOFFWS,ORD_3971,480.48,9.61,1.73,469.14,setl_308,2026-08-23 08:43:00,2026-08-24,captured
pay_T0W3X2FF,ORD_3972,422.34,8.45,1.52,412.37,setl_308,2026-08-23 06:26:00,2026-08-24,captured
pay_3NYIR1DK,ORD_3973,283.53,5.67,1.02,276.84,setl_309,2026-08-23 08:06:00,2026-08-24,captured
pay_CKUM88BW,ORD_3974,1260.5,25.21,4.54,1230.75,setl_309,2026-08-23 23:58:00,2026-08-25,captured
pay_9P7EQFJO,ORD_3975,1620.89,32.42,5.84,1582.63,setl_309,2026-08-23 02:32:00,2026-08-24,captured
pay_7JCSJPKB,ORD_3976,3044.39,60.89,10.96,2972.54,setl_309,2026-08-22 17:41:00,2026-08-23,captured
pay_2AGGL6XC,ORD_3977,1549.6,30.99,5.58,1513.03,setl_309,2026-08-22 20:32:00,2026-08-23,captured
pay_6M7RJBN9,ORD_3978,1494.01,29.88,5.38,1458.75,setl_309,2026-08-22 22:35:00,2026-08-23,captured
pay_TQWH40W6,ORD_3979,1452.62,29.05,5.23,1418.34,setl_309,2026-08-23 01:37:00,2026-08-24,captured
pay_PD327KJO,ORD_3980,3465.36,69.31,12.48,3383.57,setl_309,2026-08-23 06:44:00,2026-08-24,captured
pay_LBJM0C55,ORD_3981,424.97,8.5,1.53,414.94,setl_309,2026-08-23 04:26:00,2026-08-24,captured
pay_55UGPASW,ORD_3982,1228.43,24.57,4.42,1199.44,setl_309,2026-08-22 21:26:00,2026-08-23,captured
pay_FI7Y01MU,ORD_3983,222.84,4.46,0.8,217.58,setl_310,2026-08-22 21:23:00,2026-08-23,captured
pay_G43154MA,ORD_3984,935.11,18.7,3.37,726.02,setl_310,2026-08-22 18:52:00,2026-08-23,captured
pay_I6KDPR2V,ORD_3985,1270.93,25.42,4.58,1240.93,setl_310,2026-08-23 00:52:00,2026-08-24,captured
pay_45UBMR81,ORD_3986,1935.51,38.71,6.97,1889.83,setl_310,2026-08-22 17:22:00,2026-08-23,captured
pay_IQPHXI17,ORD_3987,201.45,4.03,0.73,196.69,setl_310,2026-08-22 20:59:00,2026-08-23,captured
pay_WUGOFRGJ,ORD_3988,990.32,19.81,3.57,966.94,setl_310,2026-08-23 03:42:00,2026-08-24,captured
pay_LOL3D7CI,ORD_3989,1324.6,26.49,4.77,1293.34,setl_310,2026-08-22 19:37:30,2026-08-23,captured
pay_G6OXI82P,ORD_3989,1324.6,26.49,4.77,1293.34,setl_310,2026-08-22 19:37:00,2026-08-23,captured
pay_3WUQAYGI,ORD_3990,1513.09,30.26,5.45,1477.38,setl_310,2026-08-23 06:05:00,2026-08-24,captured
pay_TC8SJKG4,ORD_3991,674.04,13.48,2.43,658.13,setl_310,2026-08-22 23:31:00,2026-08-23,captured
pay_C0KN6AHQ,ORD_3992,929.48,18.59,3.35,907.54,setl_310,2026-08-22 21:27:00,2026-08-23,captured
pay_72PK69CD,ORD_3993,1222.3,24.45,4.4,1193.45,setl_310,2026-08-22 20:20:00,2026-08-23,captured
pay_IWATX5JT,ORD_3994,2502.38,50.05,9.01,2443.32,setl_311,2026-08-22 22:29:00,2026-08-23,captured
pay_06O6ATBY,ORD_3995,878.82,17.58,3.16,858.08,setl_311,2026-08-23 04:35:00,2026-08-24,captured
pay_K83GSGCH,ORD_3996,1499.83,30.0,5.4,1464.43,setl_311,2026-08-22 18:50:00,2026-08-23,captured
pay_4CUYSG61,ORD_3997,3041.75,60.84,10.95,2969.96,setl_311,2026-08-23 07:17:00,2026-08-24,captured
pay_XA6S0JEC,ORD_3998,401.01,8.02,1.44,391.55,setl_311,2026-08-23 02:22:00,2026-08-24,captured
pay_HYO3HI0X,ORD_3999,1290.24,25.8,4.64,1259.8,setl_311,2026-08-22 22:50:00,2026-08-23,captured
pay_N6XGYTBG,ORD_4000,1329.98,26.6,4.79,1298.59,setl_311,2026-08-22 20:36:00,2026-08-23,captured
pay_IL6RSOFR,ORD_4001,447.67,8.95,1.61,437.11,setl_311,2026-08-22 18:43:00,2026-08-23,captured
pay_CMBVPTGS,ORD_4002,496.21,9.92,1.79,484.5,setl_311,2026-08-23 01:38:00,2026-08-24,captured
pay_I1CUF8GQ,ORD_4003,709.96,14.2,2.56,693.2,setl_312,2026-08-23 04:02:00,2026-08-24,captured
pay_L3PSF81B,ORD_4004,876.39,17.53,3.16,855.7,setl_312,2026-08-23 04:20:00,2026-08-24,captured
pay_M2Y21IBZ,ORD_4005,230.42,4.61,0.83,224.98,setl_312,2026-08-22 20:56:00,2026-08-23,captured
pay_BDZCF5AK,ORD_4006,3451.94,69.04,12.43,3370.47,setl_312,2026-08-23 01:28:00,2026-08-24,captured
pay_ETLLG3T9,ORD_4007,1752.71,35.05,6.31,1711.35,setl_312,2026-08-22 23:52:00,2026-08-23,captured
pay_QOZ9G5YX,ORD_4008,1496.96,29.94,5.39,1461.63,setl_312,2026-08-22 21:55:00,2026-08-23,captured
pay_1KZVJH5O,ORD_4009,1604.73,32.09,5.78,1566.86,setl_312,2026-08-22 18:30:00,2026-08-23,captured
pay_6SMMQZ6N,ORD_4010,1196.56,23.93,4.31,1168.32,setl_312,2026-08-23 06:50:00,2026-08-24,captured
pay_TY26GKTU,ORD_4011,1476.66,29.53,5.32,1441.81,setl_312,2026-08-23 00:27:00,2026-08-24,captured
pay_JLG3OXF9,ORD_4012,424.86,8.5,1.53,414.83,setl_313,2026-08-22 18:20:00,2026-08-23,captured
pay_108PO1VA,ORD_4013,1810.78,36.22,6.52,1768.04,setl_313,2026-08-22 20:02:00,2026-08-23,captured
pay_P6TA0L4A,ORD_4014,479.4,9.59,1.73,468.08,setl_313,2026-08-23 01:07:00,2026-08-24,captured
pay_540H2YIW,ORD_4015,910.47,18.21,3.28,888.98,setl_313,2026-08-23 07:59:00,2026-08-24,captured
pay_6C7NNLKN,ORD_4016,1816.62,36.33,6.54,1773.75,setl_313,2026-08-23 02:14:00,2026-08-24,captured
pay_2O5MLHZ1,ORD_4017,3456.12,69.12,12.44,3374.56,setl_313,2026-08-23 08:43:00,2026-08-24,captured
pay_073O9YCM,ORD_4018,854.08,17.08,3.07,833.93,setl_313,2026-08-22 17:50:00,2026-08-23,captured
pay_YNQVSKIY,ORD_4019,686.85,13.74,2.47,670.64,setl_313,2026-08-22 22:21:00,2026-08-23,captured
pay_J2NG1GAG,ORD_4020,1546.51,30.93,5.57,1510.01,setl_313,2026-08-23 07:24:00,2026-08-24,captured
pay_8VNBZ40Y,ORD_4021,3464.74,69.29,12.47,3382.98,setl_313,2026-08-23 02:43:00,2026-08-24,captured
pay_KAPILQME,ORD_4022,724.78,14.5,2.61,707.67,setl_313,2026-08-22 18:19:00,2026-08-23,captured
pay_5F0V5VYK,ORD_4023,939.78,18.8,3.38,917.6,setl_314,2026-08-23 07:40:00,2026-08-24,captured
pay_LPVBBGO2,ORD_4024,1757.48,35.15,6.33,1716.0,setl_314,2026-08-23 01:57:00,2026-08-24,captured
pay_9PCYD2KI,ORD_4026,443.12,8.86,1.59,432.67,setl_314,2026-08-23 08:00:00,2026-08-24,captured
pay_2XX0ZE5N,ORD_4027,697.33,13.95,2.51,680.87,setl_314,2026-08-23 08:41:00,2026-08-24,captured
pay_2UEE4LJA,ORD_4028,656.96,15.5,2.79,638.67,setl_314,2026-08-23 08:23:00,2026-08-24,captured
pay_H7TNVOKE,ORD_4029,3519.49,70.39,12.67,3436.43,setl_314,2026-08-23 02:00:00,2026-08-24,captured
pay_VUVA1SI6,ORD_4030,447.69,8.95,1.61,437.13,setl_314,2026-08-23 06:58:00,2026-08-24,captured
pay_06KBKKQG,ORD_4031,902.92,18.06,3.25,881.61,setl_314,2026-08-23 03:38:00,2026-08-24,captured
pay_ROCMQXTJ,ORD_4032,662.77,13.26,2.39,647.12,setl_315,2026-08-23 01:23:00,2026-08-24,captured
pay_NAQGU5IO,ORD_4033,680.76,13.62,2.45,664.69,setl_315,2026-08-23 23:59:00,2026-08-25,captured
pay_TRAZMDUY,ORD_4034,1517.92,30.36,5.46,1482.1,setl_315,2026-08-22 17:38:00,2026-08-23,captured
pay_79R1133D,ORD_4035,1511.79,30.24,5.44,1476.11,setl_315,2026-08-23 05:33:00,2026-08-24,captured
pay_004OOIIU,ORD_4036,1255.7,25.11,4.52,1226.07,setl_315,2026-08-22 22:30:00,2026-08-23,captured
pay_EYWPAJO3,ORD_4037,3460.94,69.22,12.46,3379.26,setl_315,2026-08-22 23:13:00,2026-08-23,captured
pay_K8238XKE,ORD_4038,1897.65,37.95,6.83,1852.87,setl_315,2026-08-23 03:18:00,2026-08-24,captured
pay_Z5W67FAA,ORD_4039,416.04,8.32,1.5,406.22,setl_315,2026-08-22 18:55:00,2026-08-23,captured
pay_LKMSWVBC,ORD_4040,1831.28,36.63,6.59,1788.06,setl_315,2026-08-23 00:58:00,2026-08-24,captured
pay_AJ87WLYZ,ORD_4041,367.81,7.36,1.32,359.13,setl_316,2026-08-22 21:54:00,2026-08-23,captured
pay_R3040HII,ORD_4042,691.32,13.83,2.49,675.0,setl_316,2026-08-22 19:43:00,2026-08-23,captured
pay_ATJLONO3,ORD_4043,1642.86,32.86,5.91,1604.09,setl_316,2026-08-23 02:59:00,2026-08-24,captured
pay_KACLW795,ORD_4044,1933.12,38.66,6.96,1887.5,setl_316,2026-08-23 04:07:00,2026-08-24,captured
pay_N6NPC32H,ORD_4045,1585.86,31.72,5.71,1548.43,setl_316,2026-08-22 23:20:00,2026-08-23,captured
pay_PKB571WZ,ORD_4046,272.74,5.45,0.98,266.31,setl_316,2026-08-23 07:45:00,2026-08-24,captured
pay_9M3JGW8P,ORD_4047,1460.45,29.21,5.26,1425.98,setl_316,2026-08-22 23:55:00,2026-08-23,captured
pay_D129KZ24,ORD_4048,1629.61,32.59,5.87,1591.15,setl_316,2026-08-22 17:36:00,2026-08-23,captured
pay_S0AZT8YB,ORD_4049,276.46,5.53,1.0,269.93,setl_316,2026-08-23 01:40:00,2026-08-24,captured
pay_CWXXDW2M,ORD_4050,375.88,7.52,1.35,367.01,setl_316,2026-08-23 04:06:00,2026-08-24,captured
pay_2ILJL8VJ,ORD_4051,670.85,13.42,2.42,655.01,setl_316,2026-08-22 21:23:00,2026-08-23,captured
pay_C920HU7B,ORD_4052,3450.64,69.01,12.42,3369.21,setl_317,2026-08-23 01:44:00,2026-08-24,captured
pay_U4IJ0W80,ORD_4053,3498.65,69.97,12.59,3416.09,setl_317,2026-08-23 03:45:00,2026-08-24,captured
pay_Z70NFSVN,ORD_4054,413.22,8.26,1.49,403.47,setl_317,2026-08-23 04:52:00,2026-08-24,captured
pay_V1HBYCTS,ORD_4055,703.64,14.07,2.53,687.04,setl_317,2026-08-23 00:40:00,2026-08-24,captured
pay_MG5SVSA4,ORD_4056,3492.99,69.86,12.57,3410.56,setl_317,2026-08-22 17:48:00,2026-08-23,captured
pay_31MPYYNQ,ORD_4057,1505.25,30.11,5.42,1469.72,setl_317,2026-08-23 02:26:00,2026-08-24,captured
pay_QL2TBER5,ORD_4058,1793.75,35.88,6.46,1751.41,setl_317,2026-08-23 07:27:00,2026-08-24,captured
pay_9HAOJTRR,ORD_4059,2974.21,59.48,10.71,2904.02,setl_317,2026-08-22 19:00:00,2026-08-23,captured
pay_ARWUCTWY,ORD_4060,1753.14,35.06,6.31,1511.77,setl_317,2026-08-23 01:55:00,2026-08-24,captured
pay_RGYX0WW7,ORD_4061,1467.09,29.34,5.28,1432.47,setl_318,2026-08-22 23:52:00,2026-08-23,captured
pay_JCBYHGMN,ORD_4062,1546.88,30.94,5.57,1510.37,setl_318,2026-08-23 05:30:00,2026-08-24,captured
pay_CNWSGL97,ORD_4063,3473.8,69.48,12.51,3391.81,setl_318,2026-08-22 23:01:00,2026-08-23,captured
pay_ZJ8TAKUX,ORD_4064,1278.52,25.57,4.6,1248.35,setl_318,2026-08-23 06:00:00,2026-08-24,captured
pay_N09RBBOP,ORD_4065,448.07,8.96,1.61,437.5,setl_318,2026-08-22 21:57:00,2026-08-23,captured
pay_EECFVSJW,ORD_4066,1339.79,26.8,4.82,1308.17,setl_318,2026-08-22 22:07:00,2026-08-23,captured
pay_01JWY0TN,ORD_4067,3021.64,60.43,10.88,2950.33,setl_318,2026-08-22 20:30:00,2026-08-23,captured
pay_5LV0KRVC,ORD_4068,708.26,14.17,2.55,691.54,setl_318,2026-08-23 00:29:00,2026-08-24,captured
pay_TT4LHBAL,ORD_4069,1925.1,38.5,6.93,1879.67,setl_319,2026-08-22 23:51:00,2026-08-23,captured
pay_3G24AF8Q,ORD_4070,375.46,7.51,1.35,366.6,setl_319,2026-08-22 17:21:00,2026-08-23,captured
pay_2DPTMD4F,ORD_4071,243.67,4.87,0.88,237.92,setl_319,2026-08-23 06:54:00,2026-08-24,captured
pay_2GNIIB1B,ORD_4072,2968.25,59.37,10.69,2898.19,setl_319,2026-08-22 22:09:00,2026-08-23,captured
pay_Z5CFNAK5,ORD_4073,3542.32,70.85,12.75,3458.72,setl_319,2026-08-22 17:39:00,2026-08-23,captured
pay_EDQZSATD,ORD_4074,497.16,9.94,1.79,485.43,setl_319,2026-08-23 08:03:00,2026-08-24,captured
pay_M7R3QCQA,ORD_4075,1639.03,32.78,5.9,1600.35,setl_319,2026-08-23 04:09:00,2026-08-24,captured
pay_93DRI54P,ORD_4076,3490.04,69.8,12.56,3407.68,setl_319,2026-08-23 06:21:00,2026-08-24,captured
pay_GQ7T4XRR,ORD_4077,318.14,6.36,1.14,310.64,setl_319,2026-08-23 02:14:00,2026-08-24,captured
pay_09XX0BJ0,ORD_4078,1886.39,37.73,6.79,1841.87,setl_320,2026-08-23 05:04:00,2026-08-24,captured
pay_M9DVNY0F,ORD_4079,1020.25,20.41,3.67,996.17,setl_320,2026-08-23 07:51:00,2026-08-24,captured
pay_PZN8VZYW,ORD_4080,197.77,3.96,0.71,193.1,setl_320,2026-08-22 21:26:00,2026-08-23,captured
pay_E1YU96AG,ORD_4081,1229.44,24.59,4.43,1200.42,setl_320,2026-08-23 02:09:00,2026-08-24,captured
pay_X2G8UC7X,ORD_4082,1481.09,29.62,5.33,1446.14,setl_320,2026-08-23 06:26:00,2026-08-24,captured
pay_LSY7RW78,ORD_4083,292.11,5.84,1.05,285.22,setl_320,2026-08-22 23:28:00,2026-08-23,captured
pay_QF2RKAOR,ORD_4084,197.72,3.95,0.71,193.06,setl_320,2026-08-23 01:10:00,2026-08-24,captured
pay_0SAZWVMP,ORD_4085,1513.03,30.26,5.45,1477.32,setl_320,2026-08-23 05:35:00,2026-08-24,captured
pay_SFFRHD7M,ORD_4086,3519.96,70.4,12.67,3436.89,setl_320,2026-08-23 02:25:00,2026-08-24,captured
pay_IA2W90J9,ORD_4087,316.04,6.32,1.14,308.58,setl_321,2026-08-23 07:29:00,2026-08-24,captured
pay_4O27EVCN,ORD_4088,370.5,7.41,1.33,361.76,setl_321,2026-08-22 21:23:00,2026-08-23,captured
pay_KJQZ4AA3,ORD_4089,873.75,17.48,3.15,853.12,setl_321,2026-08-22 21:45:00,2026-08-23,captured
pay_PTSETIGP,ORD_4090,267.3,5.35,0.96,260.99,setl_321,2026-08-22 18:35:00,2026-08-23,captured
pay_TW5EJE32,ORD_4091,3526.3,70.53,12.7,3443.07,setl_321,2026-08-23 04:41:00,2026-08-24,captured
pay_3LRZMO3D,ORD_4092,3460.87,69.22,12.46,3379.19,setl_321,2026-08-22 23:59:00,2026-08-23,captured
pay_5UX5W3SX,ORD_4093,852.26,17.05,3.07,832.14,setl_321,2026-08-23 02:47:00,2026-08-24,captured
pay_EREPRDLX,ORD_4094,2474.04,49.48,8.91,2415.65,setl_321,2026-08-22 17:44:00,2026-08-23,captured
pay_DQJU7ASX,ORD_4095,431.76,8.64,1.56,421.56,setl_321,2026-08-22 17:58:00,2026-08-23,captured
pay_5JDWOUKF,ORD_4096,3508.51,70.17,12.63,3425.71,setl_322,2026-08-22 22:37:00,2026-08-23,captured
pay_XT8S7I5L,ORD_4097,1195.46,23.91,4.3,1167.25,setl_322,2026-08-23 03:12:00,2026-08-24,captured
pay_TYESTAZA,ORD_4098,1553.37,31.07,5.59,1516.71,setl_322,2026-08-22 17:28:00,2026-08-23,captured
pay_0W2XWB1G,ORD_4099,394.61,7.89,1.42,385.3,setl_322,2026-08-23 06:00:00,2026-08-24,captured
pay_UGF5VNXG,ORD_4100,1455.14,29.1,5.24,1420.8,setl_322,2026-08-22 20:01:00,2026-08-23,captured
pay_CA26QEX3,ORD_4101,205.91,4.12,0.74,201.05,setl_322,2026-08-22 19:42:30,2026-08-23,captured
pay_ZL3FUHT4,ORD_4101,205.91,4.12,0.74,201.05,setl_322,2026-08-22 19:42:00,2026-08-23,captured
pay_1WTXJLVB,ORD_4102,1865.75,37.31,6.72,1821.72,setl_322,2026-08-22 23:40:00,2026-08-23,captured
pay_SQ86XJXX,ORD_4103,1243.01,24.86,4.47,1213.68,setl_322,2026-08-23 04:59:00,2026-08-24,captured
pay_8TNAWVDZ,ORD_4104,937.75,18.75,3.38,915.62,setl_322,2026-08-22 17:25:00,2026-08-23,captured
pay_GV6W0DLJ,ORD_4106,1595.8,37.66,6.78,1551.36,setl_322,2026-08-22 22:42:00,2026-08-23,captured
pay_SMSTRVBB,ORD_4107,1529.96,30.6,5.51,1493.85,setl_322,2026-08-22 20:32:00,2026-08-23,captured
pay_49RGACWA,ORD_4108,1567.38,31.35,5.64,1530.39,setl_323,2026-08-23 05:27:00,2026-08-24,captured
pay_QYXWL961,ORD_4109,457.03,9.14,1.65,446.24,setl_323,2026-08-23 23:59:00,2026-08-25,captured
pay_0AMXE2NF,ORD_4110,2451.45,49.03,8.83,2393.59,setl_323,2026-08-23 01:32:00,2026-08-24,captured
pay_YA9MUB6Q,ORD_4111,211.07,4.22,0.76,206.09,setl_323,2026-08-23 02:54:00,2026-08-24,captured
pay_73RRFKRK,ORD_4112,218.44,4.37,0.79,213.28,setl_323,2026-08-23 06:08:00,2026-08-24,captured
pay_ETBW4YBY,ORD_4113,1244.26,24.89,4.48,1014.89,setl_323,2026-08-22 23:25:00,2026-08-23,captured
pay_S36EYFA2,ORD_4114,1175.7,23.51,4.23,1147.96,setl_323,2026-08-23 02:41:00,2026-08-24,captured
pay_91174N8M,ORD_4115,1336.56,26.73,4.81,1305.02,setl_323,2026-08-23 00:17:00,2026-08-24,captured
pay_75M0PN9S,ORD_4116,962.88,19.26,3.47,940.15,setl_323,2026-08-23 06:38:00,2026-08-24,captured
pay_BBMJXMIK,ORD_4117,1814.78,36.3,6.53,1771.95,setl_323,2026-08-23 08:09:00,2026-08-24,captured
pay_KQKEZNL0,ORD_4118,2483.91,49.68,8.94,2425.29,setl_323,2026-08-23 01:45:00,2026-08-24,captured
pay_4SVXHX4N,ORD_4119,397.24,7.94,1.43,387.87,setl_324,2026-08-23 03:42:00,2026-08-24,captured
pay_SDG5XKWW,ORD_4120,981.57,19.63,3.53,958.41,setl_324,2026-08-22 22:16:00,2026-08-23,captured
pay_P2K3N3T8,ORD_4121,1457.1,29.14,5.25,1422.71,setl_324,2026-08-22 20:49:00,2026-08-23,captured
pay_IO1Q9HW1,ORD_4122,2482.18,49.64,8.94,2423.6,setl_324,2026-08-23 07:09:00,2026-08-24,captured
pay_WD7X2N8L,ORD_4123,2502.32,50.05,9.01,2443.26,setl_324,2026-08-23 06:09:00,2026-08-24,captured
pay_FCY40XAL,ORD_4124,3478.29,69.57,12.52,3396.2,setl_324,2026-08-23 06:43:00,2026-08-24,captured
pay_KFW21KMN,ORD_4125,348.28,6.97,1.25,340.06,setl_324,2026-08-23 04:24:00,2026-08-24,captured
pay_ODBSQH2Z,ORD_4126,1606.32,32.13,5.78,1568.41,setl_324,2026-08-22 20:42:00,2026-08-23,captured
pay_19LZH3YC,ORD_4127,1007.15,20.14,3.63,983.38,setl_324,2026-08-22 20:12:30,2026-08-23,captured
pay_0KLR7193,ORD_4127,1007.15,20.14,3.63,983.38,setl_324,2026-08-22 20:12:00,2026-08-23,captured
pay_VSOEZFDJ,ORD_4128,276.15,5.52,0.99,269.64,setl_324,2026-08-22 21:01:00,2026-08-23,captured
pay_24N3JHYA,ORD_4129,301.47,6.03,1.09,294.35,setl_325,2026-08-22 18:25:00,2026-08-23,captured
pay_ZWVT7BGF,ORD_4130,373.56,7.47,1.34,364.75,setl_325,2026-08-23 05:18:00,2026-08-24,captured
pay_RXY7NJ0X,ORD_4131,1475.9,29.52,5.31,1441.07,setl_325,2026-08-23 00:23:00,2026-08-24,captured
pay_MXFGBL0M,ORD_4132,965.95,19.32,3.48,943.15,setl_325,2026-08-22 21:54:00,2026-08-23,captured
pay_AJX6ENWH,ORD_4133,3025.38,60.51,10.89,2953.98,setl_325,2026-08-22 20:19:00,2026-08-23,captured
pay_NMINTSFJ,ORD_4135,3528.47,70.57,12.7,3445.2,setl_325,2026-08-23 00:17:00,2026-08-24,captured
pay_UB5ZR834,ORD_4136,1505.38,30.11,5.42,1469.85,setl_325,2026-08-23 02:37:00,2026-08-24,captured
pay_AYAJ5ND3,ORD_4137,495.08,9.9,1.78,483.4,setl_325,2026-08-22 21:29:00,2026-08-23,captured
pay_S1W0XL75,ORD_4138,340.24,6.8,1.22,332.22,setl_326,2026-08-23 04:53:00,2026-08-24,captured
pay_JAOYU534,ORD_4139,265.38,5.31,0.96,259.11,setl_326,2026-08-23 02:12:00,2026-08-24,captured
pay_MCY249FB,ORD_4140,922.9,18.46,3.32,901.12,setl_326,2026-08-23 05:50:00,2026-08-24,captured
pay_TY61JZEK,ORD_4141,3488.79,69.78,12.56,3406.45,setl_326,2026-08-22 21:15:00,2026-08-23,captured
pay_IFY1CAGQ,ORD_4142,162.64,3.25,0.58,158.81,setl_326,2026-08-22 21:13:00,2026-08-23,captured
pay_LX4UZIIF,ORD_4143,1803.46,36.07,6.49,1760.9,setl_326,2026-08-22 22:18:00,2026-08-23,captured
pay_K0SORNC1,ORD_4144,410.66,8.21,1.48,400.97,setl_326,2026-08-23 06:16:00,2026-08-24,captured
pay_6AGXBBI7,ORD_4145,694.84,13.9,2.5,678.44,setl_326,2026-08-22 23:25:00,2026-08-23,captured
pay_P4FC06HG,ORD_4146,2961.89,69.9,12.58,2879.41,setl_326,2026-08-22 20:49:00,2026-08-23,captured
pay_5H0GK8FK,ORD_4147,181.13,3.62,0.65,176.86,setl_327,2026-08-23 08:49:00,2026-08-24,captured
pay_HZCS7GFM,ORD_4148,1465.0,29.3,5.27,1430.43,setl_327,2026-08-22 22:35:00,2026-08-23,captured
pay_5K945Y9K,ORD_4149,413.45,8.27,1.49,403.69,setl_327,2026-08-22 17:54:00,2026-08-23,captured
pay_JNPAXXHZ,ORD_4150,182.84,3.66,0.66,178.52,setl_327,2026-08-22 22:39:00,2026-08-23,captured
pay_KMHM307I,ORD_4151,2976.95,59.54,10.72,2906.69,setl_327,2026-08-22 23:16:00,2026-08-23,captured
pay_C67AIBXJ,ORD_4152,699.85,14.0,2.52,683.33,setl_327,2026-08-23 04:55:00,2026-08-24,captured
pay_3RI0YARU,ORD_4153,1285.14,25.7,4.63,1254.81,setl_327,2026-08-22 23:59:00,2026-08-24,captured
pay_KZ1GWJIN,ORD_4154,3492.57,69.85,12.57,3410.15,setl_327,2026-08-23 02:29:00,2026-08-24,captured
pay_XF45X0LE,ORD_4155,953.13,19.06,3.43,930.64,setl_327,2026-08-23 05:38:00,2026-08-24,captured
pay_65MOX9FX,ORD_4156,288.23,5.76,1.04,223.78,setl_327,2026-08-22 20:48:00,2026-08-23,captured
pay_380UKBH3,ORD_4157,1638.63,32.77,5.9,1599.96,setl_327,2026-08-22 17:55:00,2026-08-23,captured
pay_AL40FOC9,ORD_4158,233.24,4.66,0.84,227.74,setl_328,2026-08-22 23:47:00,2026-08-23,captured
pay_M6ZGEVM4,ORD_4159,3018.55,60.37,10.87,2947.31,setl_328,2026-08-22 23:31:00,2026-08-23,captured
pay_0G9F4OVK,ORD_4160,3473.75,69.48,12.51,3391.76,setl_328,2026-08-23 04:16:00,2026-08-24,captured
pay_FO7IQXBS,ORD_4161,655.17,13.1,2.36,639.71,setl_328,2026-08-23 05:21:00,2026-08-24,captured
pay_SAOX7D0R,ORD_4162,1522.32,30.45,5.48,1486.39,setl_328,2026-08-22 21:21:00,2026-08-23,captured
pay_X2CGGC4K,ORD_4163,451.55,9.03,1.63,440.89,setl_328,2026-08-22 19:53:00,2026-08-23,captured
pay_K5DCQYJ8,ORD_4164,1848.92,36.98,6.66,1805.28,setl_328,2026-08-22 23:05:00,2026-08-23,captured
pay_NSQLNAP8,ORD_4165,529.07,10.58,1.9,516.59,setl_328,2026-08-22 17:14:00,2026-08-23,captured
pay_LAMJEQBF,ORD_4166,875.73,17.51,3.15,855.07,setl_328,2026-08-23 00:23:00,2026-08-24,captured
pay_E6P5QDHN,ORD_4167,1202.99,24.06,4.33,1174.6,setl_328,2026-08-22 20:22:00,2026-08-23,captured
pay_8AJZR8ME,ORD_4168,210.19,4.2,0.76,205.23,setl_329,2026-08-22 20:45:00,2026-08-23,captured
pay_PLBXL30K,ORD_4169,1269.01,25.38,4.57,1239.06,setl_329,2026-08-22 22:10:00,2026-08-23,captured
pay_PVL83ODA,ORD_4170,3500.76,70.02,12.6,3418.14,setl_329,2026-08-22 18:52:00,2026-08-23,captured
pay_1AVYE45Q,ORD_4171,1506.51,30.13,5.42,1470.96,setl_329,2026-08-22 20:52:00,2026-08-23,captured
pay_Q60MV6W2,ORD_4172,1862.57,37.25,6.71,1818.61,setl_329,2026-08-22 22:38:00,2026-08-23,captured
pay_PXRTZW44,ORD_4173,378.79,7.58,1.36,369.85,setl_329,2026-08-22 18:13:00,2026-08-23,captured
pay_8GXE5FJA,ORD_4174,3455.26,69.11,12.44,3373.71,setl_329,2026-08-22 18:22:00,2026-08-23,captured
pay_QSAAYE8S,ORD_4175,1296.07,25.92,4.67,1265.48,setl_329,2026-08-23 00:46:00,2026-08-24,captured
pay_9QGUY2N3,ORD_4176,957.32,19.15,3.45,934.72,setl_329,2026-08-23 00:13:00,2026-08-24,captured
pay_0YN4O5U5,ORD_4177,1750.62,35.01,6.3,1709.31,setl_329,2026-08-22 21:40:00,2026-08-23,captured
pay_AIAUXY9O,ORD_4178,1626.59,32.53,5.86,1588.2,setl_329,2026-08-22 17:38:00,2026-08-23,captured
pay_HUXMOZXR,ORD_4179,424.74,8.49,1.53,414.72,setl_330,2026-08-23 06:16:00,2026-08-24,captured
pay_M7YBHOWM,ORD_4180,334.42,6.69,1.2,326.53,setl_330,2026-08-22 17:42:00,2026-08-23,captured
pay_7LCUKCEH,ORD_4181,2531.95,50.64,9.12,2472.19,setl_330,2026-08-23 05:01:00,2026-08-24,captured
pay_VBOU1S06,ORD_4182,403.82,8.08,1.45,394.29,setl_330,2026-08-22 22:43:00,2026-08-23,captured
pay_I4DPU8DE,ORD_4183,3470.05,69.4,12.49,3388.16,setl_330,2026-08-23 01:40:00,2026-08-24,captured
pay_K3M50D3M,ORD_4184,1592.89,31.86,5.73,1555.3,setl_330,2026-08-22 17:45:00,2026-08-23,captured
pay_O68CPKP4,ORD_4185,1811.08,36.22,6.52,1768.34,setl_330,2026-08-23 00:57:00,2026-08-24,captured
pay_IX9RH7RS,ORD_4186,1344.15,26.88,4.84,1312.43,setl_330,2026-08-23 03:07:00,2026-08-24,captured
pay_T4EIF5S4,ORD_4187,2994.82,59.9,10.78,2924.14,setl_330,2026-08-22 17:17:00,2026-08-23,captured
pay_AQRS3M5O,ORD_4188,930.27,18.61,3.35,908.31,setl_330,2026-08-22 17:43:00,2026-08-23,captured
pay_6BIV0Z5Z,ORD_4189,498.87,9.98,1.8,487.09,setl_330,2026-08-23 01:22:00,2026-08-24,captured
pay_EDM228GN,ORD_4190,261.51,5.23,0.94,255.34,setl_331,2026-08-23 07:48:00,2026-08-24,captured
pay_V6ZVNSOJ,ORD_4191,2513.97,50.28,9.05,2454.64,setl_331,2026-08-23 04:49:00,2026-08-24,captured
pay_GVCBIKPD,ORD_4192,1938.77,38.78,6.98,1893.01,setl_331,2026-08-23 07:20:00,2026-08-24,captured
pay_6NXB8CLM,ORD_4193,174.5,3.49,0.63,170.38,setl_331,2026-08-23 00:46:00,2026-08-24,captured
pay_ZXGUAKVX,ORD_4194,1479.6,29.59,5.33,1444.68,setl_331,2026-08-22 23:11:00,2026-08-23,captured
pay_L26F1POA,ORD_4195,314.71,6.29,1.13,307.29,setl_331,2026-08-23 02:26:00,2026-08-24,captured
pay_5SWSFL04,ORD_4196,1489.89,29.8,5.36,1454.73,setl_331,2026-08-22 17:28:00,2026-08-23,captured
pay_JWBXZWAI,ORD_4197,3462.08,69.24,12.46,3380.38,setl_331,2026-08-22 23:38:00,2026-08-23,captured
pay_N8O1S9KT,ORD_4198,3488.94,69.78,12.56,3406.6,setl_331,2026-08-22 23:50:00,2026-08-23,captured
pay_YZICXHRQ,ORD_4199,309.5,6.19,1.11,302.2,setl_332,2026-08-23 03:16:00,2026-08-24,captured
pay_7CCZWI87,ORD_4200,910.8,18.22,3.28,889.3,setl_332,2026-08-23 08:37:00,2026-08-24,captured
pay_M1SHRSKR,ORD_4201,306.04,6.12,1.1,298.82,setl_332,2026-08-22 21:41:00,2026-08-23,captured
pay_I4BHMYX2,ORD_4202,337.35,6.75,1.21,329.39,setl_332,2026-08-23 07:54:00,2026-08-24,captured
pay_BL8L24W3,ORD_4203,2491.78,49.84,8.97,2432.97,setl_332,2026-08-23 03:22:00,2026-08-24,captured
pay_CGJK91DP,ORD_4204,1188.25,23.77,4.28,1160.2,setl_332,2026-08-22 23:17:00,2026-08-23,captured
pay_XS12FZXO,ORD_4205,310.58,6.21,1.12,303.25,setl_332,2026-08-23 06:46:00,2026-08-24,captured
pay_Y0RCNJ6B,ORD_4206,306.52,6.13,1.1,299.29,setl_332,2026-08-22 22:48:00,2026-08-23,captured
pay_6C3VLY26,ORD_4207,275.59,5.51,0.99,269.09,setl_332,2026-08-23 05:20:00,2026-08-24,captured
pay_I3URNJEK,ORD_4208,1514.48,30.29,5.45,1478.74,setl_332,2026-08-22 21:33:00,2026-08-23,captured
pay_XAEXF32X,ORD_4209,877.31,17.55,3.16,856.6,setl_332,2026-08-22 23:31:00,2026-08-23,captured
pay_NQ1M3A2V,ORD_4210,317.08,6.34,1.14,309.6,setl_333,2026-08-23 05:33:00,2026-08-24,captured
pay_LOK7GBUP,ORD_4211,1873.68,37.47,6.74,1829.47,setl_333,2026-08-23 04:42:00,2026-08-24,captured
pay_5ZV9Z8CU,ORD_4212,287.54,5.75,1.03,280.76,setl_333,2026-08-23 05:27:00,2026-08-24,captured
pay_C4SL05SC,ORD_4213,476.25,9.53,1.72,465.0,setl_333,2026-08-22 22:57:00,2026-08-23,captured
pay_EUYQZTL5,ORD_4214,2472.33,49.45,8.9,2413.98,setl_333,2026-08-23 01:15:00,2026-08-24,captured
pay_1KPSZ6W8,ORD_4215,205.07,4.1,0.74,200.23,setl_333,2026-08-23 01:57:00,2026-08-24,captured
pay_7GFPQEQQ,ORD_4216,3002.93,60.06,10.81,2932.06,setl_333,2026-08-23 05:15:00,2026-08-24,captured
pay_F0H74ISR,ORD_4217,3457.51,69.15,12.45,3375.91,setl_333,2026-08-22 20:57:00,2026-08-23,captured
pay_U4OO1EG0,ORD_4218,151.01,3.02,0.54,147.45,setl_334,2026-08-22 23:58:00,2026-08-23,captured
pay_G0SGQ9WE,ORD_4219,1521.44,30.43,5.48,1485.53,setl_334,2026-08-23 06:34:00,2026-08-24,captured
pay_9QOPWSUQ,ORD_4220,464.23,9.28,1.67,453.28,setl_334,2026-08-23 06:29:00,2026-08-24,captured
pay_9VB92G1I,ORD_4221,344.61,6.89,1.24,336.48,setl_334,2026-08-22 22:15:00,2026-08-23,captured
pay_33DC5SGG,ORD_4222,1174.11,23.48,4.23,1146.4,setl_334,2026-08-22 21:22:00,2026-08-23,captured
pay_DVA3PQPY,ORD_4223,3460.33,69.21,12.46,3378.66,setl_334,2026-08-23 03:09:00,2026-08-24,captured
pay_TG6FLAIM,ORD_4224,869.95,17.4,3.13,849.42,setl_334,2026-08-23 02:22:00,2026-08-24,captured
pay_MKOL4CUY,ORD_4225,1830.54,36.61,6.59,1787.34,setl_334,2026-08-22 18:08:00,2026-08-23,captured
pay_IZRMT0NH,ORD_4226,1925.3,38.51,6.93,1879.86,setl_334,2026-08-23 07:31:00,2026-08-24,captured
pay_N6GOQSY9,ORD_4227,1538.9,30.78,5.54,1502.58,setl_335,2026-08-23 03:22:00,2026-08-24,captured
pay_9LLU5BO8,ORD_4228,1599.06,31.98,5.76,1561.32,setl_335,2026-08-23 06:43:00,2026-08-24,captured
pay_WNZAF9KW,ORD_4229,1634.94,32.7,5.89,1596.35,setl_335,2026-08-22 23:38:00,2026-08-23,captured
pay_8X2MPXTG,ORD_4230,1457.96,29.16,5.25,1423.55,setl_335,2026-08-23 01:31:00,2026-08-24,captured
pay_D7HFVSV3,ORD_4231,1922.79,38.46,6.92,1877.41,setl_335,2026-08-23 08:09:00,2026-08-24,captured
pay_7RPP9CWN,ORD_4232,2959.49,59.19,10.65,2889.65,setl_335,2026-08-23 04:42:00,2026-08-24,captured
pay_YZ5SCZH3,ORD_4233,1152.81,23.06,4.15,1125.6,setl_335,2026-08-22 17:03:00,2026-08-23,captured
pay_RHD5E9JL,ORD_4234,440.77,8.82,1.59,430.36,setl_335,2026-08-22 18:01:00,2026-08-23,captured
pay_V49WXVCN,ORD_4235,306.79,6.14,1.11,299.54,setl_335,2026-08-23 08:39:00,2026-08-24,captured
pay_9KW2AUA5,ORD_4236,1313.34,26.27,4.73,1282.34,setl_336,2026-08-22 21:04:00,2026-08-23,captured
pay_M9X9OWKV,ORD_4237,1631.45,32.63,5.87,1592.95,setl_336,2026-08-22 20:49:00,2026-08-23,captured
pay_C4O8NM29,ORD_4238,414.52,8.29,1.49,404.74,setl_336,2026-08-23 08:15:00,2026-08-24,captured
pay_7Y9T4XY8,ORD_4239,971.04,19.42,3.5,948.12,setl_336,2026-08-23 04:29:00,2026-08-24,captured
pay_J5LM9YUH,ORD_4240,248.43,4.97,0.89,242.57,setl_336,2026-08-22 18:20:00,2026-08-23,captured
pay_D6UNUWIX,ORD_4241,3033.34,60.67,10.92,2961.75,setl_336,2026-08-23 07:51:00,2026-08-24,captured
pay_YWYMCS3Y,ORD_4242,1518.36,30.37,5.47,1482.52,setl_336,2026-08-23 05:35:30,2026-08-24,captured
pay_4N5BZGJV,ORD_4242,1518.36,30.37,5.47,1482.52,setl_336,2026-08-23 05:35:00,2026-08-24,captured
pay_V3TGAQHC,ORD_4244,3531.84,70.64,12.72,3448.48,setl_336,2026-08-23 08:34:00,2026-08-24,captured
pay_SHCJQT2J,ORD_4245,1045.72,20.91,3.76,1021.05,setl_337,2026-08-23 06:39:00,2026-08-24,captured
pay_ACCDZZC5,ORD_4246,1883.91,37.68,6.78,1839.45,setl_337,2026-08-22 21:02:00,2026-08-23,captured
pay_010YXSD5,ORD_4247,3045.83,60.92,10.97,2973.94,setl_337,2026-08-23 04:20:00,2026-08-24,captured
pay_ZNLNCJ7X,ORD_4248,216.84,4.34,0.78,211.72,setl_337,2026-08-23 03:22:00,2026-08-24,captured
pay_XEFJRPD5,ORD_4249,3493.54,69.87,12.58,3411.09,setl_337,2026-08-22 18:41:00,2026-08-23,captured
pay_V07EY3EN,ORD_4250,2545.95,50.92,9.17,2485.86,setl_337,2026-08-23 01:49:00,2026-08-24,captured
pay_CZHZEQ3M,ORD_4251,1878.86,37.58,6.76,1834.52,setl_337,2026-08-22 18:01:00,2026-08-23,captured
pay_029NLKLO,ORD_4252,464.05,9.28,1.67,453.1,setl_337,2026-08-22 22:19:00,2026-08-23,captured
pay_XLHY4UXM,ORD_4253,1829.2,36.58,6.58,1786.04,setl_337,2026-08-23 08:21:00,2026-08-24,captured
pay_XPIF8RDZ,ORD_4254,949.74,18.99,3.42,927.33,setl_337,2026-08-23 01:15:00,2026-08-24,captured
pay_U6606U00,ORD_4255,1795.69,35.91,6.46,1753.32,setl_337,2026-08-22 18:56:00,2026-08-23,captured
pay_Z2GPILER,ORD_4256,982.96,19.66,3.54,959.76,setl_338,2026-08-23 02:40:00,2026-08-24,captured
pay_UCF6WXQG,ORD_4257,3479.55,69.59,12.53,3397.43,setl_338,2026-08-23 09:01:00,2026-08-24,captured
pay_LMR19IK8,ORD_4258,914.38,18.29,3.29,892.8,setl_338,2026-08-23 01:10:00,2026-08-24,captured
pay_5KCAEHKK,ORD_4259,321.17,6.42,1.16,313.59,setl_338,2026-08-22 18:14:00,2026-08-23,captured
pay_S5B4M6EE,ORD_4260,1757.36,35.15,6.33,1715.88,setl_338,2026-08-23 07:45:00,2026-08-24,captured
pay_0UO7RV87,ORD_4261,1251.35,25.03,4.51,1221.81,setl_338,2026-08-22 21:28:00,2026-08-23,captured
pay_CHAQPKWQ,ORD_4262,989.28,19.79,3.56,965.93,setl_338,2026-08-23 06:44:00,2026-08-24,captured
pay_8P6WKLX2,ORD_4263,418.0,8.36,1.5,408.14,setl_338,2026-08-23 06:33:00,2026-08-24,captured
pay_390F8NUI,ORD_4264,253.55,5.07,0.91,247.57,setl_338,2026-08-22 22:00:00,2026-08-23,captured
pay_E68PO55Q,ORD_4265,425.4,10.04,1.81,413.55,setl_339,2026-08-23 02:16:00,2026-08-24,captured
pay_VSZLCDNT,ORD_4266,1607.22,32.14,5.79,1569.29,setl_339,2026-08-23 08:08:00,2026-08-24,captured
pay_LN7OGKH5,ORD_4267,272.99,5.46,0.98,266.55,setl_339,2026-08-22 23:32:00,2026-08-23,captured
pay_04Q3QTMA,ORD_4268,378.7,7.57,1.36,369.77,setl_339,2026-08-23 02:49:00,2026-08-24,captured
pay_WKC031VG,ORD_4269,1013.61,20.27,3.65,989.69,setl_339,2026-08-22 23:59:00,2026-08-24,captured
pay_8KTO9QES,ORD_4270,1193.16,23.86,4.29,1165.01,setl_339,2026-08-23 05:28:00,2026-08-24,captured
pay_XKQKP90N,ORD_4271,1501.61,30.03,5.41,1466.17,setl_339,2026-08-23 08:49:00,2026-08-24,captured
pay_X36DOLK3,ORD_4272,738.6,14.77,2.66,573.45,setl_339,2026-08-23 00:42:00,2026-08-24,captured
pay_VWBQ2C6X,ORD_4273,261.79,5.24,0.94,255.61,setl_339,2026-08-23 04:25:00,2026-08-24,captured
pay_RD7DQ8VD,ORD_4274,982.74,19.65,3.54,959.55,setl_339,2026-08-22 17:02:00,2026-08-23,captured
pay_JNMXWL4R,ORD_4275,1911.64,38.23,6.88,1866.53,setl_340,2026-08-23 05:30:30,2026-08-24,captured
pay_KTPFXLF5,ORD_4275,1911.64,38.23,6.88,1866.53,setl_340,2026-08-23 05:30:00,2026-08-24,captured
pay_AEJAKUBF,ORD_4276,392.78,7.86,1.41,383.51,setl_340,2026-08-22 21:52:00,2026-08-23,captured
pay_SPWQIGBU,ORD_4277,1820.41,36.41,6.55,1777.45,setl_340,2026-08-22 20:49:00,2026-08-23,captured
pay_HGNA0B6N,ORD_4278,922.48,18.45,3.32,900.71,setl_340,2026-08-23 05:51:00,2026-08-24,captured
pay_EOUJD022,ORD_4279,390.53,7.81,1.41,381.31,setl_340,2026-08-23 01:20:00,2026-08-24,captured
pay_K8OIG4E8,ORD_4280,3002.78,60.06,10.81,2931.91,setl_340,2026-08-23 08:26:00,2026-08-24,captured
pay_6OMPI8YH,ORD_4281,311.46,6.23,1.12,304.11,setl_340,2026-08-23 08:39:00,2026-08-24,captured
pay_2BQGFQW8,ORD_4282,1752.28,35.05,6.31,1710.92,setl_340,2026-08-23 02:14:00,2026-08-24,captured
pay_F0BRO5XY,ORD_4283,2505.64,50.11,9.02,2446.51,setl_340,2026-08-23 05:34:00,2026-08-24,captured
pay_CHXG7FHI,ORD_4284,744.54,14.89,2.68,726.97,setl_340,2026-08-22 18:08:00,2026-08-23,captured
pay_KSBXWJTV,ORD_4285,270.04,5.4,0.97,263.67,setl_341,2026-08-23 03:05:00,2026-08-24,captured
pay_EVHVQE5K,ORD_4287,1790.81,42.26,7.61,1740.94,setl_341,2026-08-23 04:23:00,2026-08-24,captured
pay_YCFVP1XN,ORD_4288,1523.13,30.46,5.48,1487.19,setl_341,2026-08-22 18:23:00,2026-08-23,captured
pay_QBWO7BAL,ORD_4289,1507.7,30.15,5.43,1472.12,setl_341,2026-08-23 01:16:00,2026-08-24,captured
pay_193AT6MD,ORD_4290,1243.93,24.88,4.48,1214.57,setl_341,2026-08-23 01:28:00,2026-08-24,captured
pay_0GGOV1CR,ORD_4291,1852.14,37.04,6.67,1808.43,setl_341,2026-08-23 03:52:00,2026-08-24,captured
pay_G8CV71E4,ORD_4292,866.97,17.34,3.12,846.51,setl_341,2026-08-22 22:47:00,2026-08-23,captured
pay_L48ORNRF,ORD_4293,973.68,19.47,3.5,950.71,setl_341,2026-08-22 19:39:00,2026-08-23,captured
pay_AVH9KS02,ORD_4294,1033.07,20.66,3.72,1008.69,setl_341,2026-08-23 00:31:00,2026-08-24,captured
pay_GOSNSTAV,ORD_4295,2470.81,49.42,8.9,2412.49,setl_341,2026-08-22 20:27:00,2026-08-23,captured
pay_RNWYXAQA,ORD_4296,322.86,6.46,1.16,315.24,setl_341,2026-08-22 18:13:00,2026-08-23,captured
pay_FE2K3RUU,ORD_4297,3452.57,69.05,12.43,3371.09,setl_342,2026-08-23 23:59:00,2026-08-25,captured
pay_LF30EI0I,ORD_4298,1647.94,32.96,5.93,1609.05,setl_342,2026-08-23 02:00:00,2026-08-24,captured
pay_BQ2S2WMS,ORD_4299,1936.22,38.72,6.97,1690.53,setl_342,2026-08-22 23:12:00,2026-08-23,captured
pay_UCAHOGFJ,ORD_4300,1515.48,30.31,5.46,1479.71,setl_342,2026-08-22 17:43:00,2026-08-23,captured
pay_JOIEZZG6,ORD_4301,381.91,7.64,1.38,372.89,setl_342,2026-08-23 08:28:00,2026-08-24,captured
pay_1O5G5U6J,ORD_4302,398.67,7.97,1.43,389.27,setl_342,2026-08-22 21:21:00,2026-08-23,captured
pay_PTG8325I,ORD_4303,1519.46,30.39,5.47,1483.6,setl_342,2026-08-23 03:53:00,2026-08-24,captured
pay_3LFUOK8C,ORD_4304,1591.61,31.83,5.73,1554.05,setl_342,2026-08-22 17:50:00,2026-08-23,captured
pay_GUUDJO74,ORD_4305,2457.57,49.15,8.85,2399.57,setl_343,2026-08-22 17:31:00,2026-08-23,captured
pay_8Q0P5MW1,ORD_4306,392.26,7.85,1.41,383.0,setl_343,2026-08-23 03:58:00,2026-08-24,captured
pay_0EN9UU2Y,ORD_4307,1486.91,29.74,5.35,1451.82,setl_343,2026-08-23 07:26:00,2026-08-24,captured
pay_9KDPPEQ1,ORD_4308,1194.03,23.88,4.3,1165.85,setl_343,2026-08-23 01:15:00,2026-08-24,captured
pay_EX324GSY,ORD_4309,267.11,5.34,0.96,260.81,setl_343,2026-08-22 22:46:00,2026-08-23,captured
pay_QDXVNIUA,ORD_4310,540.68,10.81,1.95,527.92,setl_343,2026-08-23 07:14:00,2026-08-24,captured
pay_H8DHX09Z,ORD_4311,1165.83,23.32,4.2,1138.31,setl_343,2026-08-22 17:22:00,2026-08-23,captured
pay_I31JWZ55,ORD_4312,1518.68,30.37,5.47,1482.84,setl_343,2026-08-22 20:01:00,2026-08-23,captured
pay_D2T8YFOT,ORD_4313,1242.68,24.85,4.47,1213.36,setl_343,2026-08-22 22:23:00,2026-08-23,captured
pay_YGSKQYP8,ORD_4314,1939.23,38.78,6.98,1893.47,setl_343,2026-08-23 03:54:00,2026-08-24,captured
pay_NKVDKIPD,ORD_4315,1915.38,38.31,6.9,1870.17,setl_344,2026-08-22 19:29:00,2026-08-23,captured
pay_Y4CD3LIQ,ORD_4316,2545.64,50.91,9.16,2485.57,setl_344,2026-08-23 00:30:00,2026-08-24,captured
pay_CRJAV6NI,ORD_4317,1324.23,26.48,4.77,1292.98,setl_344,2026-08-23 00:28:00,2026-08-24,captured
pay_XN1FVQFB,ORD_4318,1759.8,35.2,6.34,1718.26,setl_344,2026-08-23 02:55:00,2026-08-24,captured
pay_1DNP7WLY,ORD_4319,3492.0,69.84,12.57,3409.59,setl_344,2026-08-22 23:09:00,2026-08-23,captured
pay_VFNIE9LA,ORD_4320,468.02,9.36,1.68,456.98,setl_344,2026-08-23 01:01:00,2026-08-24,captured
pay_BVQ4RKP3,ORD_4321,892.45,17.85,3.21,871.39,setl_344,2026-08-23 00:37:00,2026-08-24,captured
pay_WOO0HLLS,ORD_4322,1878.43,37.57,6.76,1834.1,setl_344,2026-08-22 21:23:00,2026-08-23,captured
pay_9RH3L7TY,ORD_4323,1767.98,35.36,6.36,1726.26,setl_344,2026-08-22 21:44:00,2026-08-23,captured
pay_OSSO2UFZ,ORD_4324,1506.89,30.14,5.43,1471.32,setl_344,2026-08-23 08:00:00,2026-08-24,captured
pay_GRC38P58,ORD_4325,1197.77,23.96,4.31,1169.5,setl_345,2026-08-22 23:30:00,2026-08-23,captured
pay_73PUWSXV,ORD_4326,1524.74,30.49,5.49,1488.76,setl_345,2026-08-22 23:41:00,2026-08-23,captured
pay_SLWEUZ1K,ORD_4327,1572.55,31.45,5.66,1535.44,setl_345,2026-08-23 07:47:30,2026-08-24,captured
pay_HLUEFCJZ,ORD_4327,1572.55,31.45,5.66,1535.44,setl_345,2026-08-23 07:47:00,2026-08-24,captured
pay_T8RBA2FY,ORD_4328,1889.14,37.78,6.8,1844.56,setl_345,2026-08-22 21:21:00,2026-08-23,captured
pay_7P72I82X,ORD_4329,748.18,14.96,2.69,730.53,setl_345,2026-08-22 23:26:00,2026-08-23,captured
pay_WKR38K2D,ORD_4331,507.28,10.15,1.83,495.3,setl_345,2026-08-23 04:50:00,2026-08-24,captured
pay_SUFV3DZW,ORD_4332,210.83,4.22,0.76,205.85,setl_345,2026-08-22 19:32:00,2026-08-23,captured
pay_KJY4GUZ9,ORD_4333,1807.51,36.15,6.51,1764.85,setl_345,2026-08-22 18:05:00,2026-08-23,captured
pay_BW6MZKNT,ORD_4334,273.06,5.46,0.98,266.62,setl_345,2026-08-22 23:49:00,2026-08-23,captured
pay_14U655MU,ORD_4335,331.47,7.82,1.41,322.24,setl_345,2026-08-22 23:15:00,2026-08-23,captured
pay_UKHE2O1J,ORD_4336,420.29,8.41,1.51,410.37,setl_346,2026-08-22 23:51:00,2026-08-23,captured
pay_7ERR59HZ,ORD_4337,1853.1,37.06,6.67,1809.37,setl_346,2026-08-23 00:58:00,2026-08-24,captured
pay_ZF9WTDNA,ORD_4338,3044.71,60.89,10.96,2972.86,setl_346,2026-08-23 07:12:00,2026-08-24,captured
pay_QWSYX3T8,ORD_4339,405.9,8.12,1.46,396.32,setl_346,2026-08-22 19:37:00,2026-08-23,captured
pay_9Y61F42Q,ORD_4340,341.54,6.83,1.23,333.48,setl_346,2026-08-23 01:00:00,2026-08-24,captured
pay_6VYM6QGO,ORD_4341,1227.23,24.54,4.42,1198.27,setl_346,2026-08-23 02:18:00,2026-08-24,captured
pay_XIZ8FIRM,ORD_4342,1919.14,38.38,6.91,1873.85,setl_346,2026-08-23 02:52:00,2026-08-24,captured
pay_XWNRSNIM,ORD_4343,231.08,4.62,0.83,225.63,setl_346,2026-08-22 18:39:00,2026-08-23,captured
pay_HSQ8LH1T,ORD_4344,1451.46,29.03,5.23,1417.2,setl_346,2026-08-23 08:16:00,2026-08-24,captured
pay_WZIUT00A,ORD_4345,1818.23,36.36,6.54,1775.33,setl_347,2026-08-23 05:30:00,2026-08-24,captured
pay_1TLVAJN2,ORD_4346,947.2,18.94,3.41,924.85,setl_347,2026-08-23 23:59:00,2026-08-25,captured
pay_0QLWE10W,ORD_4347,650.39,13.01,2.34,635.04,setl_347,2026-08-22 21:11:00,2026-08-23,captured
pay_YDBXE1BF,ORD_4348,1206.42,24.13,4.34,1177.95,setl_347,2026-08-22 23:12:00,2026-08-23,captured
pay_5EPQXRV1,ORD_4349,666.23,13.32,2.4,650.51,setl_347,2026-08-23 07:23:00,2026-08-24,captured
pay_QP4WG6RP,ORD_4350,419.19,8.38,1.51,409.3,setl_347,2026-08-22 22:23:00,2026-08-23,captured
pay_X887OC8V,ORD_4351,370.41,7.41,1.33,361.67,setl_347,2026-08-23 04:37:00,2026-08-24,captured
pay_CKNHP411,ORD_4352,1452.29,29.05,5.23,1418.01,setl_347,2026-08-23 02:58:00,2026-08-24,captured
pay_69PV6LR0,ORD_4353,1045.13,20.9,3.76,1020.47,setl_347,2026-08-23 04:38:00,2026-08-24,captured
pay_V1OKMDVA,ORD_4354,905.07,18.1,3.26,883.71,setl_347,2026-08-22 18:29:00,2026-08-23,captured
pay_A5PNVWB0,ORD_4355,336.35,6.73,1.21,328.41,setl_347,2026-08-23 06:36:00,2026-08-24,captured
pay_HZ3GNZDF,ORD_4356,217.86,4.36,0.78,212.72,setl_348,2026-08-22 17:48:00,2026-08-23,captured
pay_FMD13UG3,ORD_4357,299.01,5.98,1.08,291.95,setl_348,2026-08-22 22:06:00,2026-08-23,captured
pay_NLZ5KQVQ,ORD_4358,268.99,5.38,0.97,262.64,setl_348,2026-08-22 22:01:00,2026-08-23,captured
pay_1UI9L69I,ORD_4359,366.04,7.32,1.32,357.4,setl_348,2026-08-23 03:20:00,2026-08-24,captured
pay_M77XVMEZ,ORD_4360,206.05,4.12,0.74,201.19,setl_348,2026-08-22 19:32:00,2026-08-23,captured
pay_DY1Q1EKV,ORD_4361,1461.97,29.24,5.26,1427.47,setl_348,2026-08-22 18:09:00,2026-08-23,captured
pay_LAY1VO4W,ORD_4362,391.36,7.83,1.41,382.12,setl_348,2026-08-22 21:00:00,2026-08-23,captured
pay_NSJYKVJD,ORD_4363,205.16,4.1,0.74,200.32,setl_348,2026-08-23 04:43:00,2026-08-24,captured
pay_5GW8LU3T,ORD_4364,1750.67,35.01,6.3,1709.36,setl_348,2026-08-23 02:53:00,2026-08-24,captured
pay_M5VUQ419,ORD_4365,331.9,6.64,1.2,324.06,setl_349,2026-08-23 04:20:00,2026-08-24,captured
pay_DYVE13GT,ORD_4366,1948.53,38.97,7.01,1902.55,setl_349,2026-08-22 17:58:00,2026-08-23,captured
pay_VN8R0YU4,ORD_4367,386.99,7.74,1.39,377.86,setl_349,2026-08-23 03:52:00,2026-08-24,captured
pay_NY6VPASG,ORD_4368,1608.9,32.18,5.79,1370.93,setl_349,2026-08-22 20:55:00,2026-08-23,captured
pay_XAW5NV1V,ORD_4369,850.94,17.02,3.06,830.86,setl_349,2026-08-23 00:23:00,2026-08-24,captured
pay_U7XHRUSZ,ORD_4370,1269.55,25.39,4.57,1239.59,setl_349,2026-08-23 01:58:00,2026-08-24,captured
pay_RAUD2YZD,ORD_4371,1473.27,29.47,5.3,1438.5,setl_349,2026-08-23 09:01:00,2026-08-24,captured
pay_HDIJWPY5,ORD_4372,1228.64,24.57,4.42,1199.65,setl_349,2026-08-23 03:58:00,2026-08-24,captured
pay_0R3X40G8,ORD_4373,297.97,5.96,1.07,290.94,setl_350,2026-08-23 06:17:00,2026-08-24,captured
pay_KSXZ5ER1,ORD_4374,3032.05,60.64,10.92,2960.49,setl_350,2026-08-22 22:57:00,2026-08-23,captured
pay_2BKF59VA,ORD_4375,890.54,17.81,3.21,869.52,setl_350,2026-08-23 04:31:00,2026-08-24,captured
pay_RZT23942,ORD_4376,2478.47,49.57,8.92,2419.98,setl_350,2026-08-23 01:49:00,2026-08-24,captured
pay_I6CMYUL3,ORD_4377,1298.22,25.96,4.67,1267.59,setl_350,2026-08-22 23:17:00,2026-08-23,captured
pay_IS1BWMF8,ORD_4378,1271.32,25.43,4.58,1241.31,setl_350,2026-08-23 04:34:30,2026-08-24,captured
pay_YWT9OCNQ,ORD_4378,1271.32,25.43,4.58,1241.31,setl_350,2026-08-23 04:34:00,2026-08-24,captured
pay_JQ1NKWM3,ORD_4379,1565.41,31.31,5.64,1528.46,setl_350,2026-08-22 21:08:00,2026-08-23,captured
pay_5LWDIJVT,ORD_4380,331.81,6.64,1.2,323.97,setl_350,2026-08-22 20:50:00,2026-08-23,captured
pay_K77JJ6V0,ORD_4381,301.71,6.03,1.09,294.59,setl_350,2026-08-22 19:58:00,2026-08-23,captured
pay_KJ49YQMI,ORD_4382,284.18,5.68,1.02,277.48,setl_350,2026-08-22 21:43:00,2026-08-23,captured
pay_5KKYNLCK,ORD_4383,1849.19,36.98,6.66,1805.55,setl_351,2026-08-23 05:21:00,2026-08-24,captured
pay_LAUIAIC7,ORD_4384,1780.71,35.61,6.41,1738.69,setl_351,2026-08-23 05:23:00,2026-08-24,captured
pay_ZWRJHHR6,ORD_4385,256.64,5.13,0.92,250.59,setl_351,2026-08-22 20:18:00,2026-08-23,captured
pay_FE989AHS,ORD_4386,722.78,14.46,2.6,705.72,setl_351,2026-08-23 01:55:00,2026-08-24,captured
pay_G946BKCR,ORD_4387,274.73,5.49,0.99,268.25,setl_351,2026-08-23 02:32:00,2026-08-24,captured
pay_II7VXTRQ,ORD_4388,1253.93,25.08,4.51,1224.34,setl_351,2026-08-22 18:58:00,2026-08-23,captured
pay_GXNYT2GO,ORD_4389,964.93,19.3,3.47,942.16,setl_351,2026-08-23 04:03:00,2026-08-24,captured
pay_50UMSZU9,ORD_4390,1843.75,36.88,6.64,1800.23,setl_351,2026-08-23 01:54:00,2026-08-24,captured
pay_E3ZIEXOG,ORD_4391,2461.25,49.23,8.86,2403.16,setl_352,2026-08-23 01:16:00,2026-08-24,captured
pay_UQDVEAB7,ORD_4392,332.94,6.66,1.2,325.08,setl_352,2026-08-22 23:15:00,2026-08-23,captured
pay_384BAXY8,ORD_4393,367.52,7.35,1.32,358.85,setl_352,2026-08-23 01:51:00,2026-08-24,captured
pay_XAS2R8LR,ORD_4394,1160.16,23.2,4.18,1132.78,setl_352,2026-08-23 00:11:00,2026-08-24,captured
pay_D6NWTV79,ORD_4395,1922.67,38.45,6.92,1877.3,setl_352,2026-08-22 20:59:00,2026-08-23,captured
pay_PUWCF6HD,ORD_4397,1848.64,36.97,6.65,1805.02,setl_352,2026-08-23 04:12:00,2026-08-24,captured
pay_O4CDTBJ9,ORD_4398,698.3,13.97,2.51,681.82,setl_352,2026-08-23 04:10:00,2026-08-24,captured
pay_IOMQD9AN,ORD_4399,692.76,13.86,2.49,676.41,setl_352,2026-08-22 20:44:00,2026-08-23,captured
pay_9IJ283DY,ORD_4400,3483.88,69.68,12.54,3401.66,setl_352,2026-08-23 00:41:00,2026-08-24,captured
pay_7DVCFO9R,ORD_4401,999.29,19.99,3.6,975.7,setl_352,2026-08-23 00:56:00,2026-08-24,captured
pay_70H1DFFP,ORD_4402,381.54,7.63,1.37,372.54,setl_353,2026-08-22 21:43:00,2026-08-23,captured
pay_YF9UL42M,ORD_4403,2987.36,59.75,10.75,2916.86,setl_353,2026-08-23 02:37:00,2026-08-24,captured
pay_KMV4HMM0,ORD_4404,1286.61,25.73,4.63,1256.25,setl_353,2026-08-23 06:39:00,2026-08-24,captured
pay_PQN4G6RC,ORD_4405,1832.3,36.65,6.6,1789.05,setl_353,2026-08-23 07:13:00,2026-08-24,captured
pay_71K1YM2J,ORD_4406,707.8,14.16,2.55,691.09,setl_353,2026-08-23 04:51:00,2026-08-24,captured
pay_IC487BXK,ORD_4407,977.9,19.56,3.52,954.82,setl_353,2026-08-22 18:27:00,2026-08-23,captured
pay_BM4I5VGD,ORD_4408,1497.58,29.95,5.39,1462.24,setl_353,2026-08-22 19:10:00,2026-08-23,captured
pay_A0HXV2ZO,ORD_4409,280.18,5.6,1.01,273.57,setl_353,2026-08-22 17:08:00,2026-08-23,captured
pay_ZNMS8IJJ,ORD_4410,502.12,10.04,1.81,490.27,setl_353,2026-08-23 00:26:00,2026-08-24,captured
pay_1ZJMKFU9,ORD_4411,686.31,13.73,2.47,670.11,setl_353,2026-08-23 07:41:00,2026-08-24,captured
pay_SVRYL36Q,ORD_4412,387.46,7.75,1.4,378.31,setl_354,2026-08-23 08:24:00,2026-08-24,captured
pay_1DTTOPY7,ORD_4413,1341.64,26.83,4.83,1309.98,setl_354,2026-08-23 03:15:00,2026-08-24,captured
pay_2OCZUVQG,ORD_4414,236.31,4.73,0.85,230.73,setl_354,2026-08-23 00:45:00,2026-08-24,captured
pay_8NWNL2UR,ORD_4415,851.03,17.02,3.06,830.95,setl_354,2026-08-22 21:51:00,2026-08-23,captured
pay_NHWCLO2D,ORD_4416,2985.62,59.71,10.75,2915.16,setl_354,2026-08-22 18:38:00,2026-08-23,captured
pay_HRTAUZF0,ORD_4417,1820.0,36.4,6.55,1777.05,setl_354,2026-08-23 02:05:00,2026-08-24,captured
pay_3518RWDJ,ORD_4418,1875.62,37.51,6.75,1831.36,setl_354,2026-08-22 19:30:00,2026-08-23,captured
pay_R8DOUFMG,ORD_4419,1854.71,37.09,6.68,1810.94,setl_354,2026-08-23 08:53:00,2026-08-24,captured
pay_W63QBVQC,ORD_4420,1641.65,32.83,5.91,1602.91,setl_354,2026-08-22 18:05:00,2026-08-23,captured
pay_TNA623BR,ORD_4421,286.04,5.72,1.03,279.29,setl_355,2026-08-23 05:25:00,2026-08-24,captured
pay_GO357BD0,ORD_4422,849.62,16.99,3.06,829.57,setl_355,2026-08-22 21:09:00,2026-08-23,captured
pay_U20E26PS,ORD_4423,1525.14,30.5,5.49,1489.15,setl_355,2026-08-22 19:50:00,2026-08-23,captured
pay_C279IGFF,ORD_4424,1452.97,29.06,5.23,1418.68,setl_355,2026-08-23 02:42:00,2026-08-24,captured
pay_7SNPFC5A,ORD_4425,1887.11,37.74,6.79,1842.58,setl_355,2026-08-22 22:03:00,2026-08-23,captured
pay_BFJ06DS8,ORD_4426,324.32,6.49,1.17,316.66,setl_355,2026-08-23 05:23:00,2026-08-24,captured
pay_8W8A5K8X,ORD_4427,382.38,7.65,1.38,373.35,setl_355,2026-08-22 18:25:00,2026-08-23,captured
pay_XWKP748F,ORD_4428,1570.53,31.41,5.65,1533.47,setl_355,2026-08-22 22:15:00,2026-08-23,captured
pay_ADSQ32QL,ORD_4429,489.06,9.78,1.76,477.52,setl_355,2026-08-22 23:41:00,2026-08-23,captured
pay_WB4KPBUN,ORD_4430,1800.03,36.0,6.48,1757.55,setl_356,2026-08-23 17:33:00,2026-08-24,captured
pay_BF2VPX4V,ORD_4431,724.76,14.5,2.61,707.65,setl_356,2026-08-23 22:40:00,2026-08-24,captured
pay_3V598W40,ORD_4432,278.2,5.56,1.0,271.64,setl_356,2026-08-23 20:29:00,2026-08-24,captured
pay_EHGSUWG6,ORD_4433,995.78,19.92,3.59,972.27,setl_356,2026-08-23 20:19:00,2026-08-24,captured
pay_1PL1TKRK,ORD_4434,363.6,7.27,1.31,355.02,setl_356,2026-08-23 22:55:00,2026-08-24,captured
pay_XG0ZFDKN,ORD_4435,247.08,5.83,1.05,240.2,setl_356,2026-08-24 02:24:00,2026-08-25,captured
pay_9L80HNSF,ORD_4436,1878.39,37.57,6.76,1834.06,setl_356,2026-08-23 22:15:00,2026-08-24,captured
pay_YK6FA2HZ,ORD_4437,2508.87,50.18,9.03,2449.66,setl_356,2026-08-24 23:59:00,2026-08-26,captured
pay_CW6YRA65,ORD_4438,460.3,9.21,1.66,449.43,setl_356,2026-08-24 07:44:00,2026-08-25,captured
pay_4HMVFCMQ,ORD_4439,1484.61,29.69,5.34,1449.58,setl_357,2026-08-23 20:44:00,2026-08-24,captured
pay_6QWA53V2,ORD_4440,302.91,6.06,1.09,295.76,setl_357,2026-08-23 19:26:00,2026-08-24,captured
pay_UDBUJHBQ,ORD_4441,936.18,18.72,3.37,914.09,setl_357,2026-08-23 19:07:00,2026-08-24,captured
pay_UFXWT4SN,ORD_4442,324.0,6.48,1.17,316.35,setl_357,2026-08-24 05:25:00,2026-08-25,captured
pay_ZDLCCM4S,ORD_4443,1836.13,36.72,6.61,1792.8,setl_357,2026-08-24 06:49:00,2026-08-25,captured
pay_EH2Y205K,ORD_4444,1476.63,29.53,5.32,1441.78,setl_357,2026-08-23 22:30:00,2026-08-24,captured
pay_K0Y0365M,ORD_4445,2522.37,50.45,9.08,2262.84,setl_357,2026-08-23 19:30:00,2026-08-24,captured
pay_ESV2FK3Q,ORD_4446,1274.96,25.5,4.59,1244.87,setl_357,2026-08-24 02:34:00,2026-08-25,captured
pay_MYAXKEAK,ORD_4447,3543.26,70.87,12.76,3459.63,setl_357,2026-08-23 22:14:00,2026-08-24,captured
pay_LKH0XZPW,ORD_4448,1488.95,29.78,5.36,1453.81,setl_357,2026-08-24 08:33:00,2026-08-25,captured
pay_4HU270A0,ORD_4449,492.35,9.85,1.77,480.73,setl_357,2026-08-24 06:40:00,2026-08-25,captured
pay_5NYQ3YHG,ORD_4450,1022.82,20.46,3.68,998.68,setl_358,2026-08-24 03:57:00,2026-08-25,captured
pay_E90EQEIH,ORD_4451,1780.15,35.6,6.41,1738.14,setl_358,2026-08-24 08:52:00,2026-08-25,captured
pay_DPLHRTC7,ORD_4452,390.13,7.8,1.4,380.93,setl_358,2026-08-23 22:10:00,2026-08-24,captured
pay_YDCM3T19,ORD_4453,394.09,7.88,1.42,384.79,setl_358,2026-08-23 23:27:00,2026-08-24,captured
pay_2H24P1AV,ORD_4454,1564.9,31.3,5.63,1527.97,setl_358,2026-08-23 23:43:00,2026-08-24,captured
pay_FZRDIX2B,ORD_4455,3491.07,69.82,12.57,3408.68,setl_358,2026-08-24 08:38:00,2026-08-25,captured
pay_NVYX9T80,ORD_4456,735.13,14.7,2.65,717.78,setl_358,2026-08-24 04:06:00,2026-08-25,captured
pay_KUH1DL1Z,ORD_4457,355.54,7.11,1.28,347.15,setl_358,2026-08-24 02:09:00,2026-08-25,captured
pay_DBZXAI9I,ORD_4458,245.43,4.91,0.88,239.64,setl_358,2026-08-24 05:49:00,2026-08-25,captured
pay_FXPMDZCP,ORD_4459,1022.97,20.46,3.68,998.83,setl_359,2026-08-24 03:57:30,2026-08-25,captured
pay_32SPXKKL,ORD_4459,1022.97,20.46,3.68,998.83,setl_359,2026-08-24 03:57:00,2026-08-25,captured
pay_X23180QK,ORD_4460,241.37,4.83,0.87,235.67,setl_359,2026-08-23 17:04:00,2026-08-24,captured
pay_SDI15H25,ORD_4461,1631.18,32.62,5.87,1592.69,setl_359,2026-08-24 04:56:00,2026-08-25,captured
pay_3OC9G6MQ,ORD_4462,352.98,7.06,1.27,344.65,setl_359,2026-08-24 04:34:00,2026-08-25,captured
pay_8PWN40E1,ORD_4464,2542.65,50.85,9.15,2482.65,setl_359,2026-08-23 21:28:00,2026-08-24,captured
pay_YA1JUSSH,ORD_4465,1276.11,25.52,4.59,1246.0,setl_359,2026-08-24 01:06:00,2026-08-25,captured
pay_ASDWTTVZ,ORD_4466,404.01,9.53,1.72,392.76,setl_359,2026-08-23 19:37:00,2026-08-24,captured
pay_U48T5EOA,ORD_4467,296.68,5.93,1.07,289.68,setl_359,2026-08-23 23:58:00,2026-08-25,captured
pay_DBSZYLEO,ORD_4468,1495.54,29.91,5.38,1460.25,setl_359,2026-08-24 07:27:00,2026-08-25,captured
pay_WGD245M0,ORD_4469,1527.27,30.55,5.5,1491.22,setl_359,2026-08-23 21:48:00,2026-08-24,captured
pay_1QKIIE80,ORD_4470,1269.09,25.38,4.57,1039.14,setl_359,2026-08-23 19:59:00,2026-08-24,captured
pay_8PNDSEP5,ORD_4471,1827.34,36.55,6.58,1784.21,setl_360,2026-08-24 03:41:00,2026-08-25,captured
pay_Q1JYOT59,ORD_4472,887.34,17.75,3.19,866.4,setl_360,2026-08-23 20:31:00,2026-08-24,captured
pay_KAR9OWSL,ORD_4473,161.15,3.22,0.58,157.35,setl_360,2026-08-23 17:14:00,2026-08-24,captured
pay_TE44RWUG,ORD_4474,191.79,3.84,0.69,187.26,setl_360,2026-08-24 02:48:00,2026-08-25,captured
pay_36MHCCLX,ORD_4475,389.55,7.79,1.4,380.36,setl_360,2026-08-24 08:33:00,2026-08-25,captured
pay_W7YHRJRR,ORD_4476,3003.55,60.07,10.81,2932.67,setl_360,2026-08-24 06:24:00,2026-08-25,captured
pay_471I5DP1,ORD_4477,157.68,3.15,0.57,153.96,setl_360,2026-08-24 00:46:00,2026-08-25,captured
pay_N18153W5,ORD_4478,1522.03,30.44,5.48,1486.11,setl_360,2026-08-24 07:30:00,2026-08-25,captured
pay_QLD56YJV,ORD_4479,1170.4,23.41,4.21,1142.78,setl_360,2026-08-24 07:58:00,2026-08-25,captured
pay_H7JWI0SR,ORD_4480,900.98,18.02,3.24,879.72,setl_361,2026-08-23 18:58:00,2026-08-24,captured
pay_HXPO6ZD8,ORD_4481,1268.81,25.38,4.57,1238.86,setl_361,2026-08-23 21:53:00,2026-08-24,captured
pay_QT9MSZR0,ORD_4482,1299.88,26.0,4.68,1269.2,setl_361,2026-08-24 08:50:00,2026-08-25,captured
pay_5D7VKC5B,ORD_4483,719.06,14.38,2.59,702.09,setl_361,2026-08-23 19:09:00,2026-08-24,captured
pay_2DTX4268,ORD_4484,1919.85,38.4,6.91,1874.54,setl_361,2026-08-24 00:45:00,2026-08-25,captured
pay_UKAI77LX,ORD_4485,2545.22,50.9,9.16,2485.16,setl_361,2026-08-24 06:39:00,2026-08-25,captured
pay_1BPO49IM,ORD_4486,390.59,7.81,1.41,381.37,setl_361,2026-08-23 20:09:00,2026-08-24,captured
pay_ZWU5CBJ9,ORD_4487,209.02,4.18,0.75,204.09,setl_361,2026-08-24 06:05:00,2026-08-25,captured
pay_1H8TOF1Q,ORD_4488,1824.52,36.49,6.57,1781.46,setl_361,2026-08-24 08:06:00,2026-08-25,captured
pay_WOCKI4MH,ORD_4489,414.23,8.28,1.49,404.46,setl_361,2026-08-23 23:24:00,2026-08-24,captured
pay_G9BSL7L9,ORD_4490,417.4,8.35,1.5,407.55,setl_361,2026-08-24 04:16:00,2026-08-25,captured
pay_OJ520HH3,ORD_4491,1776.97,35.54,6.4,1735.03,setl_362,2026-08-24 07:04:00,2026-08-25,captured
pay_UR3FCR5V,ORD_4492,155.26,3.11,0.56,151.59,setl_362,2026-08-24 07:12:00,2026-08-25,captured
pay_3RRJ1CMD,ORD_4493,345.18,6.9,1.24,337.04,setl_362,2026-08-23 22:07:00,2026-08-24,captured
pay_PCFYX0JO,ORD_4494,397.46,7.95,1.43,388.08,setl_362,2026-08-24 08:48:00,2026-08-25,captured
pay_OGDMBP7T,ORD_4495,1539.03,30.78,5.54,1502.71,setl_362,2026-08-24 03:10:00,2026-08-25,captured
pay_N1QY8ECV,ORD_4496,2492.59,49.85,8.97,2433.77,setl_362,2026-08-23 23:33:00,2026-08-24,captured
pay_A59WAGP5,ORD_4497,1527.77,30.56,5.5,1491.71,setl_362,2026-08-24 05:50:00,2026-08-25,captured
pay_8A8HTS1P,ORD_4498,229.61,4.59,0.83,224.19,setl_362,2026-08-24 07:35:00,2026-08-25,captured
pay_D1TT03VS,ORD_4499,1638.81,32.78,5.9,1600.13,setl_362,2026-08-24 02:52:00,2026-08-25,captured
pay_ZFN4OQXH,ORD_4500,1520.03,30.4,5.47,1484.16,setl_362,2026-08-23 22:02:00,2026-08-24,captured
pay_2KRYNLAF,ORD_4501,1046.01,20.92,3.77,1021.32,setl_363,2026-08-24 08:37:00,2026-08-25,captured
pay_FMQACFO1,ORD_4502,169.51,3.39,0.61,165.51,setl_363,2026-08-23 20:16:00,2026-08-24,captured
pay_IKUXPG3J,ORD_4503,506.2,10.12,1.82,494.26,setl_363,2026-08-24 04:51:00,2026-08-25,captured
pay_C8CFL1ZY,ORD_4504,1549.24,30.98,5.58,1512.68,setl_363,2026-08-23 21:56:00,2026-08-24,captured
pay_4WVX12I2,ORD_4505,210.32,4.21,0.76,205.35,setl_363,2026-08-24 00:43:00,2026-08-25,captured
pay_3THZOUTM,ORD_4506,1199.55,23.99,4.32,1171.24,setl_363,2026-08-23 23:37:00,2026-08-24,captured
pay_6NGFLR3V,ORD_4507,670.04,13.4,2.41,654.23,setl_363,2026-08-24 06:35:00,2026-08-25,captured
pay_EUSNS7VB,ORD_4508,1196.99,23.94,4.31,1168.74,setl_363,2026-08-24 00:49:00,2026-08-25,captured
pay_OFZOWGDC,ORD_4509,441.92,8.84,1.59,431.49,setl_363,2026-08-24 04:08:00,2026-08-25,captured
pay_ZRTCVMUJ,ORD_4510,694.69,13.89,2.5,678.3,setl_363,2026-08-24 06:30:30,2026-08-25,captured
pay_P8UUHNYK,ORD_4510,694.69,13.89,2.5,678.3,setl_363,2026-08-24 06:30:00,2026-08-25,captured
pay_ZIKURGMT,ORD_4511,1846.46,36.93,6.65,1802.88,setl_363,2026-08-24 05:08:00,2026-08-25,captured
pay_CFKO78GQ,ORD_4512,1460.1,29.2,5.26,1425.64,setl_364,2026-08-24 06:52:00,2026-08-25,captured
pay_XSBQTYKI,ORD_4513,1504.07,30.08,5.41,1468.58,setl_364,2026-08-23 21:55:00,2026-08-24,captured
pay_36P67U29,ORD_4514,2526.48,50.53,9.1,2466.85,setl_364,2026-08-23 17:42:00,2026-08-24,captured
pay_L10MVNIK,ORD_4515,541.98,10.84,1.95,529.19,setl_364,2026-08-24 01:40:00,2026-08-25,captured
pay_RZUWQFFP,ORD_4516,1248.14,24.96,4.49,1218.69,setl_364,2026-08-24 05:07:00,2026-08-25,captured
pay_ARE104RP,ORD_4517,1524.62,30.49,5.49,1488.64,setl_364,2026-08-24 00:16:00,2026-08-25,captured
pay_ITBLJITX,ORD_4518,1325.4,26.51,4.77,1294.12,setl_364,2026-08-24 06:49:00,2026-08-25,captured
pay_R5BO46Y8,ORD_4519,942.06,18.84,3.39,919.83,setl_364,2026-08-23 19:10:00,2026-08-24,captured
pay_6FFJL7MH,ORD_4520,2537.46,50.75,9.13,2477.58,setl_364,2026-08-24 01:00:00,2026-08-25,captured
pay_6OVHBTLV,ORD_4522,1467.95,34.64,6.24,1427.07,setl_365,2026-08-24 04:42:00,2026-08-25,captured
pay_ZAP3OE23,ORD_4523,2997.16,59.94,10.79,2926.43,setl_365,2026-08-24 06:41:00,2026-08-25,captured
pay_39YUV3FJ,ORD_4524,1278.13,25.56,4.6,1247.97,setl_365,2026-08-23 20:08:00,2026-08-24,captured
pay_U7AXTCFS,ORD_4525,3493.08,69.86,12.57,3410.65,setl_365,2026-08-24 05:13:00,2026-08-25,captured
pay_UFOJ0M9U,ORD_4526,337.33,6.75,1.21,329.37,setl_365,2026-08-23 23:48:00,2026-08-24,captured
pay_JA5T7P9Q,ORD_4527,260.33,5.21,0.94,254.18,setl_365,2026-08-23 19:38:00,2026-08-24,captured
pay_JQTBOFA2,ORD_4528,1839.45,36.79,6.62,1796.04,setl_365,2026-08-23 18:46:00,2026-08-24,captured
pay_5M4E622H,ORD_4529,988.25,19.77,3.56,964.92,setl_365,2026-08-24 02:21:00,2026-08-25,captured
pay_PB9M9W44,ORD_4530,2990.7,59.81,10.77,2920.12,setl_365,2026-08-24 04:59:00,2026-08-25,captured
pay_U8V7LJQ5,ORD_4531,691.82,13.84,2.49,675.49,setl_365,2026-08-23 23:56:00,2026-08-24,captured
pay_3AEEP2R6,ORD_4532,3019.49,60.39,10.87,2948.23,setl_365,2026-08-23 23:59:00,2026-08-25,captured
pay_D3UEX1ER,ORD_4533,1774.12,35.48,6.39,1732.25,setl_366,2026-08-24 00:11:00,2026-08-25,captured
pay_6TDJ9IT1,ORD_4534,3459.91,69.2,12.46,3178.25,setl_366,2026-08-24 00:05:00,2026-08-25,captured
pay_SJFNL86O,ORD_4535,379.87,7.6,1.37,370.9,setl_366,2026-08-23 23:49:00,2026-08-24,captured
pay_Z6UM51TL,ORD_4536,3023.79,60.48,10.89,2952.42,setl_366,2026-08-23 18:03:00,2026-08-24,captured
pay_908QDW8Q,ORD_4537,3040.29,60.81,10.95,2968.53,setl_366,2026-08-24 01:19:00,2026-08-25,captured
pay_95EY4948,ORD_4538,1541.64,30.83,5.55,1505.26,setl_366,2026-08-24 03:01:00,2026-08-25,captured
pay_QB5ON46O,ORD_4539,1589.63,31.79,5.72,1552.12,setl_366,2026-08-24 03:17:00,2026-08-25,captured
pay_H7RPV6WB,ORD_4540,3485.2,69.7,12.55,3402.95,setl_366,2026-08-24 03:19:00,2026-08-25,captured
pay_DPGPJ4WD,ORD_4541,227.16,4.54,0.82,221.8,setl_366,2026-08-23 21:19:00,2026-08-24,captured
pay_ZTCNHDMW,ORD_4542,880.21,17.6,3.17,859.44,setl_366,2026-08-24 00:27:00,2026-08-25,captured
pay_FSRKQ32Q,ORD_4543,383.55,7.67,1.38,374.5,setl_367,2026-08-23 20:29:00,2026-08-24,captured
pay_CZ5U5MTX,ORD_4544,1225.98,24.52,4.41,1197.05,setl_367,2026-08-23 20:34:00,2026-08-24,captured
pay_ZYKSLJ5H,ORD_4545,265.15,5.3,0.95,258.9,setl_367,2026-08-23 23:43:00,2026-08-24,captured
pay_MMRU4NSI,ORD_4546,306.47,6.13,1.1,299.24,setl_367,2026-08-23 20:51:00,2026-08-24,captured
pay_VJLV8ED7,ORD_4547,213.93,4.28,0.77,208.88,setl_367,2026-08-23 19:33:00,2026-08-24,captured
pay_84DQ6XNV,ORD_4548,1572.69,31.45,5.66,1535.58,setl_367,2026-08-24 01:01:00,2026-08-25,captured
pay_4A3NDPYN,ORD_4549,179.59,3.59,0.65,175.35,setl_367,2026-08-24 00:34:00,2026-08-25,captured
pay_P8J0DJWS,ORD_4550,1484.07,29.68,5.34,1449.05,setl_367,2026-08-24 00:16:00,2026-08-25,captured
pay_XKMLMK4X,ORD_4551,1449.58,28.99,5.22,1415.37,setl_368,2026-08-24 04:31:00,2026-08-25,captured
pay_NB5GO04S,ORD_4552,3526.48,70.53,12.7,3443.25,setl_368,2026-08-24 08:56:00,2026-08-25,captured
pay_LFQGH53V,ORD_4553,223.12,4.46,0.8,217.86,setl_368,2026-08-23 19:29:00,2026-08-24,captured
pay_MIXNAM0Y,ORD_4554,527.76,10.56,1.9,515.3,setl_368,2026-08-24 05:20:00,2026-08-25,captured
pay_BGWNZE9G,ORD_4555,3000.16,60.0,10.8,2929.36,setl_368,2026-08-24 08:16:00,2026-08-25,captured
pay_3FX6LBQM,ORD_4556,1271.2,25.42,4.58,1241.2,setl_368,2026-08-24 03:06:00,2026-08-25,captured
pay_H83MH8QG,ORD_4557,265.43,5.31,0.96,259.16,setl_368,2026-08-24 04:21:00,2026-08-25,captured
pay_VKPW3ZVW,ORD_4558,958.65,19.17,3.45,936.03,setl_368,2026-08-24 04:56:00,2026-08-25,captured
pay_XI7NDCWD,ORD_4559,1795.71,35.91,6.46,1753.34,setl_368,2026-08-24 03:08:00,2026-08-25,captured
pay_Z75GBOTX,ORD_4560,1585.72,31.71,5.71,1548.3,setl_369,2026-08-23 18:43:00,2026-08-24,captured
pay_VWTV7K5U,ORD_4561,1767.93,35.36,6.36,1726.21,setl_369,2026-08-23 23:27:00,2026-08-24,captured
pay_LVWQOLF4,ORD_4562,281.6,5.63,1.01,274.96,setl_369,2026-08-24 08:21:30,2026-08-25,captured
pay_3YWLPTPO,ORD_4562,281.6,5.63,1.01,274.96,setl_369,2026-08-24 08:21:00,2026-08-25,captured
pay_ECI1ZSMH,ORD_4563,654.82,13.1,2.36,639.36,setl_369,2026-08-23 17:07:00,2026-08-24,captured
pay_K1L2KSZI,ORD_4564,1756.37,35.13,6.32,1714.92,setl_369,2026-08-23 23:55:00,2026-08-24,captured
pay_NKB47Y7M,ORD_4565,2546.06,50.92,9.17,2485.97,setl_369,2026-08-23 21:25:00,2026-08-24,captured
pay_P47PTUUZ,ORD_4566,955.32,19.11,3.44,932.77,setl_369,2026-08-24 02:54:00,2026-08-25,captured
pay_ODTXC23F,ORD_4567,246.02,4.92,0.89,240.21,setl_369,2026-08-24 08:52:00,2026-08-25,captured
pay_D3VIGT6D,ORD_4568,269.96,5.4,0.97,263.59,setl_370,2026-08-24 04:08:00,2026-08-25,captured
pay_EJHRMBL4,ORD_4569,1789.93,35.8,6.44,1747.69,setl_370,2026-08-23 21:28:00,2026-08-24,captured
pay_318YW1DG,ORD_4570,1303.36,26.07,4.69,1272.6,setl_370,2026-08-24 08:40:00,2026-08-25,captured
pay_MJVBGN0Z,ORD_4571,167.62,3.35,0.6,163.67,setl_370,2026-08-24 05:15:00,2026-08-25,captured
pay_QGZDKMQ9,ORD_4572,3036.64,60.73,10.93,2964.98,setl_370,2026-08-24 07:10:00,2026-08-25,captured
pay_K9UAWWPV,ORD_4574,399.66,7.99,1.44,390.23,setl_370,2026-08-23 23:25:00,2026-08-24,captured
pay_P79UVHSD,ORD_4575,1521.43,35.91,6.46,1479.06,setl_370,2026-08-24 08:49:00,2026-08-25,captured
pay_JEIXVXBK,ORD_4576,937.69,18.75,3.38,915.56,setl_370,2026-08-24 02:39:00,2026-08-25,captured
pay_67HHFRE1,ORD_4577,310.31,6.21,1.12,302.98,setl_370,2026-08-24 05:59:00,2026-08-25,captured
pay_NT0HDFCZ,ORD_4578,1489.18,29.78,5.36,1454.04,setl_370,2026-08-24 06:56:00,2026-08-25,captured
pay_JQ270YKH,ORD_4579,1035.32,20.71,3.73,1010.88,setl_370,2026-08-23 19:24:00,2026-08-24,captured
pay_7Y91QUB7,ORD_4580,334.37,6.69,1.2,326.48,setl_371,2026-08-23 19:43:00,2026-08-24,captured
pay_V95KJFDU,ORD_4581,1925.33,38.51,6.93,1879.89,setl_371,2026-08-24 05:43:00,2026-08-25,captured
pay_PPX116DB,ORD_4582,1823.18,36.46,6.56,1780.16,setl_371,2026-08-24 04:50:00,2026-08-25,captured
pay_2KDA2UAC,ORD_4583,3014.33,60.29,10.85,2943.19,setl_371,2026-08-23 20:21:00,2026-08-24,captured
pay_62J6GOQL,ORD_4584,246.92,4.94,0.89,241.09,setl_371,2026-08-23 22:42:00,2026-08-24,captured
pay_H7O4EA8Q,ORD_4585,1218.94,24.38,4.39,1190.17,setl_371,2026-08-23 22:21:00,2026-08-24,captured
pay_1G28P4AD,ORD_4586,285.74,5.71,1.03,279.0,setl_371,2026-08-24 05:36:00,2026-08-25,captured
pay_752TVRFV,ORD_4587,865.55,17.31,3.12,845.12,setl_371,2026-08-24 05:25:00,2026-08-25,captured
pay_M63YWCMH,ORD_4588,1919.59,38.39,6.91,1874.29,setl_371,2026-08-24 06:45:00,2026-08-25,captured
pay_RRTB6I17,ORD_4589,654.49,13.09,2.36,639.04,setl_372,2026-08-24 23:58:00,2026-08-26,captured
pay_RBEIIA7G,ORD_4590,667.01,13.34,2.4,517.87,setl_372,2026-08-23 23:30:00,2026-08-24,captured
pay_6C7I7MVS,ORD_4591,1940.27,38.81,6.99,1894.47,setl_372,2026-08-24 01:31:00,2026-08-25,captured
pay_OPDKHV4B,ORD_4592,247.69,4.95,0.89,241.85,setl_372,2026-08-24 02:12:00,2026-08-25,captured
pay_3XH3NRHL,ORD_4593,218.14,4.36,0.78,213.0,setl_372,2026-08-24 00:07:00,2026-08-25,captured
pay_SXH5Y3SL,ORD_4594,307.35,6.15,1.11,300.09,setl_372,2026-08-24 03:12:00,2026-08-25,captured
pay_VO9QT9HG,ORD_4595,1493.69,29.87,5.38,1458.44,setl_372,2026-08-23 23:48:00,2026-08-24,captured
pay_8KF780CK,ORD_4596,1249.01,24.98,4.5,1219.53,setl_372,2026-08-24 05:19:00,2026-08-25,captured
pay_6AOFW8XU,ORD_4597,175.13,3.5,0.63,171.0,setl_372,2026-08-23 23:04:00,2026-08-24,captured
pay_8WH77G70,ORD_4598,935.57,18.71,3.37,913.49,setl_372,2026-08-24 04:12:00,2026-08-25,captured
pay_NPX1WPXO,ORD_4599,493.72,9.87,1.78,482.07,setl_373,2026-08-24 03:20:00,2026-08-25,captured
pay_YHEWU2Z8,ORD_4600,458.59,9.17,1.65,447.77,setl_373,2026-08-23 23:01:00,2026-08-24,captured
pay_EUC4KDTE,ORD_4601,649.12,12.98,2.34,633.8,setl_373,2026-08-24 06:46:00,2026-08-25,captured
pay_2TULYO3S,ORD_4602,991.25,19.82,3.57,967.86,setl_373,2026-08-24 06:48:00,2026-08-25,captured
pay_C21UNC7W,ORD_4603,1846.07,36.92,6.65,1802.5,setl_373,2026-08-24 03:49:00,2026-08-25,captured
pay_BTM5PABZ,ORD_4604,364.8,7.3,1.31,356.19,setl_373,2026-08-24 07:38:00,2026-08-25,captured
pay_BQA4FIT3,ORD_4605,222.59,4.45,0.8,217.34,setl_373,2026-08-23 19:07:00,2026-08-24,captured
pay_VF8QFBHN,ORD_4606,1932.24,38.64,6.96,1886.64,setl_373,2026-08-23 20:46:00,2026-08-24,captured
pay_Z8W9U1Q2,ORD_4607,271.26,5.43,0.98,264.85,setl_373,2026-08-24 04:05:00,2026-08-25,captured
pay_73IATKE1,ORD_4608,709.16,14.18,2.55,692.43,setl_373,2026-08-24 07:28:00,2026-08-25,captured
pay_NQH6FATL,ORD_4609,309.41,6.19,1.11,302.11,setl_373,2026-08-24 01:55:00,2026-08-25,captured
pay_ZFGVCH1S,ORD_4610,229.95,4.6,0.83,224.52,setl_373,2026-08-23 20:42:00,2026-08-24,captured
pay_E9ZWVIHW,ORD_4611,407.5,8.15,1.47,397.88,setl_374,2026-08-23 19:42:00,2026-08-24,captured
pay_K4GD4FUX,ORD_4612,724.3,14.49,2.61,707.2,setl_374,2026-08-24 03:06:00,2026-08-25,captured
pay_2OYV983J,ORD_4613,319.62,6.39,1.15,312.08,setl_374,2026-08-24 01:49:00,2026-08-25,captured
pay_7XPESHA6,ORD_4614,2523.1,50.46,9.08,2463.56,setl_374,2026-08-24 03:56:00,2026-08-25,captured
pay_R7G4MJZE,ORD_4615,1320.19,26.4,4.75,1289.04,setl_374,2026-08-23 19:04:00,2026-08-24,captured
pay_RC2O2KP3,ORD_4616,401.64,8.03,1.45,392.16,setl_374,2026-08-24 06:17:00,2026-08-25,captured
pay_C6153X7S,ORD_4617,1259.64,25.19,4.53,1229.92,setl_374,2026-08-23 22:48:00,2026-08-24,captured
pay_63BKBG0I,ORD_4618,932.91,18.66,3.36,910.89,setl_374,2026-08-24 04:34:00,2026-08-25,captured
pay_A28T4YMI,ORD_4619,1946.17,38.92,7.01,1900.24,setl_374,2026-08-23 22:37:00,2026-08-24,captured
pay_QOUQ6TJQ,ORD_4620,448.52,8.97,1.61,437.94,setl_375,2026-08-24 05:05:00,2026-08-25,captured
pay_IR60MDX1,ORD_4621,1503.53,30.07,5.41,1468.05,setl_375,2026-08-23 23:59:00,2026-08-24,captured
pay_FDECKSL5,ORD_4622,1272.26,25.45,4.58,1242.23,setl_375,2026-08-23 17:16:00,2026-08-24,captured
pay_LUTVFLOK,ORD_4623,222.8,4.46,0.8,217.54,setl_375,2026-08-24 01:51:30,2026-08-25,captured
pay_7117VPZV,ORD_4623,222.8,4.46,0.8,217.54,setl_375,2026-08-24 01:51:00,2026-08-25,captured
pay_NXHBA14C,ORD_4624,234.97,4.7,0.85,229.42,setl_375,2026-08-24 01:11:00,2026-08-25,captured
pay_UJO2T629,ORD_4625,469.28,9.39,1.69,458.2,setl_375,2026-08-24 05:47:00,2026-08-25,captured
pay_75STUVIK,ORD_4626,2497.87,49.96,8.99,2438.92,setl_375,2026-08-24 02:54:00,2026-08-25,captured
pay_RQCIU4XO,ORD_4627,2981.66,59.63,10.73,2911.3,setl_375,2026-08-23 21:57:00,2026-08-24,captured
pay_8RZ5CWCC,ORD_4628,1856.44,37.13,6.68,1812.63,setl_376,2026-08-24 01:40:00,2026-08-25,captured
pay_EZ22U4SJ,ORD_4629,1647.87,32.96,5.93,1608.98,setl_376,2026-08-24 05:19:00,2026-08-25,captured
pay_D6FONM4Y,ORD_4630,197.14,3.94,0.71,192.49,setl_376,2026-08-24 04:48:00,2026-08-25,captured
pay_F7ASXYW1,ORD_4632,882.52,17.65,3.18,861.69,setl_376,2026-08-23 20:06:00,2026-08-24,captured
pay_GZMMPMZ6,ORD_4633,1005.97,20.12,3.62,982.23,setl_376,2026-08-23 22:55:00,2026-08-24,captured
pay_4PSYYW0G,ORD_4634,383.72,7.67,1.38,374.67,setl_376,2026-08-24 01:35:00,2026-08-25,captured
pay_54TH3EYC,ORD_4635,219.42,4.39,0.79,214.24,setl_376,2026-08-23 22:42:00,2026-08-24,captured
pay_AAI75ML0,ORD_4636,1239.1,24.78,4.46,1209.86,setl_376,2026-08-23 23:05:00,2026-08-24,captured
pay_P0FMTB02,ORD_4637,459.6,9.19,1.65,448.76,setl_376,2026-08-23 18:59:00,2026-08-24,captured
pay_0UJGVCVU,ORD_4638,1481.49,29.63,5.33,1446.53,setl_377,2026-08-23 21:47:00,2026-08-24,captured
pay_TTNO6OOG,ORD_4639,2525.5,50.51,9.09,2465.9,setl_377,2026-08-24 06:59:00,2026-08-25,captured
pay_VZYZ72YW,ORD_4640,1337.55,26.75,4.81,1305.99,setl_377,2026-08-24 07:22:00,2026-08-25,captured
pay_TDWDELFQ,ORD_4641,269.73,5.39,0.97,263.37,setl_377,2026-08-24 08:04:00,2026-08-25,captured
pay_BPJ4TT85,ORD_4642,2985.16,59.7,10.75,2914.71,setl_377,2026-08-24 08:24:00,2026-08-25,captured
pay_Z5D5EUSC,ORD_4643,3514.93,70.3,12.65,3431.98,setl_377,2026-08-24 07:38:00,2026-08-25,captured
pay_JWXTLT5G,ORD_4644,1478.88,29.58,5.32,1443.98,setl_377,2026-08-23 17:08:00,2026-08-24,captured
pay_TYHMP1HX,ORD_4645,150.67,3.01,0.54,147.12,setl_377,2026-08-23 22:23:00,2026-08-24,captured
pay_LKOS2I14,ORD_4646,1172.26,23.45,4.22,1144.59,setl_377,2026-08-23 17:18:00,2026-08-24,captured
pay_DQZG2R7U,ORD_4647,1481.19,29.62,5.33,1446.24,setl_378,2026-08-24 05:39:00,2026-08-25,captured
pay_PQVNDBZM,ORD_4648,1910.08,38.2,6.88,1865.0,setl_378,2026-08-24 01:29:00,2026-08-25,captured
pay_90VFAQ6V,ORD_4649,347.24,6.94,1.25,339.05,setl_378,2026-08-23 21:05:00,2026-08-24,captured
pay_CP41YB60,ORD_4650,951.33,19.03,3.43,928.87,setl_378,2026-08-24 01:22:00,2026-08-25,captured
pay_ELU3UUAG,ORD_4651,1286.3,25.73,4.63,1255.94,setl_378,2026-08-23 22:03:00,2026-08-24,captured
pay_ZB7QA4F0,ORD_4652,923.43,18.47,3.32,901.64,setl_378,2026-08-24 08:49:00,2026-08-25,captured
pay_6RNRWJN5,ORD_4653,1468.33,29.37,5.29,1433.67,setl_378,2026-08-23 21:18:00,2026-08-24,captured
pay_SFXUSTBR,ORD_4654,432.08,8.64,1.56,421.88,setl_378,2026-08-23 20:51:00,2026-08-24,captured
pay_TYPN3N1U,ORD_4655,1335.82,26.72,4.81,1304.29,setl_378,2026-08-24 06:53:00,2026-08-25,captured
pay_Y4WUNOFY,ORD_4656,293.84,5.88,1.06,286.9,setl_378,2026-08-24 01:29:00,2026-08-25,captured
pay_OJWJURRK,ORD_4657,381.62,7.63,1.37,372.62,setl_378,2026-08-24 07:35:00,2026-08-25,captured
pay_CT498GRU,ORD_4658,407.42,8.15,1.47,397.8,setl_379,2026-08-23 19:03:00,2026-08-24,captured
pay_0GAYB3LT,ORD_4659,3036.49,60.73,10.93,2964.83,setl_379,2026-08-24 05:31:00,2026-08-25,captured
pay_1LTOLEIE,ORD_4660,416.54,8.33,1.5,406.71,setl_379,2026-08-24 05:16:00,2026-08-25,captured
pay_S4WT3PSL,ORD_4661,1516.67,30.33,5.46,1480.88,setl_379,2026-08-23 21:45:00,2026-08-24,captured
pay_R20UWQD6,ORD_4662,242.67,4.85,0.87,236.95,setl_379,2026-08-23 18:51:00,2026-08-24,captured
pay_CE98NFX0,ORD_4663,1018.2,20.36,3.66,994.18,setl_379,2026-08-23 22:27:00,2026-08-24,captured
pay_TF7G2QEH,ORD_4664,1305.12,26.1,4.7,1274.32,setl_379,2026-08-24 03:11:00,2026-08-25,captured
pay_VBZ9J9L4,ORD_4665,2454.02,49.08,8.83,2396.11,setl_379,2026-08-23 19:50:00,2026-08-24,captured
pay_FG5CEX9T,ORD_4666,717.44,14.35,2.58,700.51,setl_379,2026-08-24 02:45:00,2026-08-25,captured
pay_IVXSOS1H,ORD_4667,1588.02,31.76,5.72,1550.54,setl_380,2026-08-24 01:44:00,2026-08-25,captured
pay_PR6GBF6O,ORD_4668,738.26,14.77,2.66,720.83,setl_380,2026-08-24 01:51:00,2026-08-25,captured
pay_N7BKS93F,ORD_4669,2476.66,49.53,8.92,2418.21,setl_380,2026-08-23 17:39:00,2026-08-24,captured
pay_JK68C0Y2,ORD_4670,189.55,3.79,0.68,185.08,setl_380,2026-08-24 08:14:00,2026-08-25,captured
pay_Y3VDCEG1,ORD_4671,1943.68,38.87,7.0,1897.81,setl_380,2026-08-24 02:39:00,2026-08-25,captured
pay_NKL4ZYFI,ORD_4672,947.77,18.96,3.41,925.4,setl_380,2026-08-24 04:07:00,2026-08-25,captured
pay_CBBG8PRK,ORD_4673,525.64,10.51,1.89,513.24,setl_380,2026-08-24 08:33:00,2026-08-25,captured
pay_85LJWCC2,ORD_4674,2523.7,50.47,9.08,2464.15,setl_380,2026-08-23 22:31:00,2026-08-24,captured
pay_IZ8RBMMG,ORD_4675,270.83,5.42,0.98,264.43,setl_380,2026-08-24 04:54:00,2026-08-25,captured
pay_PFJDEXCM,ORD_4676,1637.54,38.65,6.96,1591.93,setl_380,2026-08-24 03:43:00,2026-08-25,captured
pay_GHRED71Q,ORD_4677,2499.18,49.98,9.0,2440.2,setl_381,2026-08-23 23:52:00,2026-08-24,captured
pay_Z0Z3G4JZ,ORD_4678,739.3,14.79,2.66,721.85,setl_381,2026-08-24 08:58:00,2026-08-25,captured
pay_8CID3YOS,ORD_4679,222.61,4.45,0.8,217.36,setl_381,2026-08-24 03:46:00,2026-08-25,captured
pay_2L0PI88T,ORD_4680,360.71,7.21,1.3,352.2,setl_381,2026-08-23 23:59:00,2026-08-25,captured
pay_A4TMZEGG,ORD_4681,2470.37,49.41,8.89,2412.07,setl_381,2026-08-23 17:56:00,2026-08-24,captured
pay_VNG0GTPF,ORD_4682,952.45,19.05,3.43,929.97,setl_381,2026-08-24 08:41:00,2026-08-25,captured
pay_URNWLZA0,ORD_4683,3452.1,69.04,12.43,3370.63,setl_381,2026-08-24 06:29:00,2026-08-25,captured
pay_MFU2G655,ORD_4684,1931.17,38.62,6.95,1885.6,setl_381,2026-08-24 01:16:00,2026-08-25,captured
pay_5G9MEGTI,ORD_4685,1249.54,24.99,4.5,1220.05,setl_381,2026-08-23 17:07:00,2026-08-24,captured
pay_N4E45K5G,ORD_4686,497.59,9.95,1.79,485.85,setl_381,2026-08-23 17:22:00,2026-08-24,captured
pay_6GBOL0SW,ORD_4687,1038.69,20.77,3.74,1014.18,setl_381,2026-08-23 20:50:00,2026-08-24,captured
pay_8HPI9BY6,ORD_4688,995.2,19.9,3.58,971.72,setl_381,2026-08-23 18:15:00,2026-08-24,captured
pay_287ZM4JD,ORD_4689,488.39,9.77,1.76,476.86,setl_382,2026-08-23 21:51:00,2026-08-24,captured
pay_NOQ170JW,ORD_4690,1530.36,30.61,5.51,1494.24,setl_382,2026-08-24 03:30:00,2026-08-25,captured
pay_A6AZH7PG,ORD_4691,215.58,4.31,0.78,210.49,setl_382,2026-08-24 02:01:00,2026-08-25,captured
pay_I3GGL0XT,ORD_4692,247.91,4.96,0.89,242.06,setl_382,2026-08-23 17:52:00,2026-08-24,captured
pay_5HILEJQO,ORD_4693,1197.09,23.94,4.31,1168.84,setl_382,2026-08-23 22:43:00,2026-08-24,captured
pay_B5V4E6F0,ORD_4694,3548.92,70.98,12.78,3465.16,setl_382,2026-08-23 19:03:00,2026-08-24,captured
pay_8SUKE8XO,ORD_4695,1524.22,30.48,5.49,1488.25,setl_382,2026-08-23 23:42:00,2026-08-24,captured
pay_YBARRML8,ORD_4696,1544.91,30.9,5.56,1508.45,setl_382,2026-08-24 04:43:00,2026-08-25,captured
pay_EGB0KJTW,ORD_4697,899.9,18.0,3.24,878.66,setl_382,2026-08-24 00:52:00,2026-08-25,captured
pay_N9Y4TLWF,ORD_4698,915.76,18.32,3.3,894.14,setl_383,2026-08-23 19:20:00,2026-08-24,captured
pay_588I4RBB,ORD_4699,298.08,5.96,1.07,231.43,setl_383,2026-08-23 18:08:00,2026-08-24,captured
pay_RGUCBFNX,ORD_4700,389.16,7.78,1.4,379.98,setl_383,2026-08-24 02:55:00,2026-08-25,captured
pay_KSWNVMO4,ORD_4701,680.36,13.61,2.45,664.3,setl_383,2026-08-23 17:28:00,2026-08-24,captured
pay_Z9LPHUIV,ORD_4702,3467.69,69.35,12.48,3385.86,setl_383,2026-08-23 21:56:00,2026-08-24,captured
pay_8U9EWOUS,ORD_4703,1247.86,24.96,4.49,1218.41,setl_383,2026-08-24 05:13:00,2026-08-25,captured
pay_H6X287YG,ORD_4704,914.93,18.3,3.29,893.34,setl_383,2026-08-24 05:38:00,2026-08-25,captured
pay_TIA2MCZT,ORD_4705,1629.92,32.6,5.87,1591.45,setl_383,2026-08-23 21:24:00,2026-08-24,captured
pay_WZ5SMI96,ORD_4706,989.57,19.79,3.56,966.22,setl_383,2026-08-24 01:50:00,2026-08-25,captured
pay_743P2KR4,ORD_4707,1538.37,30.77,5.54,1502.06,setl_384,2026-08-23 22:30:00,2026-08-24,captured
pay_NR6RXEIB,ORD_4708,342.97,6.86,1.23,334.88,setl_384,2026-08-23 19:36:00,2026-08-24,captured
pay_L1JRWSWA,ORD_4709,1336.17,26.72,4.81,1304.64,setl_384,2026-08-23 19:34:00,2026-08-24,captured
pay_4YGE3VJA,ORD_4710,524.17,10.48,1.89,511.8,setl_384,2026-08-24 00:16:00,2026-08-25,captured
pay_XU0CF17J,ORD_4711,1232.47,24.65,4.44,1203.38,setl_384,2026-08-23 22:09:00,2026-08-24,captured
pay_S75LU6NY,ORD_4712,720.07,14.4,2.59,703.08,setl_384,2026-08-24 03:25:00,2026-08-25,captured
pay_L57WVKQ9,ORD_4713,369.64,7.39,1.33,360.92,setl_384,2026-08-24 03:43:00,2026-08-25,captured
pay_2ISE0MEQ,ORD_4714,1467.51,29.35,5.28,1432.88,setl_384,2026-08-23 18:00:00,2026-08-24,captured
pay_OWE0UUFZ,ORD_4715,453.35,9.07,1.63,442.65,setl_384,2026-08-23 21:28:00,2026-08-24,captured
pay_M7270NVP,ORD_4716,716.41,14.33,2.58,699.5,setl_384,2026-08-24 06:48:00,2026-08-25,captured
pay_HX3SBQB3,ORD_4717,1539.86,30.8,5.54,1503.52,setl_385,2026-08-24 08:31:30,2026-08-25,captured
pay_SG02I6UK,ORD_4717,1539.86,30.8,5.54,1503.52,setl_385,2026-08-24 08:31:00,2026-08-25,captured
pay_UOMBI36N,ORD_4718,1541.66,30.83,5.55,1505.28,setl_385,2026-08-23 22:31:00,2026-08-24,captured
pay_997EIAL2,ORD_4719,523.39,10.47,1.88,511.04,setl_385,2026-08-24 04:10:00,2026-08-25,captured
pay_V3M13O1B,ORD_4720,1865.75,37.31,6.72,1821.72,setl_385,2026-08-23 17:12:00,2026-08-24,captured
pay_003Y2AEY,ORD_4721,3470.53,69.41,12.49,3388.63,setl_385,2026-08-23 18:33:00,2026-08-24,captured
pay_C3L4AT6T,ORD_4722,1023.09,20.46,3.68,998.95,setl_385,2026-08-24 02:23:00,2026-08-25,captured
pay_KTLVIHN2,ORD_4723,1261.4,25.23,4.54,1231.63,setl_385,2026-08-24 07:50:00,2026-08-25,captured
pay_8GAVFXC6,ORD_4724,1474.06,29.48,5.31,1439.27,setl_385,2026-08-23 21:44:00,2026-08-24,captured
pay_CYWSEEJM,ORD_4725,333.72,6.67,1.2,325.85,setl_385,2026-08-24 05:31:00,2026-08-25,captured
pay_65TYAGI9,ORD_4726,1929.21,38.58,6.94,1883.69,setl_385,2026-08-23 18:31:00,2026-08-24,captured
pay_N5WRK7RZ,ORD_4727,402.24,8.04,1.45,392.75,setl_385,2026-08-24 00:01:00,2026-08-24,captured
pay_7MVO9KWM,ORD_4729,307.59,6.15,1.11,300.33,setl_386,2026-08-24 00:57:00,2026-08-25,captured
pay_IOLOAQKH,ORD_4730,418.34,8.37,1.51,408.46,setl_386,2026-08-23 23:26:00,2026-08-24,captured
pay_OIJAOPP3,ORD_4731,383.72,9.06,1.63,373.03,setl_386,2026-08-23 19:37:00,2026-08-24,captured
pay_LMJ4TP1C,ORD_4732,1299.73,25.99,4.68,1269.06,setl_386,2026-08-23 23:17:00,2026-08-24,captured
pay_HM14J8NH,ORD_4733,383.61,7.67,1.38,374.56,setl_386,2026-08-23 17:45:00,2026-08-24,captured
pay_2H7DBWU5,ORD_4734,1520.11,30.4,5.47,1484.24,setl_386,2026-08-24 05:24:00,2026-08-25,captured
pay_Z0UUFABV,ORD_4735,296.92,5.94,1.07,289.91,setl_386,2026-08-24 01:52:00,2026-08-25,captured
pay_32EUH5PR,ORD_4736,372.91,7.46,1.34,364.11,setl_386,2026-08-23 21:44:00,2026-08-24,captured
pay_90F16H5P,ORD_4737,947.24,18.94,3.41,924.89,setl_387,2026-08-23 22:48:00,2026-08-24,captured
pay_ERDQEZPR,ORD_4738,3460.27,69.21,12.46,3378.6,setl_387,2026-08-23 22:20:00,2026-08-24,captured
pay_8ZUIHH6I,ORD_4739,896.23,17.92,3.23,875.08,setl_387,2026-08-23 21:17:00,2026-08-24,captured
pay_Z9ZW1Z9Y,ORD_4740,1820.18,36.4,6.55,1777.23,setl_387,2026-08-24 07:48:00,2026-08-25,captured
pay_TTVGTEKT,ORD_4741,209.35,4.19,0.75,204.41,setl_387,2026-08-24 08:09:00,2026-08-25,captured
pay_S4K586XP,ORD_4742,418.46,8.37,1.51,408.58,setl_387,2026-08-24 08:02:00,2026-08-25,captured
pay_8J4H9UHS,ORD_4743,346.1,6.92,1.25,337.93,setl_387,2026-08-23 23:59:00,2026-08-24,captured
pay_727TRVJQ,ORD_4744,1783.04,35.66,6.42,1740.96,setl_387,2026-08-24 02:23:00,2026-08-25,captured
pay_AQK0NL1H,ORD_4745,691.43,13.83,2.49,675.11,setl_388,2026-08-24 01:18:00,2026-08-25,captured
pay_JNUVLATZ,ORD_4746,1212.21,24.24,4.36,1183.61,setl_388,2026-08-24 23:58:00,2026-08-26,captured
pay_20YAPG2A,ORD_4747,1280.81,25.62,4.61,1250.58,setl_388,2026-08-24 08:13:00,2026-08-25,captured
pay_PEWK7FSV,ORD_4748,1767.72,35.35,6.36,1726.01,setl_388,2026-08-23 23:46:00,2026-08-24,captured
pay_1T04UBG0,ORD_4749,1560.72,31.21,5.62,1523.89,setl_388,2026-08-24 00:03:00,2026-08-25,captured
pay_UEGEX2JF,ORD_4750,508.4,10.17,1.83,496.4,setl_388,2026-08-23 22:11:00,2026-08-24,captured
pay_R2E4UGDA,ORD_4751,248.11,4.96,0.89,242.26,setl_388,2026-08-23 23:05:00,2026-08-24,captured
pay_4U236I2Y,ORD_4752,1796.92,35.94,6.47,1754.51,setl_388,2026-08-23 21:57:00,2026-08-24,captured
pay_KT4QXART,ORD_4753,365.88,7.32,1.32,357.24,setl_388,2026-08-24 00:13:00,2026-08-25,captured
pay_FNS6UV3F,ORD_4754,927.7,18.55,3.34,905.81,setl_388,2026-08-24 05:37:00,2026-08-25,captured
pay_F4ONB8VZ,ORD_4755,3481.66,69.63,12.53,3199.5,setl_389,2026-08-23 19:51:00,2026-08-24,captured
pay_D96IK7ZI,ORD_4756,1877.07,37.54,6.76,1832.77,setl_389,2026-08-23 20:53:00,2026-08-24,captured
pay_FVPKYJIE,ORD_4757,1010.37,20.21,3.64,986.52,setl_389,2026-08-23 17:49:00,2026-08-24,captured
pay_CL7XG33Y,ORD_4758,703.1,14.06,2.53,686.51,setl_389,2026-08-24 06:44:00,2026-08-25,captured
pay_CUP5RB9V,ORD_4759,1541.31,30.83,5.55,1504.93,setl_389,2026-08-24 03:55:00,2026-08-25,captured
pay_6WE7GJ81,ORD_4760,2972.22,59.44,10.7,2902.08,setl_389,2026-08-24 00:27:00,2026-08-25,captured
pay_3DXJHQNC,ORD_4761,981.05,19.62,3.53,957.9,setl_389,2026-08-24 06:28:00,2026-08-25,captured
pay_1WMJZEFZ,ORD_4762,334.83,6.7,1.21,326.92,setl_389,2026-08-23 20:59:00,2026-08-24,captured
pay_XPTKD26A,ORD_4763,1882.58,37.65,6.78,1838.15,setl_389,2026-08-23 23:18:00,2026-08-24,captured
pay_AOTG4IN1,ORD_4764,1505.68,30.11,5.42,1470.15,setl_390,2026-08-23 20:53:30,2026-08-24,captured
pay_8U0CSWSX,ORD_4764,1505.68,30.11,5.42,1470.15,setl_390,2026-08-23 20:53:00,2026-08-24,captured
pay_VM5OU266,ORD_4765,2514.39,50.29,9.05,2455.05,setl_390,2026-08-24 03:08:00,2026-08-25,captured
pay_WBB5BAVO,ORD_4766,1009.24,20.18,3.63,985.43,setl_390,2026-08-23 23:04:00,2026-08-24,captured
pay_DQ8G2K14,ORD_4767,1509.29,30.19,5.43,1473.67,setl_390,2026-08-23 23:14:00,2026-08-24,captured
pay_UXPAENDU,ORD_4768,2993.7,59.87,10.78,2923.05,setl_390,2026-08-24 03:41:00,2026-08-25,captured
pay_V3ANHRUM,ORD_4769,1486.58,29.73,5.35,1451.5,setl_390,2026-08-23 17:54:00,2026-08-24,captured
pay_50NZJUI7,ORD_4770,3468.57,69.37,12.49,3386.71,setl_390,2026-08-23 19:36:00,2026-08-24,captured
pay_59ZYGCQW,ORD_4772,3500.4,70.01,12.6,3417.79,setl_390,2026-08-23 17:35:00,2026-08-24,captured
pay_E8GMTEXZ,ORD_4773,498.05,9.96,1.79,486.3,setl_390,2026-08-23 20:33:00,2026-08-24,captured
pay_54TQSJEO,ORD_4774,865.54,17.31,3.12,845.11,setl_390,2026-08-24 07:27:00,2026-08-25,captured
pay_V5LDMKMK,ORD_4775,455.11,9.1,1.64,444.37,setl_390,2026-08-23 21:54:00,2026-08-24,captured
pay_CU6A49XJ,ORD_4776,1915.46,38.31,6.9,1870.25,setl_391,2026-08-23 19:42:00,2026-08-24,captured
pay_PX7FDMT3,ORD_4777,482.47,9.65,1.74,471.08,setl_391,2026-08-24 02:24:00,2026-08-25,captured
pay_OOMFJKA4,ORD_4778,428.42,8.57,1.54,418.31,setl_391,2026-08-23 18:33:00,2026-08-24,captured
pay_7MUDENCR,ORD_4779,347.08,6.94,1.25,338.89,setl_391,2026-08-24 08:04:00,2026-08-25,captured
pay_PS5U9Q1P,ORD_4780,1192.56,23.85,4.29,1164.42,setl_391,2026-08-23 18:48:00,2026-08-24,captured
pay_6AQWQ4MS,ORD_4781,434.65,8.69,1.56,424.4,setl_391,2026-08-24 00:24:00,2026-08-25,captured
pay_XJEQ4AY9,ORD_4782,328.3,6.57,1.18,320.55,setl_391,2026-08-23 20:15:00,2026-08-24,captured
pay_BL7IJ90Q,ORD_4783,270.38,5.41,0.97,264.0,setl_391,2026-08-23 21:42:00,2026-08-24,captured
pay_ECOZH4G4,ORD_4784,527.08,10.54,1.9,514.64,setl_391,2026-08-24 04:16:00,2026-08-25,captured
pay_J74IKFM3,ORD_4785,682.95,13.66,2.46,666.83,setl_391,2026-08-23 20:54:00,2026-08-24,captured
pay_NGWZHED1,ORD_4786,1574.34,31.49,5.67,1537.18,setl_391,2026-08-24 07:49:00,2026-08-25,captured
pay_5DZ63MJ3,ORD_4787,2453.63,57.91,10.42,2385.3,setl_391,2026-08-23 20:34:00,2026-08-24,captured
pay_DT8YK4CU,ORD_4788,343.79,6.88,1.24,335.67,setl_392,2026-08-24 04:08:00,2026-08-25,captured
pay_56071NMO,ORD_4789,1939.15,38.78,6.98,1893.39,setl_392,2026-08-24 03:43:00,2026-08-25,captured
pay_9YRJW8MM,ORD_4790,897.55,17.95,3.23,876.37,setl_392,2026-08-23 23:59:00,2026-08-25,captured
pay_G9E8QONI,ORD_4791,1769.82,35.4,6.37,1728.05,setl_392,2026-08-23 19:01:00,2026-08-24,captured
pay_3WQ07CL8,ORD_4792,422.6,8.45,1.52,412.63,setl_392,2026-08-24 04:59:00,2026-08-25,captured
pay_PQWEWZ20,ORD_4793,1793.19,35.86,6.45,1750.88,setl_392,2026-08-23 23:47:00,2026-08-24,captured
pay_CWE81OBL,ORD_4794,1341.02,26.82,4.83,1309.37,setl_392,2026-08-24 00:05:00,2026-08-25,captured
pay_ZDH4MQWE,ORD_4795,207.54,4.15,0.75,202.64,setl_392,2026-08-24 06:38:00,2026-08-25,captured
pay_2GJT5A1O,ORD_4796,1231.6,24.63,4.43,1202.54,setl_392,2026-08-23 17:13:00,2026-08-24,captured
pay_U88TDP1F,ORD_4797,995.27,19.91,3.58,971.78,setl_392,2026-08-24 03:21:00,2026-08-25,captured
pay_Z858O0J3,ORD_4798,367.37,7.35,1.32,358.7,setl_393,2026-08-24 07:21:00,2026-08-25,captured
pay_YW2K2YKK,ORD_4799,904.8,18.1,3.26,883.44,setl_393,2026-08-23 22:16:00,2026-08-24,captured
pay_CJENF0DE,ORD_4800,476.83,9.54,1.72,465.57,setl_393,2026-08-24 02:22:00,2026-08-25,captured
pay_6EOKO7E0,ORD_4801,1255.42,25.11,4.52,1225.79,setl_393,2026-08-23 19:19:00,2026-08-24,captured
pay_024P4AOQ,ORD_4802,325.39,6.51,1.17,317.71,setl_393,2026-08-23 22:00:00,2026-08-24,captured
pay_IW0JUFZM,ORD_4803,3043.38,60.87,10.96,2971.55,setl_393,2026-08-24 07:36:00,2026-08-25,captured
pay_8TF7UD4H,ORD_4804,1860.58,37.21,6.7,1816.67,setl_393,2026-08-23 19:53:00,2026-08-24,captured
pay_MNOEDDOQ,ORD_4805,493.24,9.86,1.77,481.61,setl_393,2026-08-24 02:37:00,2026-08-25,captured
pay_Q717Y5GI,ORD_4806,338.53,6.77,1.22,330.54,setl_393,2026-08-24 06:11:00,2026-08-25,captured
pay_O3MZ4VQH,ORD_4807,944.84,18.9,3.4,922.54,setl_393,2026-08-24 01:58:00,2026-08-25,captured
pay_JLMAEFCW,ORD_4808,1478.61,29.57,5.32,1443.72,setl_394,2026-08-23 23:20:00,2026-08-24,captured
pay_885ITSZA,ORD_4809,2478.69,49.57,8.92,2420.2,setl_394,2026-08-23 23:07:00,2026-08-24,captured
pay_F8LCRO2P,ORD_4810,314.37,6.29,1.13,244.08,setl_394,2026-08-23 21:46:00,2026-08-24,captured
pay_NOKYAA8X,ORD_4811,2469.13,49.38,8.89,2410.86,setl_394,2026-08-23 22:37:00,2026-08-24,captured
pay_XVV0FHLG,ORD_4812,1181.77,23.64,4.26,1153.87,setl_394,2026-08-24 06:14:00,2026-08-25,captured
pay_NUQPW6KA,ORD_4813,1782.81,35.66,6.42,1740.73,setl_394,2026-08-23 23:30:00,2026-08-24,captured
pay_06L8ZG6M,ORD_4814,250.5,5.01,0.9,244.59,setl_394,2026-08-23 20:09:00,2026-08-24,captured
pay_LF3V2A83,ORD_4815,1165.27,23.31,4.2,1137.76,setl_394,2026-08-24 03:59:00,2026-08-25,captured
pay_U8U23WUZ,ORD_4816,2995.26,59.91,10.78,2924.57,setl_394,2026-08-24 02:55:00,2026-08-25,captured
pay_OY760TKL,ORD_4817,449.54,8.99,1.62,438.93,setl_394,2026-08-23 17:07:00,2026-08-24,captured
pay_DJ8D37IQ,ORD_4818,2980.4,59.61,10.73,2910.06,setl_395,2026-08-23 23:51:00,2026-08-24,captured
pay_B95WMGW2,ORD_4819,1798.66,35.97,6.47,1756.22,setl_395,2026-08-23 21:58:00,2026-08-24,captured
pay_SC7SV71A,ORD_4820,706.01,14.12,2.54,689.35,setl_395,2026-08-24 07:35:00,2026-08-25,captured
pay_WL1RDAS1,ORD_4821,216.07,4.32,0.78,210.97,setl_395,2026-08-24 07:36:00,2026-08-25,captured
pay_L7V3EEXQ,ORD_4822,697.8,13.96,2.51,681.33,setl_395,2026-08-24 04:55:00,2026-08-25,captured
pay_LROIAW9U,ORD_4823,3011.86,60.24,10.84,2940.78,setl_395,2026-08-24 02:44:00,2026-08-25,captured
pay_G8SE59R4,ORD_4824,1459.01,29.18,5.25,1424.58,setl_395,2026-08-24 03:46:00,2026-08-25,captured
pay_01PMPYDK,ORD_4825,892.34,17.85,3.21,871.28,setl_395,2026-08-24 07:21:00,2026-08-25,captured
pay_2N39ECRP,ORD_4826,1514.31,30.29,5.45,1478.57,setl_395,2026-08-23 20:10:00,2026-08-24,captured
pay_J0GDECF7,ORD_4827,198.07,3.96,0.71,193.4,setl_395,2026-08-24 03:28:00,2026-08-25,captured
pay_JBDE3X3Q,ORD_4828,2469.31,49.39,8.89,2411.03,setl_395,2026-08-24 01:37:00,2026-08-25,captured
pay_DV35GSGC,ORD_4829,1548.52,30.97,5.57,1511.98,setl_395,2026-08-24 08:40:00,2026-08-25,captured
pay_0SARVQXN,ORD_4830,379.37,7.59,1.37,370.41,setl_396,2026-08-23 21:20:00,2026-08-24,captured
pay_GLQ8N5W3,ORD_4831,389.97,7.8,1.4,380.77,setl_396,2026-08-23 22:24:00,2026-08-24,captured
pay_RZUF21ZZ,ORD_4832,439.57,8.79,1.58,429.2,setl_396,2026-08-23 21:59:00,2026-08-24,captured
pay_H91JIPM6,ORD_4833,746.64,14.93,2.69,729.02,setl_396,2026-08-24 06:46:00,2026-08-25,captured
pay_8ZLZVBEK,ORD_4834,1805.96,36.12,6.5,1763.34,setl_396,2026-08-23 17:46:00,2026-08-24,captured
pay_XT66WKYY,ORD_4835,294.07,5.88,1.06,287.13,setl_396,2026-08-24 06:46:30,2026-08-25,captured
pay_K9VJQCIR,ORD_4835,294.07,5.88,1.06,287.13,setl_396,2026-08-24 06:46:00,2026-08-25,captured
pay_AT2EYF8A,ORD_4836,1789.08,35.78,6.44,1746.86,setl_396,2026-08-23 17:57:00,2026-08-24,captured
pay_0TWPWHVF,ORD_4837,1496.26,29.93,5.39,1460.94,setl_396,2026-08-24 06:44:00,2026-08-25,captured
pay_A2LTH8G6,ORD_4838,861.78,17.24,3.1,841.44,setl_396,2026-08-23 20:30:00,2026-08-24,captured
pay_J654SU7Y,ORD_4839,1798.49,35.97,6.47,1756.05,setl_397,2026-08-24 02:18:00,2026-08-25,captured
pay_9FYGG7K1,ORD_4840,3507.41,70.15,12.63,3424.63,setl_397,2026-08-24 01:36:00,2026-08-25,captured
pay_SDSH76II,ORD_4841,909.17,18.18,3.27,887.72,setl_397,2026-08-24 07:06:00,2026-08-25,captured
pay_3JERZ596,ORD_4842,1757.07,35.14,6.33,1715.6,setl_397,2026-08-24 04:45:00,2026-08-25,captured
pay_XW4HHJ4N,ORD_4843,1329.21,26.58,4.78,1297.85,setl_397,2026-08-24 01:12:00,2026-08-25,captured
pay_FB69BX32,ORD_4844,2470.2,49.4,8.89,2411.91,setl_397,2026-08-24 01:56:00,2026-08-25,captured
pay_0N18MS68,ORD_4845,512.91,10.26,1.85,500.8,setl_397,2026-08-24 08:19:00,2026-08-25,captured
pay_SR88GT70,ORD_4846,733.05,14.66,2.64,715.75,setl_397,2026-08-24 00:23:00,2026-08-25,captured
pay_NDWQ0SFY,ORD_4847,2981.65,59.63,10.73,2911.29,setl_397,2026-08-24 02:47:00,2026-08-25,captured
pay_BUWFJEQP,ORD_4848,709.56,14.19,2.55,692.82,setl_398,2026-08-23 21:22:00,2026-08-24,captured
pay_R03AELLY,ORD_4849,1238.8,24.78,4.46,1209.56,setl_398,2026-08-23 21:04:00,2026-08-24,captured
pay_BPZ5JVVS,ORD_4850,736.25,14.72,2.65,718.88,setl_398,2026-08-24 00:24:00,2026-08-25,captured
pay_S4ZBAFK1,ORD_4851,1343.92,26.88,4.84,1312.2,setl_398,2026-08-24 05:35:00,2026-08-25,captured
pay_UIET2ELL,ORD_4852,1216.45,24.33,4.38,1187.74,setl_398,2026-08-23 17:59:00,2026-08-24,captured
pay_S4A1JD7P,ORD_4853,410.7,8.21,1.48,401.01,setl_398,2026-08-23 18:51:00,2026-08-24,captured
pay_2J6W90DW,ORD_4854,864.1,17.28,3.11,843.71,setl_398,2026-08-24 04:51:00,2026-08-25,captured
pay_YXE4SWFS,ORD_4855,1005.52,20.11,3.62,981.79,setl_398,2026-08-24 07:16:00,2026-08-25,captured
pay_U661T4U6,ORD_4857,2990.95,59.82,10.77,2920.36,setl_398,2026-08-24 01:31:00,2026-08-25,captured
pay_Z8043JJC,ORD_4858,3488.29,69.77,12.56,3405.96,setl_398,2026-08-24 07:45:00,2026-08-25,captured
pay_P8L5I090,ORD_4859,957.19,19.14,3.45,934.6,setl_398,2026-08-24 03:18:00,2026-08-25,captured
pay_AF077GY3,ORD_4860,1262.56,25.25,4.54,1232.77,setl_398,2026-08-24 02:13:00,2026-08-25,captured
pay_I5ZHCN8I,ORD_4861,917.72,18.35,3.3,896.07,setl_399,2026-08-24 08:51:00,2026-08-25,captured
pay_PQQXSJAG,ORD_4862,1595.2,31.9,5.74,1557.56,setl_399,2026-08-24 04:55:00,2026-08-25,captured
pay_W2IYTPWS,ORD_4863,490.85,9.82,1.77,479.26,setl_399,2026-08-24 07:19:00,2026-08-25,captured
pay_WU1RG1L1,ORD_4864,1618.5,32.37,5.83,1580.3,setl_399,2026-08-24 05:52:00,2026-08-25,captured
pay_ARZT9E43,ORD_4865,540.41,10.81,1.95,527.65,setl_399,2026-08-23 19:06:00,2026-08-24,captured
pay_TYB6GCSW,ORD_4866,1569.34,31.39,5.65,1532.3,setl_399,2026-08-24 01:09:00,2026-08-25,captured
pay_X5JY0KKR,ORD_4867,1516.41,30.33,5.46,1480.62,setl_399,2026-08-24 08:58:00,2026-08-25,captured
pay_230Q3QA7,ORD_4868,700.87,14.02,2.52,684.33,setl_399,2026-08-23 22:21:00,2026-08-24,captured
pay_YNHP95GN,ORD_4869,443.94,8.88,1.6,433.46,setl_399,2026-08-24 01:09:00,2026-08-25,captured
pay_TS1UVG9G,ORD_4870,280.71,5.61,1.01,274.09,setl_399,2026-08-23 23:59:00,2026-08-24,captured
pay_EPCG6GZ1,ORD_4871,1838.83,36.78,6.62,1795.43,setl_400,2026-08-24 03:56:00,2026-08-25,captured
pay_5KRGT5SB,ORD_4872,1468.98,29.38,5.29,1434.31,setl_400,2026-08-24 06:13:00,2026-08-25,captured
pay_JGUCF1EK,ORD_4873,1784.48,42.11,7.58,1734.79,setl_400,2026-08-23 21:04:00,2026-08-24,captured
pay_A8RVJWH9,ORD_4874,464.85,9.3,1.67,453.88,setl_400,2026-08-24 07:34:00,2026-08-25,captured
pay_0DVNU48U,ORD_4875,1470.31,29.41,5.29,1435.61,setl_400,2026-08-24 23:59:00,2026-08-26,captured
pay_M2M6JNOK,ORD_4876,1511.36,30.23,5.44,1475.69,setl_400,2026-08-24 01:43:00,2026-08-25,captured
pay_BQ5TZ9WF,ORD_4877,1933.75,38.68,6.96,1688.11,setl_400,2026-08-24 01:04:00,2026-08-25,captured
pay_6MIZEF18,ORD_4878,1327.54,26.55,4.78,1296.21,setl_400,2026-08-24 03:05:00,2026-08-25,captured
pay_WIAUTL2Q,ORD_4879,975.91,19.52,3.51,952.88,setl_400,2026-08-24 05:02:00,2026-08-25,captured
pay_SU8LCHAP,ORD_4880,272.77,5.46,0.98,266.33,setl_400,2026-08-24 07:46:00,2026-08-25,captured
pay_48QQEW0R,ORD_4881,1311.15,26.22,4.72,1280.21,setl_400,2026-08-23 17:43:00,2026-08-24,captured
pay_KAZV6WNA,ORD_4882,3450.5,69.01,12.42,3369.07,setl_401,2026-08-23 19:21:00,2026-08-24,captured
pay_U3T4ZBE4,ORD_4883,2477.08,49.54,8.92,2418.62,setl_401,2026-08-23 19:43:00,2026-08-24,captured
pay_59WGW70M,ORD_4884,1039.26,20.79,3.74,1014.73,setl_401,2026-08-24 08:52:00,2026-08-25,captured
pay_IYDNGPP5,ORD_4885,495.36,9.91,1.78,483.67,setl_401,2026-08-23 17:45:00,2026-08-24,captured
pay_7C5QVO1P,ORD_4886,3516.33,70.33,12.66,3433.34,setl_401,2026-08-24 03:27:00,2026-08-25,captured
pay_SL5VX974,ORD_4887,2502.54,50.05,9.01,2443.48,setl_401,2026-08-24 08:26:00,2026-08-25,captured
pay_DT1SQXZG,ORD_4888,1600.5,32.01,5.76,1562.73,setl_401,2026-08-24 05:22:00,2026-08-25,captured
pay_Q67QOSWM,ORD_4889,1496.47,29.93,5.39,1461.15,setl_401,2026-08-24 03:21:00,2026-08-25,captured
pay_25K7IFQN,ORD_4890,3521.16,70.42,12.68,3438.06,setl_401,2026-08-23 23:24:00,2026-08-24,captured
pay_RBDX39FO,ORD_4891,1521.6,30.43,5.48,1485.69,setl_402,2026-08-24 06:25:00,2026-08-25,captured
pay_E9VAUJID,ORD_4892,1902.78,38.06,6.85,1857.87,setl_402,2026-08-23 18:55:00,2026-08-24,captured
pay_UHFRL3HS,ORD_4893,1552.91,31.06,5.59,1516.26,setl_402,2026-08-24 05:43:00,2026-08-25,captured
pay_MKLUF28G,ORD_4894,1214.39,24.29,4.37,1185.73,setl_402,2026-08-24 00:43:30,2026-08-25,captured
pay_A7OPHRQZ,ORD_4894,1214.39,24.29,4.37,1185.73,setl_402,2026-08-24 00:43:00,2026-08-25,captured
pay_7AA60O4Q,ORD_4895,3005.74,60.11,10.82,2934.81,setl_402,2026-08-23 21:59:00,2026-08-24,captured
pay_7UC9FRRO,ORD_4896,2520.75,50.41,9.07,2461.27,setl_402,2026-08-24 01:24:00,2026-08-25,captured
pay_M1F3UNHH,ORD_4897,335.36,6.71,1.21,327.44,setl_402,2026-08-24 03:01:00,2026-08-25,captured
pay_QOOEGE1G,ORD_4898,1947.02,38.94,7.01,1901.07,setl_402,2026-08-24 08:09:00,2026-08-25,captured
pay_5BP16LAH,ORD_4899,459.94,9.2,1.66,449.08,setl_402,2026-08-23 18:52:00,2026-08-24,captured
pay_AT4H78I4,ORD_4900,425.53,8.51,1.53,415.49,setl_402,2026-08-24 08:50:00,2026-08-25,captured
pay_KW48HMKN,ORD_4901,258.85,5.18,0.93,252.74,setl_403,2026-08-23 22:10:00,2026-08-24,captured
pay_VQ5GXQOF,ORD_4902,1618.47,32.37,5.83,1580.27,setl_403,2026-08-23 23:00:00,2026-08-24,captured
pay_NMXAFXYU,ORD_4903,218.58,4.37,0.79,213.42,setl_403,2026-08-24 06:16:00,2026-08-25,captured
pay_G6UIA1NJ,ORD_4904,291.44,5.83,1.05,284.56,setl_403,2026-08-24 04:11:00,2026-08-25,captured
pay_YVDL1CEX,ORD_4905,2982.67,59.65,10.74,2912.28,setl_403,2026-08-24 02:19:00,2026-08-25,captured
pay_7C8D5BOR,ORD_4907,656.28,13.13,2.36,640.79,setl_403,2026-08-24 06:04:00,2026-08-25,captured
pay_TLGYLPZN,ORD_4908,963.43,19.27,3.47,940.69,setl_403,2026-08-23 18:36:00,2026-08-24,captured
pay_KDDM5RVF,ORD_4909,1765.54,35.31,6.36,1723.87,setl_403,2026-08-24 03:54:00,2026-08-25,captured
pay_JSRZMS12,ORD_4910,1624.41,32.49,5.85,1586.07,setl_403,2026-08-24 07:04:00,2026-08-25,captured
pay_5WBQALHA,ORD_4911,3512.27,70.25,12.64,3429.38,setl_404,2026-08-24 03:09:00,2026-08-25,captured
pay_HF4LUF31,ORD_4912,411.98,8.24,1.48,402.26,setl_404,2026-08-23 22:26:00,2026-08-24,captured
pay_HI006IAJ,ORD_4913,282.73,5.65,1.02,276.06,setl_404,2026-08-23 23:24:00,2026-08-24,captured
pay_CVLK6TZC,ORD_4914,241.4,4.83,0.87,235.7,setl_404,2026-08-23 17:20:00,2026-08-24,captured
pay_JJHNBT3V,ORD_4915,1259.51,25.19,4.53,1229.79,setl_404,2026-08-23 20:45:00,2026-08-24,captured
pay_BTR8SYOL,ORD_4916,203.1,4.06,0.73,198.31,setl_404,2026-08-24 06:45:00,2026-08-25,captured
pay_SQNP1K8U,ORD_4917,265.28,5.31,0.96,259.01,setl_404,2026-08-24 07:32:00,2026-08-25,captured
pay_EOPVEG4D,ORD_4918,1283.13,25.66,4.62,1252.85,setl_404,2026-08-23 23:12:00,2026-08-24,captured
pay_29VQYGA6,ORD_4919,3010.31,60.21,10.84,2939.26,setl_404,2026-08-23 22:17:00,2026-08-24,captured
pay_EJKIN8N1,ORD_4920,344.65,6.89,1.24,336.52,setl_405,2026-08-24 07:41:00,2026-08-25,captured
pay_HKRQPC18,ORD_4921,1282.79,25.66,4.62,1252.51,setl_405,2026-08-23 23:17:00,2026-08-24,captured
pay_9K3246VC,ORD_4922,3484.6,69.69,12.54,3402.37,setl_405,2026-08-24 08:00:00,2026-08-25,captured
pay_Z17977YY,ORD_4923,1897.93,37.96,6.83,1853.14,setl_405,2026-08-23 17:42:00,2026-08-24,captured
pay_QEALLC7M,ORD_4924,343.44,6.87,1.24,335.33,setl_405,2026-08-23 23:31:00,2026-08-24,captured
pay_3WES2VND,ORD_4925,1029.32,20.59,3.71,1005.02,setl_405,2026-08-24 09:02:00,2026-08-25,captured
pay_0PEQACGO,ORD_4926,3501.78,70.04,12.61,3419.13,setl_405,2026-08-23 19:32:00,2026-08-24,captured
pay_GON5CDW9,ORD_4927,884.61,17.69,3.18,863.74,setl_405,2026-08-23 22:44:00,2026-08-24,captured
pay_45201V5Z,ORD_4928,1450.05,29.0,5.22,1415.83,setl_405,2026-08-24 00:23:00,2026-08-25,captured
pay_GZB3RIMQ,ORD_4929,1922.43,38.45,6.92,1877.06,setl_406,2026-08-23 21:44:00,2026-08-24,captured
pay_3HKW1WLZ,ORD_4930,261.04,5.22,0.94,254.88,setl_406,2026-08-24 00:52:00,2026-08-25,captured
pay_XK9H32SN,ORD_4931,1493.29,29.87,5.38,1458.04,setl_406,2026-08-23 19:48:00,2026-08-24,captured
pay_MYKKWDD9,ORD_4932,514.19,10.28,1.85,502.06,setl_406,2026-08-24 08:36:00,2026-08-25,captured
pay_UG3IX27K,ORD_4933,978.23,19.56,3.52,955.15,setl_406,2026-08-23 18:04:00,2026-08-24,captured
pay_DUYYWJOY,ORD_4934,738.84,14.78,2.66,721.4,setl_406,2026-08-24 01:52:00,2026-08-25,captured
pay_KX2323PT,ORD_4935,1478.56,29.57,5.32,1443.67,setl_406,2026-08-24 00:53:00,2026-08-25,captured
pay_KGFZ9YET,ORD_4936,1015.64,20.31,3.66,991.67,setl_406,2026-08-24 01:26:00,2026-08-25,captured
pay_QG03JJ5E,ORD_4937,1624.75,32.49,5.85,1586.41,setl_407,2026-08-23 21:23:00,2026-08-24,captured
pay_C448GO0K,ORD_4938,2989.56,59.79,10.76,2919.01,setl_407,2026-08-24 02:43:00,2026-08-25,captured
pay_P0MJ3QIH,ORD_4939,850.94,17.02,3.06,830.86,setl_407,2026-08-24 01:13:00,2026-08-25,captured
pay_S84X06F6,ORD_4940,1934.32,38.69,6.96,1888.67,setl_407,2026-08-24 02:37:00,2026-08-25,captured
pay_JOUGSRD7,ORD_4941,301.63,6.03,1.09,294.51,setl_407,2026-08-24 08:03:00,2026-08-25,captured
pay_FGCYWF0B,ORD_4942,351.79,7.04,1.27,343.48,setl_407,2026-08-24 08:49:00,2026-08-25,captured
pay_GYTXTN1H,ORD_4943,512.39,10.25,1.84,500.3,setl_407,2026-08-24 01:09:00,2026-08-25,captured
pay_HNUXG5S0,ORD_4944,2961.53,69.89,12.58,2879.06,setl_407,2026-08-24 06:20:00,2026-08-25,captured
pay_4EHXL20I,ORD_4945,1456.09,29.12,5.24,1421.73,setl_407,2026-08-24 08:37:00,2026-08-25,captured
pay_U5FHSTXD,ORD_4946,1487.99,29.76,5.36,1452.87,setl_408,2026-08-23 23:34:00,2026-08-24,captured
pay_3VDJESK2,ORD_4947,421.96,8.44,1.52,412.0,setl_408,2026-08-23 22:55:00,2026-08-24,captured
pay_E77JB5NJ,ORD_4948,524.62,10.49,1.89,512.24,setl_408,2026-08-24 01:47:00,2026-08-25,captured
pay_96Q2MHI7,ORD_4949,434.34,8.69,1.56,424.09,setl_408,2026-08-24 06:33:00,2026-08-25,captured
pay_L4DYFZ54,ORD_4950,1831.15,36.62,6.59,1787.94,setl_408,2026-08-24 00:24:00,2026-08-25,captured
pay_Q93YPGUT,ORD_4951,197.69,3.95,0.71,193.03,setl_408,2026-08-24 03:40:00,2026-08-25,captured
pay_N24U0HVN,ORD_4952,1226.37,24.53,4.42,1197.42,setl_408,2026-08-24 01:09:00,2026-08-25,captured
pay_81XXWSI1,ORD_4953,1459.09,29.18,5.25,1424.66,setl_408,2026-08-24 01:03:00,2026-08-25,captured
pay_5J3SPSQE,ORD_4954,467.84,9.36,1.68,456.8,setl_409,2026-08-24 06:31:00,2026-08-25,captured
pay_JETF1R8C,ORD_4955,1502.19,30.04,5.41,1466.74,setl_409,2026-08-24 05:42:00,2026-08-25,captured
pay_UQ8A1CC3,ORD_4956,3020.35,60.41,10.87,2949.07,setl_409,2026-08-24 00:51:00,2026-08-25,captured
pay_46KOLFPB,ORD_4957,1878.92,37.58,6.76,1834.58,setl_409,2026-08-24 03:43:00,2026-08-25,captured
pay_U1HQUBIQ,ORD_4958,1547.54,30.95,5.57,1511.02,setl_409,2026-08-24 03:59:00,2026-08-25,captured
pay_L57JB168,ORD_4959,1239.87,24.8,4.46,1210.61,setl_409,2026-08-23 20:03:00,2026-08-24,captured
pay_O5DMSAPP,ORD_4960,974.96,19.5,3.51,951.95,setl_409,2026-08-24 07:59:00,2026-08-25,captured
pay_MYV9LY3N,ORD_4961,291.84,5.84,1.05,284.95,setl_409,2026-08-23 21:52:00,2026-08-24,captured
pay_SR8XT2K1,ORD_4962,2464.87,49.3,8.87,2406.7,setl_409,2026-08-24 01:56:00,2026-08-25,captured
pay_KNM6HRZF,ORD_4963,156.59,3.13,0.56,152.9,setl_409,2026-08-23 19:11:00,2026-08-24,captured
pay_ND492TCL,ORD_4964,1182.41,23.65,4.26,1154.5,setl_410,2026-08-24 01:47:00,2026-08-25,captured
pay_6S80BPOJ,ORD_4965,1565.17,31.3,5.63,1528.24,setl_410,2026-08-24 01:34:00,2026-08-25,captured
pay_E3ST1Q2S,ORD_4966,1476.95,29.54,5.32,1442.09,setl_410,2026-08-24 04:26:00,2026-08-25,captured
pay_2WBX75UH,ORD_4967,1222.33,24.45,4.4,1193.48,setl_410,2026-08-24 07:52:00,2026-08-25,captured
pay_Z52KE88G,ORD_4968,473.79,9.48,1.71,462.6,setl_410,2026-08-24 05:10:00,2026-08-25,captured
pay_QQTL5AKO,ORD_4969,3468.97,69.38,12.49,3387.1,setl_410,2026-08-23 17:45:00,2026-08-24,captured
pay_NPHN1O9T,ORD_4970,252.93,5.06,0.91,246.96,setl_410,2026-08-24 03:22:00,2026-08-25,captured
pay_HCK1DIV8,ORD_4971,440.64,8.81,1.59,430.24,setl_410,2026-08-23 21:58:00,2026-08-24,captured
pay_Q70RB1GH,ORD_4972,3530.51,70.61,12.71,3447.19,setl_410,2026-08-24 02:46:00,2026-08-25,captured
pay_WZMAGE3W,ORD_4973,1930.19,38.6,6.95,1884.64,setl_410,2026-08-23 23:51:00,2026-08-24,captured
pay_AK55ZX6B,ORD_4974,337.8,6.76,1.22,329.82,setl_410,2026-08-24 00:17:00,2026-08-25,captured
pay_FE5OPLI4,ORD_4975,209.19,4.18,0.75,204.26,setl_411,2026-08-23 19:19:00,2026-08-24,captured
pay_ZHIHIPQ1,ORD_4976,3471.43,69.43,12.5,3389.5,setl_411,2026-08-23 17:45:00,2026-08-24,captured
pay_CKN6DYLD,ORD_4977,406.02,8.12,1.46,396.44,setl_411,2026-08-23 23:59:00,2026-08-25,captured
pay_26UFI0RS,ORD_4978,1450.17,29.0,5.22,1415.95,setl_411,2026-08-24 02:44:00,2026-08-25,captured
pay_6BYVSCAF,ORD_4979,2548.0,50.96,9.17,2287.87,setl_411,2026-08-23 21:03:00,2026-08-24,captured
pay_S2D6LEST,ORD_4980,314.39,6.29,1.13,306.97,setl_411,2026-08-24 08:23:00,2026-08-25,captured
pay_EVK3STRR,ORD_4981,224.04,4.48,0.81,218.75,setl_411,2026-08-24 00:34:00,2026-08-25,captured
pay_VN6VDKIV,ORD_4982,407.38,8.15,1.47,397.76,setl_411,2026-08-23 23:06:00,2026-08-24,captured
pay_B0F4FBVO,ORD_4983,1841.87,36.84,6.63,1798.4,setl_411,2026-08-24 02:58:00,2026-08-25,captured
pay_K68Q2247,ORD_4984,3040.7,60.81,10.95,2968.94,setl_412,2026-08-23 22:32:00,2026-08-24,captured
pay_PG8E5K1R,ORD_4985,1557.74,31.15,5.61,1520.98,setl_412,2026-08-24 06:45:00,2026-08-25,captured
pay_0S8MVGBM,ORD_4986,1454.8,29.1,5.24,1420.46,setl_412,2026-08-24 02:05:00,2026-08-25,captured
pay_LF2SABVO,ORD_4987,1290.36,25.81,4.65,1259.9,setl_412,2026-08-24 03:58:30,2026-08-25,captured
pay_ANPA4SXV,ORD_4987,1290.36,25.81,4.65,1259.9,setl_412,2026-08-24 03:58:00,2026-08-25,captured
pay_1R463U3L,ORD_4988,1496.47,29.93,5.39,1461.15,setl_412,2026-08-24 01:09:00,2026-08-25,captured
pay_IYLX5YCH,ORD_4989,421.44,8.43,1.52,411.49,setl_412,2026-08-24 01:19:00,2026-08-25,captured
pay_FL4AGLC3,ORD_4990,451.81,9.04,1.63,441.14,setl_412,2026-08-23 23:25:00,2026-08-24,captured
pay_94JNLMK3,ORD_4991,1338.74,26.77,4.82,1307.15,setl_412,2026-08-23 23:15:00,2026-08-24,captured
pay_3XQKPKI9,ORD_4992,1940.0,38.8,6.98,1894.22,setl_412,2026-08-23 21:56:00,2026-08-24,captured
pay_TCEX9IA5,ORD_4993,280.66,5.61,1.01,274.04,setl_413,2026-08-23 18:45:00,2026-08-24,captured
pay_2JCU4JI7,ORD_4994,1464.2,29.28,5.27,1429.65,setl_413,2026-08-23 18:51:00,2026-08-24,captured
pay_N4MOT5CF,ORD_4995,355.72,7.11,1.28,347.33,setl_413,2026-08-23 23:49:00,2026-08-24,captured
pay_Z18YUZQN,ORD_4996,512.85,10.26,1.85,500.74,setl_413,2026-08-24 04:17:00,2026-08-25,captured
pay_CGN7DPWB,ORD_4997,1844.56,36.89,6.64,1801.03,setl_413,2026-08-24 01:28:00,2026-08-25,captured
pay_A322XWDB,ORD_4998,3021.9,60.44,10.88,2950.58,setl_413,2026-08-24 00:18:00,2026-08-25,captured
pay_0PGNH142,ORD_4999,934.44,18.69,3.36,912.39,setl_413,2026-08-24 00:24:00,2026-08-25,captured
pay_N27F96XB,ORD_5000,359.17,7.18,1.29,350.7,setl_413,2026-08-23 21:57:00,2026-08-24,captured
pay_DIBBFR0A,ORD_5001,356.39,7.13,1.28,347.98,setl_413,2026-08-24 03:59:00,2026-08-25,captured
pay_056MW7B4,ORD_5002,1898.1,37.96,6.83,1853.31,setl_413,2026-08-24 08:50:00,2026-08-25,captured
pay_Z7Z5RX7R,ORD_5004,336.16,6.72,1.21,328.23,setl_413,2026-08-24 02:08:00,2026-08-25,captured
pay_ANC9NXAJ,ORD_5005,1610.21,32.2,5.8,1572.21,setl_413,2026-08-23 23:41:00,2026-08-24,captured
pay_JJE6USFO,ORD_5006,422.68,8.45,1.52,412.71,setl_414,2026-08-23 17:20:00,2026-08-24,captured
pay_EJ7FA9BD,ORD_5007,178.11,3.56,0.64,173.91,setl_414,2026-08-24 09:00:00,2026-08-25,captured
pay_AM9Q2G46,ORD_5008,1209.72,24.19,4.35,1181.18,setl_414,2026-08-23 20:44:00,2026-08-24,captured
pay_MKJ1696A,ORD_5009,2479.57,49.59,8.93,2421.05,setl_414,2026-08-24 02:15:00,2026-08-25,captured
pay_U7C8XULS,ORD_5010,338.54,6.77,1.22,330.55,setl_414,2026-08-23 21:38:00,2026-08-24,captured
pay_NMKTPSO1,ORD_5011,1271.57,25.43,4.58,1241.56,setl_414,2026-08-24 08:10:00,2026-08-25,captured
pay_IFECVI5R,ORD_5012,666.72,13.33,2.4,650.99,setl_414,2026-08-23 22:17:00,2026-08-24,captured
pay_WJUBI0ES,ORD_5013,465.0,9.3,1.67,454.03,setl_414,2026-08-24 03:38:00,2026-08-25,captured
pay_02JXSGIW,ORD_5014,1013.77,20.28,3.65,989.84,setl_414,2026-08-23 17:55:00,2026-08-24,captured
pay_RD5618CH,ORD_5015,1853.61,37.07,6.67,1809.87,setl_414,2026-08-24 01:45:00,2026-08-25,captured
pay_08DHJG0Q,ORD_5016,224.96,4.5,0.81,219.65,setl_415,2026-08-23 21:57:00,2026-08-24,captured
pay_WEJ4XQQD,ORD_5017,331.21,6.62,1.19,323.4,setl_415,2026-08-24 05:15:00,2026-08-25,captured
pay_WPMTNDJV,ORD_5018,3023.72,60.47,10.88,2952.37,setl_415,2026-08-23 21:11:00,2026-08-24,captured
pay_JO4U1FNR,ORD_5019,1825.75,36.52,6.57,1782.66,setl_415,2026-08-24 01:24:00,2026-08-25,captured
pay_4H1IEDOB,ORD_5020,1196.51,23.93,4.31,1168.27,setl_415,2026-08-24 00:29:00,2026-08-25,captured
pay_J157OFCG,ORD_5021,3009.78,60.2,10.84,2938.74,setl_415,2026-08-23 23:52:00,2026-08-24,captured
pay_YVORLFOS,ORD_5022,393.25,7.87,1.42,383.96,setl_415,2026-08-24 02:33:00,2026-08-25,captured
pay_2W1YH6W5,ORD_5023,2965.7,59.31,10.68,2895.71,setl_415,2026-08-24 07:54:00,2026-08-25,captured
pay_W3MO20KZ,ORD_5024,246.55,4.93,0.89,240.73,setl_415,2026-08-23 23:25:00,2026-08-24,captured
pay_VXFORDPU,ORD_5025,332.11,6.64,1.2,324.27,setl_415,2026-08-23 19:38:00,2026-08-24,captured
pay_X69V3KR0,ORD_5026,442.93,8.86,1.59,432.48,setl_415,2026-08-23 21:11:00,2026-08-24,captured
pay_V8VZEO2J,ORD_5027,233.16,4.66,0.84,227.66,setl_416,2026-08-24 07:50:00,2026-08-25,captured
pay_BQT8HH10,ORD_5028,1614.85,32.3,5.81,1576.74,setl_416,2026-08-24 05:15:00,2026-08-25,captured
pay_5HGD8T10,ORD_5029,1496.39,29.93,5.39,1461.07,setl_416,2026-08-23 23:45:00,2026-08-24,captured
pay_LY7MY3WH,ORD_5030,463.27,9.27,1.67,452.33,setl_416,2026-08-24 08:30:00,2026-08-25,captured
pay_QYQX5FIX,ORD_5031,1601.33,32.03,5.77,1563.53,setl_416,2026-08-23 18:42:00,2026-08-24,captured
pay_U5UT5I3P,ORD_5032,484.51,9.69,1.74,473.08,setl_416,2026-08-23 18:38:00,2026-08-24,captured
pay_5EIA2QNJ,ORD_5033,731.77,14.64,2.64,714.49,setl_416,2026-08-24 05:26:00,2026-08-25,captured
pay_UDQ62XA9,ORD_5034,210.42,4.21,0.76,205.45,setl_416,2026-08-24 00:54:00,2026-08-25,captured
pay_X0TO7GOC,ORD_5035,1450.2,29.0,5.22,1415.98,setl_416,2026-08-24 08:59:00,2026-08-25,captured
pay_AG8YKNDZ,ORD_5036,203.01,4.06,0.73,198.22,setl_416,2026-08-23 17:13:00,2026-08-24,captured
pay_94MRB6TT,ORD_5037,1496.3,29.93,5.39,1460.98,setl_417,2026-08-24 06:29:00,2026-08-25,captured
pay_UE16COJU,ORD_5038,1866.56,37.33,6.72,1822.51,setl_417,2026-08-24 01:06:00,2026-08-25,captured
pay_4U88YY5A,ORD_5039,746.55,14.93,2.69,728.93,setl_417,2026-08-23 22:30:00,2026-08-24,captured
pay_4NLF8QVJ,ORD_5040,195.85,3.92,0.71,191.22,setl_417,2026-08-23 21:30:00,2026-08-24,captured
pay_BIZ0B77U,ORD_5041,899.1,17.98,3.24,877.88,setl_417,2026-08-24 06:31:00,2026-08-25,captured
pay_FA7YP1HG,ORD_5042,437.31,8.75,1.57,426.99,setl_417,2026-08-23 18:05:00,2026-08-24,captured
pay_D98XOWD0,ORD_5043,330.96,7.81,1.41,321.74,setl_417,2026-08-23 17:41:00,2026-08-24,captured
pay_D5UOJFZD,ORD_5044,1785.1,35.7,6.43,1742.97,setl_417,2026-08-23 17:39:00,2026-08-24,captured
pay_47AV5OSW,ORD_5045,340.57,6.81,1.23,332.53,setl_417,2026-08-24 00:29:00,2026-08-25,captured
pay_ZDY4OK3S,ORD_5046,1016.64,20.33,3.66,992.65,setl_417,2026-08-23 21:05:00,2026-08-24,captured
pay_X3AV0TTE,ORD_5047,2506.75,50.13,9.02,2447.6,setl_418,2026-08-24 07:07:00,2026-08-25,captured
pay_XIPP8B8Z,ORD_5048,1454.99,29.1,5.24,1420.65,setl_418,2026-08-23 18:32:00,2026-08-24,captured
pay_DXQ4WBGY,ORD_5049,700.47,14.01,2.52,683.94,setl_418,2026-08-23 17:17:00,2026-08-24,captured
pay_9UXBU602,ORD_5050,306.59,6.13,1.1,299.36,setl_418,2026-08-24 23:58:00,2026-08-26,captured
pay_J8GX6Y0X,ORD_5051,1243.3,24.87,4.48,1213.95,setl_418,2026-08-23 17:17:00,2026-08-24,captured
pay_1737B85T,ORD_5052,212.57,4.25,0.77,207.55,setl_418,2026-08-23 17:55:00,2026-08-24,captured
pay_USWKGD6P,ORD_5053,1003.64,20.07,3.61,979.96,setl_418,2026-08-23 23:17:00,2026-08-24,captured
pay_DWD5C75G,ORD_5054,445.87,8.92,1.61,435.34,setl_418,2026-08-24 00:13:00,2026-08-25,captured
pay_JRZOEJIW,ORD_5055,260.58,5.21,0.94,254.43,setl_418,2026-08-24 07:38:00,2026-08-25,captured
pay_EQRJO4RL,ORD_5056,2952.91,59.06,10.63,2883.22,setl_419,2026-08-24 05:36:00,2026-08-25,captured
pay_6472476T,ORD_5057,1247.91,24.96,4.49,1218.46,setl_419,2026-08-24 05:13:00,2026-08-25,captured
pay_FCI5BY2B,ORD_5058,262.15,5.24,0.94,255.97,setl_419,2026-08-23 23:07:00,2026-08-24,captured
pay_GOSGJEU3,ORD_5059,1646.17,32.92,5.93,1607.32,setl_419,2026-08-23 22:42:00,2026-08-24,captured
pay_NWIN5XFS,ORD_5060,716.39,14.33,2.58,699.48,setl_419,2026-08-24 03:26:00,2026-08-25,captured
pay_Z90E497V,ORD_5061,202.48,4.05,0.73,197.7,setl_419,2026-08-24 06:52:00,2026-08-25,captured
pay_ZVLC4M3Q,ORD_5062,377.43,7.55,1.36,368.52,setl_419,2026-08-23 20:07:00,2026-08-24,captured
pay_C93VWYSA,ORD_5063,360.34,7.21,1.3,351.83,setl_419,2026-08-23 20:16:00,2026-08-24,captured
pay_JWL4KM3L,ORD_5064,404.1,8.08,1.45,394.57,setl_419,2026-08-24 03:42:00,2026-08-25,captured
pay_BI2RT8UK,ORD_5065,3500.77,70.02,12.6,3418.15,setl_419,2026-08-23 18:29:00,2026-08-24,captured
pay_2U7UNLMX,ORD_5066,225.74,4.51,0.81,220.42,setl_419,2026-08-24 05:04:00,2026-08-25,captured
pay_2RRB8SDI,ORD_5067,1901.64,38.03,6.85,1856.76,setl_420,2026-08-23 17:12:00,2026-08-24,captured
pay_QMUUMTD2,ORD_5068,1871.04,37.42,6.74,1826.88,setl_420,2026-08-24 05:55:00,2026-08-25,captured
pay_7FM1SJX9,ORD_5069,1912.21,38.24,6.88,1867.09,setl_420,2026-08-23 21:25:00,2026-08-24,captured
pay_GDYE017K,ORD_5070,224.79,4.5,0.81,219.48,setl_420,2026-08-23 22:34:00,2026-08-24,captured
pay_Y1ZAYNT5,ORD_5071,213.7,4.27,0.77,208.66,setl_420,2026-08-24 04:02:00,2026-08-25,captured
pay_4RAWW7ZW,ORD_5072,873.68,17.47,3.14,853.07,setl_420,2026-08-24 08:48:00,2026-08-25,captured
pay_BW72AKAF,ORD_5073,493.69,9.87,1.78,482.04,setl_420,2026-08-23 22:06:00,2026-08-24,captured
pay_HCM3DVJC,ORD_5074,3483.24,69.66,12.54,3401.04,setl_420,2026-08-24 00:00:00,2026-08-24,captured
pay_PNOV3SYN,ORD_5075,2546.67,50.93,9.17,2486.57,setl_420,2026-08-24 06:31:00,2026-08-25,captured
pay_4G56XAS8,ORD_5076,252.48,5.05,0.91,246.52,setl_421,2026-08-23 20:31:00,2026-08-24,captured
pay_Q82ZR36E,ORD_5077,1524.62,30.49,5.49,1488.64,setl_421,2026-08-23 21:04:00,2026-08-24,captured
pay_KMB30I1W,ORD_5078,702.82,14.06,2.53,686.23,setl_421,2026-08-23 19:23:00,2026-08-24,captured
pay_YR8IF5VZ,ORD_5079,1632.43,32.65,5.88,1593.9,setl_421,2026-08-24 02:49:00,2026-08-25,captured
pay_87COWKAO,ORD_5080,1813.93,36.28,6.53,1771.12,setl_421,2026-08-24 00:11:00,2026-08-25,captured
pay_ZOMSN650,ORD_5081,674.23,13.48,2.43,658.32,setl_421,2026-08-23 18:02:00,2026-08-24,captured
pay_UBLODPRB,ORD_5082,376.65,7.53,1.36,367.76,setl_421,2026-08-23 19:12:00,2026-08-24,captured
pay_YONP5BOI,ORD_5083,2978.73,59.57,10.72,2908.44,setl_421,2026-08-23 20:20:00,2026-08-24,captured
pay_8A71H4WR,ORD_5084,665.02,13.3,2.39,649.33,setl_422,2026-08-24 06:01:00,2026-08-25,captured
pay_2R06G1GJ,ORD_5085,395.22,7.9,1.42,385.9,setl_422,2026-08-24 05:29:00,2026-08-25,captured
pay_YX18D1SP,ORD_5086,2480.19,49.6,8.93,2421.66,setl_422,2026-08-23 19:16:00,2026-08-24,captured
pay_U4X3SUYB,ORD_5087,1776.96,35.54,6.4,1735.02,setl_422,2026-08-24 07:33:00,2026-08-25,captured
pay_0KBP3GLS,ORD_5088,866.75,17.34,3.12,846.29,setl_422,2026-08-24 04:26:00,2026-08-25,captured
pay_4JC7MOG4,ORD_5089,2545.14,50.9,9.16,2485.08,setl_422,2026-08-23 19:05:00,2026-08-24,captured
pay_JMEARP1Q,ORD_5090,1638.26,32.77,5.9,1399.59,setl_422,2026-08-23 22:04:00,2026-08-24,captured
pay_5FINRBNI,ORD_5091,460.36,9.21,1.66,449.49,setl_422,2026-08-24 05:09:00,2026-08-25,captured
pay_7L5N7F9L,ORD_5092,1469.84,29.4,5.29,1435.15,setl_422,2026-08-24 03:26:00,2026-08-25,captured
pay_7E3B4C32,ORD_5093,1930.23,38.6,6.95,1884.68,setl_422,2026-08-24 04:58:00,2026-08-25,captured
pay_UBLFJU8S,ORD_5094,463.26,9.27,1.67,452.32,setl_423,2026-08-24 06:03:00,2026-08-25,captured
pay_3CDO0OXB,ORD_5095,2511.6,50.23,9.04,2452.33,setl_423,2026-08-23 22:12:00,2026-08-24,captured
pay_JSOMPXXD,ORD_5096,1515.72,30.31,5.46,1479.95,setl_423,2026-08-23 22:34:00,2026-08-24,captured
pay_Z820CIH8,ORD_5097,3460.04,69.2,12.46,3378.38,setl_423,2026-08-24 04:21:00,2026-08-25,captured
pay_IIXP7T13,ORD_5098,177.49,3.55,0.64,173.3,setl_423,2026-08-24 02:32:00,2026-08-25,captured
pay_7OX67VNY,ORD_5099,1622.19,32.44,5.84,1583.91,setl_423,2026-08-23 20:52:00,2026-08-24,captured
pay_QTYW45KW,ORD_5100,700.14,14.0,2.52,683.62,setl_423,2026-08-24 06:02:00,2026-08-25,captured
pay_V0Z86HEV,ORD_5101,494.25,9.88,1.78,482.59,setl_423,2026-08-23 17:13:00,2026-08-24,captured
pay_22DKNOU6,ORD_5102,1611.49,32.23,5.8,1573.46,setl_423,2026-08-24 02:28:00,2026-08-25,captured
pay_34YAOSDK,ORD_5103,3475.64,69.51,12.51,3393.62,setl_423,2026-08-24 06:38:00,2026-08-25,captured
pay_5MPQ79XT,ORD_5104,1884.37,37.69,6.78,1839.9,setl_423,2026-08-24 07:17:00,2026-08-25,captured
pay_425OVDZ1,ORD_5105,1557.39,31.15,5.61,1520.63,setl_424,2026-08-23 17:10:00,2026-08-24,captured
pay_QYN6K4D2,ORD_5106,1498.94,29.98,5.4,1463.56,setl_424,2026-08-24 07:30:00,2026-08-25,captured
pay_P9UWPWMD,ORD_5107,1284.64,25.69,4.62,1254.33,setl_424,2026-08-24 01:07:00,2026-08-25,captured
pay_CBEV535P,ORD_5108,340.92,6.82,1.23,332.87,setl_424,2026-08-24 02:55:00,2026-08-25,captured
pay_2S49H3G7,ORD_5109,1545.14,30.9,5.56,1508.68,setl_424,2026-08-23 22:53:00,2026-08-24,captured
pay_PSCEBPUW,ORD_5110,355.51,7.11,1.28,347.12,setl_424,2026-08-23 22:21:00,2026-08-24,captured
pay_W0Q8CW8H,ORD_5111,1594.87,31.9,5.74,1557.23,setl_424,2026-08-24 06:38:00,2026-08-25,captured
pay_JAYMAXYM,ORD_5112,267.58,5.35,0.96,261.27,setl_424,2026-08-23 20:00:00,2026-08-24,captured
pay_LQX5T2WF,ORD_5113,3482.16,69.64,12.54,3399.98,setl_424,2026-08-23 18:05:00,2026-08-24,captured
pay_6XLEJWCX,ORD_5114,2950.84,59.02,10.62,2881.2,setl_425,2026-08-24 04:51:00,2026-08-25,captured
pay_97Q7CRK0,ORD_5115,440.98,8.82,1.59,430.57,setl_425,2026-08-23 17:49:00,2026-08-24,captured
pay_ERNE8RFB,ORD_5116,2548.43,50.97,9.17,2488.29,setl_425,2026-08-23 17:47:00,2026-08-24,captured
pay_T0YZOOTY,ORD_5117,349.74,6.99,1.26,341.49,setl_425,2026-08-24 04:43:00,2026-08-25,captured
pay_84BNCAD4,ORD_5118,1628.85,32.58,5.86,1590.41,setl_425,2026-08-23 22:12:00,2026-08-24,captured
pay_JT6TCJAY,ORD_5119,536.35,10.73,1.93,523.69,setl_425,2026-08-24 00:43:00,2026-08-25,captured
pay_U47LKE83,ORD_5120,275.01,5.5,0.99,268.52,setl_425,2026-08-24 02:04:30,2026-08-25,captured
pay_N4D8ODG9,ORD_5120,275.01,5.5,0.99,268.52,setl_425,2026-08-24 02:04:00,2026-08-25,captured
pay_RNBG2O4S,ORD_5121,1811.06,36.22,6.52,1768.32,setl_425,2026-08-23 21:03:00,2026-08-24,captured
pay_5LCEISHY,ORD_5122,3494.95,69.9,12.58,3412.47,setl_426,2026-08-24 08:44:00,2026-08-25,captured
pay_4VC7AE9D,ORD_5123,476.06,9.52,1.71,464.83,setl_426,2026-08-23 19:29:00,2026-08-24,captured
pay_ICT5MO7G,ORD_5124,1007.57,20.15,3.63,983.79,setl_426,2026-08-24 04:14:00,2026-08-25,captured
pay_8SEDYM59,ORD_5125,1800.06,36.0,6.48,1757.58,setl_426,2026-08-23 17:46:00,2026-08-24,captured
pay_J4A0P6DM,ORD_5126,1767.13,35.34,6.36,1725.43,setl_426,2026-08-23 22:47:00,2026-08-24,captured
pay_ZJTCG7G2,ORD_5127,262.43,5.25,0.94,256.24,setl_426,2026-08-24 08:56:00,2026-08-25,captured
pay_2ZGM02CG,ORD_5128,1860.88,37.22,6.7,1816.96,setl_426,2026-08-23 22:52:00,2026-08-24,captured
pay_S7HISL5F,ORD_5129,3004.24,60.08,10.81,2933.35,setl_426,2026-08-24 07:33:00,2026-08-25,captured
pay_0PUNGRRG,ORD_5130,339.62,6.79,1.22,331.61,setl_426,2026-08-24 04:30:00,2026-08-25,captured
pay_08W13C53,ORD_5131,1864.71,37.29,6.71,1820.71,setl_426,2026-08-24 01:49:00,2026-08-25,captured
pay_GPCRNYGR,ORD_5132,340.42,6.81,1.23,332.38,setl_426,2026-08-24 00:31:00,2026-08-25,captured
pay_PDTAHG18,ORD_5133,322.06,6.44,1.16,314.46,setl_427,2026-08-23 18:52:00,2026-08-24,captured
pay_I36422ID,ORD_5134,1479.38,29.59,5.33,1444.46,setl_427,2026-08-23 20:58:00,2026-08-24,captured
pay_CVFTQGQQ,ORD_5135,2508.41,50.17,9.03,2449.21,setl_427,2026-08-23 18:32:00,2026-08-24,captured
pay_SAVA730W,ORD_5136,2979.26,59.59,10.73,2908.94,setl_427,2026-08-24 08:46:00,2026-08-25,captured
pay_TNN41WC6,ORD_5137,1820.8,36.42,6.56,1777.82,setl_427,2026-08-23 18:42:00,2026-08-24,captured
pay_WJTX3EUJ,ORD_5138,243.85,4.88,0.88,238.09,setl_427,2026-08-23 20:59:00,2026-08-24,captured
pay_ZX826ASF,ORD_5139,1169.52,23.39,4.21,1141.92,setl_427,2026-08-23 18:14:00,2026-08-24,captured
pay_PYOA0Y3M,ORD_5141,3481.51,82.16,14.79,3384.56,setl_427,2026-08-24 03:43:00,2026-08-25,captured
pay_EQPIGJS3,ORD_5142,1346.33,26.93,4.85,1314.55,setl_427,2026-08-24 00:37:00,2026-08-25,captured
pay_F9S5R2KU,ORD_5143,533.71,10.67,1.92,521.12,setl_428,2026-08-23 20:54:00,2026-08-24,captured
pay_YCKEWRW6,ORD_5144,1490.9,29.82,5.37,1455.71,setl_428,2026-08-23 19:54:00,2026-08-24,captured
pay_IAZP48AR,ORD_5145,908.93,18.18,3.27,887.48,setl_428,2026-08-24 23:58:00,2026-08-26,captured
pay_JO6QVCZ8,ORD_5146,2544.81,50.9,9.16,2484.75,setl_428,2026-08-23 22:22:00,2026-08-24,captured
pay_RGTUH08L,ORD_5147,1340.24,26.8,4.82,1308.62,setl_428,2026-08-23 17:54:00,2026-08-24,captured
pay_CZOV6HIJ,ORD_5148,1040.57,20.81,3.75,1016.01,setl_428,2026-08-24 00:14:00,2026-08-25,captured
pay_T2XR3RFB,ORD_5149,1184.07,23.68,4.26,1156.13,setl_428,2026-08-24 06:43:00,2026-08-25,captured
pay_400PO7MH,ORD_5150,1948.71,38.97,7.01,1902.73,setl_428,2026-08-24 01:13:00,2026-08-25,captured
pay_PVKNJ4AO,ORD_5151,1801.1,36.02,6.48,1758.6,setl_428,2026-08-23 23:21:00,2026-08-24,captured
pay_SOI58BDY,ORD_5152,1921.77,38.44,6.92,1876.41,setl_428,2026-08-24 03:15:00,2026-08-25,captured
pay_007BBMPX,ORD_5153,1266.49,25.33,4.56,1236.6,setl_428,2026-08-23 23:41:00,2026-08-24,captured
pay_OBTPU5I3,ORD_5154,1815.56,36.31,6.54,1772.71,setl_429,2026-08-24 06:43:00,2026-08-25,captured
pay_8B80C3BX,ORD_5155,296.61,5.93,1.07,230.29,setl_429,2026-08-24 06:40:00,2026-08-25,captured
pay_KQKNG9LO,ORD_5156,1184.42,23.69,4.26,1156.47,setl_429,2026-08-23 20:37:00,2026-08-24,captured
pay_IF62RUE6,ORD_5157,1191.24,23.82,4.29,1163.13,setl_429,2026-08-23 17:54:00,2026-08-24,captured
pay_3LAQVMXD,ORD_5158,3466.43,69.33,12.48,3384.62,setl_429,2026-08-23 19:16:00,2026-08-24,captured
pay_I6BJU68O,ORD_5159,1890.97,37.82,6.81,1846.34,setl_429,2026-08-24 03:26:00,2026-08-25,captured
pay_23LFLOH5,ORD_5160,2482.68,49.65,8.94,2424.09,setl_429,2026-08-23 23:20:00,2026-08-24,captured
pay_JDY3FKXN,ORD_5161,373.83,7.48,1.35,365.0,setl_429,2026-08-23 18:15:30,2026-08-24,captured
pay_0396W32V,ORD_5161,373.83,7.48,1.35,365.0,setl_429,2026-08-23 18:15:00,2026-08-24,captured
pay_R0DRXDNO,ORD_5162,459.86,9.2,1.66,449.0,setl_430,2026-08-24 04:09:00,2026-08-25,captured
pay_1IXH7ZCI,ORD_5163,1194.06,23.88,4.3,1165.88,setl_430,2026-08-23 18:43:00,2026-08-24,captured
pay_EY5K1OBW,ORD_5164,334.15,6.68,1.2,326.27,setl_430,2026-08-24 06:49:00,2026-08-25,captured
pay_VNDDD2N3,ORD_5165,1849.15,36.98,6.66,1805.51,setl_430,2026-08-23 21:25:00,2026-08-24,captured
pay_AJUJJ460,ORD_5166,2954.77,59.1,10.64,2885.03,setl_430,2026-08-24 05:25:00,2026-08-25,captured
pay_FKBCZEW5,ORD_5167,744.75,14.89,2.68,727.18,setl_430,2026-08-24 04:28:00,2026-08-25,captured
pay_ZJAFDEGV,ORD_5168,1484.73,29.69,5.34,1449.7,setl_430,2026-08-24 06:15:00,2026-08-25,captured
pay_YTMQSHDZ,ORD_5169,216.41,4.33,0.78,211.3,setl_430,2026-08-23 21:20:00,2026-08-24,captured
pay_RWOCQJR6,ORD_5170,269.79,5.4,0.97,263.42,setl_430,2026-08-24 07:17:00,2026-08-25,captured
pay_LLILWWML,ORD_5171,969.89,19.4,3.49,947.0,setl_430,2026-08-24 05:00:00,2026-08-25,captured
pay_R6I9SUOB,ORD_5172,173.81,3.48,0.63,169.7,setl_431,2026-08-24 02:20:00,2026-08-25,captured
pay_N3YUYUIR,ORD_5173,941.85,18.84,3.39,919.62,setl_431,2026-08-24 02:49:00,2026-08-25,captured
pay_MKJALZX8,ORD_5175,501.92,11.85,2.13,487.94,setl_431,2026-08-24 06:17:00,2026-08-25,captured
pay_R05VM4T6,ORD_5176,433.4,8.67,1.56,423.17,setl_431,2026-08-23 18:57:00,2026-08-24,captured
pay_9GNJRB6G,ORD_5177,958.78,19.18,3.45,936.15,setl_431,2026-08-24 00:20:00,2026-08-25,captured
pay_ITKFDBM1,ORD_5178,301.06,6.02,1.08,293.96,setl_431,2026-08-23 23:32:00,2026-08-24,captured
pay_OGLUAP56,ORD_5179,3011.81,60.24,10.84,2940.73,setl_431,2026-08-24 02:25:00,2026-08-25,captured
pay_NLQGZBMW,ORD_5180,209.34,4.19,0.75,204.4,setl_431,2026-08-24 05:56:00,2026-08-25,captured
pay_99HZYZTE,ORD_5181,1648.97,32.98,5.94,1610.05,setl_431,2026-08-23 23:10:00,2026-08-24,captured
pay_ABQR8V3D,ORD_5182,403.27,8.07,1.45,393.75,setl_432,2026-08-24 00:04:00,2026-08-24,captured
pay_57SS737P,ORD_5183,454.2,9.08,1.63,443.49,setl_432,2026-08-23 17:48:00,2026-08-24,captured
pay_R2VB4JMH,ORD_5184,1503.29,30.07,5.41,1467.81,setl_432,2026-08-23 19:44:00,2026-08-24,captured
pay_SKV34GNS,ORD_5185,1176.94,23.54,4.24,1149.16,setl_432,2026-08-24 01:32:00,2026-08-25,captured
pay_UFAH4BA6,ORD_5186,376.06,7.52,1.35,367.19,setl_432,2026-08-24 04:36:00,2026-08-25,captured
pay_RSLNMMWD,ORD_5187,286.96,5.74,1.03,280.19,setl_432,2026-08-24 05:04:00,2026-08-25,captured
pay_ELORZ3WZ,ORD_5188,492.56,9.85,1.77,480.94,setl_432,2026-08-24 23:59:00,2026-08-26,captured
pay_6WHLVJ8S,ORD_5189,499.13,9.98,1.8,487.35,setl_432,2026-08-23 22:45:00,2026-08-24,captured
pay_0DRVCNIG,ORD_5190,425.59,8.51,1.53,330.43,setl_432,2026-08-23 21:34:00,2026-08-24,captured
pay_8GLTCC13,ORD_5191,1583.41,31.67,5.7,1546.04,setl_432,2026-08-23 23:33:00,2026-08-24,captured
pay_2QNB89EY,ORD_5192,465.85,9.32,1.68,454.85,setl_433,2026-08-23 17:59:00,2026-08-24,captured
pay_ESSGR09R,ORD_5193,1303.4,26.07,4.69,1272.64,setl_433,2026-08-24 02:08:00,2026-08-25,captured
pay_9R04YHRP,ORD_5194,1547.15,30.94,5.57,1510.64,setl_433,2026-08-24 01:06:00,2026-08-25,captured
pay_NIT3QVDM,ORD_5195,2546.33,50.93,9.17,2486.23,setl_433,2026-08-23 19:42:00,2026-08-24,captured
pay_VSB4SZ46,ORD_5196,508.05,10.16,1.83,496.06,setl_433,2026-08-23 23:13:00,2026-08-24,captured
pay_QXJ67OHX,ORD_5197,1023.95,20.48,3.69,999.78,setl_433,2026-08-23 18:23:00,2026-08-24,captured
pay_UICC1EFC,ORD_5198,247.1,4.94,0.89,241.27,setl_433,2026-08-24 06:57:00,2026-08-25,captured
pay_CH20SNST,ORD_5199,1484.11,29.68,5.34,1449.09,setl_433,2026-08-24 04:39:00,2026-08-25,captured
pay_XLFLJYKQ,ORD_5200,1163.81,23.28,4.19,1136.34,setl_433,2026-08-23 20:06:00,2026-08-24,captured
pay_9X3KBRCD,ORD_5201,1495.96,29.92,5.39,1460.65,setl_434,2026-08-23 20:04:00,2026-08-24,captured
pay_8ZY915E7,ORD_5202,217.05,4.34,0.78,211.93,setl_434,2026-08-24 07:26:00,2026-08-25,captured
pay_4QNT8NUP,ORD_5203,349.51,6.99,1.26,341.26,setl_434,2026-08-24 03:47:00,2026-08-25,captured
pay_NF1P6RD7,ORD_5204,362.6,7.25,1.3,354.05,setl_434,2026-08-24 07:14:00,2026-08-25,captured
pay_8UZLN25D,ORD_5205,1830.56,36.61,6.59,1787.36,setl_434,2026-08-24 02:23:00,2026-08-25,captured
pay_0S3AXJF2,ORD_5206,325.81,6.52,1.17,318.12,setl_434,2026-08-23 17:36:00,2026-08-24,captured
pay_QTVLUCDU,ORD_5207,1488.79,29.78,5.36,1453.65,setl_434,2026-08-23 19:00:00,2026-08-24,captured
pay_M6Y7E4C5,ORD_5208,546.65,10.93,1.97,533.75,setl_434,2026-08-24 07:34:00,2026-08-25,captured
pay_3TL0TA89,ORD_5209,1253.91,25.08,4.51,1224.32,setl_434,2026-08-24 06:31:00,2026-08-25,captured
pay_3C58KZX7,ORD_5210,314.47,6.29,1.13,307.05,setl_434,2026-08-24 07:42:00,2026-08-25,captured
pay_TXCY1R4R,ORD_5211,2527.51,50.55,9.1,2467.86,setl_434,2026-08-24 03:06:00,2026-08-25,captured
pay_WOONXZNL,ORD_5212,2547.83,50.96,9.17,2487.7,setl_435,2026-08-24 03:10:00,2026-08-25,captured
pay_UW2NWQ83,ORD_5213,268.2,5.36,0.96,261.88,setl_435,2026-08-24 02:15:00,2026-08-25,captured
pay_9MWGJWCH,ORD_5214,995.4,19.91,3.58,971.91,setl_435,2026-08-23 20:32:00,2026-08-24,captured
pay_EKQ8BAOZ,ORD_5215,3510.42,70.21,12.64,3427.57,setl_435,2026-08-23 18:17:00,2026-08-24,captured
pay_2U9MPG40,ORD_5216,1563.42,31.27,5.63,1526.52,setl_435,2026-08-23 22:12:00,2026-08-24,captured
pay_22BONJUA,ORD_5217,968.93,19.38,3.49,946.06,setl_435,2026-08-24 07:12:00,2026-08-25,captured
pay_XRJ93681,ORD_5218,1270.39,25.41,4.57,1240.41,setl_435,2026-08-24 00:32:00,2026-08-25,captured
pay_S47B7YRV,ORD_5219,349.4,6.99,1.26,341.15,setl_435,2026-08-23 21:39:00,2026-08-24,captured
pay_7P88QW2B,ORD_5220,721.01,14.42,2.6,703.99,setl_435,2026-08-23 20:03:00,2026-08-24,captured
pay_P72AU5R5,ORD_5221,663.62,13.27,2.39,647.96,setl_435,2026-08-23 22:18:00,2026-08-24,captured
pay_IB8WHFAH,ORD_5222,1838.34,36.77,6.62,1794.95,setl_436,2026-08-23 22:20:00,2026-08-24,captured
pay_G03XJR2S,ORD_5223,1314.31,26.29,4.73,1283.29,setl_436,2026-08-23 18:07:30,2026-08-24,captured
pay_D547C1G6,ORD_5223,1314.31,26.29,4.73,1283.29,setl_436,2026-08-23 18:07:00,2026-08-24,captured
pay_70LA5T7W,ORD_5224,231.29,4.63,0.83,225.83,setl_436,2026-08-23 23:57:00,2026-08-24,captured
pay_VRSY2OPT,ORD_5225,3529.93,70.6,12.71,3446.62,setl_436,2026-08-24 04:36:00,2026-08-25,captured
pay_3AO8DZ4Z,ORD_5226,1768.0,35.36,6.36,1726.28,setl_436,2026-08-24 05:18:00,2026-08-25,captured
pay_8O26JACY,ORD_5227,162.87,3.26,0.59,159.02,setl_436,2026-08-24 02:59:00,2026-08-25,captured
pay_DYBO0A7O,ORD_5228,1829.05,36.58,6.58,1785.89,setl_436,2026-08-23 20:58:00,2026-08-24,captured
pay_Q0FNCL27,ORD_5229,1622.38,32.45,5.84,1584.09,setl_436,2026-08-24 05:38:00,2026-08-25,captured
pay_AMPTOFUO,ORD_5230,224.69,4.49,0.81,219.39,setl_436,2026-08-24 04:50:00,2026-08-25,captured
pay_2YC5UB6L,ORD_5231,1266.29,25.33,4.56,1236.4,setl_437,2026-08-24 08:00:00,2026-08-25,captured
pay_0RUCPRKF,ORD_5232,250.73,5.01,0.9,244.82,setl_437,2026-08-24 03:02:00,2026-08-25,captured
pay_QUCIPNLE,ORD_5233,213.46,4.27,0.77,208.42,setl_437,2026-08-23 20:18:00,2026-08-24,captured
pay_KQ4HJKCY,ORD_5234,498.46,9.97,1.79,486.7,setl_437,2026-08-24 00:59:00,2026-08-25,captured
pay_21P5BB46,ORD_5235,1862.37,37.25,6.71,1818.41,setl_437,2026-08-24 03:48:00,2026-08-25,captured
pay_W26ZNL6H,ORD_5236,1031.24,20.62,3.71,1006.91,setl_437,2026-08-23 20:19:00,2026-08-24,captured
pay_NI7RWWRJ,ORD_5237,1530.38,30.61,5.51,1494.26,setl_437,2026-08-23 19:09:00,2026-08-24,captured
pay_NPN728ZH,ORD_5238,388.46,7.77,1.4,379.29,setl_437,2026-08-24 04:29:00,2026-08-25,captured
pay_HKFD9JMZ,ORD_5239,888.3,17.77,3.2,867.33,setl_437,2026-08-24 01:59:00,2026-08-25,captured
pay_G7BB4DWU,ORD_5241,408.51,8.17,1.47,398.87,setl_437,2026-08-24 02:41:00,2026-08-25,captured
pay_LXTIOHQ1,ORD_5242,956.55,19.13,3.44,933.98,setl_437,2026-08-24 05:38:00,2026-08-25,captured
pay_DTRB6LX8,ORD_5243,344.88,6.9,1.24,336.74,setl_438,2026-08-23 23:51:00,2026-08-24,captured
pay_9B0VK8F3,ORD_5244,289.29,5.79,1.04,282.46,setl_438,2026-08-23 20:17:00,2026-08-24,captured
pay_F14M6MW6,ORD_5245,357.57,7.15,1.29,349.13,setl_438,2026-08-23 23:51:00,2026-08-24,captured
pay_EOL2NBTD,ORD_5246,1926.53,38.53,6.94,1881.06,setl_438,2026-08-23 19:42:00,2026-08-24,captured
pay_FMTO5J3Z,ORD_5247,469.46,9.39,1.69,458.38,setl_438,2026-08-23 18:44:00,2026-08-24,captured
pay_L4T5D8K9,ORD_5248,1306.95,26.14,4.71,1276.1,setl_438,2026-08-24 06:22:00,2026-08-25,captured
pay_IAEH35M5,ORD_5249,1344.03,26.88,4.84,1312.31,setl_438,2026-08-23 20:11:00,2026-08-24,captured
pay_IHDE23C0,ORD_5250,361.71,7.23,1.3,353.18,setl_438,2026-08-24 06:03:00,2026-08-25,captured
pay_EV8729CI,ORD_5251,168.79,3.38,0.61,164.8,setl_438,2026-08-24 05:28:00,2026-08-25,captured
pay_PEEM9JUJ,ORD_5252,200.45,4.01,0.72,195.72,setl_438,2026-08-23 17:07:00,2026-08-24,captured
pay_BKDHYNHY,ORD_5253,970.99,19.42,3.5,948.07,setl_438,2026-08-24 06:59:00,2026-08-25,captured
pay_BAXNTMLS,ORD_5254,1476.53,29.53,5.32,1441.68,setl_439,2026-08-24 04:12:00,2026-08-25,captured
pay_H9MSV7A3,ORD_5255,2491.58,49.83,8.97,2432.78,setl_439,2026-08-24 05:07:00,2026-08-25,captured
pay_L9IPPD71,ORD_5256,1455.18,29.1,5.24,1420.84,setl_439,2026-08-24 01:48:00,2026-08-25,captured
pay_UMRECDHZ,ORD_5257,1817.98,36.36,6.54,1775.08,setl_439,2026-08-24 00:18:00,2026-08-25,captured
pay_9S0F25EM,ORD_5258,438.56,8.77,1.58,428.21,setl_439,2026-08-24 01:14:00,2026-08-25,captured
pay_BTQKQAKC,ORD_5259,1023.32,20.47,3.68,999.17,setl_439,2026-08-24 05:03:00,2026-08-25,captured
pay_7ILBTL1I,ORD_5260,348.96,8.24,1.48,339.24,setl_439,2026-08-23 21:20:00,2026-08-24,captured
pay_HZIDEK70,ORD_5261,1487.94,29.76,5.36,1452.82,setl_439,2026-08-23 21:59:00,2026-08-24,captured
pay_4XX4TS3M,ORD_5262,234.49,4.69,0.84,228.96,setl_439,2026-08-24 04:27:00,2026-08-25,captured
pay_EWVOL6S9,ORD_5263,1308.74,26.17,4.71,1277.86,setl_440,2026-08-24 03:04:00,2026-08-25,captured
pay_8E0J3IKY,ORD_5264,698.55,13.97,2.51,682.07,setl_440,2026-08-24 04:39:00,2026-08-25,captured
pay_B12QZU8D,ORD_5265,1806.84,36.14,6.51,1764.19,setl_440,2026-08-24 02:58:00,2026-08-25,captured
pay_4EXJJ089,ORD_5266,410.03,8.2,1.48,400.35,setl_440,2026-08-23 21:27:00,2026-08-24,captured
pay_5VNFWYRL,ORD_5267,475.46,9.51,1.71,464.24,setl_440,2026-08-23 19:16:00,2026-08-24,captured
pay_ES2QKBF5,ORD_5268,741.97,14.84,2.67,724.46,setl_440,2026-08-24 00:28:00,2026-08-25,captured
pay_A799S297,ORD_5269,1785.28,35.71,6.43,1743.14,setl_440,2026-08-23 22:09:00,2026-08-24,captured
pay_ZNJNSQI1,ORD_5270,1515.07,30.3,5.45,1479.32,setl_440,2026-08-24 06:42:00,2026-08-25,captured
pay_FGFP2GW2,ORD_5271,1528.01,30.56,5.5,1491.95,setl_440,2026-08-24 03:52:00,2026-08-25,captured
pay_E4L0S674,ORD_5272,1005.03,20.1,3.62,981.31,setl_440,2026-08-24 03:56:00,2026-08-25,captured
pay_IN5IBW0F,ORD_5273,867.58,17.35,3.12,847.11,setl_440,2026-08-24 05:30:00,2026-08-25,captured
pay_8M32GVN3,ORD_5274,511.64,10.23,1.84,499.57,setl_441,2026-08-23 19:41:00,2026-08-24,captured
pay_JUNR3BXH,ORD_5275,1561.63,31.23,5.62,1524.78,setl_441,2026-08-24 06:44:00,2026-08-25,captured
pay_EWQEQ7J8,ORD_5276,1244.58,24.89,4.48,1215.21,setl_441,2026-08-24 06:43:00,2026-08-25,captured
pay_LGSQ0QQ5,ORD_5277,1245.73,24.91,4.48,1216.34,setl_441,2026-08-24 06:26:00,2026-08-25,captured
pay_57U2Q4NR,ORD_5278,473.59,9.47,1.7,462.42,setl_441,2026-08-23 19:03:00,2026-08-24,captured
pay_A8ARP89B,ORD_5279,1875.92,37.52,6.75,1831.65,setl_441,2026-08-24 07:19:00,2026-08-25,captured
pay_8DL4WG5W,ORD_5280,1513.01,30.26,5.45,1477.3,setl_441,2026-08-24 03:17:00,2026-08-25,captured
pay_NCIBSXIM,ORD_5281,705.01,14.1,2.54,688.37,setl_441,2026-08-23 22:04:00,2026-08-24,captured
pay_ME59HL13,ORD_5282,1525.84,30.52,5.49,1489.83,setl_442,2026-08-24 03:41:00,2026-08-25,captured
pay_R8N3A55N,ORD_5283,1891.26,37.83,6.81,1846.62,setl_442,2026-08-24 23:58:00,2026-08-26,captured
pay_KMDITJ30,ORD_5284,1554.3,31.09,5.6,1517.61,setl_442,2026-08-23 18:49:00,2026-08-24,captured
pay_6953LDGF,ORD_5285,203.07,4.06,0.73,198.28,setl_442,2026-08-23 17:19:00,2026-08-24,captured
pay_KZC7C53D,ORD_5286,1559.91,31.2,5.62,1523.09,setl_442,2026-08-24 04:12:00,2026-08-25,captured
pay_LWQT408O,ORD_5287,3505.63,70.11,12.62,3422.9,setl_442,2026-08-24 04:36:00,2026-08-25,captured
pay_J1S4P845,ORD_5288,3481.39,69.63,12.53,3399.23,setl_442,2026-08-24 07:03:00,2026-08-25,captured
pay_D8I05391,ORD_5289,998.16,19.96,3.59,974.61,setl_442,2026-08-24 06:26:00,2026-08-25,captured
pay_LQ3JVZ0G,ORD_5290,260.68,5.21,0.94,254.53,setl_442,2026-08-24 07:46:00,2026-08-25,captured
pay_X37B97UA,ORD_5291,2997.03,59.94,10.79,2926.3,setl_443,2026-08-23 20:59:00,2026-08-24,captured
pay_9BC6TVDX,ORD_5292,1499.77,30.0,5.4,1464.37,setl_443,2026-08-24 06:58:00,2026-08-25,captured
pay_QSXJ2J4I,ORD_5293,1301.8,26.04,4.69,1271.07,setl_443,2026-08-23 20:05:00,2026-08-24,captured
pay_U2C5AJ0Y,ORD_5294,989.59,19.79,3.56,966.24,setl_443,2026-08-23 19:53:00,2026-08-24,captured
pay_MD2G5AAT,ORD_5295,434.36,8.69,1.56,424.11,setl_443,2026-08-23 21:08:00,2026-08-24,captured
pay_K2LQQFSL,ORD_5296,3523.87,70.48,12.69,3440.7,setl_443,2026-08-24 08:45:00,2026-08-25,captured
pay_UMTCB7HQ,ORD_5297,1945.46,38.91,7.0,1899.55,setl_443,2026-08-23 23:08:00,2026-08-24,captured
pay_8QDAG4YG,ORD_5298,1916.53,38.33,6.9,1871.3,setl_443,2026-08-23 18:19:00,2026-08-24,captured
pay_7LZMCKJX,ORD_5299,384.8,7.7,1.39,375.71,setl_443,2026-08-24 00:16:00,2026-08-25,captured
pay_V137S9D8,ORD_5300,291.28,5.83,1.05,284.4,setl_443,2026-08-24 08:10:00,2026-08-25,captured
pay_41BX176T,ORD_5301,924.66,18.49,3.33,902.84,setl_444,2026-08-23 18:32:00,2026-08-24,captured
pay_6OZOZENJ,ORD_5302,2974.18,59.48,10.71,2903.99,setl_444,2026-08-24 00:48:00,2026-08-25,captured
pay_WH1RETME,ORD_5303,402.01,8.04,1.45,392.52,setl_444,2026-08-23 17:16:00,2026-08-24,captured
pay_N6S1GIGU,ORD_5304,889.31,17.79,3.2,868.32,setl_444,2026-08-24 06:16:00,2026-08-25,captured
pay_K3WW8OSU,ORD_5305,216.01,4.32,0.78,210.91,setl_444,2026-08-24 03:50:00,2026-08-25,captured
pay_C30GBKER,ORD_5306,1509.84,30.2,5.44,1474.2,setl_444,2026-08-23 21:09:00,2026-08-24,captured
pay_50KOJ4L1,ORD_5307,378.96,7.58,1.36,370.02,setl_444,2026-08-24 04:29:00,2026-08-25,captured
pay_1KDBCHVJ,ORD_5308,889.47,17.79,3.2,868.48,setl_444,2026-08-23 19:31:00,2026-08-24,captured
pay_P5ONYSYT,ORD_5309,278.78,5.58,1.0,272.2,setl_444,2026-08-23 21:48:00,2026-08-24,captured
pay_XDRSSA3J,ORD_5310,1608.35,32.17,5.79,1570.39,setl_444,2026-08-23 21:51:00,2026-08-24,captured
pay_FNV177IW,ORD_5311,1281.95,25.64,4.62,1251.69,setl_445,2026-08-24 07:59:00,2026-08-25,captured
pay_BNT1UZYM,ORD_5312,1646.38,32.93,5.93,1607.52,setl_445,2026-08-24 03:46:00,2026-08-25,captured
pay_PZ8LORSQ,ORD_5313,1327.77,26.56,4.78,1296.43,setl_445,2026-08-23 22:09:00,2026-08-24,captured
pay_91JXLJCH,ORD_5314,1599.51,31.99,5.76,1561.76,setl_445,2026-08-24 08:09:00,2026-08-25,captured
pay_TDABY855,ORD_5315,3458.16,69.16,12.45,3376.55,setl_445,2026-08-24 06:16:00,2026-08-25,captured
pay_5IM2CTYF,ORD_5316,455.71,9.11,1.64,444.96,setl_445,2026-08-24 03:20:00,2026-08-25,captured
pay_4B86ZU04,ORD_5317,477.08,9.54,1.72,465.82,setl_445,2026-08-24 05:06:00,2026-08-25,captured
pay_PGPNEMYT,ORD_5318,1501.92,30.04,5.41,1466.47,setl_445,2026-08-23 21:41:00,2026-08-24,captured
pay_KZNCMK1X,ORD_5319,1304.91,26.1,4.7,1274.11,setl_445,2026-08-24 00:56:00,2026-08-25,captured
pay_C3FF22W2,ORD_5320,945.41,18.91,3.4,923.1,setl_445,2026-08-23 19:11:00,2026-08-24,captured
pay_BIF7SP2Y,ORD_5321,3494.47,69.89,12.58,3412.0,setl_446,2026-08-23 18:47:00,2026-08-24,captured
pay_XAVLER8M,ORD_5322,1195.8,23.92,4.31,1167.57,setl_446,2026-08-24 04:30:00,2026-08-25,captured
pay_YGIAV590,ORD_5323,468.3,9.37,1.69,363.58,setl_446,2026-08-24 01:40:00,2026-08-25,captured
pay_8WJES97J,ORD_5324,320.41,6.41,1.15,312.85,setl_446,2026-08-24 04:23:00,2026-08-25,captured
pay_TPDHGXAP,ORD_5325,472.64,9.45,1.7,461.49,setl_446,2026-08-24 04:59:00,2026-08-25,captured
pay_7Z5PZWS0,ORD_5326,856.79,17.14,3.09,836.56,setl_446,2026-08-24 00:33:00,2026-08-25,captured
pay_CEDV8TXB,ORD_5327,423.13,8.46,1.52,413.15,setl_446,2026-08-23 22:49:00,2026-08-24,captured
pay_XCSXCXU9,ORD_5328,1906.0,38.12,6.86,1861.02,setl_446,2026-08-23 23:07:00,2026-08-24,captured
pay_O70WTJHL,ORD_5329,465.17,9.3,1.67,454.2,setl_446,2026-08-23 21:40:00,2026-08-24,captured
pay_SUNT9QX3,ORD_5330,1566.92,31.34,5.64,1529.94,setl_446,2026-08-24 00:59:00,2026-08-25,captured
pay_GKJFHMU0,ORD_5331,2452.62,49.05,8.83,2394.74,setl_446,2026-08-24 08:37:00,2026-08-25,captured
pay_BFBRN927,ORD_5332,250.43,5.01,0.9,244.52,setl_447,2026-08-23 22:47:00,2026-08-24,captured
pay_NU133GY1,ORD_5333,3507.28,70.15,12.63,3424.5,setl_447,2026-08-23 19:23:00,2026-08-24,captured
pay_ZDBIJ458,ORD_5334,1488.16,29.76,5.36,1453.04,setl_447,2026-08-24 05:31:00,2026-08-25,captured
pay_6GJYCYCR,ORD_5335,1191.14,23.82,4.29,1163.03,setl_447,2026-08-23 23:43:30,2026-08-24,captured
pay_95N28KXO,ORD_5335,1191.14,23.82,4.29,1163.03,setl_447,2026-08-23 23:43:00,2026-08-24,captured
pay_BBEJAGX3,ORD_5336,292.43,5.85,1.05,285.53,setl_447,2026-08-24 04:31:00,2026-08-25,captured
pay_4G5V2NVK,ORD_5337,1890.78,37.82,6.81,1846.15,setl_447,2026-08-24 04:36:00,2026-08-25,captured
pay_3KXZO1TR,ORD_5338,1550.86,31.02,5.58,1514.26,setl_447,2026-08-24 01:39:00,2026-08-25,captured
pay_PHPZABSX,ORD_5339,723.8,14.48,2.61,706.71,setl_447,2026-08-24 05:35:00,2026-08-25,captured
pay_JP8HKAZQ,ORD_5340,2971.08,59.42,10.7,2900.96,setl_447,2026-08-23 18:33:00,2026-08-24,captured
pay_H37K5ID1,ORD_5341,332.72,6.65,1.2,324.87,setl_447,2026-08-23 20:46:00,2026-08-24,captured
pay_D9M0AF63,ORD_5342,1318.96,26.38,4.75,1287.83,setl_448,2026-08-24 06:46:00,2026-08-25,captured
pay_N6HDQ8SZ,ORD_5343,882.17,17.64,3.18,861.35,setl_448,2026-08-24 03:57:00,2026-08-25,captured
pay_8NKAZDP5,ORD_5344,1296.37,25.93,4.67,1265.77,setl_448,2026-08-24 02:28:00,2026-08-25,captured
pay_PZ0D63YE,ORD_5346,1527.05,30.54,5.5,1491.01,setl_448,2026-08-23 19:23:00,2026-08-24,captured
pay_1VS0UFOH,ORD_5347,1044.44,20.89,3.76,1019.79,setl_448,2026-08-23 20:51:00,2026-08-24,captured
pay_TYTW1LK8,ORD_5348,1475.31,29.51,5.31,1440.49,setl_448,2026-08-24 04:29:00,2026-08-25,captured
pay_GJYQ7EY3,ORD_5349,182.29,3.65,0.66,177.98,setl_448,2026-08-24 02:57:00,2026-08-25,captured
pay_PDFDM713,ORD_5350,493.22,9.86,1.77,481.59,setl_448,2026-08-24 00:16:00,2026-08-25,captured
pay_JD3M8TOH,ORD_5351,1207.91,28.51,5.13,1174.27,setl_448,2026-08-24 07:29:00,2026-08-25,captured
pay_ESQ17ZSB,ORD_5352,364.08,7.28,1.31,355.49,setl_448,2026-08-23 18:27:00,2026-08-24,captured
pay_SQZCUZ68,ORD_5353,163.99,3.28,0.59,160.12,setl_449,2026-08-24 08:42:00,2026-08-25,captured
pay_YHWB24RS,ORD_5354,1869.46,37.39,6.73,1825.34,setl_449,2026-08-23 22:36:00,2026-08-24,captured
pay_R6U98ZS5,ORD_5355,1897.69,37.95,6.83,1852.91,setl_449,2026-08-23 22:53:00,2026-08-24,captured
pay_0CMYZZJO,ORD_5356,389.38,7.79,1.4,380.19,setl_449,2026-08-24 01:05:00,2026-08-25,captured
pay_FX0AKN05,ORD_5357,291.62,5.83,1.05,284.74,setl_449,2026-08-23 23:48:00,2026-08-24,captured
pay_JKAE90I2,ORD_5358,2536.27,50.73,9.13,2476.41,setl_449,2026-08-24 04:39:00,2026-08-25,captured
pay_4KYXCE6Q,ORD_5359,735.56,14.71,2.65,718.2,setl_449,2026-08-24 02:57:00,2026-08-25,captured
pay_22O1LIYM,ORD_5360,259.75,5.2,0.94,253.61,setl_449,2026-08-24 02:53:00,2026-08-25,captured
pay_AE3LUT7L,ORD_5361,383.16,7.66,1.38,374.12,setl_449,2026-08-23 23:01:00,2026-08-24,captured
pay_IX9D20GT,ORD_5362,1840.45,36.81,6.63,1797.01,setl_450,2026-08-24 01:32:00,2026-08-25,captured
pay_J9UI8NNP,ORD_5363,2987.83,59.76,10.76,2917.31,setl_450,2026-08-23 17:43:00,2026-08-24,captured
pay_X2KYZEBN,ORD_5364,366.53,7.33,1.32,357.88,setl_450,2026-08-23 23:58:00,2026-08-25,captured
pay_EGJ35JD4,ORD_5365,500.18,10.0,1.8,488.38,setl_450,2026-08-24 08:06:00,2026-08-25,captured
pay_Y50UCAIH,ORD_5366,2462.65,49.25,8.87,2404.53,setl_450,2026-08-24 02:09:00,2026-08-25,captured
pay_L5SE9RLG,ORD_5367,870.73,17.41,3.13,850.19,setl_450,2026-08-23 22:04:00,2026-08-24,captured
pay_B1V4MY8A,ORD_5368,277.16,5.54,1.0,270.62,setl_450,2026-08-23 19:26:00,2026-08-24,captured
pay_DKXILEXX,ORD_5369,1299.24,25.98,4.68,1268.58,setl_450,2026-08-23 22:57:00,2026-08-24,captured
pay_IXVX41DJ,ORD_5370,1534.83,30.7,5.53,1498.6,setl_451,2026-08-23 19:35:00,2026-08-24,captured
pay_YD778Y6U,ORD_5371,930.39,18.61,3.35,908.43,setl_451,2026-08-24 07:04:00,2026-08-25,captured
pay_XBATWZG1,ORD_5372,489.64,9.79,1.76,478.09,setl_451,2026-08-24 04:26:00,2026-08-25,captured
pay_90E0WNO0,ORD_5373,1946.33,38.93,7.01,1900.39,setl_451,2026-08-24 07:11:00,2026-08-25,captured
pay_6F38W2ZD,ORD_5374,937.04,18.74,3.37,914.93,setl_451,2026-08-24 07:54:00,2026-08-25,captured
pay_I0LWQBYA,ORD_5375,1046.72,20.93,3.77,1022.02,setl_451,2026-08-23 21:22:00,2026-08-24,captured
pay_3U73Z8EZ,ORD_5376,1635.66,32.71,5.89,1397.06,setl_451,2026-08-24 08:39:00,2026-08-25,captured
pay_1PO9XLCL,ORD_5377,977.89,19.56,3.52,954.81,setl_451,2026-08-23 17:13:00,2026-08-24,captured
pay_WAALXVGP,ORD_5378,265.6,5.31,0.96,259.33,setl_451,2026-08-24 01:34:00,2026-08-25,captured
pay_K1Y4FEOS,ORD_5379,239.03,4.78,0.86,233.39,setl_452,2026-08-24 03:46:00,2026-08-25,captured
pay_KHWEVSXH,ORD_5380,1171.28,23.43,4.22,1143.63,setl_452,2026-08-24 00:17:00,2026-08-25,captured
pay_BNJWAGJM,ORD_5381,1839.96,36.8,6.62,1796.54,setl_452,2026-08-24 03:46:00,2026-08-25,captured
pay_30Z117J5,ORD_5382,1584.65,31.69,5.7,1547.26,setl_452,2026-08-24 04:10:00,2026-08-25,captured
pay_KN7D1H43,ORD_5383,1922.2,38.44,6.92,1876.84,setl_452,2026-08-23 17:40:00,2026-08-24,captured
pay_6GSFWMSQ,ORD_5384,241.91,4.84,0.87,236.2,setl_452,2026-08-24 03:00:00,2026-08-25,captured
pay_AK43MU2K,ORD_5385,292.83,5.86,1.05,285.92,setl_452,2026-08-24 06:49:00,2026-08-25,captured
pay_HTGYC99Z,ORD_5386,3514.23,70.28,12.65,3431.3,setl_452,2026-08-24 02:08:00,2026-08-25,captured
pay_V5NIDD9N,ORD_5387,1783.77,35.68,6.42,1741.67,setl_452,2026-08-23 20:12:00,2026-08-24,captured
pay_A7KYGL4B,ORD_5388,421.28,8.43,1.52,411.33,setl_452,2026-08-24 06:57:00,2026-08-25,captured
pay_41ZU4JO0,ORD_5389,481.2,9.62,1.73,469.85,setl_453,2026-08-24 07:45:00,2026-08-25,captured
pay_NF15JDO3,ORD_5390,383.02,7.66,1.38,373.98,setl_453,2026-08-23 23:51:00,2026-08-24,captured
pay_OAHNMOQD,ORD_5391,990.62,19.81,3.57,967.24,setl_453,2026-08-24 04:01:00,2026-08-25,captured
pay_W8KVOFLH,ORD_5392,1931.36,38.63,6.95,1885.78,setl_453,2026-08-24 05:40:00,2026-08-25,captured
pay_GS9VKQKR,ORD_5393,1799.32,35.99,6.48,1756.85,setl_453,2026-08-23 19:26:00,2026-08-24,captured
pay_887R1BH0,ORD_5394,1218.95,24.38,4.39,1190.18,setl_453,2026-08-23 18:08:30,2026-08-24,captured
pay_MH742DY3,ORD_5394,1218.95,24.38,4.39,1190.18,setl_453,2026-08-23 18:08:00,2026-08-24,captured
pay_D4NT4N8Y,ORD_5395,210.1,4.2,0.76,205.14,setl_453,2026-08-23 18:44:00,2026-08-24,captured
pay_HN5X5E2O,ORD_5396,739.17,14.78,2.66,721.73,setl_453,2026-08-24 06:52:00,2026-08-25,captured
pay_IN89PIVN,ORD_5397,1258.85,25.18,4.53,1229.14,setl_453,2026-08-23 21:09:00,2026-08-24,captured
pay_7XOZO7QP,ORD_5398,1339.32,26.79,4.82,1307.71,setl_454,2026-08-24 08:50:00,2026-08-25,captured
pay_J6Z3MQJJ,ORD_5400,1764.78,35.3,6.35,1723.13,setl_454,2026-08-23 21:54:00,2026-08-24,captured
pay_KSCU6MXS,ORD_5401,692.05,13.84,2.49,675.72,setl_454,2026-08-23 22:28:00,2026-08-24,captured
pay_HIEOPRM3,ORD_5402,3473.43,69.47,12.5,3391.46,setl_454,2026-08-23 17:32:00,2026-08-24,captured
pay_CUYLW8N0,ORD_5403,3527.11,70.54,12.7,3443.87,setl_454,2026-08-23 23:38:00,2026-08-24,captured
pay_PMNTXBJ3,ORD_5404,1453.29,29.07,5.23,1418.99,setl_454,2026-08-23 17:39:00,2026-08-24,captured
pay_HAHKMUPW,ORD_5405,942.18,22.24,4.0,915.94,setl_454,2026-08-24 05:26:00,2026-08-25,captured
pay_69YSZMZJ,ORD_5406,227.51,4.55,0.82,222.14,setl_454,2026-08-23 17:24:00,2026-08-24,captured
pay_CHV1QYMK,ORD_5407,1779.01,35.58,6.4,1737.03,setl_455,2026-08-24 00:36:00,2026-08-25,captured
pay_6HCE0LO1,ORD_5408,232.67,4.65,0.84,227.18,setl_455,2026-08-23 17:25:00,2026-08-24,captured
pay_PPBDSDHP,ORD_5409,713.01,14.26,2.57,696.18,setl_455,2026-08-24 02:27:00,2026-08-25,captured
pay_1H54OWO1,ORD_5410,1571.86,31.44,5.66,1534.76,setl_455,2026-08-24 07:17:00,2026-08-25,captured
pay_Y4IH9PVH,ORD_5411,652.96,13.06,2.35,637.55,setl_455,2026-08-23 23:59:00,2026-08-25,captured
pay_I8D2A9RW,ORD_5412,417.42,8.35,1.5,407.57,setl_455,2026-08-24 01:54:00,2026-08-25,captured
pay_GW12XQFJ,ORD_5413,1212.99,24.26,4.37,1184.36,setl_455,2026-08-23 17:29:00,2026-08-24,captured
pay_YBOVCB1Y,ORD_5414,228.84,4.58,0.82,223.44,setl_455,2026-08-24 00:58:00,2026-08-25,captured
pay_I69VINXR,ORD_5415,3003.91,60.08,10.81,2933.02,setl_455,2026-08-24 07:22:00,2026-08-25,captured
pay_HOO8AZCI,ORD_5416,1619.1,32.38,5.83,1380.89,setl_456,2026-08-24 05:00:00,2026-08-25,captured
pay_RPKI9TO9,ORD_5417,355.95,7.12,1.28,347.55,setl_456,2026-08-23 17:18:00,2026-08-24,captured
pay_OSV00JK7,ORD_5418,301.86,6.04,1.09,294.73,setl_456,2026-08-24 01:09:00,2026-08-25,captured
pay_0VCCLINT,ORD_5419,911.85,18.24,3.28,890.33,setl_456,2026-08-24 06:38:30,2026-08-25,captured
pay_TI909N78,ORD_5419,911.85,18.24,3.28,890.33,setl_456,2026-08-24 06:38:00,2026-08-25,captured
pay_0HA682KP,ORD_5420,452.1,9.04,1.63,441.43,setl_456,2026-08-23 23:04:00,2026-08-24,captured
pay_4NQK612J,ORD_5421,1199.76,24.0,4.32,1171.44,setl_456,2026-08-23 17:38:00,2026-08-24,captured
pay_GBJ4B1YQ,ORD_5422,1185.72,23.71,4.27,1157.74,setl_456,2026-08-24 08:43:00,2026-08-25,captured
pay_S336BZNZ,ORD_5423,273.49,5.47,0.98,267.04,setl_456,2026-08-24 00:01:00,2026-08-25,captured
pay_Q1PAB1JR,ORD_5424,1871.93,37.44,6.74,1827.75,setl_456,2026-08-24 04:53:00,2026-08-25,captured
pay_5V7WYH1X,ORD_5425,2472.97,49.46,8.9,2414.61,setl_456,2026-08-24 03:23:00,2026-08-25,captured
pay_2W7YRB21,ORD_5426,970.71,19.41,3.49,947.81,setl_457,2026-08-24 00:20:00,2026-08-25,captured
pay_2VNGJDTU,ORD_5427,3455.18,69.1,12.44,3373.64,setl_457,2026-08-24 02:19:00,2026-08-25,captured
pay_M5NS302C,ORD_5428,356.18,7.12,1.28,347.78,setl_457,2026-08-23 23:07:00,2026-08-24,captured
pay_81ZBOGE6,ORD_5430,209.37,4.19,0.75,204.43,setl_457,2026-08-24 07:51:00,2026-08-25,captured
pay_60WR0MIR,ORD_5431,1570.81,31.42,5.66,1533.73,setl_457,2026-08-23 22:52:00,2026-08-24,captured
pay_HFDWZJUC,ORD_5432,1588.11,31.76,5.72,1550.63,setl_457,2026-08-24 06:54:00,2026-08-25,captured
pay_YDYCVSYR,ORD_5433,1310.13,26.2,4.72,1279.21,setl_457,2026-08-24 03:00:00,2026-08-25,captured
pay_6RAVAFIV,ORD_5434,327.96,6.56,1.18,320.22,setl_457,2026-08-23 18:34:00,2026-08-24,captured
pay_2GJZ1780,ORD_5435,243.57,4.87,0.88,237.82,setl_458,2026-08-23 22:03:00,2026-08-24,captured
pay_44QCNEY9,ORD_5436,891.6,17.83,3.21,870.56,setl_458,2026-08-24 06:03:00,2026-08-25,captured
pay_WHB2F0Q1,ORD_5437,732.44,14.65,2.64,715.15,setl_458,2026-08-23 23:10:00,2026-08-24,captured
pay_UYK1ZJ4P,ORD_5438,1500.85,30.02,5.4,1465.43,setl_458,2026-08-23 19:38:00,2026-08-24,captured
pay_6TUKXNK4,ORD_5439,2537.69,50.75,9.13,2477.81,setl_458,2026-08-24 03:47:00,2026-08-25,captured
pay_K1W7GR7Y,ORD_5440,376.5,7.53,1.36,367.61,setl_458,2026-08-24 02:11:00,2026-08-25,captured
pay_SLMX13Y3,ORD_5441,680.58,13.61,2.45,664.52,setl_458,2026-08-24 06:31:00,2026-08-25,captured
pay_4SVKKUC8,ORD_5442,397.84,9.39,1.69,386.76,setl_458,2026-08-23 22:28:00,2026-08-24,captured
pay_UUEL9S3J,ORD_5443,2478.66,49.57,8.92,2420.17,setl_459,2026-08-24 00:27:00,2026-08-25,captured
pay_A8F5QBUN,ORD_5444,2531.7,50.63,9.11,2471.96,setl_459,2026-08-24 06:07:00,2026-08-25,captured
pay_W25MFKQ2,ORD_5445,1648.77,32.98,5.94,1609.85,setl_459,2026-08-23 21:58:00,2026-08-24,captured
pay_J757PR7P,ORD_5446,321.32,6.43,1.16,313.73,setl_459,2026-08-24 06:29:00,2026-08-25,captured
pay_R8IST091,ORD_5447,653.7,13.07,2.35,638.28,setl_459,2026-08-24 04:48:00,2026-08-25,captured
pay_R14Y8M7X,ORD_5448,3474.49,69.49,12.51,3392.49,setl_459,2026-08-24 07:06:00,2026-08-25,captured
pay_CU26SDT2,ORD_5449,917.81,18.36,3.3,896.15,setl_459,2026-08-24 08:58:00,2026-08-25,captured
pay_JSQURMO3,ORD_5450,1562.9,31.26,5.63,1526.01,setl_459,2026-08-23 23:34:00,2026-08-24,captured
pay_21BX6S2B,ORD_5451,849.96,17.0,3.06,829.9,setl_459,2026-08-23 23:58:00,2026-08-25,captured
pay_7K4VB2QK,ORD_5452,439.12,8.78,1.58,428.76,setl_460,2026-08-24 06:57:00,2026-08-25,captured
pay_EI06Q98O,ORD_5453,1328.61,26.57,4.78,1297.26,setl_460,2026-08-23 23:32:00,2026-08-24,captured
pay_OV6NBD9K,ORD_5454,1037.32,20.75,3.73,1012.84,setl_460,2026-08-23 22:41:00,2026-08-24,captured
pay_FVOESCAE,ORD_5455,270.54,5.41,0.97,264.16,setl_460,2026-08-24 06:15:00,2026-08-25,captured
pay_GMSYI60Q,ORD_5456,2503.32,50.07,9.01,2444.24,setl_460,2026-08-24 04:38:00,2026-08-25,captured
pay_6VREHU2F,ORD_5457,2539.13,50.78,9.14,2479.21,setl_460,2026-08-24 03:48:00,2026-08-25,captured
pay_Z4LDHTB7,ORD_5458,3500.88,70.02,12.6,3418.26,setl_460,2026-08-24 00:41:00,2026-08-25,captured
pay_MG97P4BR,ORD_5459,151.69,3.03,0.55,148.11,setl_460,2026-08-24 02:34:00,2026-08-25,captured
pay_AQD3QURM,ORD_5460,207.39,4.15,0.75,202.49,setl_460,2026-08-24 01:44:00,2026-08-25,captured
pay_1KRKRNQQ,ORD_5461,490.52,9.81,1.77,478.94,setl_461,2026-08-24 01:56:00,2026-08-25,captured
pay_FLUR8FF6,ORD_5462,483.9,9.68,1.74,472.48,setl_461,2026-08-24 04:16:00,2026-08-25,captured
pay_F5CDFM3N,ORD_5463,1478.01,29.56,5.32,1443.13,setl_461,2026-08-24 00:31:00,2026-08-25,captured
pay_MS2VAPJC,ORD_5464,2962.44,59.25,10.66,2892.53,setl_461,2026-08-23 17:37:00,2026-08-24,captured
pay_PIRVJCL6,ORD_5465,254.44,5.09,0.92,197.54,setl_461,2026-08-24 08:37:00,2026-08-25,captured
pay_1V9L29LD,ORD_5466,1160.17,23.2,4.18,1132.79,setl_461,2026-08-24 02:45:00,2026-08-25,captured
pay_P2F96CXB,ORD_5467,259.51,5.19,0.93,253.39,setl_461,2026-08-23 18:18:00,2026-08-24,captured
pay_F5Q9JUUL,ORD_5468,897.55,17.95,3.23,876.37,setl_461,2026-08-24 04:19:00,2026-08-25,captured
pay_N4L9CK0Y,ORD_5469,685.35,13.71,2.47,669.17,setl_461,2026-08-23 19:51:00,2026-08-24,captured
pay_8BQ44TO2,ORD_5470,2462.04,49.24,8.86,2403.94,setl_461,2026-08-24 00:28:30,2026-08-25,captured
pay_1YZ70RDY,ORD_5470,2462.04,49.24,8.86,2403.94,setl_461,2026-08-24 00:28:00,2026-08-25,captured
pay_M733OXN4,ORD_5471,3494.98,69.9,12.58,3412.5,setl_461,2026-08-23 23:07:00,2026-08-24,captured
pay_HFAKGPPG,ORD_5472,923.33,18.47,3.32,901.54,setl_462,2026-08-23 17:07:00,2026-08-24,captured
pay_0B4ZZGOZ,ORD_5473,1190.67,23.81,4.29,1162.57,setl_462,2026-08-24 02:46:00,2026-08-25,captured
pay_BCD6GPXS,ORD_5474,466.66,9.33,1.68,455.65,setl_462,2026-08-23 21:58:00,2026-08-24,captured
pay_TP9TEAYF,ORD_5475,666.46,13.33,2.4,650.73,setl_462,2026-08-23 22:26:00,2026-08-24,captured
pay_TDG67RS7,ORD_5476,291.56,5.83,1.05,284.68,setl_462,2026-08-23 19:41:00,2026-08-24,captured
pay_EW012O78,ORD_5477,3042.44,60.85,10.95,2970.64,setl_462,2026-08-23 21:11:00,2026-08-24,captured
pay_6BMBVUCW,ORD_5478,2956.74,59.13,10.64,2886.97,setl_462,2026-08-24 01:23:00,2026-08-25,captured
pay_CY445AZD,ORD_5479,881.16,17.62,3.17,860.37,setl_462,2026-08-24 04:41:00,2026-08-25,captured
pay_Q1L9GQBU,ORD_5480,304.96,6.1,1.1,297.76,setl_462,2026-08-23 20:15:00,2026-08-24,captured
pay_DVI68VBN,ORD_5481,1273.63,25.47,4.58,1243.58,setl_462,2026-08-24 07:44:00,2026-08-25,captured
pay_LOBMI8TI,ORD_5482,874.58,17.49,3.15,853.94,setl_463,2026-08-23 20:54:00,2026-08-24,captured
pay_80K5WWCG,ORD_5483,1530.65,30.61,5.51,1494.53,setl_463,2026-08-24 03:58:00,2026-08-25,captured
pay_A1346TMP,ORD_5484,443.13,8.86,1.59,432.68,setl_463,2026-08-24 02:33:00,2026-08-25,captured
pay_SCTMRQA4,ORD_5485,283.36,5.67,1.02,276.67,setl_463,2026-08-24 04:36:00,2026-08-25,captured
pay_C4ZDBG1I,ORD_5486,1291.62,25.83,4.65,1261.14,setl_463,2026-08-23 22:02:00,2026-08-24,captured
pay_OFSL3QAZ,ORD_5487,441.1,8.82,1.59,430.69,setl_463,2026-08-24 04:19:00,2026-08-25,captured
pay_LJQL0KSJ,ORD_5488,488.0,9.76,1.76,476.48,setl_463,2026-08-23 17:08:00,2026-08-24,captured
pay_VMVZD3T7,ORD_5490,1465.81,29.32,5.28,1431.21,setl_463,2026-08-23 22:28:00,2026-08-24,captured
pay_66U4WQQY,ORD_5491,290.41,5.81,1.05,283.55,setl_463,2026-08-24 02:08:00,2026-08-25,captured
pay_ACDI86YR,ORD_5492,385.95,7.72,1.39,376.84,setl_464,2026-08-24 06:11:00,2026-08-25,captured
pay_2XS4F4CC,ORD_5493,1529.08,30.58,5.5,1493.0,setl_464,2026-08-24 08:47:00,2026-08-25,captured
pay_VAOGLV1O,ORD_5494,1263.08,25.26,4.55,1233.27,setl_464,2026-08-24 02:04:00,2026-08-25,captured
pay_A2GNNFS1,ORD_5495,399.37,7.99,1.44,389.94,setl_464,2026-08-24 06:38:00,2026-08-25,captured
pay_XJEA93OY,ORD_5496,668.76,13.38,2.41,652.97,setl_464,2026-08-24 01:05:00,2026-08-25,captured
pay_W1B4LI41,ORD_5497,1293.78,25.88,4.66,1263.24,setl_464,2026-08-23 23:36:00,2026-08-24,captured
pay_AT0LGC28,ORD_5498,1865.02,37.3,6.71,1821.01,setl_464,2026-08-24 06:22:00,2026-08-25,captured
pay_MHRL06AJ,ORD_5499,282.88,5.66,1.02,276.2,setl_464,2026-08-24 05:02:00,2026-08-25,captured
pay_3CBZ2DLF,ORD_5500,1238.11,24.76,4.46,1208.89,setl_464,2026-08-24 06:36:00,2026-08-25,captured
pay_UZRYD1PV,ORD_5501,2997.38,59.95,10.79,2926.64,setl_465,2026-08-24 06:47:00,2026-08-25,captured
pay_QP7S2XUV,ORD_5502,285.74,5.71,1.03,279.0,setl_465,2026-08-24 06:59:00,2026-08-25,captured
pay_59U3SCI4,ORD_5503,360.94,7.22,1.3,352.42,setl_465,2026-08-23 20:08:00,2026-08-24,captured
pay_PD9M9D25,ORD_5504,1454.88,34.34,6.18,1414.36,setl_465,2026-08-23 23:48:00,2026-08-24,captured
pay_C8MBQTUV,ORD_5505,732.41,14.65,2.64,715.12,setl_465,2026-08-24 06:08:00,2026-08-25,captured
pay_8JXLJGSM,ORD_5506,3464.96,69.3,12.47,3383.19,setl_465,2026-08-24 01:08:00,2026-08-25,captured
pay_QR3NYLU4,ORD_5507,1908.44,38.17,6.87,1863.4,setl_465,2026-08-23 18:36:00,2026-08-24,captured
pay_A8H0O5IA,ORD_5508,1502.9,30.06,5.41,1467.43,setl_465,2026-08-23 23:11:00,2026-08-24,captured
pay_XEUQDVYL,ORD_5509,345.42,6.91,1.24,337.27,setl_466,2026-08-23 23:59:00,2026-08-25,captured
pay_HAW7ENCE,ORD_5510,1296.43,25.93,4.67,1265.83,setl_466,2026-08-24 05:03:00,2026-08-25,captured
pay_GQYOJP5P,ORD_5511,1259.62,25.19,4.53,1229.9,setl_466,2026-08-24 05:23:00,2026-08-25,captured
pay_DC3J7GKO,ORD_5512,1003.17,20.06,3.61,979.5,setl_466,2026-08-24 02:16:00,2026-08-25,captured
pay_T4P6CM36,ORD_5513,1831.34,36.63,6.59,1788.12,setl_466,2026-08-23 22:24:00,2026-08-24,captured
pay_9SIVZB2S,ORD_5514,916.85,18.34,3.3,895.21,setl_466,2026-08-23 19:20:00,2026-08-24,captured
pay_R81XHN3Z,ORD_5515,692.3,13.85,2.49,675.96,setl_466,2026-08-23 22:12:00,2026-08-24,captured
pay_KFUPRKG8,ORD_5516,1590.27,31.81,5.73,1552.73,setl_466,2026-08-24 02:57:00,2026-08-25,captured
pay_J1PJFQOJ,ORD_5517,660.43,13.21,2.38,644.84,setl_466,2026-08-24 03:57:00,2026-08-25,captured
pay_NV93JG8G,ORD_5518,3458.28,69.17,12.45,3376.66,setl_467,2026-08-23 20:32:00,2026-08-24,captured
pay_6LVXNL8Z,ORD_5519,443.01,8.86,1.59,432.56,setl_467,2026-08-24 01:32:00,2026-08-25,captured
pay_NBB2GFWV,ORD_5520,865.52,17.31,3.12,671.99,setl_467,2026-08-24 07:15:00,2026-08-25,captured
pay_UTUTZMUN,ORD_5521,468.35,9.37,1.69,457.29,setl_467,2026-08-23 23:13:00,2026-08-24,captured
pay_J3Y5E5S4,ORD_5522,243.14,4.86,0.87,237.41,setl_467,2026-08-24 02:34:00,2026-08-25,captured
pay_1VTJIC1O,ORD_5523,444.18,8.88,1.6,433.7,setl_467,2026-08-23 17:28:00,2026-08-24,captured
pay_NUECIBKK,ORD_5524,542.03,10.84,1.95,529.24,setl_467,2026-08-23 22:09:00,2026-08-24,captured
pay_R93C9CNA,ORD_5525,398.02,7.96,1.43,388.63,setl_467,2026-08-23 17:49:00,2026-08-24,captured
pay_FQRC2MG5,ORD_5526,1181.56,23.63,4.25,1153.68,setl_467,2026-08-23 20:19:00,2026-08-24,captured
pay_GEFIY0CT,ORD_5527,1541.64,30.83,5.55,1505.26,setl_467,2026-08-24 00:58:30,2026-08-25,captured
pay_R62BRIFF,ORD_5527,1541.64,30.83,5.55,1505.26,setl_467,2026-08-24 00:58:00,2026-08-25,captured
pay_8WHN8VJF,ORD_5528,365.72,7.31,1.32,357.09,setl_468,2026-08-24 08:25:00,2026-08-25,captured
pay_F5XH0FN1,ORD_5529,1834.78,36.7,6.61,1791.47,setl_468,2026-08-24 06:22:00,2026-08-25,captured
pay_DX77SKJ6,ORD_5530,1762.61,35.25,6.34,1721.02,setl_468,2026-08-24 07:25:00,2026-08-25,captured
pay_1ZU9F05F,ORD_5531,1151.53,23.03,4.15,1124.35,setl_468,2026-08-23 19:51:00,2026-08-24,captured
pay_RFSSF1HR,ORD_5532,1808.96,36.18,6.51,1766.27,setl_468,2026-08-24 04:56:00,2026-08-25,captured
pay_JMJ0LJL2,ORD_5534,1189.75,23.8,4.28,1161.67,setl_468,2026-08-24 04:54:00,2026-08-25,captured
pay_G2H2THYN,ORD_5535,741.14,14.82,2.67,723.65,setl_468,2026-08-23 21:32:00,2026-08-24,captured
pay_H6D6OHF7,ORD_5536,1198.26,23.97,4.31,1169.98,setl_468,2026-08-23 19:19:00,2026-08-24,captured
pay_4BR3RNXX,ORD_5537,1042.8,20.86,3.75,1018.19,setl_468,2026-08-24 05:31:00,2026-08-25,captured
pay_GW2MEMTE,ORD_5538,1227.93,28.98,5.22,1193.73,setl_469,2026-08-24 00:27:00,2026-08-25,captured
pay_P3E7WEB9,ORD_5539,1221.87,24.44,4.4,1193.03,setl_469,2026-08-23 19:59:00,2026-08-24,captured
pay_W1B2TW5U,ORD_5540,1245.38,24.91,4.48,1215.99,setl_469,2026-08-23 22:56:00,2026-08-24,captured
pay_WOK8OIVV,ORD_5541,1572.04,31.44,5.66,1534.94,setl_469,2026-08-24 08:06:00,2026-08-25,captured
pay_U8DAWSUH,ORD_5542,394.41,7.89,1.42,385.1,setl_469,2026-08-23 23:59:00,2026-08-25,captured
pay_NEZV40GY,ORD_5543,300.42,6.01,1.08,293.33,setl_469,2026-08-24 00:13:00,2026-08-25,captured
pay_442HIYO4,ORD_5544,3018.68,60.37,10.87,2747.44,setl_469,2026-08-24 00:47:00,2026-08-25,captured
pay_519M9N31,ORD_5545,1531.56,30.63,5.51,1495.42,setl_469,2026-08-24 05:27:00,2026-08-25,captured
pay_ON7RFVBA,ORD_5546,1628.7,32.57,5.86,1590.27,setl_469,2026-08-23 21:17:00,2026-08-24,captured
pay_03S4L7GU,ORD_5547,649.31,12.99,2.34,633.98,setl_469,2026-08-23 22:27:00,2026-08-24,captured
pay_8HSXVDFZ,ORD_5548,260.96,5.22,0.94,254.8,setl_470,2026-08-23 20:57:00,2026-08-24,captured
pay_EBDXWR04,ORD_5549,215.13,4.3,0.77,210.06,setl_470,2026-08-24 00:51:00,2026-08-25,captured
pay_B81AOB0R,ORD_5550,420.24,8.4,1.51,410.33,setl_470,2026-08-23 19:09:00,2026-08-24,captured
pay_ZUY84O6Y,ORD_5551,205.34,4.11,0.74,200.49,setl_470,2026-08-23 17:20:00,2026-08-24,captured
pay_C02ZKEHL,ORD_5552,946.17,18.92,3.41,923.84,setl_470,2026-08-24 02:23:00,2026-08-25,captured
pay_XMRNFIE1,ORD_5553,1796.28,35.93,6.47,1753.88,setl_470,2026-08-24 08:51:00,2026-08-25,captured
pay_SC728905,ORD_5554,3007.16,60.14,10.83,2936.19,setl_470,2026-08-24 02:55:00,2026-08-25,captured
pay_ZR03N07H,ORD_5555,1549.91,31.0,5.58,1513.33,setl_470,2026-08-24 05:09:00,2026-08-25,captured
pay_TTOVPB32,ORD_5556,333.07,6.66,1.2,325.21,setl_470,2026-08-24 03:33:00,2026-08-25,captured
pay_3TE9H9Y4,ORD_5557,3503.52,70.07,12.61,3420.84,setl_470,2026-08-23 21:39:00,2026-08-24,captured
pay_XIK1FKAJ,ORD_5558,2491.94,49.84,8.97,2433.13,setl_471,2026-08-24 01:57:00,2026-08-25,captured
pay_21QA1DWM,ORD_5559,268.23,5.36,0.96,261.91,setl_471,2026-08-24 04:28:00,2026-08-25,captured
pay_TIW375ZU,ORD_5560,1274.81,25.5,4.59,1244.72,setl_471,2026-08-23 22:08:00,2026-08-24,captured
pay_8A83O5TK,ORD_5561,892.53,17.85,3.21,871.47,setl_471,2026-08-24 01:28:00,2026-08-25,captured
pay_X9ZEK82N,ORD_5562,960.09,19.2,3.46,937.43,setl_471,2026-08-23 20:32:00,2026-08-24,captured
pay_KPFPV68G,ORD_5563,377.55,7.55,1.36,368.64,setl_471,2026-08-24 07:28:30,2026-08-25,captured
pay_8R7ZO9JZ,ORD_5563,377.55,7.55,1.36,368.64,setl_471,2026-08-24 07:28:00,2026-08-25,captured
pay_K3Y9BDRN,ORD_5564,370.39,7.41,1.33,361.65,setl_471,2026-08-24 07:26:00,2026-08-25,captured
pay_EJ5BK0I5,ORD_5565,1041.58,20.83,3.75,1017.0,setl_471,2026-08-23 19:19:00,2026-08-24,captured
pay_E2QT53BZ,ORD_5566,1514.54,30.29,5.45,1478.8,setl_471,2026-08-23 18:25:00,2026-08-24,captured
pay_Q40WEDMH,ORD_5567,352.85,7.06,1.27,344.52,setl_472,2026-08-23 23:07:00,2026-08-24,captured
pay_A24RUBHV,ORD_5568,2503.33,50.07,9.01,2444.25,setl_472,2026-08-24 03:26:00,2026-08-25,captured
pay_Q0J8FWYB,ORD_5569,176.57,3.53,0.64,172.4,setl_472,2026-08-23 18:31:00,2026-08-24,captured
pay_L564RJ2C,ORD_5570,305.28,6.11,1.1,298.07,setl_472,2026-08-23 19:12:00,2026-08-24,captured
pay_RCAUM6CW,ORD_5571,885.33,17.71,3.19,864.43,setl_472,2026-08-24 07:33:00,2026-08-25,captured
pay_SXG53888,ORD_5572,361.55,7.23,1.3,353.02,setl_472,2026-08-24 00:44:00,2026-08-25,captured
pay_ROE2WBII,ORD_5573,1553.67,31.07,5.59,1517.01,setl_472,2026-08-24 21:02:00,2026-08-25,captured
pay_4XPQVJNP,ORD_5574,1631.73,32.63,5.87,1593.23,setl_472,2026-08-25 00:09:00,2026-08-26,captured
pay_VK99JZCX,ORD_5575,332.52,6.65,1.2,324.67,setl_473,2026-08-25 00:48:00,2026-08-26,captured
pay_5OG7ML55,ORD_5576,1010.76,20.22,3.64,986.9,setl_473,2026-08-25 07:44:00,2026-08-26,captured
pay_S8BNIIAX,ORD_5577,1540.16,30.8,5.54,1503.82,setl_473,2026-08-25 04:41:00,2026-08-26,captured
pay_75IHL2TJ,ORD_5578,1540.08,30.8,5.54,1503.74,setl_473,2026-08-24 23:09:00,2026-08-25,captured
pay_JNSOVJ62,ORD_5579,366.79,7.34,1.32,358.13,setl_473,2026-08-25 05:19:00,2026-08-26,captured
pay_DOK1WYVU,ORD_5580,2490.01,49.8,8.96,2431.25,setl_473,2026-08-25 04:04:00,2026-08-26,captured
pay_9DM4OFWZ,ORD_5581,1546.81,30.94,5.57,1510.3,setl_473,2026-08-25 06:06:00,2026-08-26,captured
pay_R9RV3B2A,ORD_5582,290.29,5.81,1.05,283.43,setl_473,2026-08-25 07:07:00,2026-08-26,captured
pay_71P2QXYO,ORD_5583,1833.2,36.66,6.6,1789.94,setl_474,2026-08-25 07:43:00,2026-08-26,captured
pay_PEOUC4C2,ORD_5584,1489.35,29.79,5.36,1454.2,setl_474,2026-08-24 19:12:00,2026-08-25,captured
pay_23J737XR,ORD_5585,2521.49,50.43,9.08,2461.98,setl_474,2026-08-24 22:25:00,2026-08-25,captured
pay_8CJ1AJ0I,ORD_5586,1897.67,37.95,6.83,1852.89,setl_474,2026-08-24 20:17:00,2026-08-25,captured
pay_JDDGB9S7,ORD_5588,744.46,14.89,2.68,726.89,setl_474,2026-08-24 19:29:00,2026-08-25,captured
pay_N4ZDHYVP,ORD_5589,155.75,3.12,0.56,152.07,setl_474,2026-08-25 05:42:00,2026-08-26,captured
pay_77DVI8FF,ORD_5590,2455.9,49.12,8.84,2397.94,setl_474,2026-08-24 22:42:00,2026-08-25,captured
pay_4CN9R6YW,ORD_5591,361.16,7.22,1.3,352.64,setl_474,2026-08-25 03:01:00,2026-08-26,captured
pay_AXLIM2IZ,ORD_5592,286.13,5.72,1.03,279.38,setl_475,2026-08-25 00:07:00,2026-08-26,captured
pay_4XUTZ7JC,ORD_5593,233.69,4.67,0.84,228.18,setl_475,2026-08-24 20:01:00,2026-08-25,captured
pay_OKPAAG3D,ORD_5594,206.19,4.12,0.74,201.33,setl_475,2026-08-25 01:37:00,2026-08-26,captured
pay_0TFU3CEG,ORD_5595,1255.08,29.62,5.33,1220.13,setl_475,2026-08-25 06:45:00,2026-08-26,captured
pay_IGS3QNXZ,ORD_5596,457.78,9.16,1.65,446.97,setl_475,2026-08-24 19:03:00,2026-08-25,captured
pay_6MCMNNK6,ORD_5597,1264.03,25.28,4.55,1234.2,setl_475,2026-08-24 17:31:00,2026-08-25,captured
pay_Q2QIVUL5,ORD_5598,3028.8,60.58,10.9,2957.32,setl_475,2026-08-25 23:58:00,2026-08-27,captured
pay_DKZG5SUU,ORD_5599,1558.4,31.17,5.61,1321.62,setl_475,2026-08-25 06:42:00,2026-08-26,captured
pay_FUO5WOD3,ORD_5600,3042.49,60.85,10.95,2970.69,setl_475,2026-08-25 01:40:00,2026-08-26,captured
pay_DAUC4RP6,ORD_5601,902.55,18.05,3.25,881.25,setl_476,2026-08-24 18:48:00,2026-08-25,captured
pay_V9LFBJXT,ORD_5602,431.16,8.62,1.55,420.99,setl_476,2026-08-25 08:58:00,2026-08-26,captured
pay_FRMVZOGW,ORD_5603,1495.4,29.91,5.38,1460.11,setl_476,2026-08-25 00:45:00,2026-08-26,captured
pay_BVVG5S93,ORD_5604,864.64,17.29,3.11,844.24,setl_476,2026-08-25 04:05:00,2026-08-26,captured
pay_GLSQ5D6D,ORD_5605,1558.4,31.17,5.61,1521.62,setl_476,2026-08-24 19:07:00,2026-08-25,captured
pay_VV7IXLLJ,ORD_5606,270.79,5.42,0.98,264.39,setl_476,2026-08-25 00:36:00,2026-08-26,captured
pay_360BGPOQ,ORD_5607,3541.85,70.84,12.75,3458.26,setl_476,2026-08-25 06:26:00,2026-08-26,captured
pay_Z3Z72R5I,ORD_5608,1342.23,26.84,4.83,1310.56,setl_476,2026-08-24 19:22:00,2026-08-25,captured
pay_O648Q6C6,ORD_5609,2467.51,49.35,8.88,2409.28,setl_476,2026-08-25 02:47:00,2026-08-26,captured
pay_RQCS8GNE,ORD_5610,1635.62,32.71,5.89,1597.02,setl_477,2026-08-25 07:21:00,2026-08-26,captured
pay_JJC75TO7,ORD_5611,433.51,8.67,1.56,423.28,setl_477,2026-08-25 08:39:00,2026-08-26,captured
pay_ML15G35F,ORD_5612,241.56,4.83,0.87,235.86,setl_477,2026-08-25 07:53:00,2026-08-26,captured
pay_50KWD0LB,ORD_5613,267.83,5.36,0.96,261.51,setl_477,2026-08-24 19:10:00,2026-08-25,captured
pay_EXYVCUBP,ORD_5614,332.84,6.66,1.2,324.98,setl_477,2026-08-25 00:39:00,2026-08-26,captured
pay_HKNDAZ54,ORD_5615,261.39,5.23,0.94,255.22,setl_477,2026-08-24 23:04:00,2026-08-25,captured
pay_CO5IKQUQ,ORD_5616,517.3,10.35,1.86,505.09,setl_477,2026-08-25 02:40:00,2026-08-26,captured
pay_PHA6F70R,ORD_5617,309.81,6.2,1.12,302.49,setl_477,2026-08-25 01:51:00,2026-08-26,captured
pay_2ZC0X8OG,ORD_5618,1756.33,35.13,6.32,1714.88,setl_477,2026-08-24 21:35:00,2026-08-25,captured
pay_G9S0GD5N,ORD_5619,1179.1,23.58,4.24,1151.28,setl_477,2026-08-25 08:03:00,2026-08-26,captured
pay_O8K9EFT5,ORD_5620,1780.35,35.61,6.41,1738.33,setl_477,2026-08-25 08:20:00,2026-08-26,captured
pay_90WBKP48,ORD_5621,406.78,8.14,1.47,397.17,setl_478,2026-08-24 22:16:00,2026-08-25,captured
pay_3T5BZSWV,ORD_5622,746.48,14.93,2.69,728.86,setl_478,2026-08-25 08:11:00,2026-08-26,captured
pay_LZFQDM6R,ORD_5623,1341.86,26.84,4.83,1310.19,setl_478,2026-08-25 01:36:00,2026-08-26,captured
pay_GK24414G,ORD_5624,712.43,14.25,2.56,695.62,setl_478,2026-08-25 06:07:00,2026-08-26,captured
pay_7CDCAIPD,ORD_5625,2547.15,50.94,9.17,2487.04,setl_478,2026-08-25 07:41:00,2026-08-26,captured
pay_2VSNOR1C,ORD_5626,444.76,8.9,1.6,434.26,setl_478,2026-08-25 07:41:00,2026-08-26,captured
pay_BQ7969EC,ORD_5627,1789.7,35.79,6.44,1747.47,setl_478,2026-08-25 04:41:00,2026-08-26,captured
pay_VOFH2R38,ORD_5628,1530.16,30.6,5.51,1494.05,setl_478,2026-08-25 07:57:00,2026-08-26,captured
pay_S03SKLT7,ORD_5629,304.42,6.09,1.1,297.23,setl_478,2026-08-24 21:31:00,2026-08-25,captured
pay_SRIAJW44,ORD_5630,250.73,5.01,0.9,244.82,setl_479,2026-08-24 21:51:00,2026-08-25,captured
pay_0E88R29F,ORD_5631,1259.12,25.18,4.53,1229.41,setl_479,2026-08-25 04:38:30,2026-08-26,captured
pay_MSH9YCR0,ORD_5631,1259.12,25.18,4.53,1229.41,setl_479,2026-08-25 04:38:00,2026-08-26,captured
pay_LC0ZO9VC,ORD_5632,390.98,7.82,1.41,381.75,setl_479,2026-08-25 01:11:00,2026-08-26,captured
pay_XMV2Z9PW,ORD_5633,2520.18,50.4,9.07,2460.71,setl_479,2026-08-25 08:24:00,2026-08-26,captured
pay_9FX1PAJE,ORD_5634,1242.78,24.86,4.47,1213.45,setl_479,2026-08-25 06:51:00,2026-08-26,captured
pay_B7C00F0O,ORD_5635,364.86,7.3,1.31,356.25,setl_479,2026-08-25 01:18:00,2026-08-26,captured
pay_BLJ8IZOO,ORD_5636,1301.85,26.04,4.69,1271.12,setl_479,2026-08-25 02:37:00,2026-08-26,captured
pay_MH05AVCJ,ORD_5637,310.29,6.21,1.12,302.96,setl_479,2026-08-24 21:42:00,2026-08-25,captured
pay_W53NAHOH,ORD_5638,489.23,9.78,1.76,477.69,setl_479,2026-08-24 19:00:00,2026-08-25,captured
pay_M0WH8ZAF,ORD_5639,1566.16,31.32,5.64,1529.2,setl_480,2026-08-25 08:21:00,2026-08-26,captured
pay_NYHQM0JM,ORD_5640,288.79,5.78,1.04,281.97,setl_480,2026-08-24 22:19:00,2026-08-25,captured
pay_BLL0O7DS,ORD_5641,3028.74,60.57,10.9,2957.27,setl_480,2026-08-24 17:31:00,2026-08-25,captured
pay_WRJD1X4N,ORD_5642,1480.82,29.62,5.33,1445.87,setl_480,2026-08-25 02:47:00,2026-08-26,captured
pay_NI1GK2UL,ORD_5643,682.2,13.64,2.46,666.1,setl_480,2026-08-25 01:24:00,2026-08-26,captured
pay_KLVC7PBG,ORD_5644,3034.76,60.7,10.93,2963.13,setl_480,2026-08-24 23:28:00,2026-08-25,captured
pay_WPEIKZ06,ORD_5645,291.7,5.83,1.05,284.82,setl_480,2026-08-25 06:36:00,2026-08-26,captured
pay_ZO8XUDOF,ORD_5646,1533.91,30.68,5.52,1497.71,setl_480,2026-08-24 18:39:00,2026-08-25,captured
pay_6ZRRYJ72,ORD_5648,724.06,17.09,3.08,703.89,setl_481,2026-08-25 01:07:00,2026-08-26,captured
pay_BBB6F01Z,ORD_5649,455.47,9.11,1.64,444.72,setl_481,2026-08-24 19:19:00,2026-08-25,captured
pay_BHDCGZF2,ORD_5650,362.44,7.25,1.3,353.89,setl_481,2026-08-25 02:15:00,2026-08-26,captured
pay_ZKFPOGXP,ORD_5651,321.92,6.44,1.16,314.32,setl_481,2026-08-24 23:42:00,2026-08-25,captured
pay_AFT2C4ZW,ORD_5652,440.24,8.8,1.58,429.86,setl_481,2026-08-24 18:58:00,2026-08-25,captured
pay_5M5JF9YY,ORD_5653,1484.88,29.7,5.35,1449.83,setl_481,2026-08-25 05:57:00,2026-08-26,captured
pay_ESQKP7A8,ORD_5654,205.46,4.11,0.74,200.61,setl_481,2026-08-25 03:01:00,2026-08-26,captured
pay_AZD0SNK0,ORD_5655,519.78,10.4,1.87,507.51,setl_481,2026-08-25 03:13:00,2026-08-26,captured
pay_DEHKUOIP,ORD_5656,935.67,18.71,3.37,913.59,setl_481,2026-08-24 21:57:00,2026-08-25,captured
pay_M9U59WVL,ORD_5657,1809.83,36.2,6.52,1767.11,setl_482,2026-08-25 02:03:00,2026-08-26,captured
pay_MFZK852W,ORD_5658,1583.67,31.67,5.7,1546.3,setl_482,2026-08-25 08:03:00,2026-08-26,captured
pay_8GYUL20P,ORD_5659,3457.81,69.16,12.45,3376.2,setl_482,2026-08-25 06:07:00,2026-08-26,captured
pay_HJWUF29W,ORD_5660,408.31,8.17,1.47,398.67,setl_482,2026-08-24 17:58:00,2026-08-25,captured
pay_QYQDN6N9,ORD_5661,2526.86,50.54,9.1,2467.22,setl_482,2026-08-24 18:48:00,2026-08-25,captured
pay_4ZCKMSN3,ORD_5662,1917.38,38.35,6.9,1872.13,setl_482,2026-08-25 06:23:00,2026-08-26,captured
pay_MAHE441E,ORD_5663,1882.63,37.65,6.78,1838.2,setl_482,2026-08-24 23:58:00,2026-08-26,captured
pay_AQBI4FO7,ORD_5664,854.47,17.09,3.08,834.3,setl_482,2026-08-25 04:56:00,2026-08-26,captured
pay_PKCB9XCQ,ORD_5665,1523.56,30.47,5.48,1487.61,setl_482,2026-08-25 07:47:00,2026-08-26,captured
pay_K9ME4Q7J,ORD_5666,1910.41,38.21,6.88,1865.32,setl_483,2026-08-25 08:12:00,2026-08-26,captured
pay_X838B5IH,ORD_5667,1858.28,37.17,6.69,1614.42,setl_483,2026-08-24 18:05:00,2026-08-25,captured
pay_NPOUMU4Y,ORD_5668,1946.69,38.93,7.01,1900.75,setl_483,2026-08-25 08:22:00,2026-08-26,captured
pay_X6I9CCNM,ORD_5669,2488.9,49.78,8.96,2430.16,setl_483,2026-08-25 06:04:00,2026-08-26,captured
pay_HI8MC0UN,ORD_5670,913.99,18.28,3.29,892.42,setl_483,2026-08-24 18:30:00,2026-08-25,captured
pay_M19IWBUW,ORD_5671,2463.08,49.26,8.87,2404.95,setl_483,2026-08-24 22:31:00,2026-08-25,captured
pay_EMG7IZ28,ORD_5672,285.13,5.7,1.03,278.4,setl_483,2026-08-24 19:34:00,2026-08-25,captured
pay_05PURQ5W,ORD_5673,883.22,17.66,3.18,862.38,setl_483,2026-08-24 22:56:00,2026-08-25,captured
pay_T1S1HVDI,ORD_5674,872.26,17.45,3.14,851.67,setl_483,2026-08-25 00:45:00,2026-08-26,captured
pay_QZBO9EOS,ORD_5675,986.88,19.74,3.55,963.59,setl_483,2026-08-25 02:22:00,2026-08-26,captured
pay_19KEG7L4,ORD_5676,1492.47,29.85,5.37,1457.25,setl_484,2026-08-24 20:10:00,2026-08-25,captured
pay_JJFNFECW,ORD_5677,1162.8,23.26,4.19,1135.35,setl_484,2026-08-25 01:09:00,2026-08-26,captured
pay_NVYR49W5,ORD_5678,1279.26,25.59,4.61,1249.06,setl_484,2026-08-24 20:23:00,2026-08-25,captured
pay_06P34Z65,ORD_5679,401.08,8.02,1.44,391.62,setl_484,2026-08-24 22:53:00,2026-08-25,captured
pay_BQCND5X5,ORD_5680,1904.73,38.09,6.86,1859.78,setl_484,2026-08-25 06:38:00,2026-08-26,captured
pay_J9X9YEZP,ORD_5681,174.9,3.5,0.63,170.77,setl_484,2026-08-24 18:06:00,2026-08-25,captured
pay_2WMB8S6K,ORD_5682,1771.17,35.42,6.38,1729.37,setl_484,2026-08-24 22:22:00,2026-08-25,captured
pay_FL0RKGX1,ORD_5683,294.83,5.9,1.06,287.87,setl_484,2026-08-25 03:13:00,2026-08-26,captured
pay_EMKYEBMS,ORD_5684,427.79,8.56,1.54,417.69,setl_485,2026-08-25 00:51:00,2026-08-26,captured
pay_D6WU6HJQ,ORD_5685,983.98,19.68,3.54,960.76,setl_485,2026-08-25 03:41:00,2026-08-26,captured
pay_MZ13E54I,ORD_5686,273.5,5.47,0.98,267.05,setl_485,2026-08-25 04:55:00,2026-08-26,captured
pay_D4P662XQ,ORD_5687,3531.03,70.62,12.71,3447.7,setl_485,2026-08-24 19:59:00,2026-08-25,captured
pay_XFWVWI9F,ORD_5688,1043.56,20.87,3.76,1018.93,setl_485,2026-08-25 07:14:00,2026-08-26,captured
pay_K45TXTCA,ORD_5689,314.3,6.29,1.13,306.88,setl_485,2026-08-24 17:07:00,2026-08-25,captured
pay_5C7OL8C4,ORD_5690,2478.17,49.56,8.92,2419.69,setl_485,2026-08-25 01:00:00,2026-08-26,captured
pay_179N1UJY,ORD_5691,1244.16,24.88,4.48,1214.8,setl_485,2026-08-24 21:11:00,2026-08-25,captured
pay_KUNQHNVO,ORD_5692,1018.54,20.37,3.67,994.5,setl_485,2026-08-24 21:03:00,2026-08-25,captured
pay_EG7BWOF9,ORD_5693,3035.88,60.72,10.93,2964.23,setl_485,2026-08-24 22:31:00,2026-08-25,captured
pay_1ATBN6SE,ORD_5694,377.92,7.56,1.36,369.0,setl_486,2026-08-24 17:06:00,2026-08-25,captured
pay_ICSMQ37H,ORD_5695,316.93,6.34,1.14,309.45,setl_486,2026-08-25 03:42:00,2026-08-26,captured
pay_P6Y563P3,ORD_5696,972.29,19.45,3.5,949.34,setl_486,2026-08-25 08:48:00,2026-08-26,captured
pay_5ZUUJONB,ORD_5697,304.55,6.09,1.1,297.36,setl_486,2026-08-24 23:30:00,2026-08-25,captured
pay_XJ6077HB,ORD_5698,448.14,8.96,1.61,437.57,setl_486,2026-08-24 21:13:00,2026-08-25,captured
pay_LJ42PWM0,ORD_5699,413.08,8.26,1.49,403.33,setl_486,2026-08-25 00:28:00,2026-08-26,captured
pay_T37SZC1F,ORD_5700,899.12,17.98,3.24,877.9,setl_486,2026-08-25 05:33:00,2026-08-26,captured
pay_8MEMZVCG,ORD_5701,1488.0,29.76,5.36,1452.88,setl_486,2026-08-24 19:33:00,2026-08-25,captured
pay_1GTYQH05,ORD_5702,312.86,6.26,1.13,305.47,setl_486,2026-08-24 17:58:00,2026-08-25,captured
pay_8I5EX5SH,ORD_5703,1796.04,35.92,6.47,1753.65,setl_487,2026-08-25 08:05:00,2026-08-26,captured
pay_S5QJ8NKY,ORD_5704,352.97,7.06,1.27,344.64,setl_487,2026-08-24 21:35:00,2026-08-25,captured
pay_YE90LP4Y,ORD_5705,2472.47,49.45,8.9,2414.12,setl_487,2026-08-24 21:52:00,2026-08-25,captured
pay_YXM4IV5J,ORD_5706,746.68,14.93,2.69,729.06,setl_487,2026-08-24 17:47:00,2026-08-25,captured
pay_O300TNNC,ORD_5707,1593.8,31.88,5.74,1556.18,setl_487,2026-08-24 17:31:00,2026-08-25,captured
pay_4JEP4LSV,ORD_5708,3518.0,70.36,12.66,3434.98,setl_487,2026-08-24 22:32:00,2026-08-25,captured
pay_RKD8E72O,ORD_5709,271.02,5.42,0.98,264.62,setl_487,2026-08-24 19:28:00,2026-08-25,captured
pay_RUBQ7YX5,ORD_5710,1172.69,23.45,4.22,1145.02,setl_487,2026-08-25 00:11:00,2026-08-26,captured
pay_BKN7BAM5,ORD_5711,210.91,4.22,0.76,205.93,setl_487,2026-08-25 04:07:00,2026-08-26,captured
pay_HY3FI07H,ORD_5712,1039.87,20.8,3.74,1015.33,setl_488,2026-08-24 18:59:00,2026-08-25,captured
pay_2FV2OF6X,ORD_5713,2534.58,50.69,9.12,2474.77,setl_488,2026-08-25 08:08:00,2026-08-26,captured
pay_G2EPBHTW,ORD_5714,1536.81,30.74,5.53,1500.54,setl_488,2026-08-24 20:56:00,2026-08-25,captured
pay_640M9933,ORD_5715,989.27,19.79,3.56,965.92,setl_488,2026-08-24 19:08:00,2026-08-25,captured
pay_TD37VIH7,ORD_5716,1794.9,35.9,6.46,1752.54,setl_488,2026-08-24 19:33:30,2026-08-25,captured
pay_JX1HX0YS,ORD_5716,1794.9,35.9,6.46,1752.54,setl_488,2026-08-24 19:33:00,2026-08-25,captured
pay_OXM3RFY5,ORD_5717,1828.95,36.58,6.58,1785.79,setl_488,2026-08-25 01:14:00,2026-08-26,captured
pay_G6NE4590,ORD_5718,435.5,8.71,1.57,425.22,setl_488,2026-08-24 21:07:00,2026-08-25,captured
pay_YJCEJMN9,ORD_5719,181.16,3.62,0.65,176.89,setl_488,2026-08-24 22:01:00,2026-08-25,captured
pay_HSQ332GI,ORD_5720,1582.26,31.65,5.7,1544.91,setl_488,2026-08-24 17:41:00,2026-08-25,captured
pay_9M1RE3LT,ORD_5722,3505.83,70.12,12.62,3423.09,setl_489,2026-08-24 23:58:00,2026-08-25,captured
pay_UW45SEAD,ORD_5723,1761.08,35.22,6.34,1719.52,setl_489,2026-08-25 04:11:00,2026-08-26,captured
pay_D95CEEVZ,ORD_5724,3501.28,82.63,14.87,3403.78,setl_489,2026-08-25 02:50:00,2026-08-26,captured
pay_1OJPZQSG,ORD_5725,1617.98,32.36,5.82,1579.8,setl_489,2026-08-24 21:51:00,2026-08-25,captured
pay_TNPUTP9R,ORD_5726,359.48,7.19,1.29,351.0,setl_489,2026-08-24 23:47:00,2026-08-25,captured
pay_UNIFJOND,ORD_5727,659.72,13.19,2.37,644.16,setl_489,2026-08-25 06:23:00,2026-08-26,captured
pay_WZXFHHVP,ORD_5728,881.53,17.63,3.17,860.73,setl_489,2026-08-25 06:05:00,2026-08-26,captured
pay_FQHDCSWQ,ORD_5729,200.24,4.0,0.72,195.52,setl_489,2026-08-24 17:10:00,2026-08-25,captured
pay_U85W6ZOR,ORD_5730,1777.47,35.55,6.4,1735.52,setl_489,2026-08-24 23:59:00,2026-08-26,captured
pay_14DT1N5J,ORD_5731,1455.04,29.1,5.24,1420.7,setl_490,2026-08-25 05:40:00,2026-08-26,captured
pay_A7YMQHO8,ORD_5732,1228.29,24.57,4.42,1199.3,setl_490,2026-08-25 00:10:00,2026-08-26,captured
pay_9Z076EXR,ORD_5733,1619.75,32.4,5.83,1581.52,setl_490,2026-08-25 08:04:00,2026-08-26,captured
pay_ZZOTS1BU,ORD_5734,986.43,19.73,3.55,963.15,setl_490,2026-08-24 22:03:00,2026-08-25,captured
pay_GDQOZF2J,ORD_5735,1180.35,23.61,4.25,1152.49,setl_490,2026-08-25 00:58:00,2026-08-26,captured
pay_8DZ02GNG,ORD_5736,1538.14,30.76,5.54,1501.84,setl_490,2026-08-25 00:41:00,2026-08-26,captured
pay_3U1PJACF,ORD_5737,298.67,5.97,1.07,291.63,setl_490,2026-08-25 01:30:00,2026-08-26,captured
pay_YNYPMP6S,ORD_5738,338.42,6.77,1.22,330.43,setl_490,2026-08-24 21:30:00,2026-08-25,captured
pay_PLL7BXA2,ORD_5739,1832.82,36.66,6.6,1789.56,setl_491,2026-08-24 18:58:00,2026-08-25,captured
pay_FX4R6VHM,ORD_5740,411.72,8.23,1.48,402.01,setl_491,2026-08-24 23:37:00,2026-08-25,captured
pay_6EYTA0CO,ORD_5741,165.72,3.31,0.6,161.81,setl_491,2026-08-25 02:21:00,2026-08-26,captured
pay_SVIHY401,ORD_5742,2543.03,50.86,9.15,2483.02,setl_491,2026-08-24 20:38:00,2026-08-25,captured
pay_EUBHS15T,ORD_5743,261.74,5.23,0.94,203.22,setl_491,2026-08-25 08:45:00,2026-08-26,captured
pay_3TQE0LUL,ORD_5744,727.31,14.55,2.62,710.14,setl_491,2026-08-24 19:38:00,2026-08-25,captured
pay_AN4010Y7,ORD_5745,1645.39,32.91,5.92,1606.56,setl_491,2026-08-25 00:22:00,2026-08-26,captured
pay_YRYI0C3T,ORD_5746,1503.4,30.07,5.41,1467.92,setl_491,2026-08-24 23:17:00,2026-08-25,captured
pay_C8TLWCMR,ORD_5747,1942.41,38.85,6.99,1896.57,setl_491,2026-08-25 03:41:00,2026-08-26,captured
pay_BIKB2RKF,ORD_5748,162.33,3.25,0.58,158.5,setl_491,2026-08-25 07:13:00,2026-08-26,captured
pay_W6JPHXRV,ORD_5749,291.69,5.83,1.05,284.81,setl_492,2026-08-24 20:40:00,2026-08-25,captured
pay_E4HQ46VV,ORD_5750,2450.89,49.02,8.82,2393.05,setl_492,2026-08-25 07:51:00,2026-08-26,captured
pay_Q6YHABG0,ORD_5751,1308.48,26.17,4.71,1277.6,setl_492,2026-08-24 17:53:00,2026-08-25,captured
pay_SCUIECHZ,ORD_5752,1565.61,31.31,5.64,1528.66,setl_492,2026-08-25 03:27:30,2026-08-26,captured
pay_SW6CO55A,ORD_5752,1565.61,31.31,5.64,1528.66,setl_492,2026-08-25 03:27:00,2026-08-26,captured
pay_1DOMSXJZ,ORD_5753,1518.1,30.36,5.46,1482.28,setl_492,2026-08-25 03:33:00,2026-08-26,captured
pay_8M0LNK4U,ORD_5754,455.66,9.11,1.64,444.91,setl_492,2026-08-24 19:41:00,2026-08-25,captured
pay_U2IMM5VA,ORD_5755,3017.72,60.35,10.86,2946.51,setl_492,2026-08-24 18:35:00,2026-08-25,captured
pay_0WE0VC54,ORD_5756,1787.82,35.76,6.44,1745.62,setl_492,2026-08-25 03:56:00,2026-08-26,captured
pay_6H1TP7QN,ORD_5758,1197.17,23.94,4.31,1168.92,setl_492,2026-08-24 22:48:00,2026-08-25,captured
pay_DRD2FXLG,ORD_5759,424.68,8.49,1.53,414.66,setl_493,2026-08-24 23:26:00,2026-08-25,captured
pay_755XWR2D,ORD_5760,3470.16,69.4,12.49,3388.27,setl_493,2026-08-24 22:05:00,2026-08-25,captured
pay_RTH5GR8D,ORD_5761,151.31,3.03,0.55,147.73,setl_493,2026-08-25 07:42:00,2026-08-26,captured
pay_O1IG8AP0,ORD_5762,679.5,13.59,2.45,663.46,setl_493,2026-08-25 04:00:00,2026-08-26,captured
pay_XF5Q3JS9,ORD_5763,1767.87,35.36,6.36,1726.15,setl_493,2026-08-25 02:09:00,2026-08-26,captured
pay_RKAWFBAL,ORD_5764,2547.17,50.94,9.17,2487.06,setl_493,2026-08-24 19:16:00,2026-08-25,captured
pay_VJNHAV07,ORD_5765,681.3,13.63,2.45,665.22,setl_493,2026-08-25 00:14:00,2026-08-26,captured
pay_HMEZ8QSP,ORD_5766,1897.94,37.96,6.83,1853.15,setl_493,2026-08-25 04:03:00,2026-08-26,captured
pay_RGUGJAJO,ORD_5767,2523.05,50.46,9.08,2463.51,setl_494,2026-08-25 07:42:00,2026-08-26,captured
pay_RJ4BX952,ORD_5768,460.93,9.22,1.66,450.05,setl_494,2026-08-24 18:10:00,2026-08-25,captured
pay_0YVPAGAU,ORD_5769,884.77,17.7,3.19,863.88,setl_494,2026-08-25 06:30:00,2026-08-26,captured
pay_PMWK86UU,ORD_5770,919.2,18.38,3.31,897.51,setl_494,2026-08-24 18:45:00,2026-08-25,captured
pay_HLD2SKE1,ORD_5771,468.72,9.37,1.69,457.66,setl_494,2026-08-24 22:09:00,2026-08-25,captured
pay_KED1I969,ORD_5772,190.99,4.51,0.81,185.67,setl_494,2026-08-25 08:19:00,2026-08-26,captured
pay_SMKLHGXV,ORD_5773,1633.99,32.68,5.88,1595.43,setl_494,2026-08-25 04:10:00,2026-08-26,captured
pay_PM7C239Q,ORD_5774,684.38,13.69,2.46,668.23,setl_494,2026-08-25 00:24:00,2026-08-26,captured
pay_YA687EFY,ORD_5775,223.84,4.48,0.81,218.55,setl_494,2026-08-25 08:38:00,2026-08-26,captured
pay_9VRCGYPC,ORD_5776,514.73,10.29,1.85,502.59,setl_494,2026-08-24 21:38:00,2026-08-25,captured
pay_K53NVXRY,ORD_5777,255.11,5.1,0.92,249.09,setl_495,2026-08-24 20:06:00,2026-08-25,captured
pay_GXQ70FPM,ORD_5778,317.81,6.36,1.14,310.31,setl_495,2026-08-25 00:39:00,2026-08-26,captured
pay_ZIVP08GH,ORD_5779,1834.84,36.7,6.61,1791.53,setl_495,2026-08-24 17:55:00,2026-08-25,captured
pay_UT6KLEQL,ORD_5780,3492.58,69.85,12.57,3410.16,setl_495,2026-08-24 19:34:00,2026-08-25,captured
pay_GH41UKCO,ORD_5781,1335.03,26.7,4.81,1303.52,setl_495,2026-08-25 23:58:00,2026-08-27,captured
pay_VYCIZ6PJ,ORD_5782,298.08,5.96,1.07,231.43,setl_495,2026-08-24 18:20:00,2026-08-25,captured
pay_SVFXCBBC,ORD_5783,1192.18,23.84,4.29,1164.05,setl_495,2026-08-25 07:08:00,2026-08-26,captured
pay_KRAHTZRR,ORD_5784,976.15,19.52,3.51,953.12,setl_495,2026-08-25 08:51:00,2026-08-26,captured
pay_ISH6IFAL,ORD_5785,1278.09,25.56,4.6,1247.93,setl_495,2026-08-25 08:41:00,2026-08-26,captured
pay_F63VETNS,ORD_5786,414.09,8.28,1.49,404.32,setl_495,2026-08-24 18:48:00,2026-08-25,captured
pay_FHMOU7TK,ORD_5787,1844.12,36.88,6.64,1800.6,setl_496,2026-08-24 20:37:00,2026-08-25,captured
pay_2F1VFH6J,ORD_5788,219.38,4.39,0.79,214.2,setl_496,2026-08-24 18:39:00,2026-08-25,captured
pay_9M56VAVW,ORD_5789,349.64,6.99,1.26,341.39,setl_496,2026-08-24 17:57:30,2026-08-25,captured
pay_R5T9L1OT,ORD_5789,349.64,6.99,1.26,341.39,setl_496,2026-08-24 17:57:00,2026-08-25,captured
pay_ADSOM4GK,ORD_5790,1268.46,25.37,4.57,1238.52,setl_496,2026-08-25 07:54:00,2026-08-26,captured
pay_2BAQMRPO,ORD_5791,269.17,5.38,0.97,262.82,setl_496,2026-08-25 06:46:00,2026-08-26,captured
pay_1YQ44NGO,ORD_5792,1001.22,20.02,3.6,977.6,setl_496,2026-08-24 23:21:00,2026-08-25,captured
pay_E8AJMWRO,ORD_5793,439.79,8.8,1.58,429.41,setl_496,2026-08-25 07:39:00,2026-08-26,captured
pay_F30VXEMN,ORD_5794,2974.26,59.49,10.71,2904.06,setl_496,2026-08-24 17:30:00,2026-08-25,captured
pay_EGFYAZPQ,ORD_5795,1810.64,36.21,6.52,1767.91,setl_496,2026-08-25 07:47:00,2026-08-26,captured
pay_2BWQNXF6,ORD_5796,1239.12,24.78,4.46,1209.88,setl_496,2026-08-25 00:40:00,2026-08-26,captured
pay_G4Q9LKCA,ORD_5797,875.42,17.51,3.15,854.76,setl_497,2026-08-25 00:21:00,2026-08-26,captured
pay_IPLYQ187,ORD_5798,1525.57,30.51,5.49,1489.57,setl_497,2026-08-25 05:35:00,2026-08-26,captured
pay_VYRG5ASC,ORD_5799,1561.2,31.22,5.62,1524.36,setl_497,2026-08-25 03:37:00,2026-08-26,captured
pay_YR0RN2WO,ORD_5800,1033.77,20.68,3.72,1009.37,setl_497,2026-08-24 22:17:00,2026-08-25,captured
pay_HBPWKO9D,ORD_5801,184.33,3.69,0.66,179.98,setl_497,2026-08-24 23:31:00,2026-08-25,captured
pay_UJJLF2N3,ORD_5802,694.78,13.9,2.5,678.38,setl_497,2026-08-25 04:17:00,2026-08-26,captured
pay_CVYL6CAW,ORD_5803,3504.22,70.08,12.61,3421.53,setl_497,2026-08-25 07:50:00,2026-08-26,captured
pay_ARYQ3DE0,ORD_5804,983.06,19.66,3.54,959.86,setl_497,2026-08-25 05:32:00,2026-08-26,captured
pay_OTCDTBNM,ORD_5805,3494.88,69.9,12.58,3412.4,setl_498,2026-08-25 01:07:00,2026-08-26,captured
pay_OBTGUXKV,ORD_5806,746.47,14.93,2.69,728.85,setl_498,2026-08-24 18:54:00,2026-08-25,captured
pay_JPOBMUIX,ORD_5807,335.9,6.72,1.21,327.97,setl_498,2026-08-24 20:56:00,2026-08-25,captured
pay_5MTILEJV,ORD_5808,3468.78,69.38,12.49,3386.91,setl_498,2026-08-25 08:31:00,2026-08-26,captured
pay_TUGSWUNS,ORD_5809,739.37,14.79,2.66,721.92,setl_498,2026-08-25 05:16:00,2026-08-26,captured
pay_0WNSB7LY,ORD_5810,487.67,9.75,1.75,476.17,setl_498,2026-08-24 23:34:00,2026-08-25,captured
pay_9XKR9NJ5,ORD_5811,1583.89,31.68,5.7,1546.51,setl_498,2026-08-25 05:56:00,2026-08-26,captured
pay_S2E0NK0F,ORD_5812,461.5,9.23,1.66,450.61,setl_498,2026-08-24 20:42:00,2026-08-25,captured
pay_1SZIE40Q,ORD_5813,1002.45,20.05,3.61,978.79,setl_499,2026-08-25 03:44:00,2026-08-26,captured
pay_BF97CY0W,ORD_5814,1793.19,35.86,6.45,1750.88,setl_499,2026-08-25 06:49:00,2026-08-26,captured
pay_6Z2XV0I0,ORD_5815,858.42,17.17,3.09,838.16,setl_499,2026-08-24 18:41:00,2026-08-25,captured
pay_YZ8CU0HC,ORD_5816,1318.32,26.37,4.75,1287.2,setl_499,2026-08-25 05:47:00,2026-08-26,captured
pay_EICKYDVI,ORD_5817,533.47,10.67,1.92,520.88,setl_499,2026-08-25 07:12:00,2026-08-26,captured
pay_6AZTIKVI,ORD_5818,1861.82,37.24,6.7,1817.88,setl_499,2026-08-25 00:17:00,2026-08-26,captured
pay_UV5P6NIA,ORD_5819,477.09,9.54,1.72,465.83,setl_499,2026-08-24 21:18:00,2026-08-25,captured
pay_S9A3XB11,ORD_5821,399.18,9.42,1.7,388.06,setl_499,2026-08-24 19:13:00,2026-08-25,captured
pay_CYYIEIHT,ORD_5822,511.41,10.23,1.84,499.34,setl_499,2026-08-24 23:07:00,2026-08-25,captured
pay_7MC25F1Y,ORD_5823,1874.69,37.49,6.75,1830.45,setl_499,2026-08-25 01:47:00,2026-08-26,captured
pay_QCF51Q70,ORD_5824,1892.94,37.86,6.81,1848.27,setl_499,2026-08-24 17:54:00,2026-08-25,captured
pay_7L6VZL4H,ORD_5825,1850.62,37.01,6.66,1806.95,setl_500,2026-08-24 20:18:00,2026-08-25,captured
pay_M3AGTSXT,ORD_5826,3471.45,69.43,12.5,3389.52,setl_500,2026-08-24 21:56:00,2026-08-25,captured
pay_1N77UC5H,ORD_5827,428.97,8.58,1.54,418.85,setl_500,2026-08-24 18:16:00,2026-08-25,captured
pay_CE64Q9RH,ORD_5828,3522.74,70.45,12.68,3439.61,setl_500,2026-08-24 23:59:00,2026-08-26,captured
pay_R57XTOVR,ORD_5829,1602.94,32.06,5.77,1565.11,setl_500,2026-08-25 07:33:00,2026-08-26,captured
pay_D6A1W5D7,ORD_5830,669.82,13.4,2.41,654.01,setl_500,2026-08-25 02:43:00,2026-08-26,captured
pay_0IZEWBOS,ORD_5831,2462.48,49.25,8.87,2404.36,setl_500,2026-08-25 08:41:00,2026-08-26,captured
pay_8MG64YTA,ORD_5832,1240.27,24.81,4.47,1210.99,setl_500,2026-08-25 05:31:00,2026-08-26,captured
pay_6W773LAA,ORD_5833,3028.89,60.58,10.9,2957.41,setl_500,2026-08-24 20:01:00,2026-08-25,captured
pay_JPQPQ24N,ORD_5834,1483.16,29.66,5.34,1448.16,setl_500,2026-08-25 08:14:00,2026-08-26,captured
pay_0IRG29FL,ORD_5835,382.63,7.65,1.38,373.6,setl_501,2026-08-25 04:57:00,2026-08-26,captured
pay_1PLUKYNH,ORD_5836,911.43,18.23,3.28,889.92,setl_501,2026-08-25 03:43:00,2026-08-26,captured
pay_XS6Y8R3W,ORD_5837,401.96,8.04,1.45,392.47,setl_501,2026-08-24 22:46:00,2026-08-25,captured
pay_ET5SYT4D,ORD_5838,1261.64,25.23,4.54,1031.87,setl_501,2026-08-25 00:47:00,2026-08-26,captured
pay_AE814WKY,ORD_5839,3015.29,60.31,10.86,2944.12,setl_501,2026-08-25 04:10:00,2026-08-26,captured
pay_INXV85SL,ORD_5840,3453.54,69.07,12.43,3372.04,setl_501,2026-08-24 22:59:00,2026-08-25,captured
pay_7QSX3ZYW,ORD_5841,1556.07,31.12,5.6,1519.35,setl_501,2026-08-25 00:09:00,2026-08-26,captured
pay_FI7I979K,ORD_5842,1788.23,35.76,6.44,1746.03,setl_501,2026-08-25 08:19:00,2026-08-26,captured
pay_07QC8C2K,ORD_5843,405.84,8.12,1.46,396.26,setl_501,2026-08-25 03:24:00,2026-08-26,captured
pay_NEMCX655,ORD_5844,214.01,4.28,0.77,208.96,setl_501,2026-08-25 05:01:00,2026-08-26,captured
pay_DNRB3DM4,ORD_5845,1540.44,30.81,5.55,1504.08,setl_502,2026-08-24 21:11:00,2026-08-25,captured
pay_7S5C5K07,ORD_5846,3041.43,60.83,10.95,2969.65,setl_502,2026-08-25 06:07:00,2026-08-26,captured
pay_8M0E592F,ORD_5847,152.33,3.05,0.55,148.73,setl_502,2026-08-25 03:38:00,2026-08-26,captured
pay_7P13VFJ0,ORD_5848,1838.36,36.77,6.62,1794.97,setl_502,2026-08-24 19:11:00,2026-08-25,captured
pay_ND8H6MUH,ORD_5849,378.63,7.57,1.36,369.7,setl_502,2026-08-25 08:24:00,2026-08-26,captured
pay_DROJ01P5,ORD_5850,1027.75,20.55,3.7,1003.5,setl_502,2026-08-24 23:40:00,2026-08-25,captured
pay_OBEQUMWG,ORD_5851,324.04,6.48,1.17,316.39,setl_502,2026-08-24 22:23:00,2026-08-25,captured
pay_8DY3PW3V,ORD_5852,240.83,4.82,0.87,235.14,setl_502,2026-08-25 08:45:00,2026-08-26,captured
pay_MYOVT6LD,ORD_5853,711.76,14.24,2.56,694.96,setl_502,2026-08-25 08:11:00,2026-08-26,captured
pay_O5HU599L,ORD_5854,2508.21,50.16,9.03,2449.02,setl_502,2026-08-24 23:47:00,2026-08-25,captured
pay_U7JW9WCB,ORD_5855,1260.33,25.21,4.54,1230.58,setl_503,2026-08-25 07:32:00,2026-08-26,captured
pay_K3FN3L68,ORD_5856,694.37,13.89,2.5,677.98,setl_503,2026-08-24 20:03:00,2026-08-25,captured
pay_VRZC2GSK,ORD_5857,1471.1,29.42,5.3,1436.38,setl_503,2026-08-24 21:33:00,2026-08-25,captured
pay_Q3UHZKXF,ORD_5858,314.74,6.29,1.13,307.32,setl_503,2026-08-25 05:40:00,2026-08-26,captured
pay_4BZO91T8,ORD_5859,900.73,18.01,3.24,879.48,setl_503,2026-08-25 04:23:00,2026-08-26,captured
pay_0XIOJ1QF,ORD_5860,330.07,6.6,1.19,322.28,setl_503,2026-08-24 21:04:00,2026-08-25,captured
pay_T73OE0OT,ORD_5861,1793.33,35.87,6.46,1751.0,setl_503,2026-08-24 22:52:00,2026-08-25,captured
pay_1J790486,ORD_5862,1044.53,20.89,3.76,1019.88,setl_503,2026-08-24 18:32:00,2026-08-25,captured
pay_4D9REQQY,ORD_5863,2464.17,49.28,8.87,2406.02,setl_503,2026-08-25 01:15:00,2026-08-26,captured
pay_TUFEM2JY,ORD_5864,1302.61,26.05,4.69,1271.87,setl_504,2026-08-25 01:16:00,2026-08-26,captured
pay_WHPKBVWT,ORD_5865,3021.41,60.43,10.88,2950.1,setl_504,2026-08-24 17:57:00,2026-08-25,captured
pay_XWHTKNTY,ORD_5866,682.84,13.66,2.46,666.72,setl_504,2026-08-25 01:06:00,2026-08-26,captured
pay_D9BG74EJ,ORD_5867,262.86,5.26,0.95,256.65,setl_504,2026-08-24 19:44:00,2026-08-25,captured
pay_9W2IN2IS,ORD_5868,374.69,7.49,1.35,365.85,setl_504,2026-08-25 08:32:00,2026-08-26,captured
pay_DS2FIY50,ORD_5869,326.39,6.53,1.18,318.68,setl_504,2026-08-25 06:36:00,2026-08-26,captured
pay_QX095MNS,ORD_5870,1629.92,32.6,5.87,1591.45,setl_504,2026-08-25 05:45:00,2026-08-26,captured
pay_6RRB39US,ORD_5871,2465.54,49.31,8.88,2407.35,setl_504,2026-08-24 17:30:00,2026-08-25,captured
pay_TYZJPIYF,ORD_5872,732.08,14.64,2.64,714.8,setl_505,2026-08-24 21:17:00,2026-08-25,captured
pay_EJV4DGG9,ORD_5873,1537.64,30.75,5.54,1501.35,setl_505,2026-08-25 02:25:00,2026-08-26,captured
pay_4X538X7Y,ORD_5874,667.93,13.36,2.4,652.17,setl_505,2026-08-25 01:47:00,2026-08-26,captured
pay_AXDWXDZX,ORD_5875,902.16,18.04,3.25,880.87,setl_505,2026-08-24 18:55:30,2026-08-25,captured
pay_A7CLWCEZ,ORD_5875,902.16,18.04,3.25,880.87,setl_505,2026-08-24 18:55:00,2026-08-25,captured
pay_AWBLF5SD,ORD_5876,1181.45,23.63,4.25,1153.57,setl_505,2026-08-25 08:52:00,2026-08-26,captured
pay_Y4KAMPOP,ORD_5877,3479.67,69.59,12.53,3397.55,setl_505,2026-08-25 06:14:00,2026-08-26,captured
pay_DZG4P7UI,ORD_5878,325.08,6.5,1.17,317.41,setl_505,2026-08-25 04:45:00,2026-08-26,captured
pay_CPFKAP0W,ORD_5879,1597.06,31.94,5.75,1559.37,setl_505,2026-08-25 02:21:00,2026-08-26,captured
pay_WZZQYX6V,ORD_5880,733.82,14.68,2.64,716.5,setl_505,2026-08-24 17:01:00,2026-08-25,captured
pay_F66B9YNZ,ORD_5881,383.44,7.67,1.38,374.39,setl_505,2026-08-24 17:29:00,2026-08-25,captured
pay_TCWK4QCK,ORD_5883,661.5,13.23,2.38,645.89,setl_506,2026-08-24 23:45:00,2026-08-25,captured
pay_5AQBYUM5,ORD_5884,2467.71,49.35,8.88,2409.48,setl_506,2026-08-25 05:48:00,2026-08-26,captured
pay_R34CUHZC,ORD_5885,1830.31,36.61,6.59,1787.11,setl_506,2026-08-24 17:30:00,2026-08-25,captured
pay_597PTV9L,ORD_5886,1599.23,37.74,6.79,1554.7,setl_506,2026-08-24 21:59:00,2026-08-25,captured
pay_RTXS6Y04,ORD_5887,1585.38,31.71,5.71,1547.96,setl_506,2026-08-25 07:14:00,2026-08-26,captured
pay_O1C4KCPY,ORD_5888,1829.73,36.59,6.59,1786.55,setl_506,2026-08-25 23:58:00,2026-08-27,captured
pay_JPJXUDV6,ORD_5889,1637.1,32.74,5.89,1598.47,setl_506,2026-08-24 19:34:00,2026-08-25,captured
pay_VVS23HKF,ORD_5890,425.97,8.52,1.53,415.92,setl_506,2026-08-24 17:59:00,2026-08-25,captured
pay_MWNPNQA5,ORD_5891,1892.4,37.85,6.81,1847.74,setl_507,2026-08-25 06:28:00,2026-08-26,captured
pay_7I8Y3MHT,ORD_5892,1279.17,25.58,4.6,1248.99,setl_507,2026-08-24 19:21:00,2026-08-25,captured
pay_K947MCWY,ORD_5893,431.6,8.63,1.55,421.42,setl_507,2026-08-24 18:58:00,2026-08-25,captured
pay_F3KSCNLH,ORD_5894,3538.3,70.77,12.74,3454.79,setl_507,2026-08-25 08:05:00,2026-08-26,captured
pay_UKTUELS4,ORD_5895,985.92,19.72,3.55,962.65,setl_507,2026-08-25 05:29:00,2026-08-26,captured
pay_V4Q5B8FX,ORD_5896,1797.87,35.96,6.47,1755.44,setl_507,2026-08-25 03:01:00,2026-08-26,captured
pay_R98CHEQ9,ORD_5897,1010.23,20.2,3.64,986.39,setl_507,2026-08-25 05:15:00,2026-08-26,captured
pay_HYPCLKTD,ORD_5898,890.63,17.81,3.21,869.61,setl_507,2026-08-24 20:30:00,2026-08-25,captured
pay_KW3QKXP1,ORD_5899,231.95,4.64,0.84,226.47,setl_507,2026-08-25 01:23:00,2026-08-26,captured
pay_D5S9WHR9,ORD_5900,3493.77,69.88,12.58,3411.31,setl_507,2026-08-24 21:43:00,2026-08-25,captured
pay_8LNA4DMS,ORD_5901,1016.73,20.33,3.66,992.74,setl_508,2026-08-25 05:38:00,2026-08-26,captured
pay_NT2TC8YB,ORD_5902,958.46,19.17,3.45,935.84,setl_508,2026-08-24 17:18:00,2026-08-25,captured
pay_XGPB204T,ORD_5903,484.55,9.69,1.74,473.12,setl_508,2026-08-25 08:32:00,2026-08-26,captured
pay_E8IV8AY0,ORD_5904,1646.61,32.93,5.93,1607.75,setl_508,2026-08-25 00:36:00,2026-08-26,captured
pay_HAXWDLPB,ORD_5905,2494.29,49.89,8.98,2435.42,setl_508,2026-08-24 20:55:00,2026-08-25,captured
pay_6BWLQC66,ORD_5906,1267.41,25.35,4.56,1237.5,setl_508,2026-08-24 23:25:00,2026-08-25,captured
pay_A50QTA9X,ORD_5907,3015.03,60.3,10.85,2743.88,setl_508,2026-08-25 03:45:00,2026-08-26,captured
pay_MX5HHVYH,ORD_5908,1909.57,38.19,6.87,1864.51,setl_508,2026-08-24 21:16:00,2026-08-25,captured
pay_SWHYHWIF,ORD_5909,1816.71,36.33,6.54,1773.84,setl_509,2026-08-24 17:12:00,2026-08-25,captured
pay_8JRXIVZD,ORD_5910,1622.4,32.45,5.84,1584.11,setl_509,2026-08-25 01:56:00,2026-08-26,captured
pay_R3RKH7KX,ORD_5911,739.94,14.8,2.66,722.48,setl_509,2026-08-24 17:56:00,2026-08-25,captured
pay_BCC1YH0O,ORD_5912,1016.82,20.34,3.66,992.82,setl_509,2026-08-25 02:18:00,2026-08-26,captured
pay_ACIZN62E,ORD_5913,388.17,7.76,1.4,379.01,setl_509,2026-08-25 03:05:00,2026-08-26,captured
pay_WI3G5IIX,ORD_5914,1304.64,26.09,4.7,1273.85,setl_509,2026-08-25 04:47:00,2026-08-26,captured
pay_GE6V7QWQ,ORD_5915,1627.44,32.55,5.86,1589.03,setl_509,2026-08-24 22:30:00,2026-08-25,captured
pay_ZL4C2UV4,ORD_5916,1809.43,36.19,6.51,1766.73,setl_509,2026-08-24 17:06:00,2026-08-25,captured
pay_Q4UMN6M9,ORD_5917,506.48,10.13,1.82,494.53,setl_509,2026-08-25 06:26:00,2026-08-26,captured
pay_H6FUKZDT,ORD_5918,1524.86,30.5,5.49,1488.87,setl_509,2026-08-24 19:14:00,2026-08-25,captured
pay_15XK7WNG,ORD_5919,361.78,7.24,1.3,353.24,setl_510,2026-08-25 00:58:00,2026-08-26,captured
pay_RGG1MB4G,ORD_5920,1468.88,29.38,5.29,1434.21,setl_510,2026-08-25 04:00:00,2026-08-26,captured
pay_ZIWEIRKR,ORD_5921,458.4,9.17,1.65,447.58,setl_510,2026-08-25 06:04:00,2026-08-26,captured
pay_OA09R17W,ORD_5922,484.06,9.68,1.74,472.64,setl_510,2026-08-25 06:12:00,2026-08-26,captured
pay_R1TD8DFA,ORD_5923,294.79,5.9,1.06,287.83,setl_510,2026-08-25 08:01:00,2026-08-26,captured
pay_I4BITQUF,ORD_5924,1026.56,20.53,3.7,1002.33,setl_510,2026-08-25 02:07:00,2026-08-26,captured
pay_D7J8G5AT,ORD_5925,973.1,19.46,3.5,950.14,setl_510,2026-08-24 23:50:00,2026-08-25,captured
pay_GTMC1BKD,ORD_5926,2485.68,49.71,8.95,2427.02,setl_510,2026-08-25 00:33:00,2026-08-26,captured
pay_5NUOTRB5,ORD_5927,3537.95,70.76,12.74,3454.45,setl_510,2026-08-25 04:46:00,2026-08-26,captured
pay_00T5TK2Y,ORD_5928,900.77,18.02,3.24,879.51,setl_511,2026-08-25 00:42:00,2026-08-26,captured
pay_TBPCMOY8,ORD_5929,1475.51,29.51,5.31,1440.69,setl_511,2026-08-24 19:31:00,2026-08-25,captured
pay_8MONRQ36,ORD_5930,276.03,5.52,0.99,269.52,setl_511,2026-08-25 06:51:00,2026-08-26,captured
pay_8TQVGBMV,ORD_5931,1034.08,20.68,3.72,1009.68,setl_511,2026-08-24 21:32:00,2026-08-25,captured
pay_CZKK0A0R,ORD_5932,408.86,8.18,1.47,399.21,setl_511,2026-08-25 03:18:00,2026-08-26,captured
pay_FS7B061D,ORD_5933,1523.04,30.46,5.48,1487.1,setl_511,2026-08-24 22:25:00,2026-08-25,captured
pay_FM1OWWSA,ORD_5934,199.87,4.0,0.72,195.15,setl_511,2026-08-24 21:51:00,2026-08-25,captured
pay_TVN7LCCJ,ORD_5935,3542.5,70.85,12.75,3458.9,setl_511,2026-08-25 02:36:00,2026-08-26,captured
pay_C2G0RF1L,ORD_5936,308.85,6.18,1.11,301.56,setl_511,2026-08-25 06:54:00,2026-08-26,captured
pay_H6URPQZV,ORD_5937,1504.84,30.1,5.42,1469.32,setl_512,2026-08-25 07:35:00,2026-08-26,captured
pay_MVQD3CS6,ORD_5938,421.42,8.43,1.52,411.47,setl_512,2026-08-25 08:57:00,2026-08-26,captured
pay_HRTQ8FO1,ORD_5939,220.58,4.41,0.79,215.38,setl_512,2026-08-25 07:05:00,2026-08-26,captured
pay_C80HLROB,ORD_5940,1832.43,36.65,6.6,1789.18,setl_512,2026-08-24 20:18:00,2026-08-25,captured
pay_WV5ZO0KX,ORD_5941,3464.46,69.29,12.47,3382.7,setl_512,2026-08-24 17:33:00,2026-08-25,captured
pay_I3KYJCMF,ORD_5942,233.36,4.67,0.84,227.85,setl_512,2026-08-24 20:48:00,2026-08-25,captured
pay_LTFCS08V,ORD_5943,372.59,7.45,1.34,363.8,setl_512,2026-08-24 20:18:00,2026-08-25,captured
pay_J1MK92XE,ORD_5944,346.79,6.94,1.25,338.6,setl_512,2026-08-24 19:05:00,2026-08-25,captured
pay_M55ECAR0,ORD_5945,377.27,7.55,1.36,368.36,setl_512,2026-08-24 21:35:00,2026-08-25,captured
pay_I9D5XI5L,ORD_5946,259.04,5.18,0.93,252.93,setl_513,2026-08-25 05:20:30,2026-08-26,captured
pay_GK98Q89F,ORD_5946,259.04,5.18,0.93,252.93,setl_513,2026-08-25 05:20:00,2026-08-26,captured
pay_LWAAFQEG,ORD_5947,894.79,17.9,3.22,873.67,setl_513,2026-08-25 04:13:00,2026-08-26,captured
pay_1XUHDGD2,ORD_5948,1916.22,38.32,6.9,1871.0,setl_513,2026-08-24 17:14:00,2026-08-25,captured
pay_MXO4NIT8,ORD_5949,1261.27,25.23,4.54,1231.5,setl_513,2026-08-25 06:48:00,2026-08-26,captured
pay_NN1O8SI9,ORD_5950,462.55,9.25,1.67,451.63,setl_513,2026-08-24 17:21:00,2026-08-25,captured
pay_83CZ6OMK,ORD_5951,209.47,4.19,0.75,204.53,setl_513,2026-08-24 19:37:00,2026-08-25,captured
pay_YRBZKL5T,ORD_5952,1173.36,23.47,4.22,1145.67,setl_513,2026-08-24 19:46:00,2026-08-25,captured
pay_RZABH3VE,ORD_5953,1923.56,38.47,6.92,1878.17,setl_513,2026-08-24 17:22:00,2026-08-25,captured
pay_OBPKAHB1,ORD_5954,2482.49,49.65,8.94,2423.9,setl_514,2026-08-24 22:43:00,2026-08-25,captured
pay_BKUH9K3S,ORD_5956,487.32,9.75,1.75,475.82,setl_514,2026-08-24 21:26:00,2026-08-25,captured
pay_I174LXZ1,ORD_5957,893.32,17.87,3.22,872.23,setl_514,2026-08-25 02:19:00,2026-08-26,captured
pay_TC41RWSB,ORD_5958,313.46,6.27,1.13,306.06,setl_514,2026-08-25 07:15:00,2026-08-26,captured
pay_DLV01B2E,ORD_5959,3518.36,70.37,12.67,3435.32,setl_514,2026-08-24 17:27:00,2026-08-25,captured
pay_VR29IFDV,ORD_5960,250.46,5.01,0.9,244.55,setl_514,2026-08-25 07:11:00,2026-08-26,captured
pay_VENMA88S,ORD_5961,3011.12,60.22,10.84,2940.06,setl_514,2026-08-25 01:43:00,2026-08-26,captured
pay_7JOA9WAP,ORD_5962,245.28,4.91,0.88,239.49,setl_514,2026-08-25 00:46:00,2026-08-26,captured
pay_TZGNQLRE,ORD_5963,1200.98,24.02,4.32,1172.64,setl_514,2026-08-24 21:45:00,2026-08-25,captured
pay_84WTFOO5,ORD_5964,360.22,7.2,1.3,351.72,setl_515,2026-08-25 03:02:00,2026-08-26,captured
pay_QGAW3SVE,ORD_5965,1289.62,25.79,4.64,1259.19,setl_515,2026-08-25 07:39:00,2026-08-26,captured
pay_PU9ML7V2,ORD_5966,469.32,9.39,1.69,458.24,setl_515,2026-08-24 21:42:00,2026-08-25,captured
pay_U4RMAS35,ORD_5967,445.53,10.51,1.89,433.13,setl_515,2026-08-24 17:28:00,2026-08-25,captured
pay_4C8A1YHY,ORD_5968,219.5,4.39,0.79,214.32,setl_515,2026-08-24 17:08:00,2026-08-25,captured
pay_LOJ6C08K,ORD_5969,3481.08,69.62,12.53,3398.93,setl_515,2026-08-25 02:52:00,2026-08-26,captured
pay_YSEZVZ1X,ORD_5970,401.82,8.04,1.45,392.33,setl_515,2026-08-24 23:59:00,2026-08-26,captured
pay_GYB1GUUJ,ORD_5971,275.1,5.5,0.99,268.61,setl_515,2026-08-25 06:53:00,2026-08-26,captured
pay_UC00IG3L,ORD_5972,1510.44,30.21,5.44,1474.79,setl_516,2026-08-25 03:51:00,2026-08-26,captured
pay_LMC7U1MV,ORD_5973,1320.17,26.4,4.75,1289.02,setl_516,2026-08-25 02:43:00,2026-08-26,captured
pay_N2EYBQMB,ORD_5974,2465.05,49.3,8.87,2406.88,setl_516,2026-08-25 06:14:00,2026-08-26,captured
pay_A1K42SF1,ORD_5975,1822.27,36.45,6.56,1779.26,setl_516,2026-08-25 04:58:00,2026-08-26,captured
pay_U536H4VJ,ORD_5976,1837.05,36.74,6.61,1793.7,setl_516,2026-08-25 03:37:00,2026-08-26,captured
pay_F32VD183,ORD_5977,503.36,10.07,1.81,491.48,setl_516,2026-08-24 18:12:00,2026-08-25,captured
pay_4QFACPRU,ORD_5978,427.96,8.56,1.54,417.86,setl_516,2026-08-25 03:31:00,2026-08-26,captured
pay_6BMXQRHK,ORD_5979,1527.2,30.54,5.5,1491.16,setl_516,2026-08-24 23:26:00,2026-08-25,captured
pay_T4MUTKBA,ORD_5980,1461.29,29.23,5.26,1426.8,setl_516,2026-08-25 01:38:00,2026-08-26,captured
pay_LQ99AF38,ORD_5981,379.47,7.59,1.37,370.51,setl_517,2026-08-25 07:34:00,2026-08-26,captured
pay_XHY2A9P9,ORD_5982,1242.1,24.84,4.47,1212.79,setl_517,2026-08-25 02:05:00,2026-08-26,captured
pay_7WZHCTM7,ORD_5983,3522.43,70.45,12.68,3439.3,setl_517,2026-08-24 18:56:00,2026-08-25,captured
pay_OJ6U1H8G,ORD_5984,462.06,9.24,1.66,451.16,setl_517,2026-08-24 19:55:00,2026-08-25,captured
pay_4C3PVSPL,ORD_5985,492.42,9.85,1.77,480.8,setl_517,2026-08-25 04:13:00,2026-08-26,captured
pay_GL4B73LC,ORD_5986,712.98,14.26,2.57,696.15,setl_517,2026-08-24 17:59:00,2026-08-25,captured
pay_2H5ZXRQ0,ORD_5987,3513.5,70.27,12.65,3430.58,setl_517,2026-08-24 22:17:00,2026-08-25,captured
pay_NLRU24U8,ORD_5988,1592.32,31.85,5.73,1554.74,setl_517,2026-08-25 04:36:00,2026-08-26,captured
pay_SVQAPFKJ,ORD_5989,1822.16,36.44,6.56,1579.16,setl_518,2026-08-24 22:09:00,2026-08-25,captured
pay_AJ3YVSIL,ORD_5990,1488.58,29.77,5.36,1453.45,setl_518,2026-08-24 19:17:00,2026-08-25,captured
pay_IIV54D0M,ORD_5991,346.48,6.93,1.25,338.3,setl_518,2026-08-25 07:43:00,2026-08-26,captured
pay_BY20RM73,ORD_5992,1877.1,37.54,6.76,1832.8,setl_518,2026-08-24 17:28:00,2026-08-25,captured
pay_2ABPT2AH,ORD_5993,664.7,13.29,2.39,649.02,setl_518,2026-08-24 23:14:00,2026-08-25,captured
pay_US3QLF4I,ORD_5994,182.68,3.65,0.66,178.37,setl_518,2026-08-24 20:16:00,2026-08-25,captured
pay_ESG12BE2,ORD_5995,407.58,8.15,1.47,397.96,setl_518,2026-08-24 23:37:00,2026-08-25,captured
pay_VG29KW1A,ORD_5996,1473.22,29.46,5.3,1438.46,setl_518,2026-08-25 05:54:00,2026-08-26,captured
pay_ME6F4O7V,ORD_5997,378.16,7.56,1.36,369.24,setl_519,2026-08-24 22:07:00,2026-08-25,captured
pay_0JJUPK5S,ORD_5998,1284.53,25.69,4.62,1254.22,setl_519,2026-08-25 02:12:00,2026-08-26,captured
pay_O7X55PCA,ORD_5999,1463.68,29.27,5.27,1429.14,setl_519,2026-08-25 05:55:00,2026-08-26,captured
pay_DB56EN6Q,ORD_6000,1526.29,30.53,5.5,1490.26,setl_519,2026-08-24 17:04:00,2026-08-25,captured
pay_2FJK8M8Q,ORD_6001,1760.52,35.21,6.34,1718.97,setl_519,2026-08-24 23:28:00,2026-08-25,captured
pay_2WWVRN86,ORD_6002,194.65,3.89,0.7,190.06,setl_519,2026-08-24 20:54:00,2026-08-25,captured
pay_FEAG9QHO,ORD_6003,162.34,3.25,0.58,158.51,setl_519,2026-08-24 17:34:00,2026-08-25,captured
pay_EW1E6JDV,ORD_6004,879.2,17.58,3.16,858.46,setl_519,2026-08-25 00:13:00,2026-08-26,captured
pay_CSOAAZDJ,ORD_6005,320.96,6.42,1.16,313.38,setl_519,2026-08-24 23:04:00,2026-08-25,captured
pay_HNB2ZF1Y,ORD_6006,370.84,7.42,1.34,362.08,setl_520,2026-08-24 20:20:00,2026-08-25,captured
pay_Y7SPTO82,ORD_6007,1456.11,29.12,5.24,1421.75,setl_520,2026-08-25 06:35:00,2026-08-26,captured
pay_S31JOYK0,ORD_6008,1499.39,29.99,5.4,1464.0,setl_520,2026-08-24 18:52:30,2026-08-25,captured
pay_KRNL1OS9,ORD_6008,1499.39,29.99,5.4,1464.0,setl_520,2026-08-24 18:52:00,2026-08-25,captured
pay_6F5A83UD,ORD_6009,1809.9,36.2,6.52,1767.18,setl_520,2026-08-24 19:49:00,2026-08-25,captured
pay_Q8EVOS8U,ORD_6010,457.01,9.14,1.65,446.22,setl_520,2026-08-24 22:57:00,2026-08-25,captured
pay_4MK8456M,ORD_6012,248.36,4.97,0.89,242.5,setl_520,2026-08-25 02:09:00,2026-08-26,captured
pay_72E828WN,ORD_6013,2467.37,49.35,8.88,2409.14,setl_520,2026-08-24 19:15:00,2026-08-25,captured
pay_LOBQZ847,ORD_6014,265.75,5.32,0.96,259.47,setl_520,2026-08-25 08:01:00,2026-08-26,captured
pay_FL8JPL2C,ORD_6015,359.76,7.2,1.3,351.26,setl_521,2026-08-25 07:02:00,2026-08-26,captured
pay_D1JGUOIQ,ORD_6016,1854.62,37.09,6.68,1810.85,setl_521,2026-08-24 22:30:00,2026-08-25,captured
pay_57C34FZ9,ORD_6017,1483.88,29.68,5.34,1448.86,setl_521,2026-08-24 23:57:00,2026-08-25,captured
pay_D71RKGIU,ORD_6018,1004.3,20.09,3.62,980.59,setl_521,2026-08-24 21:23:00,2026-08-25,captured
pay_RRH7BPE8,ORD_6019,446.71,8.93,1.61,436.17,setl_521,2026-08-24 23:15:00,2026-08-25,captured
pay_8F18J40U,ORD_6020,1475.77,29.52,5.31,1440.94,setl_521,2026-08-25 04:21:00,2026-08-26,captured
pay_RK3SX1TE,ORD_6021,896.88,17.94,3.23,875.71,setl_521,2026-08-25 03:13:00,2026-08-26,captured
pay_3OVQZFW3,ORD_6022,405.58,8.11,1.46,396.01,setl_521,2026-08-25 04:48:00,2026-08-26,captured
pay_EC68RKK6,ORD_6023,1210.99,24.22,4.36,1182.41,setl_522,2026-08-25 05:08:00,2026-08-26,captured
pay_EY0ERI41,ORD_6024,1272.02,25.44,4.58,1242.0,setl_522,2026-08-24 18:25:00,2026-08-25,captured
pay_USCB6RUX,ORD_6025,1490.62,29.81,5.37,1455.44,setl_522,2026-08-24 20:29:00,2026-08-25,captured
pay_N3OT5931,ORD_6026,1598.02,31.96,5.75,1560.31,setl_522,2026-08-25 01:08:00,2026-08-26,captured
pay_KCJWSO4H,ORD_6027,227.63,4.55,0.82,222.26,setl_522,2026-08-25 01:44:00,2026-08-26,captured
pay_GLG6P87I,ORD_6028,3547.89,70.96,12.77,3464.16,setl_522,2026-08-25 02:21:00,2026-08-26,captured
pay_396DF88T,ORD_6029,335.89,6.72,1.21,327.96,setl_522,2026-08-25 01:09:00,2026-08-26,captured
pay_8SM0V7CK,ORD_6030,951.39,19.03,3.43,928.93,setl_522,2026-08-24 23:22:00,2026-08-25,captured
pay_K3GMG5WA,ORD_6031,2547.57,50.95,9.17,2487.45,setl_522,2026-08-24 22:29:00,2026-08-25,captured
pay_R8GT5EGC,ORD_6032,312.57,6.25,1.12,305.2,setl_523,2026-08-24 23:27:00,2026-08-25,captured
pay_OM2Q2C07,ORD_6033,519.91,10.4,1.87,507.64,setl_523,2026-08-25 07:18:00,2026-08-26,captured
pay_9AD5Y2PV,ORD_6034,994.48,19.89,3.58,971.01,setl_523,2026-08-25 00:59:00,2026-08-26,captured
pay_A5GWMI5W,ORD_6035,1518.46,30.37,5.47,1482.62,setl_523,2026-08-25 02:56:00,2026-08-26,captured
pay_LCK8O8SE,ORD_6036,1492.32,29.85,5.37,1457.1,setl_523,2026-08-24 23:47:00,2026-08-25,captured
pay_2LX6EWKJ,ORD_6037,342.56,6.85,1.23,334.48,setl_523,2026-08-25 06:49:00,2026-08-26,captured
pay_8UH2MD7T,ORD_6038,395.12,7.9,1.42,385.8,setl_523,2026-08-25 05:28:00,2026-08-26,captured
pay_0JQ9Q7FA,ORD_6039,399.78,8.0,1.44,390.34,setl_523,2026-08-25 01:06:00,2026-08-26,captured
pay_98Y27BRT,ORD_6040,1346.65,26.93,4.85,1314.87,setl_523,2026-08-24 19:20:00,2026-08-25,captured
pay_F5FEKFB8,ORD_6041,1192.2,23.84,4.29,1164.07,setl_523,2026-08-25 03:31:00,2026-08-26,captured
pay_LW7LD7CE,ORD_6042,922.51,18.45,3.32,900.74,setl_524,2026-08-24 22:54:00,2026-08-25,captured
pay_U108YJPP,ORD_6043,1937.68,45.73,8.23,1883.72,setl_524,2026-08-25 00:14:00,2026-08-26,captured
pay_WB276QYV,ORD_6044,2959.13,59.18,10.65,2889.3,setl_524,2026-08-24 18:00:00,2026-08-25,captured
pay_76X6HJGN,ORD_6045,421.73,8.43,1.52,411.78,setl_524,2026-08-25 06:50:00,2026-08-26,captured
pay_V2FRGL26,ORD_6046,2983.48,59.67,10.74,2913.07,setl_524,2026-08-25 03:12:00,2026-08-26,captured
pay_3AI6PARQ,ORD_6047,228.96,4.58,0.82,223.56,setl_524,2026-08-24 18:34:00,2026-08-25,captured
pay_1J4VF28I,ORD_6048,3012.44,60.25,10.84,2941.35,setl_524,2026-08-25 06:36:00,2026-08-26,captured
pay_TAGAWPOH,ORD_6049,3537.95,70.76,12.74,3454.45,setl_524,2026-08-25 03:23:00,2026-08-26,captured
pay_EYREHKX6,ORD_6050,1017.79,20.36,3.66,993.77,setl_524,2026-08-25 03:40:00,2026-08-26,captured
pay_AQG53SRI,ORD_6051,3518.12,70.36,12.66,3435.1,setl_525,2026-08-25 00:44:00,2026-08-26,captured
pay_JTVIRO3N,ORD_6052,1487.28,29.75,5.35,1452.18,setl_525,2026-08-24 20:17:00,2026-08-25,captured
pay_Q1FE2RS4,ORD_6053,1499.19,29.98,5.4,1463.81,setl_525,2026-08-24 20:51:00,2026-08-25,captured
pay_4VDSSMG1,ORD_6054,1779.77,35.6,6.41,1737.76,setl_525,2026-08-24 18:44:00,2026-08-25,captured
pay_BZT0U1M8,ORD_6055,1511.7,30.23,5.44,1476.03,setl_525,2026-08-25 00:43:00,2026-08-26,captured
pay_EQCIUP9V,ORD_6056,937.5,18.75,3.38,915.37,setl_525,2026-08-24 22:18:00,2026-08-25,captured
pay_JDIFCW56,ORD_6057,850.2,17.0,3.06,830.14,setl_525,2026-08-24 18:10:00,2026-08-25,captured
pay_RAAWAKQD,ORD_6058,442.91,8.86,1.59,432.46,setl_525,2026-08-25 01:44:00,2026-08-26,captured
pay_PB7Z9JN3,ORD_6059,1460.69,29.21,5.26,1426.22,setl_525,2026-08-25 07:47:00,2026-08-26,captured
pay_UHQUSI3O,ORD_6060,352.64,7.05,1.27,344.32,setl_526,2026-08-25 07:13:00,2026-08-26,captured
pay_CQLUDKEZ,ORD_6061,1647.73,32.95,5.93,1608.85,setl_526,2026-08-25 06:52:00,2026-08-26,captured
pay_BHWG5742,ORD_6062,1030.38,20.61,3.71,1006.06,setl_526,2026-08-24 20:24:00,2026-08-25,captured
pay_8DM0IBZZ,ORD_6063,493.97,9.88,1.78,482.31,setl_526,2026-08-25 08:38:00,2026-08-26,captured
pay_96US5DSP,ORD_6064,737.77,14.76,2.66,720.35,setl_526,2026-08-25 08:00:00,2026-08-26,captured
pay_HK0VX3GE,ORD_6065,1513.95,30.28,5.45,1478.22,setl_526,2026-08-24 23:32:00,2026-08-25,captured
pay_E37TD542,ORD_6066,315.35,6.31,1.14,307.9,setl_526,2026-08-25 02:35:00,2026-08-26,captured
pay_HLY10VR2,ORD_6067,1173.38,23.47,4.22,1145.69,setl_526,2026-08-25 23:58:00,2026-08-27,captured
pay_74695IA2,ORD_6068,208.95,4.18,0.75,204.02,setl_527,2026-08-24 22:56:00,2026-08-25,captured
pay_9Z1XED6A,ORD_6069,1576.44,31.53,5.68,1539.23,setl_527,2026-08-25 01:03:00,2026-08-26,captured
pay_XFVUEAF8,ORD_6070,2976.66,59.53,10.72,2906.41,setl_527,2026-08-24 19:09:00,2026-08-25,captured
pay_209C3AW7,ORD_6071,1501.81,30.04,5.41,1466.36,setl_527,2026-08-24 17:08:00,2026-08-25,captured
pay_JCIGHDVV,ORD_6072,451.69,9.03,1.63,441.03,setl_527,2026-08-24 19:43:00,2026-08-25,captured
pay_4I6R81P0,ORD_6073,326.9,6.54,1.18,253.8,setl_527,2026-08-25 04:50:00,2026-08-26,captured
pay_P6FY6P0H,ORD_6074,938.55,18.77,3.38,916.4,setl_527,2026-08-25 00:37:00,2026-08-26,captured
pay_IK1B5F83,ORD_6075,1319.15,26.38,4.75,1288.02,setl_527,2026-08-25 01:57:00,2026-08-26,captured
pay_P8RRRZ1F,ORD_6076,492.15,9.84,1.77,480.54,setl_527,2026-08-25 05:46:00,2026-08-26,captured
pay_PJJHB0NA,ORD_6077,269.32,5.39,0.97,262.96,setl_528,2026-08-25 03:50:00,2026-08-26,captured
pay_F8S2HJKN,ORD_6078,1774.4,35.49,6.39,1732.52,setl_528,2026-08-25 00:08:00,2026-08-26,captured
pay_UT7KWAOO,ORD_6079,508.35,10.17,1.83,496.35,setl_528,2026-08-24 18:28:00,2026-08-25,captured
pay_DXFIB9SH,ORD_6080,189.8,3.8,0.68,185.32,setl_528,2026-08-24 19:25:00,2026-08-25,captured
pay_L15R433Y,ORD_6081,1947.62,38.95,7.01,1901.66,setl_528,2026-08-25 01:54:00,2026-08-26,captured
pay_J9AA9P9U,ORD_6082,3451.03,69.02,12.42,3369.59,setl_528,2026-08-25 08:40:00,2026-08-26,captured
pay_6VKEY4EO,ORD_6083,1308.72,26.17,4.71,1277.84,setl_528,2026-08-25 06:56:00,2026-08-26,captured
pay_VQ3IK5LP,ORD_6084,2509.69,50.19,9.03,2450.47,setl_528,2026-08-25 06:40:00,2026-08-26,captured
pay_L1YBYQKC,ORD_6085,996.37,19.93,3.59,972.85,setl_528,2026-08-24 23:47:30,2026-08-25,captured
pay_QT9B0LQC,ORD_6085,996.37,19.93,3.59,972.85,setl_528,2026-08-24 23:47:00,2026-08-25,captured
pay_ZFAYG9RX,ORD_6086,998.02,19.96,3.59,974.47,setl_528,2026-08-25 01:33:00,2026-08-26,captured
pay_R012X3NC,ORD_6087,743.73,14.87,2.68,726.18,setl_529,2026-08-25 05:46:00,2026-08-26,captured
pay_GFIE5D6K,ORD_6088,1021.02,20.42,3.68,996.92,setl_529,2026-08-25 07:16:00,2026-08-26,captured
pay_FLGW1BPZ,ORD_6090,3040.38,60.81,10.95,2968.62,setl_529,2026-08-24 19:11:00,2026-08-25,captured
pay_SRAZZXVK,ORD_6091,339.55,6.79,1.22,331.54,setl_529,2026-08-25 08:13:00,2026-08-26,captured
pay_IX0BFIPE,ORD_6092,1318.73,26.37,4.75,1287.61,setl_529,2026-08-25 01:29:00,2026-08-26,captured
pay_VW02IDT8,ORD_6093,1797.58,35.95,6.47,1755.16,setl_529,2026-08-24 23:11:00,2026-08-25,captured
pay_6FS87VEU,ORD_6094,714.17,14.28,2.57,697.32,setl_529,2026-08-25 04:08:00,2026-08-26,captured
pay_DXAM7WIC,ORD_6095,957.44,19.15,3.45,934.84,setl_529,2026-08-25 00:36:00,2026-08-26,captured
pay_0HQA5ZZ3,ORD_6096,971.19,19.42,3.5,948.27,setl_529,2026-08-25 03:42:00,2026-08-26,captured
pay_AGFNRI3Q,ORD_6097,512.59,10.25,1.84,500.5,setl_530,2026-08-25 02:56:00,2026-08-26,captured
pay_70DI3IF9,ORD_6098,729.32,14.59,2.63,712.1,setl_530,2026-08-24 18:25:00,2026-08-25,captured
pay_ZJHP4O2O,ORD_6099,1184.48,23.69,4.26,1156.53,setl_530,2026-08-25 00:16:00,2026-08-26,captured
pay_FL67G86W,ORD_6100,934.4,18.69,3.36,912.35,setl_530,2026-08-25 05:19:00,2026-08-26,captured
pay_P0ZVVZ2U,ORD_6101,268.01,5.36,0.96,261.69,setl_530,2026-08-25 01:18:00,2026-08-26,captured
pay_0C57TC13,ORD_6102,1449.41,28.99,5.22,1415.2,setl_530,2026-08-25 04:41:00,2026-08-26,captured
pay_1XH4CWUX,ORD_6103,356.5,7.13,1.28,348.09,setl_530,2026-08-25 04:47:00,2026-08-26,captured
pay_L8ZY8B3J,ORD_6104,214.08,4.28,0.77,209.03,setl_530,2026-08-25 03:01:00,2026-08-26,captured
pay_2U6YJZXY,ORD_6105,1561.22,36.84,6.63,1517.75,setl_530,2026-08-25 03:32:00,2026-08-26,captured
pay_WUOAGPUW,ORD_6106,1843.93,36.88,6.64,1800.41,setl_530,2026-08-25 06:17:00,2026-08-26,captured
pay_0WL0GT66,ORD_6107,2981.02,59.62,10.73,2910.67,setl_531,2026-08-25 05:19:00,2026-08-26,captured
pay_CXGPV5EP,ORD_6108,335.35,6.71,1.21,327.43,setl_531,2026-08-25 05:30:00,2026-08-26,captured
pay_OCMBZJC9,ORD_6109,3488.4,69.77,12.56,3406.07,setl_531,2026-08-24 22:13:00,2026-08-25,captured
pay_XWE7R4HN,ORD_6110,380.21,7.6,1.37,371.24,setl_531,2026-08-25 08:27:00,2026-08-26,captured
pay_BT42ZRTG,ORD_6111,245.57,4.91,0.88,239.78,setl_531,2026-08-25 01:54:00,2026-08-26,captured
pay_EVEIL3EQ,ORD_6112,223.93,4.48,0.81,218.64,setl_531,2026-08-24 19:52:00,2026-08-25,captured
pay_COENWH5J,ORD_6113,1024.25,20.48,3.69,1000.08,setl_531,2026-08-24 22:59:00,2026-08-25,captured
pay_HI5O54FX,ORD_6114,212.48,4.25,0.77,207.46,setl_531,2026-08-25 08:23:00,2026-08-26,captured
pay_EHER45VG,ORD_6115,2498.97,49.98,9.0,2439.99,setl_531,2026-08-24 17:13:00,2026-08-25,captured
pay_N76S20EU,ORD_6116,1859.34,37.19,6.69,1815.46,setl_532,2026-08-25 03:33:00,2026-08-26,captured
pay_92AQV2KN,ORD_6117,469.24,9.38,1.69,458.17,setl_532,2026-08-24 17:25:00,2026-08-25,captured
pay_MW4QIMYJ,ORD_6118,498.79,9.98,1.8,487.01,setl_532,2026-08-24 20:40:00,2026-08-25,captured
pay_6XY09HZ5,ORD_6119,1947.05,38.94,7.01,1901.1,setl_532,2026-08-25 01:00:00,2026-08-26,captured
pay_I0WF6RD6,ORD_6120,1924.08,38.48,6.93,1878.67,setl_532,2026-08-25 02:58:00,2026-08-26,captured
pay_T9832YNV,ORD_6121,3449.48,68.99,12.42,3368.07,setl_532,2026-08-25 05:19:00,2026-08-26,captured
pay_1BDSHC98,ORD_6122,2484.67,49.69,8.94,2426.04,setl_532,2026-08-24 20:13:00,2026-08-25,captured
pay_OMMW4GH8,ORD_6123,527.64,10.55,1.9,515.19,setl_532,2026-08-25 23:59:00,2026-08-27,captured
pay_EWTFMSJB,ORD_6124,1546.26,30.93,5.57,1509.76,setl_532,2026-08-24 17:41:00,2026-08-25,captured
pay_X00YDKLY,ORD_6125,916.13,18.32,3.3,894.51,setl_533,2026-08-24 17:23:00,2026-08-25,captured
pay_6MU2OKJL,ORD_6126,2459.9,49.2,8.86,2401.84,setl_533,2026-08-25 05:46:00,2026-08-26,captured
pay_Y474MRFN,ORD_6127,3464.86,69.3,12.47,3383.09,setl_533,2026-08-25 06:37:00,2026-08-26,captured
pay_KVR5PEGE,ORD_6128,1487.35,29.75,5.35,1452.25,setl_533,2026-08-24 21:32:00,2026-08-25,captured
pay_XP40DYGN,ORD_6129,423.77,8.48,1.53,413.76,setl_533,2026-08-25 03:25:00,2026-08-26,captured
pay_HG939UG5,ORD_6130,736.98,14.74,2.65,719.59,setl_533,2026-08-25 05:13:00,2026-08-26,captured
pay_M19QEMDC,ORD_6131,3496.63,69.93,12.59,3414.11,setl_533,2026-08-25 00:00:00,2026-08-25,captured
pay_94UJX9TK,ORD_6132,2523.08,50.46,9.08,2463.54,setl_533,2026-08-24 17:31:00,2026-08-25,captured
pay_JD85KOG3,ORD_6133,707.54,14.15,2.55,690.84,setl_534,2026-08-25 00:41:00,2026-08-26,captured
pay_ZA84QAMZ,ORD_6134,2986.53,59.73,10.75,2916.05,setl_534,2026-08-25 07:46:00,2026-08-26,captured
pay_N0JR4Y6E,ORD_6135,1280.56,25.61,4.61,1250.34,setl_534,2026-08-25 06:03:00,2026-08-26,captured
pay_O5MJWM1W,ORD_6136,1804.59,36.09,6.5,1762.0,setl_534,2026-08-25 00:27:00,2026-08-26,captured
pay_RPJ0PPKJ,ORD_6137,1855.14,37.1,6.68,1811.36,setl_534,2026-08-25 02:31:00,2026-08-26,captured
pay_XPAAKH0I,ORD_6138,1488.45,29.77,5.36,1453.32,setl_534,2026-08-25 03:55:00,2026-08-26,captured
pay_WA6Y1NAX,ORD_6139,849.19,16.98,3.06,829.15,setl_534,2026-08-25 08:06:00,2026-08-26,captured
pay_1FDFEHC8,ORD_6140,377.08,7.54,1.36,368.18,setl_534,2026-08-24 21:33:00,2026-08-25,captured
pay_5MG9D80A,ORD_6141,2454.48,49.09,8.84,2196.55,setl_534,2026-08-24 18:38:00,2026-08-25,captured
pay_YSCSW9EB,ORD_6142,1612.26,32.25,5.8,1574.21,setl_535,2026-08-25 07:20:00,2026-08-26,captured
pay_41F92P2F,ORD_6143,202.6,4.05,0.73,197.82,setl_535,2026-08-24 21:57:00,2026-08-25,captured
pay_CA8DQE32,ORD_6144,317.94,6.36,1.14,310.44,setl_535,2026-08-25 02:59:00,2026-08-26,captured
pay_V158DNBC,ORD_6145,370.48,7.41,1.33,361.74,setl_535,2026-08-25 07:11:00,2026-08-26,captured
pay_PM9OTT0T,ORD_6146,399.29,7.99,1.44,389.86,setl_535,2026-08-25 04:07:00,2026-08-26,captured
pay_A83Z7257,ORD_6147,226.07,4.52,0.81,220.74,setl_535,2026-08-25 07:28:00,2026-08-26,captured
pay_R2RJEPZD,ORD_6148,650.7,13.01,2.34,635.35,setl_535,2026-08-24 22:11:00,2026-08-25,captured
pay_3SATVUAD,ORD_6149,1785.01,35.7,6.43,1742.88,setl_535,2026-08-25 02:27:00,2026-08-26,captured
pay_VBZUJ1IA,ORD_6150,2966.06,59.32,10.68,2896.06,setl_536,2026-08-24 18:01:00,2026-08-25,captured
pay_4467Q3VB,ORD_6151,1452.64,29.05,5.23,1418.36,setl_536,2026-08-24 17:32:00,2026-08-25,captured
pay_GJO1K3HW,ORD_6152,304.5,6.09,1.1,297.31,setl_536,2026-08-24 22:43:00,2026-08-25,captured
pay_9SA4EJHF,ORD_6153,167.06,3.34,0.6,163.12,setl_536,2026-08-25 08:36:00,2026-08-26,captured
pay_H16W1EQG,ORD_6154,1165.85,23.32,4.2,1138.33,setl_536,2026-08-24 18:09:00,2026-08-25,captured
pay_DRLEQTIM,ORD_6155,1559.04,31.18,5.61,1522.25,setl_536,2026-08-25 02:16:00,2026-08-26,captured
pay_ZOBSHO8R,ORD_6156,1541.57,30.83,5.55,1505.19,setl_536,2026-08-25 01:21:00,2026-08-26,captured
pay_QCTPVNBN,ORD_6157,3513.4,70.27,12.65,3430.48,setl_536,2026-08-24 20:58:00,2026-08-25,captured
pay_2KBQ44C9,ORD_6158,2963.56,59.27,10.67,2893.62,setl_537,2026-08-25 05:49:00,2026-08-26,captured
pay_DIJ6VRUF,ORD_6159,173.5,3.47,0.62,169.41,setl_537,2026-08-24 19:16:00,2026-08-25,captured
pay_TNY89V8V,ORD_6160,1459.2,29.18,5.25,1424.77,setl_537,2026-08-24 18:32:30,2026-08-25,captured
pay_YGVYE4P4,ORD_6160,1459.2,29.18,5.25,1424.77,setl_537,2026-08-24 18:32:00,2026-08-25,captured
pay_8SFJ2ZEX,ORD_6161,1628.79,32.58,5.86,1590.35,setl_537,2026-08-25 00:20:00,2026-08-26,captured
pay_LB30W8R1,ORD_6162,1502.22,30.04,5.41,1466.77,setl_537,2026-08-25 03:02:00,2026-08-26,captured
pay_PAKXASOG,ORD_6163,918.78,18.38,3.31,897.09,setl_537,2026-08-24 17:47:00,2026-08-25,captured
pay_BQQGU407,ORD_6164,1628.07,32.56,5.86,1589.65,setl_537,2026-08-24 21:11:00,2026-08-25,captured
pay_O2UCCVNL,ORD_6165,423.38,8.47,1.52,413.39,setl_537,2026-08-25 00:01:00,2026-08-26,captured
pay_KTQ4OHZ0,ORD_6166,656.75,13.13,2.36,641.26,setl_538,2026-08-24 17:57:00,2026-08-25,captured
pay_PDEOMBW6,ORD_6167,895.51,17.91,3.22,874.38,setl_538,2026-08-24 18:01:00,2026-08-25,captured
pay_5KECGXHU,ORD_6168,459.2,9.18,1.65,448.37,setl_538,2026-08-24 17:19:00,2026-08-25,captured
pay_NUDM0R9U,ORD_6169,1279.99,25.6,4.61,1249.78,setl_538,2026-08-24 21:09:00,2026-08-25,captured
pay_V9C5WNTJ,ORD_6171,2514.37,50.29,9.05,2455.03,setl_538,2026-08-25 00:56:00,2026-08-26,captured
pay_DCY03LT2,ORD_6172,1330.12,26.6,4.79,1298.73,setl_538,2026-08-24 22:43:00,2026-08-25,captured
pay_Y50T0GDM,ORD_6173,1758.36,35.17,6.33,1716.86,setl_538,2026-08-24 20:11:00,2026-08-25,captured
pay_HDLZX5G6,ORD_6174,3013.51,60.27,10.85,2942.39,setl_538,2026-08-25 03:00:00,2026-08-26,captured
pay_9SXDA0BT,ORD_6175,219.82,4.4,0.79,214.63,setl_538,2026-08-24 22:12:00,2026-08-25,captured
pay_YCWQI1HV,ORD_6176,1520.04,30.4,5.47,1484.17,setl_538,2026-08-24 18:52:00,2026-08-25,captured
pay_NL9KHP6V,ORD_6177,922.78,18.46,3.32,901.0,setl_539,2026-08-25 07:18:00,2026-08-26,captured
pay_KDJLHR1E,ORD_6178,977.77,19.56,3.52,954.69,setl_539,2026-08-24 18:01:00,2026-08-25,captured
pay_AGBP9GXV,ORD_6179,920.85,18.42,3.32,899.11,setl_539,2026-08-25 00:52:00,2026-08-26,captured
pay_D1NVP77H,ORD_6180,1786.7,35.73,6.43,1744.54,setl_539,2026-08-25 00:52:00,2026-08-26,captured
pay_QMH224YL,ORD_6181,2480.63,49.61,8.93,2422.09,setl_539,2026-08-24 17:44:00,2026-08-25,captured
pay_21Z3WKWM,ORD_6182,866.82,17.34,3.12,846.36,setl_539,2026-08-24 17:53:00,2026-08-25,captured
pay_CBT3ZTMB,ORD_6183,262.91,5.26,0.95,256.7,setl_539,2026-08-24 19:51:00,2026-08-25,captured
pay_3Z5A0KM6,ORD_6184,1009.12,20.18,3.63,985.31,setl_539,2026-08-25 00:25:00,2026-08-26,captured
pay_RLRARV0G,ORD_6185,400.12,8.0,1.44,390.68,setl_539,2026-08-24 21:52:00,2026-08-25,captured
pay_UNBOKYLU,ORD_6186,1542.28,36.4,6.55,1499.33,setl_539,2026-08-25 07:27:00,2026-08-26,captured
pay_I5KW939P,ORD_6187,1483.83,29.68,5.34,1448.81,setl_540,2026-08-25 04:07:00,2026-08-26,captured
pay_16MU797T,ORD_6188,1151.62,23.03,4.15,1124.44,setl_540,2026-08-25 03:28:00,2026-08-26,captured
pay_9L879DE6,ORD_6189,1233.11,24.66,4.44,1204.01,setl_540,2026-08-25 02:50:00,2026-08-26,captured
pay_P2TG7MXA,ORD_6190,2541.36,50.83,9.15,2481.38,setl_540,2026-08-24 20:26:00,2026-08-25,captured
pay_U1O9HWFO,ORD_6191,1906.11,38.12,6.86,1861.13,setl_540,2026-08-24 23:10:00,2026-08-25,captured
pay_PZ2DS95E,ORD_6192,1826.34,36.53,6.58,1783.23,setl_540,2026-08-25 05:10:00,2026-08-26,captured
pay_8VIPXA07,ORD_6193,3003.48,60.07,10.81,2932.6,setl_540,2026-08-25 02:04:00,2026-08-26,captured
pay_6ULJFA7N,ORD_6194,1510.03,30.2,5.44,1474.39,setl_540,2026-08-25 03:34:00,2026-08-26,captured
pay_MOI38DYW,ORD_6195,2994.41,59.89,10.78,2923.74,setl_540,2026-08-25 05:05:00,2026-08-26,captured
pay_GSN11VRU,ORD_6196,3017.45,60.35,10.86,2946.24,setl_540,2026-08-24 23:58:00,2026-08-26,captured
pay_DVEF23NR,ORD_6197,501.23,10.02,1.8,389.16,setl_541,2026-08-24 22:37:00,2026-08-25,captured
pay_S3L38Z9Q,ORD_6198,1825.79,36.52,6.57,1782.7,setl_541,2026-08-25 06:32:00,2026-08-26,captured
pay_RYF2S5YY,ORD_6199,2541.21,50.82,9.15,2481.24,setl_541,2026-08-24 22:38:00,2026-08-25,captured
pay_RGUQGTUM,ORD_6200,1484.75,29.7,5.35,1449.7,setl_541,2026-08-25 04:31:00,2026-08-26,captured
pay_6VSCHC78,ORD_6201,982.23,19.64,3.54,959.05,setl_541,2026-08-24 19:20:00,2026-08-25,captured
pay_9ILS71NT,ORD_6202,1759.28,35.19,6.33,1717.76,setl_541,2026-08-25 00:09:00,2026-08-26,captured
pay_DKNC4PQL,ORD_6203,2505.17,50.1,9.02,2446.05,setl_541,2026-08-25 08:11:00,2026-08-26,captured
pay_X5E4YWZS,ORD_6204,465.82,9.32,1.68,454.82,setl_541,2026-08-24 20:57:00,2026-08-25,captured
pay_JXN69K5T,ORD_6205,1214.46,24.29,4.37,1185.8,setl_542,2026-08-25 00:21:00,2026-08-26,captured
pay_AR2ZSIN4,ORD_6206,2949.97,59.0,10.62,2880.35,setl_542,2026-08-25 06:04:00,2026-08-26,captured
pay_SR9G36JO,ORD_6207,407.25,8.14,1.47,397.64,setl_542,2026-08-25 06:25:00,2026-08-26,captured
pay_PQIX31DC,ORD_6208,3520.04,70.4,12.67,3436.97,setl_542,2026-08-24 23:31:30,2026-08-25,captured
pay_S6WPBNGZ,ORD_6208,3520.04,70.4,12.67,3436.97,setl_542,2026-08-24 23:31:00,2026-08-25,captured
pay_R1MRKGMX,ORD_6209,1310.92,26.22,4.72,1279.98,setl_542,2026-08-25 01:57:00,2026-08-26,captured
pay_PAOCEWAN,ORD_6210,3037.19,60.74,10.93,2965.52,setl_542,2026-08-24 19:35:00,2026-08-25,captured
pay_2FFOWOZM,ORD_6211,3497.0,69.94,12.59,3414.47,setl_542,2026-08-24 18:38:00,2026-08-25,captured
pay_ZVKFMVEF,ORD_6212,302.58,6.05,1.09,295.44,setl_542,2026-08-25 01:50:00,2026-08-26,captured
pay_3685MHN7,ORD_6213,1513.3,30.27,5.45,1477.58,setl_542,2026-08-24 21:05:00,2026-08-25,captured
pay_Q3LDP5FK,ORD_6214,417.86,8.36,1.5,408.0,setl_542,2026-08-24 18:10:00,2026-08-25,captured
pay_P1UI8DYN,ORD_6215,1900.46,38.01,6.84,1855.61,setl_543,2026-08-25 01:31:00,2026-08-26,captured
pay_Y7LBDK5A,ORD_6216,452.48,9.05,1.63,441.8,setl_543,2026-08-24 19:59:00,2026-08-25,captured
pay_QVDWSPCE,ORD_6217,535.04,10.7,1.93,522.41,setl_543,2026-08-24 23:43:00,2026-08-25,captured
pay_DBPXWZNU,ORD_6218,2470.02,49.4,8.89,2411.73,setl_543,2026-08-25 03:29:00,2026-08-26,captured
pay_IAKBZM3V,ORD_6219,1018.33,20.37,3.67,994.29,setl_543,2026-08-24 21:58:00,2026-08-25,captured
pay_FEML31X0,ORD_6221,1907.2,38.14,6.87,1862.19,setl_543,2026-08-24 21:46:00,2026-08-25,captured
pay_XM96IUWM,ORD_6222,499.47,9.99,1.8,487.68,setl_543,2026-08-25 08:32:00,2026-08-26,captured
pay_ITPVNJWR,ORD_6223,1947.42,38.95,7.01,1901.46,setl_543,2026-08-24 22:55:00,2026-08-25,captured
pay_TGI0BEBS,ORD_6224,385.33,7.71,1.39,376.23,setl_543,2026-08-25 04:17:00,2026-08-26,captured
pay_9FRFFM97,ORD_6225,389.31,7.79,1.4,380.12,setl_543,2026-08-25 02:59:00,2026-08-26,captured
pay_EILUF3H9,ORD_6226,2536.86,50.74,9.13,2476.99,setl_543,2026-08-24 19:05:00,2026-08-25,captured
pay_RI2XFLZK,ORD_6227,473.27,9.47,1.7,462.1,setl_543,2026-08-25 01:27:00,2026-08-26,captured
pay_RTQ657SN,ORD_6228,3456.39,69.13,12.44,3374.82,setl_544,2026-08-25 01:56:00,2026-08-26,captured
pay_QCSPD7XA,ORD_6229,180.31,3.61,0.65,176.05,setl_544,2026-08-25 03:14:00,2026-08-26,captured
pay_4R8QGOEW,ORD_6230,538.97,10.78,1.94,526.25,setl_544,2026-08-25 03:44:00,2026-08-26,captured
pay_ZBFSZZX0,ORD_6231,1336.79,26.74,4.81,1305.24,setl_544,2026-08-25 00:28:00,2026-08-26,captured
pay_Q8G4BUES,ORD_6232,2456.07,49.12,8.84,2398.11,setl_544,2026-08-25 05:41:00,2026-08-26,captured
pay_IAVPTS12,ORD_6233,260.33,5.21,0.94,254.18,setl_544,2026-08-24 21:48:00,2026-08-25,captured
pay_G7EOG9TQ,ORD_6234,1307.59,26.15,4.71,1276.73,setl_544,2026-08-25 00:09:00,2026-08-26,captured
pay_H2E8098I,ORD_6235,677.43,15.99,2.88,658.56,setl_544,2026-08-25 04:29:00,2026-08-26,captured
pay_K33MUH4Z,ORD_6236,336.05,6.72,1.21,328.12,setl_544,2026-08-25 03:03:00,2026-08-26,captured
pay_V5X6UM60,ORD_6237,2968.6,59.37,10.69,2898.54,setl_544,2026-08-25 00:24:00,2026-08-26,captured
pay_D7X5GYQB,ORD_6238,1555.79,31.12,5.6,1519.07,setl_545,2026-08-24 19:26:00,2026-08-25,captured
pay_H7VSPZ9Y,ORD_6239,391.93,7.84,1.41,382.68,setl_545,2026-08-24 23:58:00,2026-08-26,captured
pay_XX843PAQ,ORD_6240,308.49,6.17,1.11,301.21,setl_545,2026-08-24 21:33:00,2026-08-25,captured
pay_6BRIXYWZ,ORD_6241,177.86,3.56,0.64,173.66,setl_545,2026-08-24 21:49:00,2026-08-25,captured
pay_SPY5ME95,ORD_6242,1466.49,29.33,5.28,1431.88,setl_545,2026-08-25 03:08:00,2026-08-26,captured
pay_86KORNLA,ORD_6243,490.28,9.81,1.77,380.64,setl_545,2026-08-25 07:22:00,2026-08-26,captured
pay_EJFLAT09,ORD_6244,364.69,7.29,1.31,356.09,setl_545,2026-08-25 01:17:00,2026-08-26,captured
pay_46YP8NJG,ORD_6245,979.63,19.59,3.53,956.51,setl_545,2026-08-25 01:31:00,2026-08-26,captured
pay_ZPGR0061,ORD_6246,347.29,6.95,1.25,339.09,setl_545,2026-08-24 17:43:00,2026-08-25,captured
pay_71FDTQ5D,ORD_6247,344.61,6.89,1.24,336.48,setl_546,2026-08-25 07:44:00,2026-08-26,captured
pay_6P5ZX7MN,ORD_6248,732.62,14.65,2.64,715.33,setl_546,2026-08-24 18:15:00,2026-08-25,captured
pay_WDPCSUFI,ORD_6249,1504.01,30.08,5.41,1468.52,setl_546,2026-08-25 04:56:00,2026-08-26,captured
pay_IJPISTAT,ORD_6250,961.07,19.22,3.46,938.39,setl_546,2026-08-24 20:06:00,2026-08-25,captured
pay_4ZPB1DP6,ORD_6251,2458.19,49.16,8.85,2400.18,setl_546,2026-08-25 08:51:00,2026-08-26,captured
pay_JNQV55Y5,ORD_6252,1243.04,24.86,4.47,1213.71,setl_546,2026-08-24 19:06:00,2026-08-25,captured
pay_2RN9JJDL,ORD_6253,2459.13,49.18,8.85,2401.1,setl_546,2026-08-25 01:02:00,2026-08-26,captured
pay_7XDX0JYD,ORD_6254,460.4,9.21,1.66,449.53,setl_546,2026-08-24 23:03:00,2026-08-25,captured
pay_GW0Z69IZ,ORD_6255,399.43,7.99,1.44,390.0,setl_547,2026-08-25 03:05:00,2026-08-26,captured
pay_5P9C238L,ORD_6256,1497.94,29.96,5.39,1462.59,setl_547,2026-08-25 08:30:30,2026-08-26,captured
pay_M8MQ1F6Y,ORD_6256,1497.94,29.96,5.39,1462.59,setl_547,2026-08-25 08:30:00,2026-08-26,captured
pay_U9POT7U4,ORD_6257,1524.63,30.49,5.49,1488.65,setl_547,2026-08-25 08:12:00,2026-08-26,captured
pay_6GAYOJO9,ORD_6258,459.59,9.19,1.65,448.75,setl_547,2026-08-24 20:49:00,2026-08-25,captured
pay_3GYRM66L,ORD_6259,405.76,8.12,1.46,396.18,setl_547,2026-08-24 18:25:00,2026-08-25,captured
pay_PXRTUWM6,ORD_6260,3544.62,70.89,12.76,3460.97,setl_547,2026-08-24 20:22:00,2026-08-25,captured
pay_E7Y68UCK,ORD_6261,1897.48,37.95,6.83,1852.7,setl_547,2026-08-25 01:33:00,2026-08-26,captured
pay_EJSX0913,ORD_6262,534.67,10.69,1.92,522.06,setl_547,2026-08-24 22:47:00,2026-08-25,captured
pay_D2NK6T27,ORD_6263,211.82,4.24,0.76,206.82,setl_547,2026-08-25 03:37:00,2026-08-26,captured
pay_HZGE57KV,ORD_6264,1751.34,35.03,6.31,1710.0,setl_547,2026-08-25 06:37:00,2026-08-26,captured
pay_Z99JSEH3,ORD_6265,487.76,9.76,1.76,476.24,setl_548,2026-08-25 08:05:00,2026-08-26,captured
pay_SF644R3Z,ORD_6266,516.38,10.33,1.86,504.19,setl_548,2026-08-25 08:15:00,2026-08-26,captured
pay_IERIOVTN,ORD_6268,1339.44,26.79,4.82,1307.83,setl_548,2026-08-25 04:32:00,2026-08-26,captured
pay_0TFVX8OC,ORD_6269,2971.06,59.42,10.7,2900.94,setl_548,2026-08-25 01:20:00,2026-08-26,captured
pay_YBNLCTOU,ORD_6270,659.8,13.2,2.38,644.22,setl_548,2026-08-24 23:01:00,2026-08-25,captured
pay_06Y9DT3I,ORD_6271,201.11,4.02,0.72,196.37,setl_548,2026-08-25 07:25:00,2026-08-26,captured
pay_IWF9THOD,ORD_6272,523.57,10.47,1.88,511.22,setl_548,2026-08-24 19:24:00,2026-08-25,captured
pay_994V3CK3,ORD_6273,1763.2,35.26,6.35,1721.59,setl_548,2026-08-25 02:32:00,2026-08-26,captured
pay_T33RXDT5,ORD_6274,855.36,17.11,3.08,835.17,setl_548,2026-08-25 06:16:00,2026-08-26,captured
pay_X4AYO9WB,ORD_6275,1259.8,25.2,4.54,1230.06,setl_548,2026-08-25 04:14:00,2026-08-26,captured
pay_1PGACQK4,ORD_6276,313.25,6.27,1.13,305.85,setl_549,2026-08-24 23:41:00,2026-08-25,captured
pay_M2R1MYGY,ORD_6277,420.99,8.42,1.52,411.05,setl_549,2026-08-24 19:46:00,2026-08-25,captured
pay_VJY4KSTK,ORD_6278,248.39,4.97,0.89,242.53,setl_549,2026-08-25 00:02:00,2026-08-26,captured
pay_FR5CXAJR,ORD_6279,413.08,8.26,1.49,403.33,setl_549,2026-08-25 04:30:00,2026-08-26,captured
pay_3TAAD2C4,ORD_6280,295.77,5.92,1.07,288.78,setl_549,2026-08-24 18:38:00,2026-08-25,captured
pay_TPI9ITJ1,ORD_6281,1899.46,37.99,6.84,1854.63,setl_549,2026-08-24 21:05:00,2026-08-25,captured
pay_59UB9ZO5,ORD_6282,1184.78,23.7,4.27,1156.81,setl_549,2026-08-24 22:42:00,2026-08-25,captured
pay_IK9PWKWX,ORD_6283,1495.31,29.91,5.38,1460.02,setl_549,2026-08-25 07:50:00,2026-08-26,captured
pay_MJSZZ4LE,ORD_6284,1639.9,32.8,5.9,1601.2,setl_549,2026-08-24 17:15:00,2026-08-25,captured
pay_Q45SOX93,ORD_6285,952.77,19.06,3.43,930.28,setl_549,2026-08-24 18:16:00,2026-08-25,captured
pay_8V9WY6I8,ORD_6286,1639.04,32.78,5.9,1600.36,setl_549,2026-08-24 22:42:00,2026-08-25,captured
pay_IHBEI3ZY,ORD_6287,1208.82,24.18,4.35,1180.29,setl_550,2026-08-25 08:06:00,2026-08-26,captured
pay_07XT2C5X,ORD_6288,2988.65,70.53,12.7,2905.42,setl_550,2026-08-25 09:00:00,2026-08-26,captured
pay_N1FEQJBX,ORD_6289,375.7,7.51,1.35,366.84,setl_550,2026-08-24 18:24:00,2026-08-25,captured
pay_7CPM93UP,ORD_6290,2539.18,50.78,9.14,2479.26,setl_550,2026-08-25 07:11:00,2026-08-26,captured
pay_UIN9L775,ORD_6291,875.37,17.51,3.15,854.71,setl_550,2026-08-25 06:22:00,2026-08-26,captured
pay_N7UGD6B1,ORD_6292,1317.97,26.36,4.74,1286.87,setl_550,2026-08-24 18:57:00,2026-08-25,captured
pay_GCUCA57F,ORD_6293,1175.21,23.5,4.23,1147.48,setl_550,2026-08-24 20:02:00,2026-08-25,captured
pay_77IFH9XB,ORD_6294,1542.3,30.85,5.55,1505.9,setl_550,2026-08-24 23:59:00,2026-08-26,captured
pay_FAOEJRKT,ORD_6295,330.02,6.6,1.19,322.23,setl_551,2026-08-25 03:11:00,2026-08-26,captured
pay_YVW8V5GO,ORD_6296,489.1,9.78,1.76,477.56,setl_551,2026-08-24 22:20:00,2026-08-25,captured
pay_G4611Z9E,ORD_6297,1851.17,37.02,6.66,1807.49,setl_551,2026-08-25 03:07:00,2026-08-26,captured
pay_HSZRLPB0,ORD_6298,1831.03,36.62,6.59,1787.82,setl_551,2026-08-25 08:13:00,2026-08-26,captured
pay_MKFA2LW8,ORD_6299,3475.66,69.51,12.51,3393.64,setl_551,2026-08-24 19:03:00,2026-08-25,captured
pay_6GQBWL11,ORD_6300,347.8,6.96,1.25,339.59,setl_551,2026-08-25 00:53:00,2026-08-26,captured
pay_H5IN6P4G,ORD_6301,672.79,13.46,2.42,656.91,setl_551,2026-08-25 03:18:00,2026-08-26,captured
pay_9WWL1J1K,ORD_6302,3455.76,69.12,12.44,3374.2,setl_551,2026-08-25 07:15:00,2026-08-26,captured
pay_XS8X10IW,ORD_6303,965.64,19.31,3.48,942.85,setl_552,2026-08-25 08:17:00,2026-08-26,captured
pay_A9GEZ551,ORD_6304,1319.15,26.38,4.75,1288.02,setl_552,2026-08-25 03:19:00,2026-08-26,captured
pay_R8ALBFGA,ORD_6305,3528.52,70.57,12.7,3445.25,setl_552,2026-08-25 04:08:00,2026-08-26,captured
pay_HADCBUGU,ORD_6306,2534.51,50.69,9.12,2474.7,setl_552,2026-08-24 18:01:00,2026-08-25,captured
pay_4TSM6DS4,ORD_6307,926.29,18.53,3.34,904.42,setl_552,2026-08-24 23:59:00,2026-08-25,captured
pay_GKFMYN6S,ORD_6308,977.55,19.55,3.52,954.48,setl_552,2026-08-24 19:59:00,2026-08-25,captured
pay_F870BTHE,ORD_6309,1896.82,37.94,6.83,1652.05,setl_552,2026-08-24 19:23:00,2026-08-25,captured
pay_6LJVHJFK,ORD_6310,1195.95,23.92,4.31,1167.72,setl_552,2026-08-25 05:04:00,2026-08-26,captured
pay_SF64ADK2,ORD_6311,404.81,8.1,1.46,395.25,setl_552,2026-08-24 22:41:00,2026-08-25,captured
pay_00QBZAJ8,ORD_6312,3045.32,60.91,10.96,2973.45,setl_553,2026-08-24 18:42:00,2026-08-25,captured
pay_4H1RCET3,ORD_6313,441.57,8.83,1.59,431.15,setl_553,2026-08-24 17:26:00,2026-08-25,captured
pay_XEDK0I0U,ORD_6314,1242.73,24.85,4.47,1213.41,setl_553,2026-08-24 22:48:00,2026-08-25,captured
pay_XMRTRTXD,ORD_6315,1195.43,23.91,4.3,1167.22,setl_553,2026-08-24 20:48:00,2026-08-25,captured
pay_3HOJWXUQ,ORD_6316,1561.74,31.23,5.62,1524.89,setl_553,2026-08-24 22:25:00,2026-08-25,captured
pay_5J7B0JWI,ORD_6317,1880.96,37.62,6.77,1836.57,setl_553,2026-08-24 21:40:00,2026-08-25,captured
pay_1906P4DB,ORD_6318,1504.38,30.09,5.42,1468.87,setl_553,2026-08-24 17:04:00,2026-08-25,captured
pay_8V48UYFO,ORD_6319,235.54,4.71,0.85,229.98,setl_553,2026-08-24 18:44:00,2026-08-25,captured
pay_L2SLXYMM,ORD_6320,372.16,7.44,1.34,363.38,setl_553,2026-08-25 03:54:00,2026-08-26,captured
pay_H02C0CME,ORD_6321,3451.93,69.04,12.43,3370.46,setl_553,2026-08-24 20:53:00,2026-08-25,captured
pay_J18VG7OC,ORD_6322,2482.4,49.65,8.94,2423.81,setl_554,2026-08-25 03:08:00,2026-08-26,captured
pay_QPNG7X0A,ORD_6323,726.39,14.53,2.62,709.24,setl_554,2026-08-24 20:22:00,2026-08-25,captured
pay_EAEAKMFK,ORD_6324,1917.62,38.35,6.9,1872.37,setl_554,2026-08-25 01:26:00,2026-08-26,captured
pay_NDBW275H,ORD_6325,410.77,8.22,1.48,401.07,setl_554,2026-08-25 03:07:00,2026-08-26,captured
pay_QQ9IQHD6,ORD_6326,883.67,17.67,3.18,862.82,setl_554,2026-08-24 19:06:00,2026-08-25,captured
pay_CPNP8PFZ,ORD_6327,212.92,4.26,0.77,207.89,setl_554,2026-08-25 07:05:00,2026-08-26,captured
pay_ZYP8CU58,ORD_6328,1501.39,30.03,5.41,1465.95,setl_554,2026-08-25 04:40:00,2026-08-26,captured
pay_GYXVD2DH,ORD_6329,1930.12,38.6,6.95,1884.57,setl_554,2026-08-24 22:51:00,2026-08-25,captured
pay_H94ALMX5,ORD_6330,226.88,4.54,0.82,221.52,setl_554,2026-08-24 19:26:00,2026-08-25,captured
pay_NT0YT2ID,ORD_6331,2524.37,50.49,9.09,2464.79,setl_555,2026-08-25 03:05:00,2026-08-26,captured
pay_T6JC1F52,ORD_6332,418.8,8.38,1.51,408.91,setl_555,2026-08-25 06:35:00,2026-08-26,captured
pay_9L6OAFAZ,ORD_6333,2987.21,59.74,10.75,2916.72,setl_555,2026-08-24 20:36:00,2026-08-25,captured
pay_EVZS1ZDF,ORD_6334,1851.15,37.02,6.66,1807.47,setl_555,2026-08-24 20:24:00,2026-08-25,captured
pay_Y6ZHAFOI,ORD_6335,358.04,7.16,1.29,349.59,setl_555,2026-08-24 19:14:00,2026-08-25,captured
pay_0B69835A,ORD_6336,1808.66,36.17,6.51,1765.98,setl_555,2026-08-24 20:12:00,2026-08-25,captured
pay_KBA2N2YH,ORD_6337,221.93,4.44,0.8,216.69,setl_555,2026-08-25 06:37:00,2026-08-26,captured
pay_O5Q5IGEG,ORD_6338,1452.86,29.06,5.23,1418.57,setl_555,2026-08-25 08:23:00,2026-08-26,captured
pay_LR0AC3VM,ORD_6339,222.53,4.45,0.8,217.28,setl_555,2026-08-25 01:31:00,2026-08-26,captured
pay_CTF72X8O,ORD_6340,205.93,4.12,0.74,201.07,setl_556,2026-08-25 06:08:00,2026-08-26,captured
pay_PN4QFOYA,ORD_6341,1225.62,24.51,4.41,1196.7,setl_556,2026-08-25 05:52:00,2026-08-26,captured
pay_HA4LVH6K,ORD_6342,1009.07,20.18,3.63,985.26,setl_556,2026-08-25 02:47:00,2026-08-26,captured
pay_4R8OCFSS,ORD_6343,2532.63,50.65,9.12,2472.86,setl_556,2026-08-24 22:08:30,2026-08-25,captured
pay_W96CGOWM,ORD_6343,2532.63,50.65,9.12,2472.86,setl_556,2026-08-24 22:08:00,2026-08-25,captured
pay_KAGAHPMR,ORD_6344,3033.5,60.67,10.92,2961.91,setl_556,2026-08-24 22:41:00,2026-08-25,captured
pay_SX11C923,ORD_6345,304.98,6.1,1.1,297.78,setl_556,2026-08-24 23:16:00,2026-08-25,captured
pay_GJY0GD2U,ORD_6346,1878.47,37.57,6.76,1834.14,setl_556,2026-08-24 21:10:00,2026-08-25,captured
pay_PMU5179R,ORD_6347,344.82,6.9,1.24,336.68,setl_556,2026-08-24 22:15:00,2026-08-25,captured
pay_MBJI4XVK,ORD_6348,895.99,17.92,3.23,874.84,setl_556,2026-08-25 04:40:00,2026-08-26,captured
pay_RABPKQIU,ORD_6349,423.71,8.47,1.52,413.72,setl_557,2026-08-25 04:40:00,2026-08-26,captured
pay_A4HHDPSI,ORD_6350,381.66,7.63,1.37,372.66,setl_557,2026-08-24 17:54:00,2026-08-25,captured
pay_YW5NZOVY,ORD_6351,2517.53,50.35,9.06,2458.12,setl_557,2026-08-24 19:58:00,2026-08-25,captured
pay_IFDV1MJ6,ORD_6352,2953.22,59.06,10.63,2883.53,setl_557,2026-08-24 18:00:00,2026-08-25,captured
pay_YD1RK1AW,ORD_6353,1318.17,26.36,4.74,1287.07,setl_557,2026-08-25 05:06:00,2026-08-26,captured
pay_D8G2TUYQ,ORD_6355,1298.63,25.97,4.67,1267.99,setl_557,2026-08-24 18:50:00,2026-08-25,captured
pay_C9BL4OVD,ORD_6356,1937.6,38.75,6.97,1891.88,setl_557,2026-08-25 00:41:00,2026-08-26,captured
pay_UOJDY08V,ORD_6357,1306.9,26.14,4.71,1276.05,setl_557,2026-08-25 00:01:00,2026-08-25,captured
pay_LAEDZ03Y,ORD_6358,262.14,6.19,1.11,254.84,setl_557,2026-08-24 17:25:00,2026-08-25,captured
pay_O58JFTDS,ORD_6359,1583.91,31.68,5.7,1546.53,setl_557,2026-08-25 01:03:00,2026-08-26,captured
pay_AYTSJEEL,ORD_6360,370.22,7.4,1.33,361.49,setl_557,2026-08-24 22:08:00,2026-08-25,captured
pay_HZT1QZA7,ORD_6361,365.47,7.31,1.32,356.84,setl_558,2026-08-24 23:28:00,2026-08-25,captured
pay_COY4XCQR,ORD_6362,1461.54,29.23,5.26,1427.05,setl_558,2026-08-24 18:22:00,2026-08-25,captured
pay_K2C6ES3U,ORD_6363,1911.26,38.23,6.88,1866.15,setl_558,2026-08-25 02:41:00,2026-08-26,captured
pay_JSOO0BF0,ORD_6364,441.41,8.83,1.59,430.99,setl_558,2026-08-25 23:59:00,2026-08-27,captured
pay_V8MNJRCV,ORD_6365,374.55,7.49,1.35,365.71,setl_558,2026-08-24 17:17:00,2026-08-25,captured
pay_01EVGVTN,ORD_6366,1288.33,25.77,4.64,1257.92,setl_558,2026-08-25 01:00:00,2026-08-26,captured
pay_41PH3KKZ,ORD_6367,198.2,3.96,0.71,193.53,setl_558,2026-08-25 01:09:00,2026-08-26,captured
pay_CHU8FBPS,ORD_6368,2957.78,59.16,10.65,2887.97,setl_558,2026-08-24 17:16:00,2026-08-25,captured
pay_NEQCEPTQ,ORD_6369,334.97,6.7,1.21,327.06,setl_559,2026-08-24 22:06:00,2026-08-25,captured
pay_IHS87AUQ,ORD_6370,3006.07,60.12,10.82,2735.13,setl_559,2026-08-25 07:05:00,2026-08-26,captured
pay_WWC8PH9M,ORD_6371,401.95,8.04,1.45,392.46,setl_559,2026-08-25 08:37:00,2026-08-26,captured
pay_GVVSDZAH,ORD_6372,3523.28,70.47,12.68,3440.13,setl_559,2026-08-25 04:58:00,2026-08-26,captured
pay_HM1NOT8S,ORD_6373,1334.59,26.69,4.8,1303.1,setl_559,2026-08-25 01:15:00,2026-08-26,captured
pay_BQJW3E1A,ORD_6374,1799.4,35.99,6.48,1756.93,setl_559,2026-08-25 07:44:00,2026-08-26,captured
pay_U9X99ZFE,ORD_6375,1489.95,29.8,5.36,1454.79,setl_559,2026-08-24 17:51:00,2026-08-25,captured
pay_2D3K661H,ORD_6376,875.62,17.51,3.15,854.96,setl_559,2026-08-25 02:03:00,2026-08-26,captured
pay_BLAPER9T,ORD_6377,1544.0,30.88,5.56,1507.56,setl_559,2026-08-24 18:07:00,2026-08-25,captured
pay_RGBY0FZR,ORD_6378,2490.03,49.8,8.96,2431.27,setl_559,2026-08-24 18:11:00,2026-08-25,captured
pay_WPF3YZVU,ORD_6379,973.59,19.47,3.5,950.62,setl_560,2026-08-25 04:52:00,2026-08-26,captured
pay_Y6BIB8PO,ORD_6380,160.86,3.22,0.58,157.06,setl_560,2026-08-25 04:40:00,2026-08-26,captured
pay_T9Y1C9S3,ORD_6381,1831.65,36.63,6.59,1788.43,setl_560,2026-08-25 03:05:00,2026-08-26,captured
pay_Q77IC7EB,ORD_6382,1268.34,25.37,4.57,1238.4,setl_560,2026-08-25 07:19:00,2026-08-26,captured
pay_IDARATN8,ORD_6383,1032.53,20.65,3.72,1008.16,setl_560,2026-08-25 07:23:00,2026-08-26,captured
pay_1182LP58,ORD_6384,857.28,17.15,3.09,837.04,setl_560,2026-08-25 03:03:00,2026-08-26,captured
pay_26EFR6U2,ORD_6385,1557.34,31.15,5.61,1520.58,setl_560,2026-08-25 03:37:00,2026-08-26,captured
pay_7A2LN7XH,ORD_6386,168.48,3.37,0.61,164.5,setl_560,2026-08-24 21:14:30,2026-08-25,captured
pay_GUODI02F,ORD_6386,168.48,3.37,0.61,164.5,setl_560,2026-08-24 21:14:00,2026-08-25,captured
pay_SQYWSBZH,ORD_6387,393.27,7.87,1.42,383.98,setl_560,2026-08-24 22:25:00,2026-08-25,captured
pay_KI70GTWG,ORD_6388,328.63,6.57,1.18,320.88,setl_560,2026-08-24 21:05:00,2026-08-25,captured
pay_W7X7COJ1,ORD_6389,491.76,9.84,1.77,480.15,setl_561,2026-08-24 20:44:00,2026-08-25,captured
pay_G51M922R,ORD_6390,1552.42,31.05,5.59,1515.78,setl_561,2026-08-24 18:56:00,2026-08-25,captured
pay_651O7AEM,ORD_6391,1201.36,24.03,4.33,1173.0,setl_561,2026-08-25 02:37:00,2026-08-26,captured
pay_2HZG3KC1,ORD_6392,1859.53,37.19,6.69,1815.65,setl_561,2026-08-25 07:50:00,2026-08-26,captured
pay_OAWVFEAK,ORD_6393,1909.45,38.19,6.87,1864.39,setl_561,2026-08-24 20:06:00,2026-08-25,captured
pay_UJKMC31O,ORD_6394,1323.4,26.47,4.76,1292.17,setl_561,2026-08-24 20:47:00,2026-08-25,captured
pay_3ZNHNSQU,ORD_6395,932.13,18.64,3.36,910.13,setl_561,2026-08-25 04:32:00,2026-08-26,captured
pay_DSXDK2WG,ORD_6396,949.31,18.99,3.42,926.9,setl_561,2026-08-24 21:18:00,2026-08-25,captured
pay_FZKIJNVL,ORD_6397,377.94,7.56,1.36,369.02,setl_561,2026-08-24 22:42:00,2026-08-25,captured
pay_VX7VNQTF,ORD_6399,365.06,8.62,1.55,354.89,setl_562,2026-08-24 21:16:00,2026-08-25,captured
pay_LABEUL52,ORD_6400,406.93,8.14,1.47,397.32,setl_562,2026-08-24 22:01:00,2026-08-25,captured
pay_BDCE8ITO,ORD_6401,540.4,10.81,1.95,527.64,setl_562,2026-08-24 17:08:00,2026-08-25,captured
pay_8JS5Y693,ORD_6402,1889.8,37.8,6.8,1845.2,setl_562,2026-08-25 05:32:00,2026-08-26,captured
pay_Z16BLUJI,ORD_6403,1838.55,36.77,6.62,1795.16,setl_562,2026-08-24 17:18:00,2026-08-25,captured
pay_JECCOAVB,ORD_6404,224.73,4.49,0.81,219.43,setl_562,2026-08-25 05:53:00,2026-08-26,captured
pay_5D8QBA3J,ORD_6405,412.32,8.25,1.48,402.59,setl_562,2026-08-25 23:58:00,2026-08-27,captured
pay_UFSBCLJW,ORD_6406,275.0,5.5,0.99,268.51,setl_562,2026-08-25 00:39:00,2026-08-26,captured
pay_8HSL8JPD,ORD_6407,1853.57,37.07,6.67,1609.83,setl_562,2026-08-25 03:44:00,2026-08-26,captured
pay_OY48FMVA,ORD_6408,1839.56,36.79,6.62,1796.15,setl_562,2026-08-25 04:03:00,2026-08-26,captured
pay_Z917W113,ORD_6409,390.93,7.82,1.41,381.7,setl_563,2026-08-25 06:49:00,2026-08-26,captured
pay_755IMX3S,ORD_6410,3519.91,70.4,12.67,3436.84,setl_563,2026-08-24 23:45:00,2026-08-25,captured
pay_VZKLQTHE,ORD_6411,518.02,10.36,1.86,505.8,setl_563,2026-08-24 19:30:00,2026-08-25,captured
pay_3T78H9CR,ORD_6412,1451.71,29.03,5.23,1417.45,setl_563,2026-08-25 05:37:00,2026-08-26,captured
pay_LTEE3QI2,ORD_6413,486.15,9.72,1.75,474.68,setl_563,2026-08-25 08:02:00,2026-08-26,captured
pay_CMEVC3Y2,ORD_6414,3514.43,70.29,12.65,3431.49,setl_563,2026-08-25 08:35:00,2026-08-26,captured
pay_ONRPXA6K,ORD_6415,1548.86,30.98,5.58,1512.3,setl_563,2026-08-25 04:11:00,2026-08-26,captured
pay_DMK89L1E,ORD_6416,1491.34,29.83,5.37,1456.14,setl_563,2026-08-25 05:39:00,2026-08-26,captured
pay_OP23BQG3,ORD_6417,1490.16,29.8,5.36,1455.0,setl_563,2026-08-25 06:40:00,2026-08-26,captured
pay_R5XJB683,ORD_6418,481.18,9.62,1.73,469.83,setl_564,2026-08-25 01:09:00,2026-08-26,captured
pay_CDNRWRCI,ORD_6419,404.16,8.08,1.45,394.63,setl_564,2026-08-24 20:02:00,2026-08-25,captured
pay_9NYZKIFE,ORD_6420,2479.57,49.59,8.93,2421.05,setl_564,2026-08-24 22:51:00,2026-08-25,captured
pay_XJIQIHU8,ORD_6421,2964.1,59.28,10.67,2894.15,setl_564,2026-08-24 23:38:00,2026-08-25,captured
pay_V6ZLX2R3,ORD_6422,1265.03,25.3,4.55,1235.18,setl_564,2026-08-24 19:09:00,2026-08-25,captured
pay_PQ9ORFH0,ORD_6423,364.69,7.29,1.31,356.09,setl_564,2026-08-25 05:07:30,2026-08-26,captured
pay_O3UJLVMY,ORD_6423,364.69,7.29,1.31,356.09,setl_564,2026-08-25 05:07:00,2026-08-26,captured
pay_IPVWOP78,ORD_6424,1501.33,30.03,5.41,1465.89,setl_564,2026-08-24 17:25:00,2026-08-25,captured
pay_0WWR850I,ORD_6425,1492.9,29.86,5.37,1457.67,setl_564,2026-08-24 21:53:00,2026-08-25,captured
pay_IJEPZZ9N,ORD_6426,361.44,7.23,1.3,352.91,setl_564,2026-08-25 05:57:00,2026-08-26,captured
pay_FF1NMT3Z,ORD_6427,364.41,7.29,1.31,355.81,setl_565,2026-08-24 22:01:00,2026-08-25,captured
pay_0KT5F3QV,ORD_6428,1487.66,29.75,5.35,1452.56,setl_565,2026-08-25 03:10:00,2026-08-26,captured
pay_U5W45QCT,ORD_6429,2499.1,49.98,9.0,2440.12,setl_565,2026-08-25 04:36:00,2026-08-26,captured
pay_6RODNMSA,ORD_6430,1510.09,30.2,5.44,1474.45,setl_565,2026-08-25 07:35:00,2026-08-26,captured
pay_9OCGCHQV,ORD_6431,940.86,18.82,3.39,918.65,setl_565,2026-08-24 18:02:00,2026-08-25,captured
pay_V3NJ3ZE6,ORD_6432,429.96,8.6,1.55,419.81,setl_565,2026-08-24 22:57:00,2026-08-25,captured
pay_3JBW2JO5,ORD_6433,2480.7,49.61,8.93,2422.16,setl_565,2026-08-25 03:55:00,2026-08-26,captured
pay_MD7JITKH,ORD_6434,418.28,8.37,1.51,408.4,setl_565,2026-08-25 03:58:00,2026-08-26,captured
pay_DDHUC889,ORD_6436,686.21,13.72,2.47,670.02,setl_566,2026-08-25 08:32:00,2026-08-26,captured
pay_FE8FGKVT,ORD_6437,896.33,17.93,3.23,875.17,setl_566,2026-08-25 02:31:00,2026-08-26,captured
pay_PMX721CM,ORD_6438,3533.31,70.67,12.72,3449.92,setl_566,2026-08-25 00:14:00,2026-08-26,captured
pay_WDR8ADGB,ORD_6439,249.46,5.89,1.06,242.51,setl_566,2026-08-24 22:02:00,2026-08-25,captured
pay_JTVIZEUU,ORD_6440,368.1,7.36,1.32,359.42,setl_566,2026-08-24 22:46:00,2026-08-25,captured
pay_X2A5AMLH,ORD_6441,1185.25,23.71,4.27,1157.27,setl_566,2026-08-25 04:11:00,2026-08-26,captured
pay_MYRL1PIX,ORD_6442,1450.08,29.0,5.22,1415.86,setl_566,2026-08-25 23:58:00,2026-08-27,captured
pay_MSLGELJY,ORD_6443,309.33,6.19,1.11,302.03,setl_566,2026-08-24 22:22:00,2026-08-25,captured
pay_9ZF1J3L9,ORD_6444,3006.17,60.12,10.82,2935.23,setl_566,2026-08-25 01:21:00,2026-08-26,captured
pay_26483DXB,ORD_6445,1895.83,37.92,6.83,1851.08,setl_566,2026-08-24 23:50:00,2026-08-25,captured
pay_H61X4VIE,ORD_6446,1871.2,37.42,6.74,1827.04,setl_567,2026-08-24 18:32:00,2026-08-25,captured
pay_P4Q0PCQE,ORD_6447,1582.42,31.65,5.7,1545.07,setl_567,2026-08-25 03:59:00,2026-08-26,captured
pay_W809IKAX,ORD_6448,714.92,14.3,2.57,555.07,setl_567,2026-08-25 08:50:00,2026-08-26,captured
pay_EA2S59HZ,ORD_6449,950.74,19.01,3.42,928.31,setl_567,2026-08-24 19:11:00,2026-08-25,captured
pay_KX3M0N4F,ORD_6450,376.03,7.52,1.35,367.16,setl_567,2026-08-24 18:42:00,2026-08-25,captured
pay_G19TQGCH,ORD_6451,242.53,4.85,0.87,236.81,setl_567,2026-08-25 00:21:00,2026-08-26,captured
pay_TAAJHKO7,ORD_6452,1270.0,25.4,4.57,1240.03,setl_567,2026-08-24 17:22:00,2026-08-25,captured
pay_RRJIJQYJ,ORD_6453,1345.24,26.9,4.84,1313.5,setl_567,2026-08-24 21:33:00,2026-08-25,captured
pay_W3MNV2KF,ORD_6454,227.68,4.55,0.82,222.31,setl_567,2026-08-25 06:00:00,2026-08-26,captured
pay_R16011JD,ORD_6455,1006.74,20.13,3.62,982.99,setl_567,2026-08-25 04:43:00,2026-08-26,captured
pay_PH1XOHDG,ORD_6456,449.31,8.99,1.62,438.7,setl_568,2026-08-25 07:06:00,2026-08-26,captured
pay_4OZY8OOG,ORD_6457,282.58,5.65,1.02,275.91,setl_568,2026-08-25 02:40:00,2026-08-26,captured
pay_C60UE1QI,ORD_6458,1291.65,25.83,4.65,1261.17,setl_568,2026-08-25 01:54:00,2026-08-26,captured
pay_CUYFLJWI,ORD_6459,381.47,7.63,1.37,372.47,setl_568,2026-08-25 02:42:00,2026-08-26,captured
pay_CSLVMAF0,ORD_6460,996.13,19.92,3.59,972.62,setl_568,2026-08-25 01:42:00,2026-08-26,captured
pay_V7SCZM3Z,ORD_6461,1523.03,30.46,5.48,1487.09,setl_568,2026-08-25 04:47:00,2026-08-26,captured
pay_U3QT7C0Y,ORD_6462,880.01,17.6,3.17,859.24,setl_568,2026-08-25 07:32:00,2026-08-26,captured
pay_NRSFU0V9,ORD_6463,1853.39,37.07,6.67,1809.65,setl_568,2026-08-24 17:57:00,2026-08-25,captured
pay_QSQGSCML,ORD_6464,326.74,6.53,1.18,319.03,setl_568,2026-08-25 02:02:00,2026-08-26,captured
pay_V2074ZBH,ORD_6465,210.42,4.21,0.76,205.45,setl_569,2026-08-25 08:13:00,2026-08-26,captured
pay_0RWX0YGU,ORD_6466,404.74,8.09,1.46,395.19,setl_569,2026-08-25 06:56:00,2026-08-26,captured
pay_Q8NX4LN1,ORD_6467,188.05,3.76,0.68,183.61,setl_569,2026-08-25 04:35:00,2026-08-26,captured
pay_YCTWXDJM,ORD_6468,1285.04,25.7,4.63,1254.71,setl_569,2026-08-24 22:57:00,2026-08-25,captured
pay_ZT9MBTHP,ORD_6469,240.36,4.81,0.87,234.68,setl_569,2026-08-24 22:38:00,2026-08-25,captured
pay_OFKEERI5,ORD_6470,316.83,6.34,1.14,309.35,setl_569,2026-08-25 03:18:00,2026-08-26,captured
pay_ZYU3LNPC,ORD_6471,1487.52,29.75,5.35,1452.42,setl_569,2026-08-25 07:18:00,2026-08-26,captured
pay_0J90NZDB,ORD_6472,328.8,6.58,1.18,321.04,setl_569,2026-08-25 03:49:30,2026-08-26,captured
pay_39ESXFED,ORD_6472,328.8,6.58,1.18,321.04,setl_569,2026-08-25 03:49:00,2026-08-26,captured
pay_KXAXLW8B,ORD_6473,207.82,4.16,0.75,202.91,setl_570,2026-08-25 06:45:00,2026-08-26,captured
pay_DF1EBZ7E,ORD_6474,1503.19,30.06,5.41,1467.72,setl_570,2026-08-25 03:14:00,2026-08-26,captured
pay_7JGD5622,ORD_6475,325.74,6.51,1.17,318.06,setl_570,2026-08-25 09:00:00,2026-08-26,captured
pay_7BA0N68E,ORD_6476,3000.56,60.01,10.8,2929.75,setl_570,2026-08-25 04:12:00,2026-08-26,captured
pay_R8KKSVQF,ORD_6477,2513.33,50.27,9.05,2454.01,setl_570,2026-08-24 23:20:00,2026-08-25,captured
pay_OOWGPY0S,ORD_6478,1457.33,29.15,5.25,1422.93,setl_570,2026-08-24 19:29:00,2026-08-25,captured
pay_ZFNWSLO5,ORD_6479,1545.51,30.91,5.56,1509.04,setl_570,2026-08-25 07:29:00,2026-08-26,captured
pay_1LK392OT,ORD_6480,1183.34,23.67,4.26,1155.41,setl_570,2026-08-25 02:49:00,2026-08-26,captured
pay_BGQ7LKG8,ORD_6482,195.74,3.91,0.7,191.13,setl_570,2026-08-25 00:56:00,2026-08-26,captured
pay_TWB0VAJF,ORD_6483,1774.0,35.48,6.39,1732.13,setl_571,2026-08-24 17:55:00,2026-08-25,captured
pay_OGWSETYF,ORD_6484,916.85,18.34,3.3,895.21,setl_571,2026-08-25 05:45:00,2026-08-26,captured
pay_AI600OM1,ORD_6485,2449.72,48.99,8.82,2391.91,setl_571,2026-08-24 21:01:00,2026-08-25,captured
pay_5TAGEB98,ORD_6486,362.14,7.24,1.3,353.6,setl_571,2026-08-24 19:34:00,2026-08-25,captured
pay_2ER2FCU2,ORD_6487,1451.13,34.25,6.17,1410.71,setl_571,2026-08-24 18:27:00,2026-08-25,captured
pay_AQEYE3V7,ORD_6488,3028.65,60.57,10.9,2957.18,setl_571,2026-08-24 23:58:00,2026-08-26,captured
pay_JSFWI622,ORD_6489,354.65,7.09,1.28,346.28,setl_571,2026-08-24 18:00:00,2026-08-25,captured
pay_J9VICM3G,ORD_6490,1517.43,30.35,5.46,1481.62,setl_571,2026-08-25 08:13:00,2026-08-26,captured
pay_2W66Y0QC,ORD_6491,860.4,17.21,3.1,668.01,setl_571,2026-08-25 05:46:00,2026-08-26,captured
pay_J0PNEPBG,ORD_6492,3483.24,69.66,12.54,3401.04,setl_571,2026-08-25 08:27:00,2026-08-26,captured
pay_N7Q6DE7U,ORD_6493,672.24,13.44,2.42,656.38,setl_572,2026-08-24 18:49:00,2026-08-25,captured
pay_JLHCW8R6,ORD_6494,1196.46,23.93,4.31,1168.22,setl_572,2026-08-24 17:57:00,2026-08-25,captured
pay_U6RF2SFN,ORD_6495,942.76,18.86,3.39,920.51,setl_572,2026-08-25 07:47:00,2026-08-26,captured
pay_7NK98PFI,ORD_6496,3034.85,60.7,10.93,2963.22,setl_572,2026-08-24 19:49:00,2026-08-25,captured
pay_VHFMUGH9,ORD_6497,1260.28,25.21,4.54,1230.53,setl_572,2026-08-24 21:51:00,2026-08-25,captured
pay_ZT9BR2RE,ORD_6498,1242.79,24.86,4.47,1213.46,setl_572,2026-08-24 19:05:00,2026-08-25,captured
pay_P5VMBBS4,ORD_6499,853.96,17.08,3.07,833.81,setl_572,2026-08-24 20:40:00,2026-08-25,captured
pay_IAOGRUOC,ORD_6500,859.14,17.18,3.09,838.87,setl_572,2026-08-24 21:58:00,2026-08-25,captured
pay_CQIKK3VV,ORD_6501,457.17,9.14,1.65,446.38,setl_572,2026-08-25 07:13:00,2026-08-26,captured
pay_P0W0S3J4,ORD_6502,853.79,17.08,3.07,833.64,setl_572,2026-08-24 19:38:00,2026-08-25,captured
pay_6VHWZFG5,ORD_6503,498.39,9.97,1.79,486.63,setl_573,2026-08-24 20:01:30,2026-08-25,captured
pay_82BL91R4,ORD_6503,498.39,9.97,1.79,486.63,setl_573,2026-08-24 20:01:00,2026-08-25,captured
pay_HD6WPBMD,ORD_6504,375.88,7.52,1.35,367.01,setl_573,2026-08-25 03:02:00,2026-08-26,captured
pay_18YGINH1,ORD_6505,2996.41,59.93,10.79,2925.69,setl_573,2026-08-25 03:15:00,2026-08-26,captured
pay_G2LKC2MW,ORD_6506,1002.24,20.04,3.61,978.59,setl_573,2026-08-24 20:13:00,2026-08-25,captured
pay_M09387IA,ORD_6507,2510.55,50.21,9.04,2451.3,setl_573,2026-08-25 03:46:00,2026-08-26,captured
pay_N64CL4QP,ORD_6508,946.1,18.92,3.41,923.77,setl_573,2026-08-24 21:21:00,2026-08-25,captured
pay_EK79HB82,ORD_6509,344.96,6.9,1.24,336.82,setl_573,2026-08-24 21:01:00,2026-08-25,captured
pay_J35FPZQW,ORD_6510,334.52,6.69,1.2,326.63,setl_573,2026-08-24 18:54:00,2026-08-25,captured
pay_A8FTEGAV,ORD_6511,916.1,18.32,3.3,894.48,setl_573,2026-08-25 01:52:00,2026-08-26,captured
pay_KO0Z8HM3,ORD_6513,1495.81,29.92,5.39,1460.5,setl_573,2026-08-25 06:34:00,2026-08-26,captured
pay_ALD710Q6,ORD_6514,1812.2,36.24,6.52,1769.44,setl_574,2026-08-24 20:00:00,2026-08-25,captured
pay_7K3D5OTW,ORD_6515,1455.88,29.12,5.24,1421.52,setl_574,2026-08-25 06:39:00,2026-08-26,captured
pay_9RRJW2JY,ORD_6516,1754.63,35.09,6.32,1713.22,setl_574,2026-08-25 03:48:00,2026-08-26,captured
pay_PYR93DZO,ORD_6517,1538.86,36.32,6.54,1496.0,setl_574,2026-08-24 18:16:00,2026-08-25,captured
pay_GFUPIKR5,ORD_6518,1159.33,23.19,4.17,1131.97,setl_574,2026-08-24 20:52:00,2026-08-25,captured
pay_XJ6MN4VD,ORD_6519,1328.81,26.58,4.78,1297.45,setl_574,2026-08-24 19:56:00,2026-08-25,captured
pay_PX1UGJZG,ORD_6520,976.65,19.53,3.52,953.6,setl_574,2026-08-25 04:34:00,2026-08-26,captured
pay_Y440FIXZ,ORD_6521,701.67,14.03,2.53,685.11,setl_574,2026-08-24 21:11:00,2026-08-25,captured
pay_L7W9BUZI,ORD_6522,3498.34,69.97,12.59,3415.78,setl_574,2026-08-25 08:15:00,2026-08-26,captured
pay_8IJFS14V,ORD_6523,198.43,3.97,0.71,193.75,setl_574,2026-08-25 04:44:00,2026-08-26,captured
pay_ADC13VU0,ORD_6524,1477.24,29.54,5.32,1442.38,setl_575,2026-08-25 07:34:00,2026-08-26,captured
pay_PA3U5IKZ,ORD_6525,973.98,19.48,3.51,950.99,setl_575,2026-08-24 22:01:00,2026-08-25,captured
pay_NE9LRFTL,ORD_6526,2533.06,50.66,9.12,2473.28,setl_575,2026-08-25 06:20:00,2026-08-26,captured
pay_66UQVAPA,ORD_6527,395.08,7.9,1.42,385.76,setl_575,2026-08-25 02:18:00,2026-08-26,captured
pay_YE70323R,ORD_6528,238.73,4.77,0.86,233.1,setl_575,2026-08-24 18:49:00,2026-08-25,captured
pay_899WC1Q9,ORD_6529,482.04,9.64,1.74,470.66,setl_575,2026-08-25 05:18:00,2026-08-26,captured
pay_VZAFZ4JB,ORD_6530,442.23,8.84,1.59,431.8,setl_575,2026-08-25 03:23:00,2026-08-26,captured
pay_6SIY6A9W,ORD_6531,1480.43,29.61,5.33,1445.49,setl_575,2026-08-24 20:29:00,2026-08-25,captured
pay_HC3HS3XR,ORD_6532,380.94,7.62,1.37,371.95,setl_575,2026-08-24 23:58:00,2026-08-26,captured
pay_OI7Y72V0,ORD_6533,345.83,6.92,1.25,337.66,setl_576,2026-08-25 08:24:00,2026-08-26,captured
pay_45OJVZU7,ORD_6534,329.4,6.59,1.19,321.62,setl_576,2026-08-25 07:10:00,2026-08-26,captured
pay_K938BZ5N,ORD_6535,441.01,8.82,1.59,342.4,setl_576,2026-08-25 02:49:00,2026-08-26,captured
pay_1ZEAAWTQ,ORD_6536,1909.8,38.2,6.88,1864.72,setl_576,2026-08-25 03:46:00,2026-08-26,captured
pay_2QHGENYP,ORD_6537,456.11,9.12,1.64,445.35,setl_576,2026-08-25 05:02:00,2026-08-26,captured
pay_HRAURHD9,ORD_6538,1025.69,20.51,3.69,1001.49,setl_576,2026-08-24 19:46:00,2026-08-25,captured
pay_DU2PLCFO,ORD_6539,261.22,5.22,0.94,255.06,setl_576,2026-08-24 18:34:00,2026-08-25,captured
pay_V5M46RU4,ORD_6540,890.52,17.81,3.21,869.5,setl_576,2026-08-25 07:16:00,2026-08-26,captured
pay_WF9BSTY0,ORD_6541,467.65,9.35,1.68,456.62,setl_576,2026-08-24 23:01:00,2026-08-25,captured
pay_R3TQJKCO,ORD_6542,712.86,14.26,2.57,696.03,setl_577,2026-08-24 18:27:00,2026-08-25,captured
pay_XRJG90MB,ORD_6543,1319.18,26.38,4.75,1288.05,setl_577,2026-08-24 21:33:00,2026-08-25,captured
pay_V03RK3MZ,ORD_6544,1528.13,30.56,5.5,1492.07,setl_577,2026-08-24 23:27:00,2026-08-25,captured
pay_J1PVPYH7,ORD_6545,1770.14,35.4,6.37,1728.37,setl_577,2026-08-24 17:31:00,2026-08-25,captured
pay_C2W7S3TZ,ORD_6546,306.41,6.13,1.1,299.18,setl_577,2026-08-25 04:40:00,2026-08-26,captured
pay_JZNLFPH1,ORD_6547,2462.85,49.26,8.87,2404.72,setl_577,2026-08-24 18:04:00,2026-08-25,captured
pay_V0JBUKXP,ORD_6548,352.85,7.06,1.27,344.52,setl_577,2026-08-25 02:54:00,2026-08-26,captured
pay_YD8UE15Y,ORD_6549,1619.99,32.4,5.83,1581.76,setl_577,2026-08-24 18:24:30,2026-08-25,captured
pay_3PMYQI0B,ORD_6549,1619.99,32.4,5.83,1581.76,setl_577,2026-08-24 18:24:00,2026-08-25,captured
pay_0LBOM56C,ORD_6550,2496.87,49.94,8.99,2437.94,setl_577,2026-08-24 22:33:00,2026-08-25,captured
pay_78EFNCE3,ORD_6551,661.47,13.23,2.38,645.86,setl_578,2026-08-24 21:10:00,2026-08-25,captured
pay_V87SYRWB,ORD_6552,2951.12,59.02,10.62,2881.48,setl_578,2026-08-24 20:41:00,2026-08-25,captured
pay_HYEK8GVP,ORD_6553,240.27,4.81,0.87,234.59,setl_578,2026-08-25 04:33:00,2026-08-26,captured
pay_C0CSFHS1,ORD_6554,511.46,10.23,1.84,499.39,setl_578,2026-08-25 02:49:00,2026-08-26,captured
pay_H7C8MDRX,ORD_6555,1295.94,25.92,4.67,1265.35,setl_578,2026-08-24 20:09:00,2026-08-25,captured
pay_ZO4TTBKC,ORD_6556,1513.22,30.26,5.45,1477.51,setl_578,2026-08-24 17:21:00,2026-08-25,captured
pay_73ZZNXP4,ORD_6557,282.02,5.64,1.02,275.36,setl_578,2026-08-25 00:12:00,2026-08-26,captured
pay_49A083NP,ORD_6558,1637.45,32.75,5.89,1598.81,setl_578,2026-08-25 02:31:00,2026-08-26,captured
pay_T4DEKOX8,ORD_6559,1882.81,37.66,6.78,1838.37,setl_578,2026-08-24 21:50:00,2026-08-25,captured
pay_2RAUIF9G,ORD_6560,2994.01,59.88,10.78,2923.35,setl_578,2026-08-24 18:32:00,2026-08-25,captured
pay_7HYS5QZD,ORD_6561,912.52,18.25,3.28,890.99,setl_579,2026-08-24 21:10:00,2026-08-25,captured
pay_PVSBLVQR,ORD_6562,337.13,6.74,1.21,329.18,setl_579,2026-08-25 03:29:00,2026-08-26,captured
pay_3U8Q3Q4T,ORD_6563,470.7,9.41,1.69,459.6,setl_579,2026-08-25 08:58:00,2026-08-26,captured
pay_8PH0EHDV,ORD_6564,236.35,4.73,0.85,230.77,setl_579,2026-08-25 06:46:00,2026-08-26,captured
pay_V02T3BM6,ORD_6565,1509.49,30.19,5.43,1473.87,setl_579,2026-08-24 22:13:00,2026-08-25,captured
pay_TLSX2BW5,ORD_6566,660.51,13.21,2.38,644.92,setl_579,2026-08-25 05:17:00,2026-08-26,captured
pay_REOOCOY0,ORD_6568,3046.79,60.94,10.97,2974.88,setl_579,2026-08-24 17:59:00,2026-08-25,captured
pay_28LXTJMT,ORD_6569,261.97,5.24,0.94,255.79,setl_579,2026-08-25 08:06:00,2026-08-26,captured
pay_V1X1WGA5,ORD_6570,1544.6,30.89,5.56,1508.15,setl_579,2026-08-25 06:03:00,2026-08-26,captured
pay_SM7M2Z9F,ORD_6571,1836.61,36.73,6.61,1793.27,setl_579,2026-08-24 21:40:00,2026-08-25,captured
pay_7FLOUTSG,ORD_6572,331.57,6.63,1.19,323.75,setl_579,2026-08-25 04:56:00,2026-08-26,captured
pay_PKQT8LND,ORD_6573,283.62,6.69,1.2,275.73,setl_580,2026-08-24 17:39:00,2026-08-25,captured
pay_MJG3SNDO,ORD_6574,1885.74,37.71,6.79,1841.24,setl_580,2026-08-25 00:41:00,2026-08-26,captured
pay_VQUZG602,ORD_6575,1540.79,30.82,5.55,1504.42,setl_580,2026-08-24 23:59:00,2026-08-26,captured
pay_S0VHLWOZ,ORD_6576,1163.6,23.27,4.19,1136.14,setl_580,2026-08-25 06:46:00,2026-08-26,captured
pay_ERUW3JR4,ORD_6577,1645.87,32.92,5.93,1607.02,setl_580,2026-08-25 04:29:00,2026-08-26,captured
pay_JDAGNSNG,ORD_6578,345.74,6.91,1.24,337.59,setl_580,2026-08-25 08:33:00,2026-08-26,captured
pay_C69ZPQ7R,ORD_6579,1756.94,35.14,6.33,1715.47,setl_580,2026-08-25 08:06:00,2026-08-26,captured
pay_5A7F9CMH,ORD_6580,270.49,5.41,0.97,264.11,setl_580,2026-08-25 08:08:00,2026-08-26,captured
pay_7GPR3RKB,ORD_6581,292.18,5.84,1.05,285.29,setl_580,2026-08-24 19:38:00,2026-08-25,captured
pay_Y3CX99Q7,ORD_6582,2952.76,59.06,10.63,2883.07,setl_580,2026-08-24 21:00:00,2026-08-25,captured
pay_WQW4ZYQJ,ORD_6583,3464.71,69.29,12.47,3382.95,setl_580,2026-08-25 00:10:00,2026-08-26,captured
pay_Q9Y8S2D9,ORD_6584,330.12,6.6,1.19,322.33,setl_581,2026-08-24 23:09:00,2026-08-25,captured
pay_2WRSHKWT,ORD_6585,197.93,3.96,0.71,153.67,setl_581,2026-08-25 00:51:00,2026-08-26,captured
pay_LZ4NO491,ORD_6586,195.36,3.91,0.7,190.75,setl_581,2026-08-25 04:19:00,2026-08-26,captured
pay_P1EIW7O9,ORD_6587,400.77,8.02,1.44,391.31,setl_581,2026-08-24 21:21:00,2026-08-25,captured
pay_6MI3GLB0,ORD_6588,920.81,18.42,3.32,899.07,setl_581,2026-08-24 22:40:00,2026-08-25,captured
pay_2Z10G567,ORD_6589,657.66,13.15,2.37,642.14,setl_581,2026-08-25 03:13:00,2026-08-26,captured
pay_W6DDETY8,ORD_6590,2495.92,49.92,8.99,2437.01,setl_581,2026-08-24 19:14:00,2026-08-25,captured
pay_FI1V8SMW,ORD_6591,1503.44,30.07,5.41,1467.96,setl_581,2026-08-24 18:28:00,2026-08-25,captured
pay_TSG1LL26,ORD_6592,3523.67,70.47,12.68,3440.52,setl_581,2026-08-24 22:44:00,2026-08-25,captured
pay_HVVL74C5,ORD_6593,1628.31,32.57,5.86,1589.88,setl_582,2026-08-25 08:48:00,2026-08-26,captured
pay_5LFZFJDC,ORD_6594,1031.4,20.63,3.71,1007.06,setl_582,2026-08-25 06:46:00,2026-08-26,captured
pay_D0MHUSB1,ORD_6595,250.65,5.01,0.9,244.74,setl_582,2026-08-24 19:54:00,2026-08-25,captured
pay_HG42GXRL,ORD_6596,1345.16,26.9,4.84,1313.42,setl_582,2026-08-25 01:23:00,2026-08-26,captured
pay_L1UBUJOH,ORD_6597,303.94,6.08,1.09,296.77,setl_582,2026-08-24 19:50:00,2026-08-25,captured
pay_19Z0V0FJ,ORD_6598,256.74,5.13,0.92,250.69,setl_582,2026-08-24 23:31:00,2026-08-25,captured
pay_DVC5NKDH,ORD_6599,1201.19,24.02,4.32,1172.85,setl_582,2026-08-25 05:42:00,2026-08-26,captured
pay_BC7LW00D,ORD_6600,885.91,17.72,3.19,865.0,setl_582,2026-08-24 19:43:30,2026-08-25,captured
pay_222K2ZEU,ORD_6600,885.91,17.72,3.19,865.0,setl_582,2026-08-24 19:43:00,2026-08-25,captured
pay_653NUP3Q,ORD_6601,1542.91,30.86,5.55,1506.5,setl_582,2026-08-25 05:09:00,2026-08-26,captured
pay_29KWUKBF,ORD_6602,366.63,7.33,1.32,357.98,setl_582,2026-08-24 19:54:00,2026-08-25,captured
pay_FUYHTPMW,ORD_6603,217.54,4.35,0.78,212.41,setl_583,2026-08-25 08:23:00,2026-08-26,captured
pay_8XT9GW50,ORD_6604,1567.06,31.34,5.64,1530.08,setl_583,2026-08-25 04:32:00,2026-08-26,captured
pay_6YHGBKCO,ORD_6605,369.51,7.39,1.33,360.79,setl_583,2026-08-24 21:27:00,2026-08-25,captured
pay_QY1FIY76,ORD_6606,1031.27,20.63,3.71,1006.93,setl_583,2026-08-24 19:21:00,2026-08-25,captured
pay_DV64EZPF,ORD_6607,1760.37,35.21,6.34,1718.82,setl_583,2026-08-24 20:33:00,2026-08-25,captured
pay_WCPGF0B2,ORD_6608,2463.21,49.26,8.87,2405.08,setl_583,2026-08-25 01:49:00,2026-08-26,captured
pay_K6DXQKTQ,ORD_6610,277.48,5.55,1.0,270.93,setl_583,2026-08-25 01:20:00,2026-08-26,captured
pay_QGLFU4LI,ORD_6611,324.5,6.49,1.17,316.84,setl_583,2026-08-24 17:05:00,2026-08-25,captured
pay_6M6G5G2I,ORD_6612,1900.9,38.02,6.84,1856.04,setl_583,2026-08-24 23:14:00,2026-08-25,captured
pay_GWMNVBSE,ORD_6613,1499.53,29.99,5.4,1464.14,setl_584,2026-08-24 20:52:00,2026-08-25,captured
pay_LG2R6HY9,ORD_6614,1471.35,29.43,5.3,1436.62,setl_584,2026-08-25 02:32:00,2026-08-26,captured
pay_IXC82Q6Q,ORD_6615,2515.44,50.31,9.06,2456.07,setl_584,2026-08-25 04:59:00,2026-08-26,captured
pay_E9AHGN2P,ORD_6616,1204.58,24.09,4.34,1176.15,setl_584,2026-08-25 03:32:00,2026-08-26,captured
pay_P4E051BS,ORD_6617,1905.43,38.11,6.86,1860.46,setl_584,2026-08-24 17:54:00,2026-08-25,captured
pay_EUM9DDU0,ORD_6618,323.42,6.47,1.16,315.79,setl_584,2026-08-24 20:29:00,2026-08-25,captured
pay_SFD2NTOB,ORD_6619,246.48,4.93,0.89,240.66,setl_584,2026-08-25 00:18:00,2026-08-26,captured
pay_4XD3JQ2N,ORD_6620,1781.52,35.63,6.41,1739.48,setl_584,2026-08-25 06:51:00,2026-08-26,captured
pay_IH0F8QOG,ORD_6621,656.36,13.13,2.36,640.87,setl_584,2026-08-24 18:48:00,2026-08-25,captured
pay_TUZ69CTF,ORD_6622,357.64,7.15,1.29,349.2,setl_584,2026-08-25 04:29:00,2026-08-26,captured
pay_P28BT7IR,ORD_6623,1458.18,29.16,5.25,1423.77,setl_585,2026-08-25 00:55:00,2026-08-26,captured
pay_55ZORXMO,ORD_6624,1526.61,30.53,5.5,1490.58,setl_585,2026-08-24 23:07:00,2026-08-25,captured
pay_NKLI2ZF6,ORD_6625,3537.55,70.75,12.73,3454.07,setl_585,2026-08-25 00:43:00,2026-08-26,captured
pay_Y2CZ0588,ORD_6626,924.85,18.5,3.33,903.02,setl_585,2026-08-24 23:41:00,2026-08-25,captured
pay_VKT0BR5X,ORD_6627,1836.79,43.35,7.8,1785.64,setl_585,2026-08-25 00:34:00,2026-08-26,captured
pay_OYXYUAC0,ORD_6628,3477.15,69.54,12.52,3395.09,setl_585,2026-08-24 19:34:00,2026-08-25,captured
pay_EJ7OHCUI,ORD_6629,2539.0,50.78,9.14,2479.08,setl_585,2026-08-24 22:11:00,2026-08-25,captured
pay_0BH2FCFH,ORD_6630,1883.09,37.66,6.78,1838.65,setl_585,2026-08-24 21:54:00,2026-08-25,captured
pay_91DNUN39,ORD_6631,2990.02,59.8,10.76,2919.46,setl_585,2026-08-25 01:53:00,2026-08-26,captured
pay_G1XH8FTU,ORD_6632,1509.3,30.19,5.43,1473.68,setl_586,2026-08-24 23:58:00,2026-08-26,captured
pay_N5NAUZKZ,ORD_6633,3515.17,70.3,12.65,3432.22,setl_586,2026-08-25 02:16:00,2026-08-26,captured
pay_OMLEMLKV,ORD_6634,985.07,19.7,3.55,961.82,setl_586,2026-08-24 17:15:00,2026-08-25,captured
pay_H3W8B4GX,ORD_6635,1578.42,31.57,5.68,1541.17,setl_586,2026-08-24 21:32:00,2026-08-25,captured
pay_RPM8UH17,ORD_6636,1464.37,29.29,5.27,1429.81,setl_586,2026-08-24 17:19:00,2026-08-25,captured
pay_W7TRVDR9,ORD_6637,913.96,18.28,3.29,892.39,setl_586,2026-08-25 02:38:00,2026-08-26,captured
pay_9LCQ3R98,ORD_6638,163.5,3.27,0.59,126.94,setl_586,2026-08-25 08:18:00,2026-08-26,captured
pay_XTUCU53J,ORD_6639,960.76,19.22,3.46,938.08,setl_586,2026-08-24 19:30:00,2026-08-25,captured
pay_X2WB04W0,ORD_6640,683.1,13.66,2.46,666.98,setl_586,2026-08-24 19:26:00,2026-08-25,captured
pay_TFPKL272,ORD_6641,1482.71,29.65,5.34,1447.72,setl_586,2026-08-24 18:17:00,2026-08-25,captured
pay_Y3LNCE01,ORD_6642,465.28,9.31,1.68,454.29,setl_586,2026-08-25 02:27:00,2026-08-26,captured
pay_PVMPNEV8,ORD_6643,1885.8,37.72,6.79,1841.29,setl_587,2026-08-24 21:08:00,2026-08-25,captured
pay_XK01KKIL,ORD_6644,1770.46,35.41,6.37,1728.68,setl_587,2026-08-25 03:23:00,2026-08-26,captured
pay_T2S8794D,ORD_6645,1850.23,37.0,6.66,1806.57,setl_587,2026-08-25 08:51:00,2026-08-26,captured
pay_0469KB1Z,ORD_6646,1261.08,25.22,4.54,1231.32,setl_587,2026-08-25 07:48:00,2026-08-26,captured
pay_2QRUTUH3,ORD_6647,1529.32,30.59,5.51,1493.22,setl_587,2026-08-25 06:13:00,2026-08-26,captured
pay_CWFY5WVF,ORD_6648,687.22,13.74,2.47,671.01,setl_587,2026-08-25 07:31:00,2026-08-26,captured
pay_3PKK7A2W,ORD_6649,1528.63,30.57,5.5,1492.56,setl_587,2026-08-25 03:03:00,2026-08-26,captured
pay_K3IM6PY3,ORD_6650,661.79,13.24,2.38,646.17,setl_587,2026-08-25 02:31:00,2026-08-26,captured
pay_BQVYKH67,ORD_6651,3455.18,69.1,12.44,3373.64,setl_587,2026-08-25 00:00:00,2026-08-25,captured
pay_7YE539QA,ORD_6652,424.32,8.49,1.53,414.3,setl_587,2026-08-24 21:26:00,2026-08-25,captured
pay_8V6UXM9S,ORD_6653,1544.0,30.88,5.56,1507.56,setl_588,2026-08-24 18:56:00,2026-08-25,captured
pay_1CXX8F3S,ORD_6654,2499.73,49.99,9.0,2440.74,setl_588,2026-08-24 19:58:00,2026-08-25,captured
pay_MPGDGMLE,ORD_6655,1476.65,29.53,5.32,1441.8,setl_588,2026-08-25 03:06:00,2026-08-26,captured
pay_QX5G94ZU,ORD_6656,261.59,5.23,0.94,255.42,setl_588,2026-08-25 05:30:00,2026-08-26,captured
pay_WLFB6EDR,ORD_6657,702.04,14.04,2.53,685.47,setl_588,2026-08-25 07:05:00,2026-08-26,captured
pay_ZV3U2GDK,ORD_6658,3002.92,60.06,10.81,2932.05,setl_588,2026-08-24 21:35:00,2026-08-25,captured
pay_XIOVLAES,ORD_6659,1514.68,30.29,5.45,1478.94,setl_588,2026-08-25 05:52:00,2026-08-26,captured
pay_5JYE3ILY,ORD_6660,341.38,6.83,1.23,333.32,setl_588,2026-08-25 00:08:00,2026-08-26,captured
pay_SAT7793F,ORD_6661,516.63,10.33,1.86,504.44,setl_589,2026-08-25 07:25:30,2026-08-26,captured
pay_BR1YVFNF,ORD_6661,516.63,10.33,1.86,504.44,setl_589,2026-08-25 07:25:00,2026-08-26,captured
pay_OCXK5X4L,ORD_6662,2472.7,49.45,8.9,2414.35,setl_589,2026-08-24 19:26:00,2026-08-25,captured
pay_K2NKIT6D,ORD_6663,994.08,19.88,3.58,970.62,setl_589,2026-08-24 17:43:00,2026-08-25,captured
pay_HZ5V6O98,ORD_6664,950.66,19.01,3.42,928.23,setl_589,2026-08-25 02:22:00,2026-08-26,captured
pay_862P6K5A,ORD_6665,871.55,17.43,3.14,850.98,setl_589,2026-08-25 03:43:00,2026-08-26,captured
pay_KRW6FOFX,ORD_6666,1039.76,20.8,3.74,1015.22,setl_589,2026-08-24 21:36:00,2026-08-25,captured
pay_D8J6BS75,ORD_6667,1780.33,35.61,6.41,1738.31,setl_589,2026-08-25 03:44:00,2026-08-26,captured
pay_KZ3UC8BX,ORD_6668,524.98,10.5,1.89,512.59,setl_589,2026-08-25 05:35:00,2026-08-26,captured
pay_GY0NOEVV,ORD_6669,1524.45,30.49,5.49,1488.47,setl_590,2026-08-24 21:58:00,2026-08-25,captured
pay_R418WGA5,ORD_6670,1207.2,24.14,4.35,1178.71,setl_590,2026-08-25 07:05:00,2026-08-26,captured
pay_UY6NJYPT,ORD_6671,1555.65,31.11,5.6,1518.94,setl_590,2026-08-24 20:43:00,2026-08-25,captured
pay_EN6ZEETO,ORD_6672,1539.56,30.79,5.54,1503.23,setl_590,2026-08-25 02:21:00,2026-08-26,captured
pay_DKAWTQO5,ORD_6673,299.54,5.99,1.08,292.47,setl_590,2026-08-24 17:31:00,2026-08-25,captured
pay_3F93H7A8,ORD_6674,880.85,17.62,3.17,860.06,setl_590,2026-08-25 05:52:00,2026-08-26,captured
pay_B7YJEO8Y,ORD_6675,2467.13,49.34,8.88,2408.91,setl_590,2026-08-24 20:35:00,2026-08-25,captured
pay_UDCO29P5,ORD_6676,3546.84,70.94,12.77,3463.13,setl_590,2026-08-25 04:23:00,2026-08-26,captured
pay_TEMTYB2D,ORD_6677,3002.17,60.04,10.81,2931.32,setl_590,2026-08-25 00:38:00,2026-08-26,captured
pay_IXDBAFDG,ORD_6678,2979.96,59.6,10.73,2909.63,setl_590,2026-08-25 02:03:00,2026-08-26,captured
pay_7MS2PSRI,ORD_6679,371.38,7.43,1.34,362.61,setl_591,2026-08-25 02:58:00,2026-08-26,captured
pay_9WUVUSP4,ORD_6680,1253.3,25.07,4.51,1223.72,setl_591,2026-08-25 02:29:00,2026-08-26,captured
pay_IAIMG5VV,ORD_6681,302.12,6.04,1.09,294.99,setl_591,2026-08-24 21:34:00,2026-08-25,captured
pay_Z26ER861,ORD_6682,2547.66,50.95,9.17,2487.54,setl_591,2026-08-24 22:02:00,2026-08-25,captured
pay_2CYVQUZD,ORD_6683,1802.89,36.06,6.49,1760.34,setl_591,2026-08-25 00:50:00,2026-08-26,captured
pay_HD5KNKOL,ORD_6684,2992.48,59.85,10.77,2921.86,setl_591,2026-08-25 04:57:00,2026-08-26,captured
pay_K9X9VD4P,ORD_6685,1259.47,25.19,4.53,1229.75,setl_591,2026-08-25 02:30:00,2026-08-26,captured
pay_JQW4I81N,ORD_6686,1775.64,35.51,6.39,1733.74,setl_591,2026-08-25 03:20:00,2026-08-26,captured
pay_T6RXDGNR,ORD_6687,377.97,7.56,1.36,369.05,setl_591,2026-08-25 07:00:00,2026-08-26,captured
pay_NK1GBRV4,ORD_6688,545.53,10.91,1.96,532.66,setl_592,2026-08-25 01:58:00,2026-08-26,captured
pay_ONB4RB04,ORD_6689,212.95,4.26,0.77,207.92,setl_592,2026-08-25 04:43:00,2026-08-26,captured
pay_W0Z5QNPO,ORD_6690,1573.85,31.48,5.67,1536.7,setl_592,2026-08-25 01:03:00,2026-08-26,captured
pay_JCORHREJ,ORD_6691,1456.97,29.14,5.25,1422.58,setl_592,2026-08-24 21:22:00,2026-08-25,captured
pay_P8O4ZXHG,ORD_6692,857.52,17.15,3.09,837.28,setl_592,2026-08-25 05:16:00,2026-08-26,captured
pay_W4IDNE1G,ORD_6693,1904.63,38.09,6.86,1859.68,setl_592,2026-08-25 07:20:00,2026-08-26,captured
pay_VGU96MSF,ORD_6694,856.8,17.14,3.09,836.57,setl_592,2026-08-25 05:15:00,2026-08-26,captured
pay_NKTT7MUX,ORD_6695,1234.84,24.7,4.45,1205.69,setl_592,2026-08-24 17:39:00,2026-08-25,captured
pay_BTV81C4H,ORD_6696,1616.82,32.34,5.82,1578.66,setl_593,2026-08-24 19:22:00,2026-08-25,captured
pay_3H9MQNVM,ORD_6697,3519.47,70.39,12.67,3436.41,setl_593,2026-08-25 07:17:00,2026-08-26,captured
pay_XL6KPL0N,ORD_6698,1752.16,35.04,6.31,1710.81,setl_593,2026-08-24 21:14:00,2026-08-25,captured
pay_46WTZZMT,ORD_6699,918.77,18.38,3.31,897.08,setl_593,2026-08-24 21:47:00,2026-08-25,captured
pay_5KN4NMMP,ORD_6700,1489.54,29.79,5.36,1454.39,setl_593,2026-08-25 02:38:00,2026-08-26,captured
pay_BHWJ3U93,ORD_6701,1505.51,30.11,5.42,1469.98,setl_593,2026-08-25 03:02:00,2026-08-26,captured
pay_CUKY4FY8,ORD_6702,1532.16,30.64,5.52,1496.0,setl_593,2026-08-25 01:12:00,2026-08-26,captured
pay_G24ABYQK,ORD_6703,287.42,5.75,1.03,280.64,setl_593,2026-08-25 07:21:00,2026-08-26,captured
pay_UWTC6OK3,ORD_6704,322.52,6.45,1.16,314.91,setl_594,2026-08-25 08:15:00,2026-08-26,captured
pay_R76ZW035,ORD_6706,1910.33,38.21,6.88,1865.24,setl_594,2026-08-25 08:18:00,2026-08-26,captured
pay_OLJUMIIP,ORD_6707,350.71,8.28,1.49,340.94,setl_594,2026-08-24 18:29:00,2026-08-25,captured
pay_BNN3PHG2,ORD_6708,669.66,13.39,2.41,653.86,setl_594,2026-08-24 18:59:00,2026-08-25,captured
pay_18TJLNXP,ORD_6709,2526.25,50.52,9.09,2466.64,setl_594,2026-08-25 05:06:00,2026-08-26,captured
pay_SR87R9HN,ORD_6710,3534.27,70.69,12.72,3450.86,setl_594,2026-08-24 17:50:00,2026-08-25,captured
pay_Y7ML1FBP,ORD_6711,190.11,3.8,0.68,185.63,setl_594,2026-08-25 01:16:00,2026-08-26,captured
pay_LFUBBCRO,ORD_6712,314.4,6.29,1.13,306.98,setl_594,2026-08-25 23:59:00,2026-08-27,captured
pay_LYHA06NE,ORD_6713,485.07,9.7,1.75,473.62,setl_594,2026-08-25 08:46:00,2026-08-26,captured
pay_BB263GH1,ORD_6714,1494.88,29.9,5.38,1459.6,setl_594,2026-08-25 05:29:00,2026-08-26,captured
pay_998LMWFN,ORD_6715,1195.51,23.91,4.3,1167.3,setl_595,2026-08-25 06:51:00,2026-08-26,captured
pay_EW9OH3W5,ORD_6716,1175.39,23.51,4.23,1147.65,setl_595,2026-08-25 18:12:00,2026-08-26,captured
pay_F23BMHUG,ORD_6717,1877.49,37.55,6.76,1833.18,setl_595,2026-08-26 07:23:00,2026-08-27,captured
pay_0YZR0Q2S,ORD_6718,456.88,9.14,1.65,446.09,setl_595,2026-08-25 22:11:00,2026-08-26,captured
pay_7ZBUV68T,ORD_6719,1924.91,38.5,6.93,1879.48,setl_595,2026-08-26 07:40:00,2026-08-27,captured
pay_P8AHWLDV,ORD_6720,2507.14,50.14,9.03,2247.97,setl_595,2026-08-25 22:35:00,2026-08-26,captured
pay_DCR8DY4E,ORD_6721,1516.49,30.33,5.46,1480.7,setl_595,2026-08-26 06:51:00,2026-08-27,captured
pay_4SNEPZA6,ORD_6722,669.15,13.38,2.41,653.36,setl_595,2026-08-26 04:57:00,2026-08-27,captured
pay_YQYT40D9,ORD_6723,2518.81,50.38,9.07,2459.36,setl_595,2026-08-26 02:53:00,2026-08-27,captured
pay_TQEZUOF1,ORD_6724,1308.28,26.17,4.71,1277.4,setl_595,2026-08-25 17:36:00,2026-08-26,captured
pay_SDRD4XCR,ORD_6725,246.53,4.93,0.89,240.71,setl_596,2026-08-25 19:48:00,2026-08-26,captured
pay_QQUSOJRT,ORD_6726,209.96,4.2,0.76,205.0,setl_596,2026-08-26 02:31:00,2026-08-27,captured
pay_T1C7DRYH,ORD_6727,3465.12,69.3,12.47,3383.35,setl_596,2026-08-26 07:09:00,2026-08-27,captured
pay_7KGOD7V8,ORD_6728,328.6,6.57,1.18,320.85,setl_596,2026-08-25 19:27:00,2026-08-26,captured
pay_Y2MS9GA7,ORD_6729,916.81,18.34,3.3,895.17,setl_596,2026-08-26 02:22:00,2026-08-27,captured
pay_24ZVSFJS,ORD_6730,2533.73,50.67,9.12,2473.94,setl_596,2026-08-26 08:40:00,2026-08-27,captured
pay_C7EISW8Z,ORD_6731,172.49,3.45,0.62,168.42,setl_596,2026-08-26 06:33:00,2026-08-27,captured
pay_V22HRLWY,ORD_6732,1898.88,37.98,6.84,1854.06,setl_596,2026-08-26 08:37:00,2026-08-27,captured
pay_2O9DXYSU,ORD_6733,1623.21,32.46,5.84,1584.91,setl_596,2026-08-25 21:15:00,2026-08-26,captured
pay_WXTFRU4M,ORD_6734,369.3,7.39,1.33,360.58,setl_596,2026-08-26 06:06:00,2026-08-27,captured
pay_3EQNHL3X,ORD_6735,3046.5,60.93,10.97,2974.6,setl_597,2026-08-26 07:30:00,2026-08-27,captured
pay_HI3EYJWG,ORD_6736,2475.55,49.51,8.91,2417.13,setl_597,2026-08-26 08:19:00,2026-08-27,captured
pay_6E99744B,ORD_6737,1336.48,26.73,4.81,1304.94,setl_597,2026-08-26 07:50:00,2026-08-27,captured
pay_F86QJJG3,ORD_6738,2473.18,49.46,8.9,2414.82,setl_597,2026-08-26 00:06:00,2026-08-27,captured
pay_FGROQTII,ORD_6739,1490.26,29.81,5.37,1455.08,setl_597,2026-08-25 22:44:00,2026-08-26,captured
pay_TTJ8IU1P,ORD_6740,1597.4,31.95,5.75,1559.7,setl_597,2026-08-25 23:48:00,2026-08-26,captured
pay_WNTYDOJS,ORD_6741,1015.19,20.3,3.65,991.24,setl_597,2026-08-25 21:30:00,2026-08-26,captured
pay_P7FEXMCJ,ORD_6742,851.72,17.03,3.07,831.62,setl_597,2026-08-25 22:51:00,2026-08-26,captured
pay_F3ZF5ZSN,ORD_6743,937.95,18.76,3.38,915.81,setl_597,2026-08-26 04:26:00,2026-08-27,captured
pay_4SJ226W0,ORD_6744,338.23,6.76,1.22,330.25,setl_597,2026-08-26 02:05:00,2026-08-27,captured
pay_XF99O9TV,ORD_6745,3495.54,69.91,12.58,3413.05,setl_597,2026-08-26 00:13:00,2026-08-27,captured
pay_6NZMQCZX,ORD_6746,249.24,4.98,0.9,243.36,setl_598,2026-08-26 06:26:30,2026-08-27,captured
pay_FSM9U5T0,ORD_6746,249.24,4.98,0.9,243.36,setl_598,2026-08-26 06:26:00,2026-08-27,captured
pay_JJEOXE6C,ORD_6747,368.36,7.37,1.33,359.66,setl_598,2026-08-25 23:57:00,2026-08-26,captured
pay_BUXINV9A,ORD_6748,1807.34,36.15,6.51,1764.68,setl_598,2026-08-25 22:47:00,2026-08-26,captured
pay_2DZEMG57,ORD_6749,545.62,10.91,1.96,532.75,setl_598,2026-08-25 23:16:00,2026-08-26,captured
pay_E0LZ99UP,ORD_6751,304.28,6.09,1.1,297.09,setl_598,2026-08-26 00:38:00,2026-08-27,captured
pay_4MSS8ABA,ORD_6752,470.11,9.4,1.69,459.02,setl_598,2026-08-25 18:12:00,2026-08-26,captured
pay_XBPF7240,ORD_6753,2469.24,49.38,8.89,2410.97,setl_598,2026-08-26 02:56:00,2026-08-27,captured
pay_BESYOZ7D,ORD_6754,1253.63,25.07,4.51,1224.05,setl_598,2026-08-25 20:29:00,2026-08-26,captured
pay_ZJ0FV1XQ,ORD_6755,748.58,14.97,2.69,730.92,setl_598,2026-08-25 20:43:00,2026-08-26,captured
pay_ODF43Q1F,ORD_6756,212.43,4.25,0.77,207.41,setl_598,2026-08-26 03:23:00,2026-08-27,captured
pay_OYVERPN9,ORD_6757,1217.59,24.35,4.38,1188.86,setl_599,2026-08-25 17:58:00,2026-08-26,captured
pay_EE488F3D,ORD_6758,491.97,9.84,1.77,480.36,setl_599,2026-08-25 21:49:00,2026-08-26,captured
pay_0QQ1EEKK,ORD_6759,2964.52,59.29,10.67,2894.56,setl_599,2026-08-25 23:49:00,2026-08-26,captured
pay_0XCMXG0F,ORD_6760,217.69,4.35,0.78,212.56,setl_599,2026-08-26 00:18:00,2026-08-27,captured
pay_K2ZHDC1R,ORD_6761,1801.2,36.02,6.48,1758.7,setl_599,2026-08-25 22:17:00,2026-08-26,captured
pay_N39ZVAYD,ORD_6762,1498.49,29.97,5.39,1463.13,setl_599,2026-08-26 01:02:00,2026-08-27,captured
pay_NPDH5BP8,ORD_6763,712.27,14.25,2.56,695.46,setl_599,2026-08-26 00:36:00,2026-08-27,captured
pay_OGP6V88W,ORD_6764,2964.33,69.96,12.59,2881.78,setl_599,2026-08-25 21:05:00,2026-08-26,captured
pay_JEPBVSH4,ORD_6765,1241.72,24.83,4.47,1212.42,setl_599,2026-08-26 05:23:00,2026-08-27,captured
pay_RI01X5IL,ORD_6766,2464.16,49.28,8.87,2406.01,setl_600,2026-08-25 19:34:00,2026-08-26,captured
pay_RWTXBNXN,ORD_6767,454.06,9.08,1.63,443.35,setl_600,2026-08-26 03:55:00,2026-08-27,captured
pay_RN5HOGHT,ORD_6768,1533.99,30.68,5.52,1497.79,setl_600,2026-08-26 04:57:00,2026-08-27,captured
pay_TAZV8OPH,ORD_6769,3015.3,60.31,10.86,2944.13,setl_600,2026-08-26 07:39:00,2026-08-27,captured
pay_1N8DV6GX,ORD_6770,1837.94,36.76,6.62,1794.56,setl_600,2026-08-25 17:12:00,2026-08-26,captured
pay_QBFHN657,ORD_6771,941.62,18.83,3.39,919.4,setl_600,2026-08-26 06:32:00,2026-08-27,captured
pay_010D5XJQ,ORD_6772,3048.61,60.97,10.97,2976.67,setl_600,2026-08-26 23:58:00,2026-08-28,captured
pay_BJS20EE1,ORD_6773,1511.05,30.22,5.44,1475.39,setl_600,2026-08-26 00:40:00,2026-08-27,captured
pay_BP4PVIX5,ORD_6774,903.6,18.07,3.25,882.28,setl_601,2026-08-26 02:36:00,2026-08-27,captured
pay_X2EFWR21,ORD_6775,489.77,9.8,1.76,478.21,setl_601,2026-08-25 22:23:00,2026-08-26,captured
pay_Z3301YT5,ORD_6776,1457.33,29.15,5.25,1422.93,setl_601,2026-08-25 22:45:00,2026-08-26,captured
pay_FRQBN367,ORD_6777,2484.19,49.68,8.94,2425.57,setl_601,2026-08-26 04:56:00,2026-08-27,captured
pay_6ROLVM6H,ORD_6778,1539.87,30.8,5.54,1503.53,setl_601,2026-08-26 05:12:00,2026-08-27,captured
pay_CDYUJMJ7,ORD_6779,1284.56,25.69,4.62,1254.25,setl_601,2026-08-26 01:21:00,2026-08-27,captured
pay_J99A3XJZ,ORD_6780,270.39,5.41,0.97,264.01,setl_601,2026-08-26 07:37:00,2026-08-27,captured
pay_91RF48UM,ORD_6781,1489.63,29.79,5.36,1254.48,setl_601,2026-08-25 17:14:00,2026-08-26,captured
pay_DFLHWDQ6,ORD_6782,192.45,3.85,0.69,187.91,setl_601,2026-08-26 08:15:00,2026-08-27,captured
pay_9OVJN7NQ,ORD_6783,354.04,7.08,1.27,345.69,setl_602,2026-08-26 05:06:00,2026-08-27,captured
pay_9FTFOTP3,ORD_6784,1262.42,25.25,4.54,1232.63,setl_602,2026-08-25 21:45:00,2026-08-26,captured
pay_J8XXLWH6,ORD_6785,1319.61,26.39,4.75,1288.47,setl_602,2026-08-25 21:37:00,2026-08-26,captured
pay_951VYW5R,ORD_6786,1912.71,38.25,6.88,1867.58,setl_602,2026-08-25 19:27:00,2026-08-26,captured
pay_TOL4FE94,ORD_6787,1797.33,35.95,6.47,1754.91,setl_602,2026-08-26 07:11:00,2026-08-27,captured
pay_JGOVWH4S,ORD_6788,1171.46,23.43,4.22,1143.81,setl_602,2026-08-25 23:26:00,2026-08-26,captured
pay_WEGFLKQI,ORD_6789,154.44,3.09,0.56,150.79,setl_602,2026-08-25 19:41:00,2026-08-26,captured
pay_OL48F139,ORD_6790,1509.8,30.2,5.44,1474.16,setl_602,2026-08-25 19:39:00,2026-08-26,captured
pay_MX8OHU0D,ORD_6791,1494.47,29.89,5.38,1459.2,setl_602,2026-08-26 02:42:00,2026-08-27,captured
pay_CAVQTEY8,ORD_6792,1888.13,37.76,6.8,1843.57,setl_603,2026-08-26 07:12:00,2026-08-27,captured
pay_8N91J3Z7,ORD_6793,175.38,3.51,0.63,171.24,setl_603,2026-08-26 08:23:00,2026-08-27,captured
pay_R2W1PLBR,ORD_6794,248.25,4.96,0.89,242.4,setl_603,2026-08-25 19:08:00,2026-08-26,captured
pay_2N0NHCBT,ORD_6795,1544.46,30.89,5.56,1508.01,setl_603,2026-08-25 20:10:00,2026-08-26,captured
pay_UFHOKGZ1,ORD_6796,3468.62,69.37,12.49,3386.76,setl_603,2026-08-26 07:57:00,2026-08-27,captured
pay_GIP3V2Z7,ORD_6797,244.5,4.89,0.88,238.73,setl_603,2026-08-26 01:11:00,2026-08-27,captured
pay_8DH2J95Z,ORD_6798,390.78,7.82,1.41,381.55,setl_603,2026-08-25 20:41:00,2026-08-26,captured
pay_Z135MMEQ,ORD_6799,742.46,14.85,2.67,724.94,setl_603,2026-08-26 08:59:00,2026-08-27,captured
pay_GYVYV8LN,ORD_6800,264.47,5.29,0.95,258.23,setl_603,2026-08-26 07:55:00,2026-08-27,captured
pay_GA6XB51S,ORD_6801,2511.12,50.22,9.04,2451.86,setl_604,2026-08-25 22:47:00,2026-08-26,captured
pay_UHW1Q7T1,ORD_6802,893.36,17.87,3.22,872.27,setl_604,2026-08-25 22:29:00,2026-08-26,captured
pay_SVN6FPS8,ORD_6803,3503.37,70.07,12.61,3420.69,setl_604,2026-08-25 21:35:00,2026-08-26,captured
pay_1TTAWVPI,ORD_6804,2519.47,50.39,9.07,2460.01,setl_604,2026-08-26 06:18:00,2026-08-27,captured
pay_DSGZTZ1D,ORD_6805,1813.16,36.26,6.53,1770.37,setl_604,2026-08-25 22:44:00,2026-08-26,captured
pay_XMHBW6OM,ORD_6806,3020.17,60.4,10.87,2948.9,setl_604,2026-08-25 23:51:00,2026-08-26,captured
pay_H14LAO6I,ORD_6807,1282.96,25.66,4.62,1252.68,setl_604,2026-08-26 01:47:30,2026-08-27,captured
pay_1ENDP1EF,ORD_6807,1282.96,25.66,4.62,1252.68,setl_604,2026-08-26 01:47:00,2026-08-27,captured
pay_8363VFFJ,ORD_6808,1307.2,26.14,4.71,1276.35,setl_604,2026-08-26 01:23:00,2026-08-27,captured
pay_XFAYMUGR,ORD_6809,3536.53,70.73,12.73,3453.07,setl_604,2026-08-26 08:03:00,2026-08-27,captured
pay_8F3R8UD6,ORD_6810,872.21,17.44,3.14,851.63,setl_604,2026-08-26 00:47:00,2026-08-27,captured
pay_KO0I7LAO,ORD_6811,1815.78,36.32,6.54,1772.92,setl_605,2026-08-25 18:35:00,2026-08-26,captured
pay_3RE138AQ,ORD_6812,1646.99,32.94,5.93,1608.12,setl_605,2026-08-26 03:19:00,2026-08-27,captured
pay_XY5LPOWQ,ORD_6813,926.94,18.54,3.34,905.06,setl_605,2026-08-25 22:59:00,2026-08-26,captured
pay_K2OLBDHA,ORD_6814,1822.8,36.46,6.56,1779.78,setl_605,2026-08-26 05:36:00,2026-08-27,captured
pay_05ER5RED,ORD_6815,446.47,8.93,1.61,435.93,setl_605,2026-08-26 01:04:00,2026-08-27,captured
pay_30T8E2GF,ORD_6816,1574.34,31.49,5.67,1537.18,setl_605,2026-08-25 18:35:00,2026-08-26,captured
pay_GI0GPI9B,ORD_6817,1015.04,20.3,3.65,991.09,setl_605,2026-08-26 03:53:00,2026-08-27,captured
pay_1YDO80N5,ORD_6818,1867.98,37.36,6.72,1823.9,setl_605,2026-08-26 02:37:00,2026-08-27,captured
pay_QSSHLLT5,ORD_6819,1578.05,31.56,5.68,1540.81,setl_606,2026-08-25 22:03:00,2026-08-26,captured
pay_E5CX6ZO9,ORD_6820,446.04,8.92,1.61,435.51,setl_606,2026-08-25 22:32:00,2026-08-26,captured
pay_SLLP7MK6,ORD_6821,1944.8,38.9,7.0,1898.9,setl_606,2026-08-25 19:14:00,2026-08-26,captured
pay_GLIU32YX,ORD_6822,1886.73,37.73,6.79,1842.21,setl_606,2026-08-25 17:36:00,2026-08-26,captured
pay_X85G7LL1,ORD_6823,290.22,5.8,1.04,283.38,setl_606,2026-08-26 04:11:00,2026-08-27,captured
pay_JGWOK7XO,ORD_6824,278.12,5.56,1.0,271.56,setl_606,2026-08-26 04:33:00,2026-08-27,captured
pay_GA4WEQRT,ORD_6825,1849.4,36.99,6.66,1805.75,setl_606,2026-08-25 20:23:00,2026-08-26,captured
pay_9BNEOQM4,ORD_6826,2981.97,59.64,10.74,2911.59,setl_606,2026-08-26 00:18:00,2026-08-27,captured
pay_C1RL00M2,ORD_6827,168.4,3.37,0.61,164.42,setl_606,2026-08-26 04:28:00,2026-08-27,captured
pay_CX2RCQU6,ORD_6828,478.48,9.57,1.72,467.19,setl_606,2026-08-25 22:31:00,2026-08-26,captured
pay_QTNP098T,ORD_6829,2975.29,59.51,10.71,2905.07,setl_606,2026-08-26 06:27:00,2026-08-27,captured
pay_M8G5DM12,ORD_6830,915.73,18.31,3.3,894.12,setl_607,2026-08-26 00:40:00,2026-08-27,captured
pay_88ZD46VK,ORD_6831,1551.88,31.04,5.59,1515.25,setl_607,2026-08-25 17:46:00,2026-08-26,captured
pay_5SODYNTG,ORD_6832,312.14,6.24,1.12,304.78,setl_607,2026-08-25 19:23:00,2026-08-26,captured
pay_YMQL4XWO,ORD_6833,376.59,7.53,1.36,367.7,setl_607,2026-08-26 03:57:00,2026-08-27,captured
pay_IYKOR6EW,ORD_6834,1839.74,36.79,6.62,1796.33,setl_607,2026-08-26 03:46:00,2026-08-27,captured
pay_8KSHK4RQ,ORD_6835,261.57,5.23,0.94,255.4,setl_607,2026-08-26 04:31:00,2026-08-27,captured
pay_5LNGC6D6,ORD_6836,164.14,3.28,0.59,160.27,setl_607,2026-08-26 07:43:00,2026-08-27,captured
pay_Z1Q461CX,ORD_6837,217.63,4.35,0.78,212.5,setl_607,2026-08-25 19:37:00,2026-08-26,captured
pay_WGORW3PH,ORD_6838,188.96,3.78,0.68,184.5,setl_607,2026-08-25 20:33:00,2026-08-26,captured
pay_0A50LTTE,ORD_6839,1891.75,37.84,6.81,1847.1,setl_607,2026-08-26 07:39:00,2026-08-27,captured
pay_9IOJBMZC,ORD_6840,1496.37,29.93,5.39,1461.05,setl_608,2026-08-25 17:14:00,2026-08-26,captured
pay_TFZ4KWP7,ORD_6842,2983.95,59.68,10.74,2913.53,setl_608,2026-08-26 03:59:00,2026-08-27,captured
pay_M5L224Y3,ORD_6843,360.77,7.22,1.3,352.25,setl_608,2026-08-26 05:48:00,2026-08-27,captured
pay_SITCIV9B,ORD_6844,387.84,7.76,1.4,378.68,setl_608,2026-08-26 02:55:00,2026-08-27,captured
pay_G9ZOVZT3,ORD_6845,3519.29,70.39,12.67,3436.23,setl_608,2026-08-26 02:55:00,2026-08-27,captured
pay_J04EJ7Z2,ORD_6846,1775.25,35.51,6.39,1733.35,setl_608,2026-08-26 08:19:00,2026-08-27,captured
pay_IY5HTV9W,ORD_6847,936.98,18.74,3.37,914.87,setl_608,2026-08-26 02:37:00,2026-08-27,captured
pay_PAINWNY5,ORD_6848,245.54,4.91,0.88,239.75,setl_608,2026-08-25 21:24:00,2026-08-26,captured
pay_T4QFGXRF,ORD_6849,2987.67,59.75,10.75,2917.17,setl_608,2026-08-26 02:13:00,2026-08-27,captured
pay_6L8NZ5PK,ORD_6850,1299.16,25.98,4.68,1268.5,setl_608,2026-08-25 19:37:00,2026-08-26,captured
pay_VOXVFA8R,ORD_6851,3043.49,60.87,10.96,2971.66,setl_609,2026-08-25 22:48:00,2026-08-26,captured
pay_TYF8VHO8,ORD_6852,1501.07,30.02,5.4,1465.65,setl_609,2026-08-26 03:36:00,2026-08-27,captured
pay_W6QC3RSH,ORD_6853,1858.33,37.17,6.69,1814.47,setl_609,2026-08-26 02:15:00,2026-08-27,captured
pay_DAUBD4YX,ORD_6854,915.85,18.32,3.3,894.23,setl_609,2026-08-25 21:56:00,2026-08-26,captured
pay_RXJKB49U,ORD_6855,1013.22,20.26,3.65,989.31,setl_609,2026-08-26 06:15:00,2026-08-27,captured
pay_KKEX8RXI,ORD_6856,1494.02,29.88,5.38,1458.76,setl_609,2026-08-25 22:07:00,2026-08-26,captured
pay_LUTZEW69,ORD_6857,896.24,17.92,3.23,875.09,setl_609,2026-08-26 00:53:00,2026-08-27,captured
pay_VSR9F72D,ORD_6858,649.79,13.0,2.34,634.45,setl_609,2026-08-26 03:41:00,2026-08-27,captured
pay_TQRM840D,ORD_6859,1941.56,38.83,6.99,1895.74,setl_609,2026-08-25 19:50:00,2026-08-26,captured
pay_UJQVOE21,ORD_6860,1288.64,25.77,4.64,1258.23,setl_609,2026-08-26 07:44:00,2026-08-27,captured
pay_6A3E2WMI,ORD_6861,1818.99,36.38,6.55,1776.06,setl_610,2026-08-26 06:53:00,2026-08-27,captured
pay_HX0L7ROR,ORD_6862,184.86,3.7,0.67,180.49,setl_610,2026-08-25 19:38:00,2026-08-26,captured
pay_TN2M3PRE,ORD_6863,430.89,8.62,1.55,420.72,setl_610,2026-08-25 21:08:00,2026-08-26,captured
pay_FA09WOK4,ORD_6864,1479.66,29.59,5.33,1444.74,setl_610,2026-08-25 22:05:00,2026-08-26,captured
pay_SSEASTUX,ORD_6865,468.91,9.38,1.69,457.84,setl_610,2026-08-26 00:22:00,2026-08-27,captured
pay_OYP6GY3Q,ORD_6866,1517.19,35.81,6.45,1474.93,setl_610,2026-08-25 21:54:00,2026-08-26,captured
pay_309RQD8V,ORD_6867,387.99,7.76,1.4,378.83,setl_610,2026-08-26 00:47:00,2026-08-27,captured
pay_5NQKDN92,ORD_6868,334.09,6.68,1.2,326.21,setl_610,2026-08-26 23:58:00,2026-08-28,captured
pay_T8XDVE0D,ORD_6869,968.12,19.36,3.48,945.28,setl_610,2026-08-26 06:03:00,2026-08-27,captured
pay_41FM7ZTT,ORD_6870,680.62,13.61,2.45,664.56,setl_610,2026-08-25 22:19:00,2026-08-26,captured
pay_JN17UFY1,ORD_6871,279.9,5.6,1.01,273.29,setl_610,2026-08-25 23:08:00,2026-08-26,captured
pay_AIDBSLD3,ORD_6872,1255.19,25.1,4.52,1225.57,setl_611,2026-08-26 04:56:00,2026-08-27,captured
pay_TCPZDTE8,ORD_6873,293.44,5.87,1.06,286.51,setl_611,2026-08-25 18:49:00,2026-08-26,captured
pay_ZUK6Q6GH,ORD_6874,204.77,4.1,0.74,199.93,setl_611,2026-08-26 05:33:00,2026-08-27,captured
pay_C8N365ZN,ORD_6875,940.27,18.81,3.39,918.07,setl_611,2026-08-26 06:56:00,2026-08-27,captured
pay_0W308CR7,ORD_6876,316.27,6.33,1.14,308.8,setl_611,2026-08-26 05:50:00,2026-08-27,captured
pay_S8VWKHDF,ORD_6877,1201.53,24.03,4.33,1173.17,setl_611,2026-08-26 05:34:00,2026-08-27,captured
pay_AWYOGE6C,ORD_6878,1316.46,26.33,4.74,1285.39,setl_611,2026-08-25 17:36:00,2026-08-26,captured
pay_RTLPZ1IA,ORD_6879,922.15,18.44,3.32,715.96,setl_611,2026-08-25 21:21:00,2026-08-26,captured
pay_Y27TJV1N,ORD_6880,492.17,9.84,1.77,480.56,setl_611,2026-08-25 21:55:00,2026-08-26,captured
pay_T2S38YR1,ORD_6881,205.77,4.12,0.74,200.91,setl_612,2026-08-26 05:24:00,2026-08-27,captured
pay_9RPXXEV8,ORD_6882,2455.46,49.11,8.84,2397.51,setl_612,2026-08-26 01:27:00,2026-08-27,captured
pay_X1DP8CJV,ORD_6883,1605.59,32.11,5.78,1567.7,setl_612,2026-08-25 22:28:00,2026-08-26,captured
pay_7R567FCP,ORD_6884,2960.53,59.21,10.66,2890.66,setl_612,2026-08-25 17:45:00,2026-08-26,captured
pay_81EOVDIF,ORD_6885,1479.75,29.59,5.33,1444.83,setl_612,2026-08-26 08:41:30,2026-08-27,captured
pay_KRMFMYKI,ORD_6885,1479.75,29.59,5.33,1444.83,setl_612,2026-08-26 08:41:00,2026-08-27,captured
pay_8B8QTJ3X,ORD_6887,1844.82,36.9,6.64,1801.28,setl_612,2026-08-25 18:45:00,2026-08-26,captured
pay_USUB0IPS,ORD_6888,205.45,4.11,0.74,200.6,setl_612,2026-08-26 05:19:00,2026-08-27,captured
pay_7NDDJ64E,ORD_6889,1595.46,31.91,5.74,1557.81,setl_612,2026-08-25 20:31:00,2026-08-26,captured
pay_MOOGA351,ORD_6890,275.38,5.51,0.99,268.88,setl_613,2026-08-25 19:11:00,2026-08-26,captured
pay_MPY54JQ4,ORD_6891,389.3,7.79,1.4,380.11,setl_613,2026-08-26 08:50:00,2026-08-27,captured
pay_TQRA3JKP,ORD_6892,3525.16,70.5,12.69,3441.97,setl_613,2026-08-26 03:08:00,2026-08-27,captured
pay_EMKCTHGY,ORD_6893,2971.37,59.43,10.7,2901.24,setl_613,2026-08-26 07:51:00,2026-08-27,captured
pay_EQIJIW1B,ORD_6894,448.28,10.58,1.9,435.8,setl_613,2026-08-25 20:47:00,2026-08-26,captured
pay_PEJWQDIR,ORD_6895,3046.47,60.93,10.97,2974.57,setl_613,2026-08-25 19:37:00,2026-08-26,captured
pay_2KIJ5B2U,ORD_6896,3523.54,70.47,12.68,3440.39,setl_613,2026-08-25 23:58:00,2026-08-27,captured
pay_C989YXFK,ORD_6897,1228.08,24.56,4.42,999.1,setl_613,2026-08-25 19:46:00,2026-08-26,captured
pay_JTEBAE11,ORD_6898,674.46,13.49,2.43,658.54,setl_614,2026-08-26 06:59:00,2026-08-27,captured
pay_JGY8I7LG,ORD_6899,375.89,7.52,1.35,367.02,setl_614,2026-08-26 07:33:00,2026-08-27,captured
pay_66TQYUPF,ORD_6900,2496.38,49.93,8.99,2437.46,setl_614,2026-08-26 00:23:00,2026-08-27,captured
pay_8XJFFL5Z,ORD_6901,2533.02,50.66,9.12,2473.24,setl_614,2026-08-26 02:16:00,2026-08-27,captured
pay_QH8EEA9R,ORD_6902,440.73,8.81,1.59,430.33,setl_614,2026-08-26 06:58:00,2026-08-27,captured
pay_CK5O4WAZ,ORD_6903,3522.59,70.45,12.68,3439.46,setl_614,2026-08-26 07:56:00,2026-08-27,captured
pay_1446X0WF,ORD_6904,2967.5,59.35,10.68,2897.47,setl_614,2026-08-26 01:33:00,2026-08-27,captured
pay_JLZLGQ8R,ORD_6905,725.44,14.51,2.61,708.32,setl_614,2026-08-26 00:12:00,2026-08-27,captured
pay_YUS90UZ2,ORD_6906,447.96,8.96,1.61,437.39,setl_614,2026-08-26 06:57:00,2026-08-27,captured
pay_X2BMHN3Q,ORD_6907,423.19,8.46,1.52,413.21,setl_614,2026-08-25 22:22:00,2026-08-26,captured
pay_J4X4P7ZA,ORD_6908,204.01,4.08,0.73,199.2,setl_615,2026-08-25 21:12:00,2026-08-26,captured
pay_QT1PHAHD,ORD_6909,203.49,4.07,0.73,198.69,setl_615,2026-08-26 01:26:00,2026-08-27,captured
pay_NPMIDYWF,ORD_6910,1002.12,20.04,3.61,978.47,setl_615,2026-08-25 18:33:00,2026-08-26,captured
pay_9SWHT2Z5,ORD_6911,2485.16,49.7,8.95,2426.51,setl_615,2026-08-25 21:40:00,2026-08-26,captured
pay_ICJXC3XL,ORD_6912,944.45,18.89,3.4,922.16,setl_615,2026-08-26 04:23:00,2026-08-27,captured
pay_4SVRY1T8,ORD_6913,3454.61,69.09,12.44,3373.08,setl_615,2026-08-25 19:52:00,2026-08-26,captured
pay_MHUI99LL,ORD_6914,1551.77,31.04,5.59,1515.14,setl_615,2026-08-25 19:02:00,2026-08-26,captured
pay_S2BTWI07,ORD_6915,2951.62,59.03,10.63,2881.96,setl_615,2026-08-26 06:13:00,2026-08-27,captured
pay_BBHBOYM1,ORD_6916,1010.95,20.22,3.64,987.09,setl_615,2026-08-25 23:54:30,2026-08-26,captured
pay_RAV3X58U,ORD_6916,1010.95,20.22,3.64,987.09,setl_615,2026-08-25 23:54:00,2026-08-26,captured
pay_QM9ZLMW9,ORD_6917,1176.92,23.54,4.24,1149.14,setl_616,2026-08-25 21:14:00,2026-08-26,captured
pay_PDW8O83B,ORD_6918,204.82,4.1,0.74,199.98,setl_616,2026-08-26 04:44:00,2026-08-27,captured
pay_WX80ZILW,ORD_6919,1201.23,24.02,4.32,1172.89,setl_616,2026-08-26 05:52:00,2026-08-27,captured
pay_Y9AFA3RN,ORD_6920,323.05,6.46,1.16,315.43,setl_616,2026-08-25 20:14:00,2026-08-26,captured
pay_WHVBBGV0,ORD_6921,2461.21,49.22,8.86,2403.13,setl_616,2026-08-26 02:16:00,2026-08-27,captured
pay_66OHK3RA,ORD_6922,1209.87,24.2,4.36,1181.31,setl_616,2026-08-25 20:03:00,2026-08-26,captured
pay_Z1LYHBW5,ORD_6923,889.6,17.79,3.2,868.61,setl_616,2026-08-25 20:00:00,2026-08-26,captured
pay_3Y0EDA7C,ORD_6924,238.12,4.76,0.86,232.5,setl_616,2026-08-26 02:23:00,2026-08-27,captured
pay_8EIXXGR8,ORD_6925,325.87,6.52,1.17,318.18,setl_616,2026-08-26 02:17:00,2026-08-27,captured
pay_4Z5H2ZXG,ORD_6927,1832.88,36.66,6.6,1789.62,setl_616,2026-08-26 00:00:00,2026-08-26,captured
pay_O1871UOL,ORD_6928,286.28,5.73,1.03,279.52,setl_616,2026-08-26 08:31:00,2026-08-27,captured
pay_JU0C9K71,ORD_6929,1019.99,20.4,3.67,995.92,setl_617,2026-08-25 22:43:00,2026-08-26,captured
pay_3PAC7W43,ORD_6930,1797.03,35.94,6.47,1754.62,setl_617,2026-08-26 01:39:00,2026-08-27,captured
pay_QEH0Q6SS,ORD_6931,3025.4,60.51,10.89,2954.0,setl_617,2026-08-25 19:01:00,2026-08-26,captured
pay_K778SSWO,ORD_6932,331.16,6.62,1.19,323.35,setl_617,2026-08-25 22:07:00,2026-08-26,captured
pay_AIHV67YD,ORD_6933,1302.41,26.05,4.69,1271.67,setl_617,2026-08-25 19:27:00,2026-08-26,captured
pay_KPJYZRGB,ORD_6934,1641.66,32.83,5.91,1602.92,setl_617,2026-08-26 08:22:00,2026-08-27,captured
pay_Z0UB26T8,ORD_6935,2453.75,49.08,8.83,2395.84,setl_617,2026-08-25 22:36:00,2026-08-26,captured
pay_ZOHK9Z3B,ORD_6936,1882.25,37.65,6.78,1837.82,setl_617,2026-08-26 07:23:00,2026-08-27,captured
pay_V4PCN6FC,ORD_6937,3537.23,70.74,12.73,3453.76,setl_617,2026-08-26 08:38:00,2026-08-27,captured
pay_MRSJU9N1,ORD_6938,1613.87,32.28,5.81,1575.78,setl_617,2026-08-25 18:54:00,2026-08-26,captured
pay_01TXLB1P,ORD_6939,1537.21,30.74,5.53,1500.94,setl_618,2026-08-25 19:23:00,2026-08-26,captured
pay_9QAYZ0RU,ORD_6940,337.21,6.74,1.21,329.26,setl_618,2026-08-25 18:59:00,2026-08-26,captured
pay_P8JAHOV9,ORD_6941,3523.29,70.47,12.68,3440.14,setl_618,2026-08-26 00:05:00,2026-08-27,captured
pay_H6OD8WHV,ORD_6942,1541.41,30.83,5.55,1505.03,setl_618,2026-08-25 23:38:00,2026-08-26,captured
pay_KHT9FK0V,ORD_6943,1464.27,29.29,5.27,1429.71,setl_618,2026-08-26 02:04:00,2026-08-27,captured
pay_DT6GSH3H,ORD_6944,209.69,4.19,0.75,204.75,setl_618,2026-08-25 23:25:00,2026-08-26,captured
pay_J38TPXRS,ORD_6945,1483.78,29.68,5.34,1448.76,setl_618,2026-08-25 20:47:00,2026-08-26,captured
pay_AN9H4NW4,ORD_6946,447.8,8.96,1.61,437.23,setl_618,2026-08-25 18:59:00,2026-08-26,captured
pay_5A915KXS,ORD_6947,3464.32,69.29,12.47,3382.56,setl_619,2026-08-25 19:08:00,2026-08-26,captured
pay_2825RS7K,ORD_6948,878.7,17.57,3.16,857.97,setl_619,2026-08-25 23:25:00,2026-08-26,captured
pay_TXRRC33I,ORD_6949,196.91,3.94,0.71,192.26,setl_619,2026-08-26 04:39:00,2026-08-27,captured
pay_C1U585NC,ORD_6950,1294.93,25.9,4.66,1264.37,setl_619,2026-08-26 07:17:00,2026-08-27,captured
pay_5HJ4HUU4,ORD_6951,319.01,6.38,1.15,311.48,setl_619,2026-08-26 08:21:00,2026-08-27,captured
pay_W59BYBPQ,ORD_6952,1915.09,38.3,6.89,1869.9,setl_619,2026-08-25 23:01:00,2026-08-26,captured
pay_R6BYX0D9,ORD_6953,1912.91,38.26,6.89,1867.76,setl_619,2026-08-25 20:17:00,2026-08-26,captured
pay_N6YVP3OJ,ORD_6954,1025.07,20.5,3.69,1000.88,setl_619,2026-08-25 20:00:00,2026-08-26,captured
pay_7W1N50ZA,ORD_6955,3481.63,69.63,12.53,3399.47,setl_619,2026-08-26 02:49:00,2026-08-27,captured
pay_5GS9K00U,ORD_6956,1338.19,26.76,4.82,1306.61,setl_619,2026-08-26 04:50:00,2026-08-27,captured
pay_AREPRAM9,ORD_6957,1242.26,24.85,4.47,1212.94,setl_620,2026-08-26 03:11:00,2026-08-27,captured
pay_7D3YCJXQ,ORD_6958,1786.85,35.74,6.43,1744.68,setl_620,2026-08-25 22:18:00,2026-08-26,captured
pay_EVMSEZJR,ORD_6959,1574.92,31.5,5.67,1537.75,setl_620,2026-08-26 03:50:00,2026-08-27,captured
pay_QHUM5ZFF,ORD_6960,437.2,8.74,1.57,426.89,setl_620,2026-08-26 05:21:00,2026-08-27,captured
pay_LDQ54PQ7,ORD_6961,217.59,4.35,0.78,212.46,setl_620,2026-08-26 01:52:00,2026-08-27,captured
pay_YAA32UTC,ORD_6962,1029.22,20.58,3.7,1004.94,setl_620,2026-08-26 07:16:00,2026-08-27,captured
pay_HN15G9LR,ORD_6963,508.73,10.17,1.83,496.73,setl_620,2026-08-25 22:41:00,2026-08-26,captured
pay_FWJJO22L,ORD_6964,2541.46,50.83,9.15,2481.48,setl_620,2026-08-25 21:09:00,2026-08-26,captured
pay_LH0RDV4Y,ORD_6965,914.8,18.3,3.29,893.21,setl_620,2026-08-26 01:26:00,2026-08-27,captured
pay_QHJOFPC6,ORD_6966,268.54,6.34,1.14,261.06,setl_620,2026-08-25 21:37:00,2026-08-26,captured
pay_GSEP0Z0E,ORD_6967,930.25,18.61,3.35,908.29,setl_620,2026-08-26 05:07:00,2026-08-27,captured
pay_HSXPZLC8,ORD_6968,1546.05,30.92,5.57,1509.56,setl_621,2026-08-26 04:29:00,2026-08-27,captured
pay_H1H1CLPR,ORD_6969,895.05,17.9,3.22,873.93,setl_621,2026-08-26 23:58:00,2026-08-28,captured
pay_UT9AA5KX,ORD_6970,1343.77,26.88,4.84,1312.05,setl_621,2026-08-25 23:56:00,2026-08-26,captured
pay_N3TD4GCK,ORD_6971,255.15,5.1,0.92,249.13,setl_621,2026-08-26 04:49:00,2026-08-27,captured
pay_AFHDK4YM,ORD_6972,218.5,4.37,0.79,213.34,setl_621,2026-08-25 22:42:00,2026-08-26,captured
pay_S2HK44OP,ORD_6973,2508.26,50.17,9.03,2249.06,setl_621,2026-08-25 22:32:00,2026-08-26,captured
pay_ZGGOBNHC,ORD_6974,234.98,4.7,0.85,229.43,setl_621,2026-08-26 00:34:00,2026-08-27,captured
pay_K8GY75MY,ORD_6975,1258.8,25.18,4.53,1229.09,setl_621,2026-08-26 07:30:00,2026-08-27,captured
pay_NMB79W5O,ORD_6976,1875.4,37.51,6.75,1831.14,setl_622,2026-08-26 08:39:00,2026-08-27,captured
pay_XXFOW502,ORD_6977,701.81,14.04,2.53,685.24,setl_622,2026-08-26 08:27:00,2026-08-27,captured
pay_ROT58O4S,ORD_6978,303.42,6.07,1.09,296.26,setl_622,2026-08-26 07:56:30,2026-08-27,captured
pay_NAGPK57J,ORD_6978,303.42,6.07,1.09,296.26,setl_622,2026-08-26 07:56:00,2026-08-27,captured
pay_QG3A7I28,ORD_6979,1514.89,30.3,5.45,1479.14,setl_622,2026-08-26 00:09:00,2026-08-27,captured
pay_55M6K3L6,ORD_6981,3497.15,69.94,12.59,3414.62,setl_622,2026-08-26 01:24:00,2026-08-27,captured
pay_PJC57Q2V,ORD_6982,980.79,19.62,3.53,957.64,setl_622,2026-08-26 05:48:00,2026-08-27,captured
pay_Q797TCSB,ORD_6983,1454.16,29.08,5.23,1419.85,setl_622,2026-08-26 01:23:00,2026-08-27,captured
pay_KJLFFDRX,ORD_6984,508.26,10.17,1.83,496.26,setl_622,2026-08-25 23:48:00,2026-08-26,captured
pay_1R9U68DH,ORD_6985,1483.08,35.0,6.3,1441.78,setl_622,2026-08-26 05:27:00,2026-08-27,captured
pay_8W7NBV72,ORD_6986,418.5,8.37,1.51,408.62,setl_622,2026-08-26 05:48:00,2026-08-27,captured
pay_2KZDJKSP,ORD_6987,295.75,5.92,1.07,288.76,setl_623,2026-08-26 07:47:00,2026-08-27,captured
pay_BOBNUJ7Q,ORD_6988,1922.46,38.45,6.92,1877.09,setl_623,2026-08-26 04:24:00,2026-08-27,captured
pay_QUFS4ADX,ORD_6989,2958.39,59.17,10.65,2888.57,setl_623,2026-08-26 01:32:00,2026-08-27,captured
pay_PYP73A14,ORD_6990,402.75,8.05,1.45,393.25,setl_623,2026-08-26 06:13:00,2026-08-27,captured
pay_5CE6NNS3,ORD_6991,1944.86,38.9,7.0,1898.96,setl_623,2026-08-26 04:57:00,2026-08-27,captured
pay_222TK8TT,ORD_6992,2979.8,59.6,10.73,2909.47,setl_623,2026-08-26 07:37:00,2026-08-27,captured
pay_VPYH0K4T,ORD_6993,313.2,6.26,1.13,305.81,setl_623,2026-08-26 07:26:00,2026-08-27,captured
pay_459QZ3Q0,ORD_6994,252.07,5.04,0.91,246.12,setl_623,2026-08-26 01:03:00,2026-08-27,captured
pay_G3XN5B78,ORD_6995,239.23,4.78,0.86,233.59,setl_623,2026-08-25 23:07:00,2026-08-26,captured
pay_5QXGYWNO,ORD_6996,3463.06,69.26,12.47,3381.33,setl_623,2026-08-26 23:58:00,2026-08-28,captured
pay_IJ77CRIC,ORD_6997,1531.01,30.62,5.51,1494.88,setl_624,2026-08-25 19:13:00,2026-08-26,captured
pay_WA6RWUT8,ORD_6998,2470.73,49.41,8.89,2412.43,setl_624,2026-08-25 17:52:00,2026-08-26,captured
pay_KCJ4W5PV,ORD_6999,497.93,9.96,1.79,486.18,setl_624,2026-08-26 02:22:00,2026-08-27,captured
pay_7SUU5ADN,ORD_7000,1937.03,38.74,6.97,1891.32,setl_624,2026-08-25 21:48:00,2026-08-26,captured
pay_VUGBV6VP,ORD_7001,458.66,9.17,1.65,447.84,setl_624,2026-08-26 04:18:00,2026-08-27,captured
pay_GZ8QZ4CL,ORD_7002,1881.75,37.63,6.77,1837.35,setl_624,2026-08-26 00:28:00,2026-08-27,captured
pay_HTFO0QSG,ORD_7003,3507.87,70.16,12.63,3425.08,setl_624,2026-08-26 08:45:00,2026-08-27,captured
pay_5Z0VQOXI,ORD_7004,1529.17,30.58,5.5,1493.09,setl_624,2026-08-26 02:39:00,2026-08-27,captured
pay_613WMFXT,ORD_7005,372.91,7.46,1.34,364.11,setl_624,2026-08-26 05:06:00,2026-08-27,captured
pay_X6F973P1,ORD_7006,1923.17,38.46,6.92,1877.79,setl_625,2026-08-25 17:12:00,2026-08-26,captured
pay_R2GSO8N0,ORD_7007,275.07,5.5,0.99,268.58,setl_625,2026-08-26 08:35:00,2026-08-27,captured
pay_KKXKJJMF,ORD_7008,1017.85,20.36,3.66,993.83,setl_625,2026-08-26 01:16:00,2026-08-27,captured
pay_2IX2N92T,ORD_7009,1477.83,29.56,5.32,1442.95,setl_625,2026-08-26 05:00:00,2026-08-27,captured
pay_T3G1W75D,ORD_7010,1612.95,32.26,5.81,1574.88,setl_625,2026-08-26 02:53:00,2026-08-27,captured
pay_RAG6KB9D,ORD_7011,994.68,19.89,3.58,971.21,setl_625,2026-08-26 03:34:00,2026-08-27,captured
pay_SAIR8D2S,ORD_7012,366.91,7.34,1.32,358.25,setl_625,2026-08-26 03:49:00,2026-08-27,captured
pay_NU1U7779,ORD_7013,3480.11,69.6,12.53,3397.98,setl_625,2026-08-26 04:53:00,2026-08-27,captured
pay_MFYIUL07,ORD_7014,252.4,5.05,0.91,246.44,setl_625,2026-08-26 05:32:00,2026-08-27,captured
pay_Y1NUVLMN,ORD_7015,3458.13,69.16,12.45,3376.52,setl_626,2026-08-26 08:57:00,2026-08-27,captured
pay_3GDU4EOH,ORD_7016,678.31,13.57,2.44,662.3,setl_626,2026-08-25 19:44:00,2026-08-26,captured
pay_DJ6ETV9J,ORD_7017,1498.6,29.97,5.39,1463.24,setl_626,2026-08-25 22:04:00,2026-08-26,captured
pay_ER29AW0A,ORD_7018,352.94,7.06,1.27,344.61,setl_626,2026-08-26 07:18:00,2026-08-27,captured
pay_M75F4BMX,ORD_7019,1793.06,35.86,6.45,1750.75,setl_626,2026-08-26 04:40:00,2026-08-27,captured
pay_DUVVJDJ7,ORD_7020,215.14,4.3,0.77,210.07,setl_626,2026-08-26 06:17:00,2026-08-27,captured
pay_2UV3JFWE,ORD_7021,3502.67,70.05,12.61,3420.01,setl_626,2026-08-25 19:08:00,2026-08-26,captured
pay_XOIABIDD,ORD_7022,1494.21,29.88,5.38,1258.95,setl_626,2026-08-25 23:54:00,2026-08-26,captured
pay_3IJVD4BZ,ORD_7023,1502.07,30.04,5.41,1466.62,setl_626,2026-08-26 06:53:00,2026-08-27,captured
pay_SONZETW7,ORD_7024,1326.96,26.54,4.78,1295.64,setl_626,2026-08-26 08:55:00,2026-08-27,captured
pay_ZBQI3NMH,ORD_7025,1485.48,29.71,5.35,1450.42,setl_626,2026-08-26 00:12:00,2026-08-27,captured
pay_VE1KJ9IO,ORD_7026,492.64,9.85,1.77,481.02,setl_627,2026-08-25 22:37:00,2026-08-26,captured
pay_H9TA2CXO,ORD_7027,3519.29,70.39,12.67,3436.23,setl_627,2026-08-25 22:40:00,2026-08-26,captured
pay_N5J8MS2D,ORD_7028,1583.17,31.66,5.7,1545.81,setl_627,2026-08-25 18:58:00,2026-08-26,captured
pay_TDIR8W3R,ORD_7029,1452.62,29.05,5.23,1418.34,setl_627,2026-08-26 04:28:30,2026-08-27,captured
pay_42SCI7F1,ORD_7029,1452.62,29.05,5.23,1418.34,setl_627,2026-08-26 04:28:00,2026-08-27,captured
pay_1O4PYOZT,ORD_7030,1009.86,20.2,3.64,986.02,setl_627,2026-08-25 21:34:00,2026-08-26,captured
pay_R6EN5AVJ,ORD_7031,374.83,7.5,1.35,365.98,setl_627,2026-08-25 17:26:00,2026-08-26,captured
pay_1XO488M3,ORD_7032,258.47,5.17,0.93,252.37,setl_627,2026-08-26 04:46:00,2026-08-27,captured
pay_W6VT9XGM,ORD_7033,1572.18,31.44,5.66,1535.08,setl_627,2026-08-26 08:41:00,2026-08-27,captured
pay_SKQXDGER,ORD_7035,489.6,9.79,1.76,478.05,setl_627,2026-08-25 17:24:00,2026-08-26,captured
pay_YJCEVDCD,ORD_7036,2453.15,49.06,8.83,2395.26,setl_628,2026-08-25 20:28:00,2026-08-26,captured
pay_Y7LK3BK0,ORD_7037,3008.91,60.18,10.83,2937.9,setl_628,2026-08-25 22:39:00,2026-08-26,captured
pay_NU0ST71T,ORD_7038,432.14,10.2,1.84,420.1,setl_628,2026-08-25 23:56:00,2026-08-26,captured
pay_NYPEE9N6,ORD_7039,476.32,9.53,1.72,465.07,setl_628,2026-08-26 03:29:00,2026-08-27,captured
pay_TVDUMYL7,ORD_7040,1482.62,29.65,5.34,1447.63,setl_628,2026-08-25 17:03:00,2026-08-26,captured
pay_HUI0BXXO,ORD_7041,857.24,17.14,3.09,837.01,setl_628,2026-08-25 23:44:00,2026-08-26,captured
pay_KGZ6EVGB,ORD_7042,1211.36,24.23,4.36,1182.77,setl_628,2026-08-26 07:45:00,2026-08-27,captured
pay_ZVKXELDR,ORD_7043,1635.12,32.7,5.89,1596.53,setl_628,2026-08-26 06:42:00,2026-08-27,captured
pay_6KVA65I5,ORD_7044,959.73,19.19,3.45,937.09,setl_628,2026-08-26 04:54:00,2026-08-27,captured
pay_5GCTQHIV,ORD_7045,2966.29,59.33,10.68,2896.28,setl_629,2026-08-25 23:17:00,2026-08-26,captured
pay_QKS4TX4U,ORD_7046,893.24,17.86,3.21,872.17,setl_629,2026-08-26 07:54:00,2026-08-27,captured
pay_QV8CGPA0,ORD_7047,218.49,4.37,0.79,213.33,setl_629,2026-08-25 20:29:00,2026-08-26,captured
pay_QB10D08U,ORD_7048,440.03,8.8,1.58,429.65,setl_629,2026-08-25 18:40:00,2026-08-26,captured
pay_6CV81NS0,ORD_7049,2527.71,50.55,9.1,2468.06,setl_629,2026-08-26 01:27:00,2026-08-27,captured
pay_7KNN2XI0,ORD_7050,2960.46,59.21,10.66,2890.59,setl_629,2026-08-26 06:48:00,2026-08-27,captured
pay_2G8EI4ZB,ORD_7051,1642.53,32.85,5.91,1603.77,setl_629,2026-08-25 20:40:00,2026-08-26,captured
pay_9Q8HMT1Q,ORD_7052,679.04,13.58,2.44,663.02,setl_629,2026-08-26 04:10:00,2026-08-27,captured
pay_77U8XHFM,ORD_7053,444.23,8.88,1.6,433.75,setl_629,2026-08-25 18:16:00,2026-08-26,captured
pay_43ROPBG3,ORD_7054,1545.18,30.9,5.56,1508.72,setl_629,2026-08-26 02:53:00,2026-08-27,captured
pay_ZRB68JFJ,ORD_7055,177.06,3.54,0.64,172.88,setl_630,2026-08-25 18:12:00,2026-08-26,captured
pay_V46SZ6O5,ORD_7056,2497.3,49.95,8.99,2438.36,setl_630,2026-08-26 08:35:00,2026-08-27,captured
pay_VUZANXUL,ORD_7057,874.43,17.49,3.15,853.79,setl_630,2026-08-25 20:00:00,2026-08-26,captured
pay_MGKLCWSE,ORD_7058,1512.52,30.25,5.44,1476.83,setl_630,2026-08-26 01:45:00,2026-08-27,captured
pay_KO3V481D,ORD_7059,912.11,18.24,3.28,890.59,setl_630,2026-08-26 04:10:00,2026-08-27,captured
pay_BEHG1M1T,ORD_7060,1289.85,25.8,4.64,1259.41,setl_630,2026-08-26 02:59:00,2026-08-27,captured
pay_XRFMTNWS,ORD_7061,738.55,14.77,2.66,721.12,setl_630,2026-08-25 22:35:00,2026-08-26,captured
pay_A2EDY6CQ,ORD_7062,2978.06,59.56,10.72,2907.78,setl_630,2026-08-26 07:55:00,2026-08-27,captured
pay_L76BYNWR,ORD_7063,731.15,14.62,2.63,713.9,setl_630,2026-08-26 08:09:00,2026-08-27,captured
pay_1BCOZR9I,ORD_7064,229.57,4.59,0.83,224.15,setl_630,2026-08-25 19:46:00,2026-08-26,captured
pay_E6I9RK98,ORD_7065,1459.68,29.19,5.25,1425.24,setl_630,2026-08-26 01:14:00,2026-08-27,captured
pay_ZKV5AA7U,ORD_7066,1939.46,38.79,6.98,1893.69,setl_631,2026-08-26 03:12:00,2026-08-27,captured
pay_GQI8WO61,ORD_7067,679.54,13.59,2.45,663.5,setl_631,2026-08-25 18:12:00,2026-08-26,captured
pay_LG3U57V3,ORD_7068,301.91,6.04,1.09,294.78,setl_631,2026-08-26 23:58:00,2026-08-28,captured
pay_O4ZO0VZ8,ORD_7069,1474.47,29.49,5.31,1439.67,setl_631,2026-08-25 18:18:00,2026-08-26,captured
pay_M7DA11JJ,ORD_7070,681.06,13.62,2.45,664.99,setl_631,2026-08-25 19:36:00,2026-08-26,captured
pay_16V74929,ORD_7071,451.06,9.02,1.62,440.42,setl_631,2026-08-25 22:27:00,2026-08-26,captured
pay_4NQVPT8W,ORD_7072,1465.2,29.3,5.27,1430.63,setl_631,2026-08-26 06:44:00,2026-08-27,captured
pay_KRHQD8LZ,ORD_7073,1834.26,36.69,6.6,1590.97,setl_631,2026-08-25 18:35:00,2026-08-26,captured
pay_I9HK20Y0,ORD_7074,1488.04,29.76,5.36,1452.92,setl_631,2026-08-26 00:39:00,2026-08-27,captured
pay_TN37FPHE,ORD_7075,952.99,19.06,3.43,930.5,setl_632,2026-08-26 05:27:00,2026-08-27,captured
pay_II764TB7,ORD_7076,2959.82,59.2,10.66,2889.96,setl_632,2026-08-25 22:28:00,2026-08-26,captured
pay_WXBNZBVH,ORD_7077,1773.13,35.46,6.38,1731.29,setl_632,2026-08-26 04:54:00,2026-08-27,captured
pay_81HR62WL,ORD_7078,170.54,3.41,0.61,166.52,setl_632,2026-08-26 04:49:00,2026-08-27,captured
pay_RB0MDD0H,ORD_7079,1040.98,20.82,3.75,1016.41,setl_632,2026-08-25 22:01:30,2026-08-26,captured
pay_TJH7ZOC3,ORD_7079,1040.98,20.82,3.75,1016.41,setl_632,2026-08-25 22:01:00,2026-08-26,captured
pay_7XL8WQM1,ORD_7080,1018.13,20.36,3.66,994.11,setl_632,2026-08-26 01:26:00,2026-08-27,captured
pay_CCDMBGMU,ORD_7081,1503.5,30.07,5.41,1468.02,setl_632,2026-08-25 17:50:00,2026-08-26,captured
pay_9R47URMI,ORD_7083,492.77,9.86,1.77,481.14,setl_632,2026-08-25 18:36:00,2026-08-26,captured
pay_U1PINWPF,ORD_7084,1193.5,23.87,4.3,1165.33,setl_632,2026-08-26 00:04:00,2026-08-27,captured
pay_R6XZPCCM,ORD_7085,727.03,14.54,2.62,709.87,setl_633,2026-08-25 21:45:00,2026-08-26,captured
pay_ZDCZT8SI,ORD_7086,1519.42,30.39,5.47,1483.56,setl_633,2026-08-26 00:13:00,2026-08-27,captured
pay_5FABZ3KG,ORD_7087,442.19,8.84,1.59,431.76,setl_633,2026-08-25 21:15:00,2026-08-26,captured
pay_HI5O6QF8,ORD_7088,877.16,17.54,3.16,856.46,setl_633,2026-08-26 08:20:00,2026-08-27,captured
pay_AE38LUK3,ORD_7089,517.21,10.34,1.86,505.01,setl_633,2026-08-26 04:54:00,2026-08-27,captured
pay_UTOTYT9E,ORD_7090,850.77,17.02,3.06,830.69,setl_633,2026-08-26 07:25:00,2026-08-27,captured
pay_7PNGOX69,ORD_7091,1453.96,29.08,5.23,1419.65,setl_633,2026-08-25 23:52:00,2026-08-26,captured
pay_1MQH2UG0,ORD_7092,353.97,7.08,1.27,345.62,setl_633,2026-08-26 07:12:00,2026-08-27,captured
pay_1QF5KO09,ORD_7093,356.42,7.13,1.28,348.01,setl_634,2026-08-26 00:39:00,2026-08-27,captured
pay_K6XIOX1Y,ORD_7094,1847.71,36.95,6.65,1804.11,setl_634,2026-08-25 21:23:00,2026-08-26,captured
pay_NUHHGKD1,ORD_7095,286.92,5.74,1.03,280.15,setl_634,2026-08-25 20:42:00,2026-08-26,captured
pay_JX2Q64R0,ORD_7096,3474.87,69.5,12.51,3392.86,setl_634,2026-08-26 06:34:00,2026-08-27,captured
pay_I9A2S1TL,ORD_7097,225.39,4.51,0.81,220.07,setl_634,2026-08-26 06:24:00,2026-08-27,captured
pay_XYP7KXTZ,ORD_7098,473.45,9.47,1.7,462.28,setl_634,2026-08-25 23:16:00,2026-08-26,captured
pay_NEXFD90L,ORD_7099,394.31,7.89,1.42,385.0,setl_634,2026-08-25 19:24:00,2026-08-26,captured
pay_VQ07VO0Y,ORD_7100,2981.44,59.63,10.73,2911.08,setl_634,2026-08-26 07:09:00,2026-08-27,captured
pay_73N3BYAF,ORD_7101,879.46,17.59,3.17,858.7,setl_634,2026-08-25 21:20:00,2026-08-26,captured
pay_2GXE4WAH,ORD_7102,491.69,9.83,1.77,480.09,setl_635,2026-08-26 03:30:00,2026-08-27,captured
pay_0VNHFOOK,ORD_7103,1569.3,37.04,6.67,1525.59,setl_635,2026-08-26 00:38:00,2026-08-27,captured
pay_R2R6Y78P,ORD_7104,1932.84,38.66,6.96,1887.22,setl_635,2026-08-25 20:51:00,2026-08-26,captured
pay_FQZA2CWX,ORD_7105,1908.33,38.17,6.87,1863.29,setl_635,2026-08-26 05:32:00,2026-08-27,captured
pay_E29SM9X5,ORD_7106,1003.38,20.07,3.61,979.7,setl_635,2026-08-26 08:08:00,2026-08-27,captured
pay_8XKHLKTU,ORD_7107,486.08,9.72,1.75,474.61,setl_635,2026-08-26 02:09:00,2026-08-27,captured
pay_0YRQRBDL,ORD_7108,436.0,8.72,1.57,425.71,setl_635,2026-08-25 17:39:00,2026-08-26,captured
pay_MZVPXFGR,ORD_7109,311.39,6.23,1.12,304.04,setl_635,2026-08-25 23:10:00,2026-08-26,captured
pay_79HU27RT,ORD_7110,1273.92,25.48,4.59,1243.85,setl_636,2026-08-26 01:00:00,2026-08-27,captured
pay_VPQURCSN,ORD_7111,1449.36,28.99,5.22,1415.15,setl_636,2026-08-26 08:21:00,2026-08-27,captured
pay_94TO05DD,ORD_7112,438.41,8.77,1.58,428.06,setl_636,2026-08-25 18:20:00,2026-08-26,captured
pay_2SF7424D,ORD_7113,657.91,13.16,2.37,642.38,setl_636,2026-08-26 00:05:00,2026-08-27,captured
pay_RFOGLTE5,ORD_7114,2961.84,59.24,10.66,2891.94,setl_636,2026-08-25 22:00:00,2026-08-26,captured
pay_VTN4MC5M,ORD_7115,305.92,6.12,1.1,298.7,setl_636,2026-08-25 20:10:00,2026-08-26,captured
pay_6YD6IJQA,ORD_7116,1463.0,29.26,5.27,1428.47,setl_636,2026-08-26 06:32:00,2026-08-27,captured
pay_Z3OLLD56,ORD_7117,170.61,3.41,0.61,166.59,setl_636,2026-08-25 22:47:00,2026-08-26,captured
pay_RMR689QG,ORD_7118,1333.99,26.68,4.8,1302.51,setl_637,2026-08-25 22:07:00,2026-08-26,captured
pay_VOEF93T3,ORD_7119,340.99,6.82,1.23,332.94,setl_637,2026-08-25 23:55:00,2026-08-26,captured
pay_IWRGP4RR,ORD_7120,1844.26,36.89,6.64,1800.73,setl_637,2026-08-26 23:58:00,2026-08-28,captured
pay_XZTDNRMQ,ORD_7121,711.31,14.23,2.56,694.52,setl_637,2026-08-26 08:17:00,2026-08-27,captured
pay_UWEHLOOM,ORD_7122,2501.66,50.03,9.01,2442.62,setl_637,2026-08-26 05:01:00,2026-08-27,captured
pay_ZWXOUCBF,ORD_7123,300.96,6.02,1.08,293.86,setl_637,2026-08-26 04:00:00,2026-08-27,captured
pay_0Y0U41KS,ORD_7124,466.43,9.33,1.68,455.42,setl_637,2026-08-25 22:44:00,2026-08-26,captured
pay_Q875N69T,ORD_7125,3510.01,70.2,12.64,3427.17,setl_637,2026-08-25 23:12:00,2026-08-26,captured
pay_2TWLLJUE,ORD_7126,291.56,5.83,1.05,284.68,setl_637,2026-08-25 17:17:00,2026-08-26,captured
pay_77FDZL5L,ORD_7127,1249.64,24.99,4.5,1220.15,setl_637,2026-08-26 05:38:00,2026-08-27,captured
pay_NY8NZ33V,ORD_7128,1512.45,30.25,5.44,1276.76,setl_638,2026-08-25 22:58:00,2026-08-26,captured
pay_A6BY9A6J,ORD_7129,388.94,7.78,1.4,379.76,setl_638,2026-08-25 18:59:00,2026-08-26,captured
pay_DIEBYFZV,ORD_7130,1792.35,35.85,6.45,1750.05,setl_638,2026-08-25 18:05:00,2026-08-26,captured
pay_9O2NBN7O,ORD_7131,224.27,4.49,0.81,218.97,setl_638,2026-08-26 05:51:00,2026-08-27,captured
pay_LKQOBRBL,ORD_7132,2489.03,49.78,8.96,2430.29,setl_638,2026-08-26 01:24:00,2026-08-27,captured
pay_DRPCMSQC,ORD_7133,943.08,18.86,3.39,920.83,setl_638,2026-08-26 08:37:00,2026-08-27,captured
pay_E9GZHGBW,ORD_7134,3014.98,60.3,10.85,2943.83,setl_638,2026-08-26 00:09:00,2026-08-27,captured
pay_ICV801DD,ORD_7135,1817.29,36.35,6.54,1774.4,setl_638,2026-08-26 02:43:00,2026-08-27,captured
pay_FI9J0R7W,ORD_7136,274.26,5.49,0.99,267.78,setl_638,2026-08-25 20:56:00,2026-08-26,captured
pay_9O7D2JIG,ORD_7137,965.38,19.31,3.48,942.59,setl_638,2026-08-25 18:36:00,2026-08-26,captured
pay_UYCT8R3X,ORD_7138,1890.66,37.81,6.81,1846.04,setl_639,2026-08-25 18:47:00,2026-08-26,captured
pay_2KJ8YJR0,ORD_7139,1009.51,20.19,3.63,985.69,setl_639,2026-08-26 07:29:00,2026-08-27,captured
pay_ENAOZXYW,ORD_7140,1531.0,30.62,5.51,1494.87,setl_639,2026-08-25 23:40:30,2026-08-26,captured
pay_AKP7F0M3,ORD_7140,1531.0,30.62,5.51,1494.87,setl_639,2026-08-25 23:40:00,2026-08-26,captured
pay_9Z27AFWT,ORD_7141,315.54,6.31,1.14,308.09,setl_639,2026-08-25 22:52:00,2026-08-26,captured
pay_5BRFJ7KO,ORD_7142,1166.61,23.33,4.2,1139.08,setl_639,2026-08-25 19:16:00,2026-08-26,captured
pay_HLPXTNZF,ORD_7143,367.33,7.35,1.32,358.66,setl_639,2026-08-26 02:25:00,2026-08-27,captured
pay_USP91BZU,ORD_7144,1345.01,26.9,4.84,1313.27,setl_639,2026-08-25 21:52:00,2026-08-26,captured
pay_XZ4QC6KM,ORD_7145,1610.38,32.21,5.8,1572.37,setl_639,2026-08-26 06:21:00,2026-08-27,captured
pay_9RL7SNXI,ORD_7146,1522.45,30.45,5.48,1486.52,setl_639,2026-08-26 04:50:00,2026-08-27,captured
pay_OBVDWP1I,ORD_7147,2544.4,50.89,9.16,2484.35,setl_639,2026-08-26 05:26:00,2026-08-27,captured
pay_5CWHYZY1,ORD_7148,967.84,19.36,3.48,945.0,setl_640,2026-08-26 06:14:00,2026-08-27,captured
pay_5IZEDL7T,ORD_7149,3504.36,70.09,12.62,3421.65,setl_640,2026-08-26 07:34:00,2026-08-27,captured
pay_2H7RDK5B,ORD_7150,1856.78,37.14,6.69,1812.95,setl_640,2026-08-25 18:25:00,2026-08-26,captured
pay_K1W18RI6,ORD_7151,1510.39,30.21,5.44,1474.74,setl_640,2026-08-26 08:13:00,2026-08-27,captured
pay_0PVYEPZN,ORD_7153,1887.55,37.75,6.79,1843.01,setl_640,2026-08-25 19:52:00,2026-08-26,captured
pay_J6FFZ5UM,ORD_7154,289.19,6.82,1.23,281.14,setl_640,2026-08-25 20:20:00,2026-08-26,captured
pay_LVL9OYON,ORD_7155,1203.64,24.07,4.33,1175.24,setl_640,2026-08-25 18:51:00,2026-08-26,captured
pay_W7PK1W68,ORD_7156,361.32,7.23,1.3,352.79,setl_640,2026-08-26 00:41:00,2026-08-27,captured
pay_B2IAA5I7,ORD_7157,216.25,4.33,0.78,211.14,setl_640,2026-08-26 04:10:00,2026-08-27,captured
pay_H0Q8HWPL,ORD_7158,289.52,5.79,1.04,282.69,setl_641,2026-08-25 21:34:00,2026-08-26,captured
pay_TI40DVQ7,ORD_7159,1323.13,26.46,4.76,1291.91,setl_641,2026-08-26 02:44:00,2026-08-27,captured
pay_2RKQK54M,ORD_7160,1589.55,31.79,5.72,1552.04,setl_641,2026-08-25 23:58:00,2026-08-27,captured
pay_SUACN582,ORD_7161,490.37,9.81,1.77,478.79,setl_641,2026-08-26 06:05:00,2026-08-27,captured
pay_DV9C4K0Z,ORD_7162,3494.97,69.9,12.58,3412.49,setl_641,2026-08-26 02:24:00,2026-08-27,captured
pay_6XDAH1SW,ORD_7163,1285.87,25.72,4.63,1255.52,setl_641,2026-08-25 17:43:00,2026-08-26,captured
pay_1RUSUAD7,ORD_7164,394.52,7.89,1.42,385.21,setl_641,2026-08-26 00:51:00,2026-08-27,captured
pay_94GL95JJ,ORD_7165,1769.34,35.39,6.37,1727.58,setl_641,2026-08-25 21:07:00,2026-08-26,captured
pay_408LN272,ORD_7166,533.39,10.67,1.92,520.8,setl_641,2026-08-25 19:55:00,2026-08-26,captured
pay_ZICHO8HM,ORD_7167,990.08,19.8,3.56,966.72,setl_641,2026-08-25 23:41:00,2026-08-26,captured
pay_ZNG32M7J,ORD_7168,996.62,19.93,3.59,973.1,setl_641,2026-08-26 08:54:00,2026-08-27,captured
pay_OB3D92IO,ORD_7169,1780.11,35.6,6.41,1738.1,setl_641,2026-08-25 17:08:00,2026-08-26,captured
pay_1CZJE2ST,ORD_7170,2989.96,59.8,10.76,2919.4,setl_642,2026-08-25 19:02:00,2026-08-26,captured
pay_D0OAA9MR,ORD_7171,1175.38,23.51,4.23,1147.64,setl_642,2026-08-26 00:05:00,2026-08-27,captured
pay_MU6H20FE,ORD_7172,2987.89,59.76,10.76,2917.37,setl_642,2026-08-26 01:23:00,2026-08-27,captured
pay_WZBWMU0V,ORD_7173,303.28,6.07,1.09,296.12,setl_642,2026-08-25 17:11:00,2026-08-26,captured
pay_JHCAKZZE,ORD_7174,231.59,4.63,0.83,179.81,setl_642,2026-08-26 01:32:00,2026-08-27,captured
pay_L80Z1NRW,ORD_7175,1823.27,36.47,6.56,1780.24,setl_642,2026-08-26 00:56:00,2026-08-27,captured
pay_0L5DSCAJ,ORD_7176,1151.94,23.04,4.15,1124.75,setl_642,2026-08-25 20:08:00,2026-08-26,captured
pay_P7T5MC17,ORD_7177,2468.78,49.38,8.89,2410.51,setl_642,2026-08-26 04:44:00,2026-08-27,captured
pay_U854K8YW,ORD_7178,1477.39,29.55,5.32,1442.52,setl_642,2026-08-25 18:34:00,2026-08-26,captured
pay_AKNJJMC6,ORD_7179,722.43,14.45,2.6,705.38,setl_642,2026-08-26 07:29:00,2026-08-27,captured
pay_7R0U07W3,ORD_7180,1596.99,31.94,5.75,1559.3,setl_642,2026-08-25 23:29:00,2026-08-26,captured
pay_2N94FTPH,ORD_7181,2980.32,59.61,10.73,2909.98,setl_643,2026-08-26 08:46:00,2026-08-27,captured
pay_R8YZ7ORM,ORD_7182,167.22,3.34,0.6,163.28,setl_643,2026-08-25 18:13:00,2026-08-26,captured
pay_HPJLFYSP,ORD_7183,1883.56,37.67,6.78,1839.11,setl_643,2026-08-26 02:13:00,2026-08-27,captured
pay_CDAC4K8A,ORD_7184,1283.8,25.68,4.62,1253.5,setl_643,2026-08-25 20:30:00,2026-08-26,captured
pay_QE2PMSVR,ORD_7185,1554.44,31.09,5.6,1517.75,setl_643,2026-08-25 17:36:00,2026-08-26,captured
pay_HWXSONGD,ORD_7186,1801.21,36.02,6.48,1758.71,setl_643,2026-08-25 18:47:00,2026-08-26,captured
pay_3A4L1693,ORD_7187,350.69,7.01,1.26,342.42,setl_643,2026-08-25 22:30:00,2026-08-26,captured
pay_XFCBYFWX,ORD_7188,464.31,9.29,1.67,453.35,setl_643,2026-08-25 18:09:00,2026-08-26,captured
pay_GGP0CJFN,ORD_7189,439.83,8.8,1.58,429.45,setl_643,2026-08-25 18:33:00,2026-08-26,captured
pay_X3U4XYDR,ORD_7190,275.88,5.52,0.99,269.37,setl_644,2026-08-26 01:41:00,2026-08-27,captured
pay_T3K2N74Q,ORD_7191,881.05,17.62,3.17,860.26,setl_644,2026-08-25 23:09:00,2026-08-26,captured
pay_138F5J2M,ORD_7192,1021.37,20.43,3.68,997.26,setl_644,2026-08-25 22:25:30,2026-08-26,captured
pay_LNKUV8WX,ORD_7192,1021.37,20.43,3.68,997.26,setl_644,2026-08-25 22:25:00,2026-08-26,captured
pay_QFPJTE93,ORD_7193,681.79,13.64,2.46,665.69,setl_644,2026-08-25 22:34:00,2026-08-26,captured
pay_IT6KXPXS,ORD_7194,1492.24,29.84,5.37,1457.03,setl_644,2026-08-25 21:08:00,2026-08-26,captured
pay_VA06WJLB,ORD_7195,1789.66,35.79,6.44,1747.43,setl_644,2026-08-26 03:39:00,2026-08-27,captured
pay_V8TEYF7S,ORD_7196,337.0,6.74,1.21,329.05,setl_644,2026-08-26 07:24:00,2026-08-27,captured
pay_KPXMXSQH,ORD_7197,336.3,6.73,1.21,328.36,setl_644,2026-08-25 23:40:00,2026-08-26,captured
pay_EYDR1EL6,ORD_7198,1930.76,38.62,6.95,1885.19,setl_644,2026-08-26 06:28:00,2026-08-27,captured
pay_ZSQ65U96,ORD_7199,1585.59,31.71,5.71,1548.17,setl_644,2026-08-25 17:59:00,2026-08-26,captured
pay_JWMJMB74,ORD_7200,3047.96,60.96,10.97,2976.03,setl_645,2026-08-26 06:33:00,2026-08-27,captured
pay_LUC60C1W,ORD_7201,2493.23,49.86,8.97,2434.4,setl_645,2026-08-26 03:51:00,2026-08-27,captured
pay_B1HKA4HR,ORD_7202,483.8,9.68,1.74,472.38,setl_645,2026-08-26 01:29:00,2026-08-27,captured
pay_0G87LSS1,ORD_7203,1153.34,23.07,4.15,1126.12,setl_645,2026-08-26 03:44:00,2026-08-27,captured
pay_W5RZZ1M7,ORD_7204,1199.15,23.98,4.32,1170.85,setl_645,2026-08-26 06:08:00,2026-08-27,captured
pay_XU5WZU4P,ORD_7205,240.35,4.81,0.87,234.67,setl_645,2026-08-25 19:43:00,2026-08-26,captured
pay_ABFHA1NZ,ORD_7206,1000.82,20.02,3.6,977.2,setl_645,2026-08-25 20:20:00,2026-08-26,captured
pay_UCU0ZJEQ,ORD_7207,152.97,3.06,0.55,149.36,setl_645,2026-08-26 01:24:00,2026-08-27,captured
pay_VYL4ZLS4,ORD_7208,1484.85,29.7,5.35,1449.8,setl_645,2026-08-26 03:20:00,2026-08-27,captured
pay_2JAVHXQL,ORD_7209,381.5,7.63,1.37,372.5,setl_646,2026-08-25 22:59:00,2026-08-26,captured
pay_PJBQSLF4,ORD_7210,492.68,9.85,1.77,481.06,setl_646,2026-08-26 05:47:00,2026-08-27,captured
pay_TSQ6JLS6,ORD_7211,713.14,14.26,2.57,696.31,setl_646,2026-08-26 05:11:00,2026-08-27,captured
pay_XZRG3UCH,ORD_7212,857.22,17.14,3.09,836.99,setl_646,2026-08-25 20:32:00,2026-08-26,captured
pay_WBW1XHVN,ORD_7213,516.41,10.33,1.86,504.22,setl_646,2026-08-25 18:31:00,2026-08-26,captured
pay_7GUE4WV1,ORD_7214,407.27,8.15,1.47,397.65,setl_646,2026-08-25 17:19:00,2026-08-26,captured
pay_SE4WHCH2,ORD_7215,3540.5,70.81,12.75,3456.94,setl_646,2026-08-25 18:56:00,2026-08-26,captured
pay_YG4VDI48,ORD_7216,939.76,18.8,3.38,917.58,setl_646,2026-08-25 18:41:00,2026-08-26,captured
pay_TE65I0M2,ORD_7218,850.9,17.02,3.06,830.82,setl_646,2026-08-25 20:09:00,2026-08-26,captured
pay_LCKSA65M,ORD_7219,374.24,7.48,1.35,365.41,setl_647,2026-08-25 19:37:00,2026-08-26,captured
pay_U4JFKNR1,ORD_7220,2982.26,59.65,10.74,2911.87,setl_647,2026-08-26 04:45:00,2026-08-27,captured
pay_DP9SJH4R,ORD_7221,1530.21,30.6,5.51,1494.1,setl_647,2026-08-26 01:11:00,2026-08-27,captured
pay_BFOIXHWO,ORD_7222,1218.67,24.37,4.39,1189.91,setl_647,2026-08-25 17:34:00,2026-08-26,captured
pay_QA4Q40ZB,ORD_7223,1923.08,38.46,6.92,1877.7,setl_647,2026-08-25 17:09:00,2026-08-26,captured
pay_0Q1FIA79,ORD_7224,923.09,18.46,3.32,901.31,setl_647,2026-08-26 01:20:00,2026-08-27,captured
pay_C3QSMXJJ,ORD_7225,189.29,3.79,0.68,184.82,setl_647,2026-08-25 22:44:00,2026-08-26,captured
pay_AVVAYFCT,ORD_7226,1292.31,25.85,4.65,1261.81,setl_647,2026-08-25 18:19:00,2026-08-26,captured
pay_2O2K3UPE,ORD_7227,1926.21,38.52,6.93,1880.76,setl_648,2026-08-26 01:53:00,2026-08-27,captured
pay_E0FNVDHF,ORD_7228,354.8,7.1,1.28,346.42,setl_648,2026-08-26 05:57:00,2026-08-27,captured
pay_CT96E9SS,ORD_7229,977.34,19.55,3.52,954.27,setl_648,2026-08-26 03:57:00,2026-08-27,captured
pay_AEO2NEIW,ORD_7230,943.63,18.87,3.4,921.36,setl_648,2026-08-25 23:21:00,2026-08-26,captured
pay_39RO0DRA,ORD_7231,212.23,5.01,0.9,206.32,setl_648,2026-08-25 23:44:00,2026-08-26,captured
pay_SWYOV0TM,ORD_7232,1458.41,29.17,5.25,1423.99,setl_648,2026-08-26 02:47:00,2026-08-27,captured
pay_OT1BGDDZ,ORD_7233,283.37,5.67,1.02,276.68,setl_648,2026-08-25 18:36:00,2026-08-26,captured
pay_HDVHRORU,ORD_7234,265.19,5.3,0.95,258.94,setl_648,2026-08-26 06:27:00,2026-08-27,captured
pay_6LJMEE1R,ORD_7235,262.97,5.26,0.95,256.76,setl_648,2026-08-25 23:28:00,2026-08-26,captured
pay_4XV7QAP1,ORD_7236,1524.34,30.49,5.49,1488.36,setl_648,2026-08-26 06:23:00,2026-08-27,captured
pay_CIBWQ6FO,ORD_7237,2960.51,59.21,10.66,2890.64,setl_649,2026-08-26 02:02:00,2026-08-27,captured
pay_1DQ92MX8,ORD_7238,481.59,9.63,1.73,470.23,setl_649,2026-08-26 03:33:00,2026-08-27,captured
pay_2Y05U4PX,ORD_7239,277.7,5.55,1.0,271.15,setl_649,2026-08-25 17:10:00,2026-08-26,captured
pay_WQDB50W5,ORD_7240,1177.97,23.56,4.24,1150.17,setl_649,2026-08-25 18:08:00,2026-08-26,captured
pay_BO3PHJ07,ORD_7241,299.72,5.99,1.08,292.65,setl_649,2026-08-26 05:30:00,2026-08-27,captured
pay_5LNO2A17,ORD_7242,1642.27,32.85,5.91,1603.51,setl_649,2026-08-26 23:58:00,2026-08-28,captured
pay_8UDBW80N,ORD_7243,3451.08,69.02,12.42,3369.64,setl_649,2026-08-26 02:13:00,2026-08-27,captured
pay_0QGEOXN4,ORD_7244,380.25,7.61,1.37,371.27,setl_649,2026-08-26 04:03:00,2026-08-27,captured
pay_Z521S8NJ,ORD_7245,1595.21,31.9,5.74,1557.57,setl_649,2026-08-26 08:07:00,2026-08-27,captured
pay_62758WOS,ORD_7246,182.7,3.65,0.66,178.39,setl_649,2026-08-25 22:21:00,2026-08-26,captured
pay_TUQ7SWPM,ORD_7247,265.53,5.31,0.96,206.15,setl_649,2026-08-25 23:26:00,2026-08-26,captured
pay_TNU3SWNH,ORD_7248,429.73,8.59,1.55,419.59,setl_649,2026-08-26 08:23:00,2026-08-27,captured
pay_6KAZ7BXX,ORD_7249,2486.23,49.72,8.95,2427.56,setl_650,2026-08-26 00:43:00,2026-08-27,captured
pay_XBN9VB68,ORD_7250,1483.21,29.66,5.34,1448.21,setl_650,2026-08-26 05:06:00,2026-08-27,captured
pay_KKV0DPDI,ORD_7251,498.3,9.97,1.79,486.54,setl_650,2026-08-26 00:58:00,2026-08-27,captured
pay_R066NTMX,ORD_7252,1802.96,36.06,6.49,1760.41,setl_650,2026-08-25 23:17:00,2026-08-26,captured
pay_7UKLAWNU,ORD_7253,1771.33,35.43,6.38,1729.52,setl_650,2026-08-25 22:04:00,2026-08-26,captured
pay_MBYY9JHO,ORD_7254,3496.27,69.93,12.59,3413.75,setl_650,2026-08-25 20:20:00,2026-08-26,captured
pay_VP6GDGY8,ORD_7255,1510.0,30.2,5.44,1474.36,setl_650,2026-08-25 22:48:00,2026-08-26,captured
pay_LMTBXCLQ,ORD_7256,702.72,14.05,2.53,686.14,setl_650,2026-08-25 23:23:00,2026-08-26,captured
pay_LOKU0MAN,ORD_7257,381.24,7.62,1.37,372.25,setl_650,2026-08-26 01:26:00,2026-08-27,captured
pay_51WGL621,ORD_7258,3486.87,69.74,12.55,3404.58,setl_650,2026-08-26 07:20:00,2026-08-27,captured
pay_4WWI60G7,ORD_7259,1539.5,30.79,5.54,1503.17,setl_650,2026-08-25 23:53:00,2026-08-26,captured
pay_WFHKIUN0,ORD_7260,482.68,9.65,1.74,471.29,setl_651,2026-08-26 06:54:00,2026-08-27,captured
pay_YK3OG0H2,ORD_7261,239.07,4.78,0.86,233.43,setl_651,2026-08-25 19:29:00,2026-08-26,captured
pay_CJG5U5LK,ORD_7262,382.16,7.64,1.38,373.14,setl_651,2026-08-26 00:17:00,2026-08-27,captured
pay_HM1H9XVO,ORD_7263,2451.67,49.03,8.83,2393.81,setl_651,2026-08-26 01:55:00,2026-08-27,captured
pay_L93HLCXJ,ORD_7264,2450.58,49.01,8.82,2392.75,setl_651,2026-08-25 20:08:00,2026-08-26,captured
pay_GGP3M0R2,ORD_7265,490.58,9.81,1.77,479.0,setl_651,2026-08-25 17:59:00,2026-08-26,captured
pay_L86IJT8W,ORD_7266,1924.31,38.49,6.93,1878.89,setl_651,2026-08-26 03:10:00,2026-08-27,captured
pay_TZ8SUM6Z,ORD_7267,1005.94,20.12,3.62,982.2,setl_651,2026-08-26 01:09:00,2026-08-27,captured
pay_V5E8TWGE,ORD_7268,539.5,10.79,1.94,526.77,setl_651,2026-08-26 03:53:00,2026-08-27,captured
pay_NPHDWTJQ,ORD_7269,686.7,13.73,2.47,670.5,setl_651,2026-08-26 08:52:00,2026-08-27,captured
pay_5ZAOMN6A,ORD_7270,710.42,14.21,2.56,693.65,setl_652,2026-08-26 03:10:00,2026-08-27,captured
pay_SBR5JVOD,ORD_7271,302.25,6.04,1.09,295.12,setl_652,2026-08-26 00:52:00,2026-08-27,captured
pay_YANUFVVF,ORD_7272,1014.94,20.3,3.65,990.99,setl_652,2026-08-25 23:00:00,2026-08-26,captured
pay_OJ1VT4V7,ORD_7273,302.04,6.04,1.09,294.91,setl_652,2026-08-25 22:23:00,2026-08-26,captured
pay_CRCGOHJ8,ORD_7274,697.18,13.94,2.51,680.73,setl_652,2026-08-26 02:05:30,2026-08-27,captured
pay_GL7PJD16,ORD_7274,697.18,13.94,2.51,680.73,setl_652,2026-08-26 02:05:00,2026-08-27,captured
pay_DPEKMW2C,ORD_7275,404.79,8.1,1.46,395.23,setl_652,2026-08-26 08:43:00,2026-08-27,captured
pay_NP574J92,ORD_7276,232.35,4.65,0.84,226.86,setl_652,2026-08-26 01:28:00,2026-08-27,captured
pay_YX4JUT3S,ORD_7277,2538.08,50.76,9.14,2478.18,setl_652,2026-08-25 23:48:00,2026-08-26,captured
pay_Y3OHVVAS,ORD_7278,382.55,7.65,1.38,373.52,setl_652,2026-08-25 21:18:00,2026-08-26,captured
pay_F043HG61,ORD_7279,1301.42,26.03,4.69,1270.7,setl_653,2026-08-25 18:15:00,2026-08-26,captured
pay_5X7IATMY,ORD_7280,692.78,13.86,2.49,676.43,setl_653,2026-08-25 23:46:00,2026-08-26,captured
pay_1GGNF4MT,ORD_7281,324.77,6.5,1.17,317.1,setl_653,2026-08-25 18:09:00,2026-08-26,captured
pay_JNCUEST5,ORD_7282,431.35,8.63,1.55,421.17,setl_653,2026-08-25 18:14:00,2026-08-26,captured
pay_9M7SAE5I,ORD_7283,3453.93,69.08,12.43,3372.42,setl_653,2026-08-25 17:08:00,2026-08-26,captured
pay_B3EMJ7XJ,ORD_7284,851.23,17.02,3.06,831.15,setl_653,2026-08-26 07:52:00,2026-08-27,captured
pay_0SFKRG76,ORD_7285,2452.95,49.06,8.83,2395.06,setl_653,2026-08-26 01:56:00,2026-08-27,captured
pay_5TAI4ELA,ORD_7286,325.13,6.5,1.17,317.46,setl_653,2026-08-25 18:11:00,2026-08-26,captured
pay_YKKDE1J1,ORD_7287,1250.29,25.01,4.5,1220.78,setl_653,2026-08-25 21:23:00,2026-08-26,captured
pay_VZULNB4X,ORD_7288,1935.85,38.72,6.97,1890.16,setl_653,2026-08-26 08:43:00,2026-08-27,captured
pay_L5JKUYXC,ORD_7289,497.92,9.96,1.79,486.17,setl_653,2026-08-25 18:57:00,2026-08-26,captured
pay_AAAEBVG0,ORD_7290,3507.23,70.14,12.63,3424.46,setl_654,2026-08-26 00:57:00,2026-08-27,captured
pay_AE624SGR,ORD_7291,871.37,17.43,3.14,850.8,setl_654,2026-08-25 21:35:00,2026-08-26,captured
pay_5VX7OG0A,ORD_7292,1033.64,20.67,3.72,1009.25,setl_654,2026-08-26 08:09:00,2026-08-27,captured
pay_RLY4NFY9,ORD_7293,3002.58,60.05,10.81,2931.72,setl_654,2026-08-25 17:17:00,2026-08-26,captured
pay_1HREURBL,ORD_7294,724.08,14.48,2.61,706.99,setl_654,2026-08-26 04:53:00,2026-08-27,captured
pay_VZ8AE2JO,ORD_7296,304.94,7.2,1.3,296.44,setl_654,2026-08-26 04:46:00,2026-08-27,captured
pay_4MEANOR0,ORD_7297,1463.64,29.27,5.27,1429.1,setl_654,2026-08-25 23:59:00,2026-08-27,captured
pay_7NQYTOH0,ORD_7298,2496.82,49.94,8.99,2437.89,setl_654,2026-08-25 19:55:00,2026-08-26,captured
pay_2158JYSP,ORD_7299,1770.33,35.41,6.37,1728.55,setl_654,2026-08-26 06:26:00,2026-08-27,captured
pay_9YV3Z01Q,ORD_7300,217.08,4.34,0.78,211.96,setl_654,2026-08-26 03:53:00,2026-08-27,captured
pay_ZRY7SHP5,ORD_7301,179.81,3.6,0.65,175.56,setl_654,2026-08-26 04:54:00,2026-08-27,captured
pay_PYJJXJUU,ORD_7302,1026.99,20.54,3.7,1002.75,setl_655,2026-08-26 08:46:00,2026-08-27,captured
pay_D6TLD858,ORD_7303,1182.14,23.64,4.26,1154.24,setl_655,2026-08-26 02:25:00,2026-08-27,captured
pay_H1ZRAVOF,ORD_7304,309.35,6.19,1.11,302.05,setl_655,2026-08-25 17:16:00,2026-08-26,captured
pay_U937CP2K,ORD_7305,998.79,19.98,3.6,975.21,setl_655,2026-08-25 21:10:00,2026-08-26,captured
pay_O1PWEYF5,ORD_7306,1572.41,31.45,5.66,1535.3,setl_655,2026-08-25 19:02:00,2026-08-26,captured
pay_9JNK5UXR,ORD_7307,1027.53,20.55,3.7,1003.28,setl_655,2026-08-26 04:10:00,2026-08-27,captured
pay_77A086AL,ORD_7308,460.44,9.21,1.66,449.57,setl_655,2026-08-26 08:31:00,2026-08-27,captured
pay_G7E6XQ2Q,ORD_7309,258.92,5.18,0.93,252.81,setl_655,2026-08-26 01:51:00,2026-08-27,captured
pay_D2B3EZI0,ORD_7310,356.04,7.12,1.28,347.64,setl_655,2026-08-25 23:18:00,2026-08-26,captured
pay_CXLC3JGV,ORD_7311,1273.25,25.46,4.58,1243.21,setl_655,2026-08-26 05:39:00,2026-08-27,captured
pay_MVVG7H0Q,ORD_7312,3031.92,60.64,10.92,2960.36,setl_656,2026-08-25 19:46:00,2026-08-26,captured
pay_N69CL2UR,ORD_7313,1844.57,36.89,6.64,1801.04,setl_656,2026-08-25 23:58:00,2026-08-26,captured
pay_SS11JFLT,ORD_7314,208.47,4.17,0.75,203.55,setl_656,2026-08-26 06:34:00,2026-08-27,captured
pay_SUGSGVJM,ORD_7315,907.36,18.15,3.27,885.94,setl_656,2026-08-25 19:11:00,2026-08-26,captured
pay_ARZ14UBB,ORD_7316,1179.03,23.58,4.24,1151.21,setl_656,2026-08-26 06:44:00,2026-08-27,captured
pay_IINPBM51,ORD_7317,223.54,4.47,0.8,218.27,setl_656,2026-08-26 04:15:00,2026-08-27,captured
pay_FF4NG4TF,ORD_7318,1620.92,32.42,5.84,1382.66,setl_656,2026-08-25 21:18:00,2026-08-26,captured
pay_2MR9W4V4,ORD_7319,1475.22,29.5,5.31,1440.41,setl_656,2026-08-25 23:58:00,2026-08-26,captured
pay_282XPUHF,ORD_7320,1599.48,31.99,5.76,1561.73,setl_656,2026-08-26 05:22:00,2026-08-27,captured
pay_EFFRA8UX,ORD_7321,2485.43,49.71,8.95,2426.77,setl_657,2026-08-25 20:57:00,2026-08-26,captured
pay_6NYC3GR8,ORD_7322,343.5,6.87,1.24,335.39,setl_657,2026-08-25 23:40:00,2026-08-26,captured
pay_A2ZET8TA,ORD_7323,1638.57,32.77,5.9,1599.9,setl_657,2026-08-25 17:15:00,2026-08-26,captured
pay_CT30JHNW,ORD_7324,1214.72,24.29,4.37,1186.06,setl_657,2026-08-26 08:23:00,2026-08-27,captured
pay_40WYGCSS,ORD_7325,442.41,8.85,1.59,431.97,setl_657,2026-08-26 01:49:00,2026-08-27,captured
pay_R7SNKYEZ,ORD_7326,453.96,9.08,1.63,443.25,setl_657,2026-08-26 04:13:00,2026-08-27,captured
pay_XA72YFUG,ORD_7327,486.68,9.73,1.75,475.2,setl_657,2026-08-25 19:04:00,2026-08-26,captured
pay_ESB8U1KE,ORD_7328,973.7,19.47,3.5,950.73,setl_657,2026-08-26 00:36:00,2026-08-27,captured
pay_I0JLARN9,ORD_7329,1166.44,23.33,4.2,1138.91,setl_657,2026-08-26 07:23:00,2026-08-27,captured
pay_3U6VWHJF,ORD_7330,1614.58,32.29,5.81,1576.48,setl_657,2026-08-26 08:40:00,2026-08-27,captured
pay_BQE7XYW4,ORD_7331,309.2,6.18,1.11,301.91,setl_657,2026-08-26 08:02:00,2026-08-27,captured
pay_IMULQD7G,ORD_7332,1607.07,32.14,5.79,1569.14,setl_658,2026-08-26 06:12:00,2026-08-27,captured
pay_AYIDS39Z,ORD_7333,1488.65,29.77,5.36,1453.52,setl_658,2026-08-25 17:59:00,2026-08-26,captured
pay_UUFF1F7W,ORD_7334,215.94,4.32,0.78,210.84,setl_658,2026-08-25 17:36:00,2026-08-26,captured
pay_J15CQ5UD,ORD_7335,489.45,9.79,1.76,477.9,setl_658,2026-08-26 05:21:00,2026-08-27,captured
pay_POIOONS4,ORD_7336,165.67,3.31,0.6,161.76,setl_658,2026-08-25 21:43:30,2026-08-26,captured
pay_KL9KXX4Z,ORD_7336,165.67,3.31,0.6,161.76,setl_658,2026-08-25 21:43:00,2026-08-26,captured
pay_N4VIZ0M9,ORD_7337,1165.11,23.3,4.19,1137.62,setl_658,2026-08-25 19:24:00,2026-08-26,captured
pay_28Q9NNDI,ORD_7338,303.69,6.07,1.09,296.53,setl_658,2026-08-26 03:45:00,2026-08-27,captured
pay_4OFAW4UD,ORD_7339,432.95,8.66,1.56,422.73,setl_658,2026-08-25 17:18:00,2026-08-26,captured
pay_9DEYLUI8,ORD_7340,264.68,5.29,0.95,258.44,setl_658,2026-08-26 03:28:00,2026-08-27,captured
pay_9H2XOZD0,ORD_7341,675.03,13.5,2.43,659.1,setl_659,2026-08-25 21:47:00,2026-08-26,captured
pay_12C3PJGX,ORD_7342,1499.47,29.99,5.4,1464.08,setl_659,2026-08-26 05:15:00,2026-08-27,captured
pay_UZ2ZFJ4D,ORD_7343,2962.04,59.24,10.66,2892.14,setl_659,2026-08-26 02:08:00,2026-08-27,captured
pay_6120OGLY,ORD_7344,1458.12,29.16,5.25,1423.71,setl_659,2026-08-26 02:05:00,2026-08-27,captured
pay_ACGSV5BG,ORD_7345,3521.05,70.42,12.68,3437.95,setl_659,2026-08-25 23:44:00,2026-08-26,captured
pay_766D931M,ORD_7346,1882.28,37.65,6.78,1837.85,setl_659,2026-08-25 20:01:00,2026-08-26,captured
pay_DVOCRO11,ORD_7347,430.01,8.6,1.55,419.86,setl_659,2026-08-26 05:51:00,2026-08-27,captured
pay_2YJOJ2ZT,ORD_7348,671.63,13.43,2.42,655.78,setl_659,2026-08-26 00:28:00,2026-08-27,captured
pay_87SOLHE2,ORD_7349,242.47,4.85,0.87,236.75,setl_659,2026-08-25 18:33:00,2026-08-26,captured
pay_L4JIIX6O,ORD_7350,697.75,13.96,2.51,681.28,setl_660,2026-08-26 05:52:00,2026-08-27,captured
pay_6P9HBSTL,ORD_7351,421.67,8.43,1.52,411.72,setl_660,2026-08-26 00:23:00,2026-08-27,captured
pay_F4NII4BI,ORD_7352,1785.58,35.71,6.43,1743.44,setl_660,2026-08-26 01:15:00,2026-08-27,captured
pay_UA59G9FL,ORD_7353,1943.39,38.87,7.0,1897.52,setl_660,2026-08-26 07:13:00,2026-08-27,captured
pay_XHQRJEP0,ORD_7354,217.22,4.34,0.78,212.1,setl_660,2026-08-26 00:43:00,2026-08-27,captured
pay_WUJF7BUR,ORD_7355,735.75,14.71,2.65,718.39,setl_660,2026-08-25 19:00:00,2026-08-26,captured
pay_LFRHMD6Z,ORD_7356,2544.99,50.9,9.16,2484.93,setl_660,2026-08-26 01:45:00,2026-08-27,captured
pay_P2X5R3TQ,ORD_7358,2460.77,49.22,8.86,2402.69,setl_660,2026-08-26 03:31:00,2026-08-27,captured
pay_URETJ36H,ORD_7359,359.43,7.19,1.29,350.95,setl_661,2026-08-25 21:45:00,2026-08-26,captured
pay_CU8N3NAR,ORD_7360,1019.26,20.39,3.67,995.2,setl_661,2026-08-25 23:10:00,2026-08-26,captured
pay_ZWNMWVLP,ORD_7361,1512.99,30.26,5.45,1477.28,setl_661,2026-08-26 06:37:00,2026-08-27,captured
pay_65HJAEIK,ORD_7362,1489.94,29.8,5.36,1454.78,setl_661,2026-08-25 20:53:00,2026-08-26,captured
pay_9UXC39MF,ORD_7363,867.78,17.36,3.12,847.3,setl_661,2026-08-25 22:32:00,2026-08-26,captured
pay_6TKOV8MW,ORD_7364,1235.55,24.71,4.45,1206.39,setl_661,2026-08-26 02:59:00,2026-08-27,captured
pay_BZPQCT2F,ORD_7365,1520.09,30.4,5.47,1484.22,setl_661,2026-08-26 04:53:00,2026-08-27,captured
pay_GNDPVSA3,ORD_7366,219.48,4.39,0.79,214.3,setl_661,2026-08-26 07:40:00,2026-08-27,captured
pay_NVM0GNAY,ORD_7367,224.11,4.48,0.81,218.82,setl_661,2026-08-26 00:08:00,2026-08-27,captured
pay_FVNEKVJ3,ORD_7368,475.31,9.51,1.71,464.09,setl_661,2026-08-26 05:55:00,2026-08-27,captured
pay_OEOL6C1F,ORD_7369,236.68,4.73,0.85,231.1,setl_661,2026-08-26 03:43:00,2026-08-27,captured
pay_TJQB4D2I,ORD_7370,1538.8,30.78,5.54,1502.48,setl_662,2026-08-26 02:04:00,2026-08-27,captured
pay_BHQHMO26,ORD_7371,254.75,5.09,0.92,248.74,setl_662,2026-08-25 18:51:00,2026-08-26,captured
pay_IQUITISN,ORD_7372,957.21,19.14,3.45,934.62,setl_662,2026-08-25 23:08:00,2026-08-26,captured
pay_RWAVC16G,ORD_7373,1255.07,25.1,4.52,1225.45,setl_662,2026-08-25 22:00:00,2026-08-26,captured
pay_T96696JA,ORD_7374,3473.13,69.46,12.5,3391.17,setl_662,2026-08-26 01:47:00,2026-08-27,captured
pay_A3WMN91U,ORD_7375,514.87,10.3,1.85,502.72,setl_662,2026-08-26 01:43:00,2026-08-27,captured
pay_VBHIDRA4,ORD_7376,1287.58,25.75,4.63,1257.2,setl_662,2026-08-25 19:56:00,2026-08-26,captured
pay_X7K2I11S,ORD_7377,195.09,3.9,0.7,190.49,setl_662,2026-08-25 20:52:00,2026-08-26,captured
pay_4LF4YAJS,ORD_7378,3478.38,69.57,12.52,3396.29,setl_663,2026-08-26 07:04:00,2026-08-27,captured
pay_51ZSYP8V,ORD_7379,735.74,17.36,3.12,715.26,setl_663,2026-08-25 23:47:00,2026-08-26,captured
pay_1MU8AY1J,ORD_7380,711.79,14.24,2.56,694.99,setl_663,2026-08-26 08:58:00,2026-08-27,captured
pay_DIRLPTPW,ORD_7381,380.56,7.61,1.37,371.58,setl_663,2026-08-26 06:31:00,2026-08-27,captured
pay_ZHU6ZM0D,ORD_7382,1941.31,38.83,6.99,1895.49,setl_663,2026-08-26 01:29:00,2026-08-27,captured
pay_4QV963OM,ORD_7383,1589.05,31.78,5.72,1551.55,setl_663,2026-08-26 04:57:00,2026-08-27,captured
pay_N4NSAC9W,ORD_7384,3040.59,60.81,10.95,2968.83,setl_663,2026-08-26 05:14:00,2026-08-27,captured
pay_20EGYSIK,ORD_7385,663.98,13.28,2.39,648.31,setl_663,2026-08-26 02:36:00,2026-08-27,captured
pay_RPNQINJV,ORD_7386,452.17,9.04,1.63,441.5,setl_664,2026-08-26 08:56:00,2026-08-27,captured
pay_TCKC70MV,ORD_7387,1191.47,23.83,4.29,1163.35,setl_664,2026-08-26 08:51:00,2026-08-27,captured
pay_350534NG,ORD_7388,1467.58,29.35,5.28,1432.95,setl_664,2026-08-25 19:35:00,2026-08-26,captured
pay_SJ5SAPYX,ORD_7389,3470.67,69.41,12.49,3388.77,setl_664,2026-08-26 00:40:00,2026-08-27,captured
pay_V8B90C3V,ORD_7390,2485.11,49.7,8.95,2426.46,setl_664,2026-08-26 08:21:00,2026-08-27,captured
pay_GU9T4R1Y,ORD_7391,3022.38,60.45,10.88,2951.05,setl_664,2026-08-26 23:59:00,2026-08-28,captured
pay_QRDNJV20,ORD_7392,3045.47,60.91,10.96,2973.6,setl_664,2026-08-25 20:20:00,2026-08-26,captured
pay_CCOJAGQY,ORD_7393,665.47,13.31,2.4,649.76,setl_664,2026-08-26 07:03:00,2026-08-27,captured
pay_DG2Y20T7,ORD_7394,2974.47,59.49,10.71,2904.27,setl_664,2026-08-26 05:05:00,2026-08-27,captured
pay_7CWXJBA0,ORD_7395,265.48,5.31,0.96,259.21,setl_665,2026-08-26 00:50:00,2026-08-27,captured
pay_35EQO97I,ORD_7396,306.86,6.14,1.11,299.61,setl_665,2026-08-26 04:25:00,2026-08-27,captured
pay_DQN972FO,ORD_7397,1869.65,37.39,6.73,1825.53,setl_665,2026-08-26 01:31:00,2026-08-27,captured
pay_NH7Y5NT5,ORD_7398,1480.04,29.6,5.33,1445.11,setl_665,2026-08-25 21:06:00,2026-08-26,captured
pay_0AUSQAA9,ORD_7399,223.98,4.48,0.81,218.69,setl_665,2026-08-26 06:50:00,2026-08-27,captured
pay_R8CUZVX9,ORD_7400,352.93,7.06,1.27,344.6,setl_665,2026-08-25 17:14:00,2026-08-26,captured
pay_L8OOXVDR,ORD_7401,3043.0,60.86,10.95,2971.19,setl_665,2026-08-26 04:20:00,2026-08-27,captured
pay_PXAJMNIU,ORD_7402,1541.29,30.83,5.55,1504.91,setl_665,2026-08-26 04:22:00,2026-08-27,captured
pay_XJ1IU5E1,ORD_7403,2973.54,59.47,10.7,2903.37,setl_665,2026-08-25 18:28:00,2026-08-26,captured
pay_PCZEKF82,ORD_7404,1826.9,36.54,6.58,1783.78,setl_665,2026-08-26 08:12:00,2026-08-27,captured
pay_FROPI6E1,ORD_7405,360.74,7.21,1.3,352.23,setl_665,2026-08-26 05:45:00,2026-08-27,captured
pay_9SZRVHRZ,ORD_7406,216.87,4.34,0.78,211.75,setl_666,2026-08-25 19:06:00,2026-08-26,captured
pay_0WSKJDL7,ORD_7407,1523.45,30.47,5.48,1487.5,setl_666,2026-08-25 20:20:00,2026-08-26,captured
pay_7VMYNI4Z,ORD_7408,288.89,5.78,1.04,282.07,setl_666,2026-08-26 06:42:00,2026-08-27,captured
pay_JG70E0WH,ORD_7409,718.46,14.37,2.59,701.5,setl_666,2026-08-26 03:22:00,2026-08-27,captured
pay_ONEOMA9K,ORD_7410,3534.51,70.69,12.72,3251.1,setl_666,2026-08-25 23:13:00,2026-08-26,captured
pay_X30PAJPP,ORD_7411,2958.54,59.17,10.65,2888.72,setl_666,2026-08-25 23:29:00,2026-08-26,captured
pay_UIVPXE3F,ORD_7412,953.65,19.07,3.43,931.15,setl_666,2026-08-26 07:09:00,2026-08-27,captured
pay_WYODFCMO,ORD_7413,2501.86,50.04,9.01,2442.81,setl_666,2026-08-26 08:42:00,2026-08-27,captured
pay_BSMYXF7X,ORD_7414,260.17,5.2,0.94,254.03,setl_666,2026-08-26 02:19:00,2026-08-27,captured
pay_UOVM7VSP,ORD_7415,909.96,18.2,3.28,888.48,setl_667,2026-08-26 02:01:00,2026-08-27,captured
pay_334ETLYH,ORD_7416,497.88,9.96,1.79,486.13,setl_667,2026-08-26 08:53:00,2026-08-27,captured
pay_PXTK87G3,ORD_7417,1450.75,29.02,5.22,1416.51,setl_667,2026-08-26 07:09:00,2026-08-27,captured
pay_XG0RUHMB,ORD_7418,1181.12,23.62,4.25,1153.25,setl_667,2026-08-26 02:42:00,2026-08-27,captured
pay_NMTR149O,ORD_7419,3473.56,69.47,12.5,3391.59,setl_667,2026-08-25 19:29:00,2026-08-26,captured
pay_JMT1WBX6,ORD_7420,687.91,13.76,2.48,671.67,setl_667,2026-08-26 05:49:00,2026-08-27,captured
pay_HFH1UKDX,ORD_7421,3022.91,60.46,10.88,2951.57,setl_667,2026-08-26 06:55:00,2026-08-27,captured
pay_UUOOZ7PV,ORD_7422,1212.63,24.25,4.37,1184.01,setl_667,2026-08-25 18:08:00,2026-08-26,captured
pay_0JHSM6AG,ORD_7423,720.13,14.4,2.59,703.14,setl_668,2026-08-25 17:48:00,2026-08-26,captured
pay_UKZY3SC2,ORD_7424,2454.2,49.08,8.83,2396.29,setl_668,2026-08-26 06:23:30,2026-08-27,captured
pay_HRFSQWXS,ORD_7424,2454.2,49.08,8.83,2396.29,setl_668,2026-08-26 06:23:00,2026-08-27,captured
pay_VIV2EOE5,ORD_7425,1557.0,31.14,5.61,1520.25,setl_668,2026-08-26 04:46:00,2026-08-27,captured
pay_ZP22040T,ORD_7426,1882.95,37.66,6.78,1838.51,setl_668,2026-08-25 22:19:00,2026-08-26,captured
pay_583GQVBI,ORD_7427,3024.29,60.49,10.89,2952.91,setl_668,2026-08-26 04:19:00,2026-08-27,captured
pay_MRYV39F7,ORD_7429,1230.47,24.61,4.43,1201.43,setl_668,2026-08-26 07:39:00,2026-08-27,captured
pay_BDMSQN9R,ORD_7430,350.79,7.02,1.26,342.51,setl_668,2026-08-26 00:02:00,2026-08-26,captured
pay_4CRXDT6Q,ORD_7431,1519.99,30.4,5.47,1484.12,setl_668,2026-08-25 18:51:00,2026-08-26,captured
pay_78CC6RI3,ORD_7432,224.95,5.31,0.96,218.68,setl_668,2026-08-25 22:14:00,2026-08-26,captured
pay_0HO3A80P,ORD_7433,1921.92,38.44,6.92,1876.56,setl_669,2026-08-26 04:52:00,2026-08-27,captured
pay_MQZ2EHBB,ORD_7434,736.19,14.72,2.65,718.82,setl_669,2026-08-26 02:37:00,2026-08-27,captured
pay_7RSFAJ68,ORD_7435,392.77,7.86,1.41,383.5,setl_669,2026-08-26 08:05:00,2026-08-27,captured
pay_C5AU9QZH,ORD_7436,1173.42,23.47,4.22,1145.73,setl_669,2026-08-25 22:33:00,2026-08-26,captured
pay_17IKGLHV,ORD_7437,201.09,4.02,0.72,196.35,setl_669,2026-08-26 23:58:00,2026-08-28,captured
pay_ABFOSORN,ORD_7438,369.68,7.39,1.33,360.96,setl_669,2026-08-25 23:39:00,2026-08-26,captured
pay_Q510B05X,ORD_7439,488.92,9.78,1.76,477.38,setl_669,2026-08-25 23:03:00,2026-08-26,captured
pay_ZB8IIGX5,ORD_7440,1462.84,29.26,5.27,1428.31,setl_669,2026-08-26 02:02:00,2026-08-27,captured
pay_3DW5POLS,ORD_7441,1804.15,36.08,6.49,1761.58,setl_669,2026-08-25 22:55:00,2026-08-26,captured
pay_733PN0MJ,ORD_7442,1607.77,32.16,5.79,1569.82,setl_669,2026-08-25 19:27:00,2026-08-26,captured
pay_XUFXNNMF,ORD_7443,1536.99,30.74,5.53,1300.72,setl_669,2026-08-26 07:06:00,2026-08-27,captured
pay_CU6PD870,ORD_7444,442.66,8.85,1.59,432.22,setl_670,2026-08-26 06:47:00,2026-08-27,captured
pay_AUD0RWOW,ORD_7445,1638.28,32.77,5.9,1599.61,setl_670,2026-08-25 17:24:00,2026-08-26,captured
pay_0YSMF0HD,ORD_7446,1803.76,36.08,6.49,1761.19,setl_670,2026-08-25 23:10:00,2026-08-26,captured
pay_8OKKBPWS,ORD_7447,1531.72,30.63,5.51,1495.58,setl_670,2026-08-25 21:56:00,2026-08-26,captured
pay_7P0DT79T,ORD_7448,2955.5,59.11,10.64,2885.75,setl_670,2026-08-25 23:23:00,2026-08-26,captured
pay_LZIRVH32,ORD_7449,249.84,5.0,0.9,243.94,setl_670,2026-08-26 03:31:00,2026-08-27,captured
pay_LDQRHZGZ,ORD_7450,1811.61,36.23,6.52,1768.86,setl_670,2026-08-25 18:42:00,2026-08-26,captured
pay_1INZVJ1F,ORD_7451,1525.1,30.5,5.49,1489.11,setl_670,2026-08-26 00:11:00,2026-08-27,captured
pay_MQPJUZDI,ORD_7452,2544.08,50.88,9.16,2484.04,setl_670,2026-08-25 19:29:00,2026-08-26,captured
pay_ORKE0NDV,ORD_7453,1785.1,35.7,6.43,1742.97,setl_670,2026-08-26 08:06:00,2026-08-27,captured
pay_FOPDJJIS,ORD_7454,680.33,13.61,2.45,664.27,setl_670,2026-08-26 03:48:00,2026-08-27,captured
pay_3RJYGUUY,ORD_7455,213.71,4.27,0.77,208.67,setl_671,2026-08-26 06:57:00,2026-08-27,captured
pay_WF6H38SQ,ORD_7456,2546.4,50.93,9.17,2486.3,setl_671,2026-08-25 21:43:00,2026-08-26,captured
pay_LAMRI7Z5,ORD_7457,3521.95,70.44,12.68,3438.83,setl_671,2026-08-25 23:09:00,2026-08-26,captured
pay_85QDSS5O,ORD_7458,436.36,8.73,1.57,426.06,setl_671,2026-08-26 05:15:00,2026-08-27,captured
pay_KYI2BKVN,ORD_7459,934.58,18.69,3.36,912.53,setl_671,2026-08-25 23:29:00,2026-08-26,captured
pay_AOBUHH3G,ORD_7460,329.13,6.58,1.18,321.37,setl_671,2026-08-26 08:29:00,2026-08-27,captured
pay_NZN6BAUF,ORD_7461,1610.91,32.22,5.8,1572.89,setl_671,2026-08-26 00:23:00,2026-08-27,captured
pay_PCD6I2UU,ORD_7462,3510.36,70.21,12.64,3427.51,setl_671,2026-08-25 23:44:00,2026-08-26,captured
pay_GFEDFOPN,ORD_7463,1809.24,36.18,6.51,1766.55,setl_671,2026-08-26 05:44:00,2026-08-27,captured
pay_R1ZSY9I5,ORD_7464,3468.51,69.37,12.49,3386.65,setl_672,2026-08-25 23:50:00,2026-08-26,captured
pay_6E91JQ2V,ORD_7465,3519.85,70.4,12.67,3436.78,setl_672,2026-08-25 20:38:00,2026-08-26,captured
pay_162N3QFU,ORD_7466,3491.01,69.82,12.57,3408.62,setl_672,2026-08-25 23:54:00,2026-08-26,captured
pay_301SNU5S,ORD_7467,1515.52,30.31,5.46,1479.75,setl_672,2026-08-25 21:08:00,2026-08-26,captured
pay_BS5T49BX,ORD_7468,3523.48,70.47,12.68,3440.33,setl_672,2026-08-25 17:14:00,2026-08-26,captured
pay_CB4Y56Y9,ORD_7469,1875.85,37.52,6.75,1831.58,setl_672,2026-08-25 23:09:00,2026-08-26,captured
pay_3D5VOVK1,ORD_7470,1198.54,23.97,4.31,1170.26,setl_672,2026-08-25 23:41:00,2026-08-26,captured
pay_7KTERFRQ,ORD_7471,1834.69,36.69,6.6,1791.4,setl_672,2026-08-25 23:01:00,2026-08-26,captured
pay_OODYIPVC,ORD_7472,932.52,18.65,3.36,910.51,setl_672,2026-08-26 03:06:00,2026-08-27,captured
pay_IC0PDFBY,ORD_7473,1204.76,24.1,4.34,1176.32,setl_673,2026-08-26 02:50:00,2026-08-27,captured
pay_BJXR6V55,ORD_7474,1516.12,30.32,5.46,1480.34,setl_673,2026-08-26 03:46:00,2026-08-27,captured
pay_W7JOL5JE,ORD_7475,2531.4,50.63,9.11,2471.66,setl_673,2026-08-26 02:11:00,2026-08-27,captured
pay_ES0RY6LY,ORD_7476,2491.13,49.82,8.97,2432.34,setl_673,2026-08-25 23:31:00,2026-08-26,captured
pay_IJW3VN5N,ORD_7477,340.35,6.81,1.23,332.31,setl_673,2026-08-25 23:06:00,2026-08-26,captured
pay_2MQRBNY0,ORD_7478,1581.04,31.62,5.69,1543.73,setl_673,2026-08-26 00:01:00,2026-08-27,captured
pay_7CVDEKNK,ORD_7479,875.46,17.51,3.15,854.8,setl_673,2026-08-26 06:37:00,2026-08-27,captured
pay_RK8W2KPK,ORD_7480,295.98,5.92,1.07,288.99,setl_673,2026-08-26 00:04:00,2026-08-26,captured
pay_61T9HXCJ,ORD_7481,1017.76,20.36,3.66,993.74,setl_674,2026-08-25 22:04:00,2026-08-26,captured
pay_PRFMP451,ORD_7482,3458.34,69.17,12.45,3376.72,setl_674,2026-08-25 17:42:00,2026-08-26,captured
pay_2QFYGXEB,ORD_7483,438.12,8.76,1.58,427.78,setl_674,2026-08-26 02:04:00,2026-08-27,captured
pay_LO1VPQ8O,ORD_7484,475.92,9.52,1.71,464.69,setl_674,2026-08-25 21:33:00,2026-08-26,captured
pay_8VLSLR5D,ORD_7485,383.89,7.68,1.38,374.83,setl_674,2026-08-26 01:32:00,2026-08-27,captured
pay_VOG7FQE8,ORD_7486,1301.24,26.02,4.68,1270.54,setl_674,2026-08-26 08:30:00,2026-08-27,captured
pay_0Z26KIKS,ORD_7487,936.91,18.74,3.37,914.8,setl_674,2026-08-25 21:49:00,2026-08-26,captured
pay_18NT99RA,ORD_7488,1162.71,23.25,4.18,1135.28,setl_674,2026-08-25 20:32:00,2026-08-26,captured
pay_0C0PS8B5,ORD_7489,1639.94,32.8,5.9,1601.24,setl_674,2026-08-26 05:00:30,2026-08-27,captured
pay_3CZJY2JT,ORD_7489,1639.94,32.8,5.9,1601.24,setl_674,2026-08-26 05:00:00,2026-08-27,captured
pay_YIK4K8GN,ORD_7490,1504.02,30.08,5.41,1468.53,setl_674,2026-08-26 05:52:00,2026-08-27,captured
pay_ORDA6SSJ,ORD_7491,156.69,3.13,0.56,153.0,setl_675,2026-08-26 03:54:00,2026-08-27,captured
pay_MX0HGF6P,ORD_7492,3009.48,60.19,10.83,2938.46,setl_675,2026-08-26 04:23:00,2026-08-27,captured
pay_Y7X6EBNB,ORD_7493,1903.81,38.08,6.85,1858.88,setl_675,2026-08-26 05:33:00,2026-08-27,captured
pay_IXRXE3GV,ORD_7494,2965.83,59.32,10.68,2895.83,setl_675,2026-08-25 21:00:00,2026-08-26,captured
pay_8X8VFPA1,ORD_7495,545.81,10.92,1.97,532.92,setl_675,2026-08-26 08:30:00,2026-08-27,captured
pay_F5N2JJO7,ORD_7496,1153.11,23.06,4.15,1125.9,setl_675,2026-08-25 18:39:00,2026-08-26,captured
pay_DUOLRCJ1,ORD_7497,1767.19,35.34,6.36,1725.49,setl_675,2026-08-26 04:57:00,2026-08-27,captured
pay_A165E6G1,ORD_7498,3026.53,60.53,10.9,2955.1,setl_675,2026-08-25 20:50:00,2026-08-26,captured
pay_HXZ3VKUM,ORD_7499,1569.4,31.39,5.65,1532.36,setl_675,2026-08-26 07:40:00,2026-08-27,captured
pay_C75FZO84,ORD_7500,1586.88,31.74,5.71,1549.43,setl_676,2026-08-26 01:27:00,2026-08-27,captured
pay_NDRH8B1N,ORD_7501,238.55,4.77,0.86,232.92,setl_676,2026-08-25 17:17:00,2026-08-26,captured
pay_5OHFSFYN,ORD_7502,385.06,7.7,1.39,375.97,setl_676,2026-08-26 02:58:00,2026-08-27,captured
pay_O26YX2VQ,ORD_7504,439.88,8.8,1.58,429.5,setl_676,2026-08-26 02:18:00,2026-08-27,captured
pay_2RICN9RI,ORD_7505,1479.54,29.59,5.33,1444.62,setl_676,2026-08-26 05:32:00,2026-08-27,captured
pay_7FWDWLO2,ORD_7506,3029.28,60.59,10.91,2957.78,setl_676,2026-08-25 21:59:00,2026-08-26,captured
pay_B05EJAJ8,ORD_7507,1465.88,29.32,5.28,1431.28,setl_676,2026-08-26 00:29:00,2026-08-27,captured
pay_BGD7HU5P,ORD_7508,491.62,9.83,1.77,480.02,setl_676,2026-08-25 22:29:00,2026-08-26,captured
pay_1LYIZN6T,ORD_7509,499.38,9.99,1.8,487.59,setl_676,2026-08-25 23:07:00,2026-08-26,captured
pay_PLEHKAA8,ORD_7510,353.21,7.06,1.27,344.88,setl_676,2026-08-26 01:09:00,2026-08-27,captured
pay_ZL3LLYW4,ORD_7511,304.99,6.1,1.1,297.79,setl_676,2026-08-25 21:03:00,2026-08-26,captured
pay_BMPFL7ON,ORD_7512,1287.37,25.75,4.63,1256.99,setl_677,2026-08-26 06:19:00,2026-08-27,captured
pay_MQOCAAOA,ORD_7513,219.08,4.38,0.79,213.91,setl_677,2026-08-25 21:05:00,2026-08-26,captured
pay_TFFRVCUY,ORD_7514,337.52,6.75,1.21,329.56,setl_677,2026-08-25 23:10:00,2026-08-26,captured
pay_SF0ZGJ4B,ORD_7515,520.78,10.42,1.88,508.48,setl_677,2026-08-26 04:20:00,2026-08-27,captured
pay_H6LL96ZM,ORD_7516,1835.6,43.32,7.8,1784.48,setl_677,2026-08-25 22:26:00,2026-08-26,captured
pay_OKH38JB6,ORD_7517,350.15,7.0,1.26,341.89,setl_677,2026-08-25 19:14:00,2026-08-26,captured
pay_GXXNGV3V,ORD_7518,2525.08,50.5,9.09,2465.49,setl_677,2026-08-26 04:14:00,2026-08-27,captured
pay_EYIDQJX6,ORD_7519,438.45,8.77,1.58,428.1,setl_677,2026-08-26 02:33:00,2026-08-27,captured
pay_TNIASSN8,ORD_7520,158.37,3.17,0.57,154.63,setl_678,2026-08-26 08:02:00,2026-08-27,captured
pay_L89VHZH7,ORD_7521,672.01,13.44,2.42,656.15,setl_678,2026-08-25 19:21:00,2026-08-26,captured
pay_0QGLWL7A,ORD_7522,1483.21,29.66,5.34,1448.21,setl_678,2026-08-25 23:59:00,2026-08-27,captured
pay_E7X66S5J,ORD_7523,265.29,5.31,0.96,259.02,setl_678,2026-08-26 04:46:00,2026-08-27,captured
pay_VSCGH011,ORD_7524,367.44,7.35,1.32,358.77,setl_678,2026-08-26 04:25:00,2026-08-27,captured
pay_HMPOAM49,ORD_7525,1764.28,35.29,6.35,1722.64,setl_678,2026-08-26 04:45:00,2026-08-27,captured
pay_OPYPSZRS,ORD_7526,3029.56,60.59,10.91,2958.06,setl_678,2026-08-26 05:37:00,2026-08-27,captured
pay_VQ7WR8F7,ORD_7527,1149.11,22.98,4.14,1121.99,setl_678,2026-08-25 21:48:00,2026-08-26,captured
pay_H3DBNXBM,ORD_7528,397.03,7.94,1.43,387.66,setl_678,2026-08-26 07:15:00,2026-08-27,captured
pay_X6C7EWP6,ORD_7529,689.42,13.79,2.48,673.15,setl_679,2026-08-26 03:45:00,2026-08-27,captured
pay_H2DBTFSO,ORD_7530,323.18,6.46,1.16,315.56,setl_679,2026-08-26 06:10:00,2026-08-27,captured
pay_2XUUA5FJ,ORD_7531,1619.02,32.38,5.83,1580.81,setl_679,2026-08-25 21:47:00,2026-08-26,captured
pay_QWDZ3AWP,ORD_7532,1516.49,30.33,5.46,1480.7,setl_679,2026-08-26 00:55:00,2026-08-27,captured
pay_KTAQ2Y3F,ORD_7533,1773.64,35.47,6.38,1731.79,setl_679,2026-08-25 20:02:00,2026-08-26,captured
pay_UPJ8F4JD,ORD_7534,1018.62,20.37,3.67,994.58,setl_679,2026-08-25 20:22:00,2026-08-26,captured
pay_93P8P702,ORD_7535,1021.86,20.44,3.68,997.74,setl_679,2026-08-25 18:09:00,2026-08-26,captured
pay_82Y7HSUC,ORD_7536,318.42,6.37,1.15,310.9,setl_679,2026-08-26 06:08:00,2026-08-27,captured
pay_FFKLXB0I,ORD_7537,1884.16,37.68,6.78,1839.7,setl_679,2026-08-26 05:42:00,2026-08-27,captured
pay_BRJVC443,ORD_7538,988.28,19.77,3.56,964.95,setl_679,2026-08-26 07:50:00,2026-08-27,captured
pay_4POKIL8X,ORD_7539,1451.88,29.04,5.23,1417.61,setl_680,2026-08-26 04:41:00,2026-08-27,captured
pay_NX43P2C6,ORD_7540,911.86,18.24,3.28,890.34,setl_680,2026-08-25 22:53:00,2026-08-26,captured
pay_BMKLDS98,ORD_7541,1585.12,31.7,5.71,1547.71,setl_680,2026-08-25 23:41:00,2026-08-26,captured
pay_1HNPIUXA,ORD_7542,1245.43,24.91,4.48,1216.04,setl_680,2026-08-25 21:30:00,2026-08-26,captured
pay_I0UI02KL,ORD_7543,1044.88,20.9,3.76,1020.22,setl_680,2026-08-26 03:24:00,2026-08-27,captured
pay_MARTWLXE,ORD_7544,2504.15,50.08,9.01,2445.06,setl_680,2026-08-26 07:14:00,2026-08-27,captured
pay_E3C88DZL,ORD_7545,541.11,10.82,1.95,528.34,setl_680,2026-08-25 19:03:00,2026-08-26,captured
pay_FSQQAUW9,ORD_7546,858.27,17.17,3.09,838.01,setl_680,2026-08-25 21:13:00,2026-08-26,captured
pay_7E47ZYNM,ORD_7547,1525.66,30.51,5.49,1489.66,setl_681,2026-08-26 06:04:00,2026-08-27,captured
pay_ODTTBXYF,ORD_7548,1518.79,30.38,5.47,1482.94,setl_681,2026-08-26 07:03:00,2026-08-27,captured
pay_4E4NYDJJ,ORD_7549,1486.26,29.73,5.35,1451.18,setl_681,2026-08-25 21:08:00,2026-08-26,captured
pay_5Q3FWK0X,ORD_7550,231.37,4.63,0.83,225.91,setl_681,2026-08-26 02:02:00,2026-08-27,captured
pay_8OQ0MS3C,ORD_7551,294.65,5.89,1.06,287.7,setl_681,2026-08-26 05:56:00,2026-08-27,captured
pay_HKMYE8LS,ORD_7552,865.58,17.31,3.12,845.15,setl_681,2026-08-26 00:54:00,2026-08-27,captured
pay_TXRK3O7D,ORD_7553,723.09,14.46,2.6,561.41,setl_681,2026-08-26 07:00:00,2026-08-27,captured
pay_9GGM8J8Y,ORD_7554,351.35,7.03,1.27,343.05,setl_681,2026-08-26 04:26:00,2026-08-27,captured
pay_Z600II0Q,ORD_7555,1002.3,20.05,3.61,978.64,setl_681,2026-08-25 17:44:00,2026-08-26,captured
pay_6NHIP1UQ,ORD_7556,959.65,19.19,3.45,937.01,setl_682,2026-08-26 00:16:00,2026-08-27,captured
pay_RENH5B4G,ORD_7557,1603.66,32.07,5.77,1565.82,setl_682,2026-08-25 23:35:00,2026-08-26,captured
pay_VPOAUIR8,ORD_7558,1940.31,38.81,6.99,1894.51,setl_682,2026-08-25 22:29:00,2026-08-26,captured
pay_E8A6AZ55,ORD_7559,2958.89,59.18,10.65,2889.06,setl_682,2026-08-25 19:34:00,2026-08-26,captured
pay_5WQR822V,ORD_7560,2539.06,50.78,9.14,2479.14,setl_682,2026-08-25 19:05:00,2026-08-26,captured
pay_8KZCZ22F,ORD_7561,1619.13,32.38,5.83,1580.92,setl_682,2026-08-26 06:46:00,2026-08-27,captured
pay_PAO5D08T,ORD_7562,1559.62,31.19,5.61,1522.82,setl_682,2026-08-26 00:22:00,2026-08-27,captured
pay_06SEWDCE,ORD_7563,1769.12,35.38,6.37,1727.37,setl_682,2026-08-25 19:14:00,2026-08-26,captured
pay_OBPD0JTJ,ORD_7564,1253.11,25.06,4.51,1223.54,setl_682,2026-08-25 20:10:00,2026-08-26,captured
pay_HZ2F73HH,ORD_7565,373.34,7.47,1.34,364.53,setl_682,2026-08-25 22:15:00,2026-08-26,captured
pay_RQ2KF8M8,ORD_7566,744.52,14.89,2.68,726.95,setl_682,2026-08-26 04:16:00,2026-08-27,captured
pay_6LWWOCXA,ORD_7567,1461.81,29.24,5.26,1427.31,setl_683,2026-08-26 02:14:00,2026-08-27,captured
pay_VEHYQDBW,ORD_7568,203.95,4.08,0.73,199.14,setl_683,2026-08-26 05:35:00,2026-08-27,captured
pay_AGR588SQ,ORD_7569,888.74,17.77,3.2,867.77,setl_683,2026-08-26 05:02:00,2026-08-27,captured
pay_ZN01533P,ORD_7570,307.58,6.15,1.11,300.32,setl_683,2026-08-25 19:28:00,2026-08-26,captured
pay_DR0MOVPQ,ORD_7571,293.06,5.86,1.05,286.15,setl_683,2026-08-26 05:06:00,2026-08-27,captured
pay_Y0K9QAQA,ORD_7572,264.59,5.29,0.95,258.35,setl_683,2026-08-25 18:19:30,2026-08-26,captured
pay_WXU3YJDR,ORD_7572,264.59,5.29,0.95,258.35,setl_683,2026-08-25 18:19:00,2026-08-26,captured
pay_NOBLWD83,ORD_7573,210.31,4.21,0.76,205.34,setl_683,2026-08-25 20:54:00,2026-08-26,captured
pay_BMOGFZ33,ORD_7574,1528.59,30.57,5.5,1492.52,setl_683,2026-08-25 23:45:00,2026-08-26,captured
pay_UMCJHCL8,ORD_7575,345.88,6.92,1.25,337.71,setl_683,2026-08-26 02:19:00,2026-08-27,captured
pay_FHECIAC7,ORD_7576,864.13,17.28,3.11,843.74,setl_683,2026-08-25 18:09:00,2026-08-26,captured
pay_3CCNUR97,ORD_7577,467.76,9.36,1.68,456.72,setl_683,2026-08-25 21:43:00,2026-08-26,captured
pay_JXQKQLGO,ORD_7578,1561.98,31.24,5.62,1525.12,setl_684,2026-08-25 21:59:00,2026-08-26,captured
pay_KQRWX46T,ORD_7579,2490.71,49.81,8.97,2431.93,setl_684,2026-08-26 05:06:00,2026-08-27,captured
pay_9VMVHUXO,ORD_7580,1635.95,32.72,5.89,1597.34,setl_684,2026-08-26 02:59:00,2026-08-27,captured
pay_CRG7ZSIA,ORD_7581,934.74,18.69,3.36,912.69,setl_684,2026-08-26 05:17:00,2026-08-27,captured
pay_B3VQ6EYS,ORD_7582,999.47,19.99,3.6,975.88,setl_684,2026-08-26 06:18:00,2026-08-27,captured
pay_LIL69SRU,ORD_7583,1294.08,25.88,4.66,1263.54,setl_684,2026-08-25 22:44:00,2026-08-26,captured
pay_Q35LTQGK,ORD_7584,412.22,8.24,1.48,402.5,setl_684,2026-08-26 00:05:00,2026-08-27,captured
pay_EQ1GH73G,ORD_7585,1765.37,35.31,6.36,1723.7,setl_684,2026-08-26 05:20:00,2026-08-27,captured
pay_8FW8OWLA,ORD_7586,289.9,5.8,1.04,283.06,setl_685,2026-08-25 17:43:00,2026-08-26,captured
pay_1FBYGH99,ORD_7587,968.6,19.37,3.49,945.74,setl_685,2026-08-26 02:05:00,2026-08-27,captured
pay_T1S7YKCC,ORD_7588,1187.11,23.74,4.27,1159.1,setl_685,2026-08-26 05:19:00,2026-08-27,captured
pay_O3SZDTB8,ORD_7589,1484.04,29.68,5.34,1449.02,setl_685,2026-08-26 00:25:00,2026-08-27,captured
pay_QKBNGV01,ORD_7590,1458.78,29.18,5.25,1424.35,setl_685,2026-08-26 08:28:00,2026-08-27,captured
pay_0FILK4OS,ORD_7591,714.51,14.29,2.57,697.65,setl_685,2026-08-26 09:04:00,2026-08-27,captured
pay_KQV9KRBO,ORD_7592,447.09,8.94,1.61,436.54,setl_685,2026-08-26 06:00:00,2026-08-27,captured
pay_F9291ZFB,ORD_7593,177.76,3.56,0.64,173.56,setl_685,2026-08-26 05:12:00,2026-08-27,captured
pay_0E0S51FI,ORD_7594,3498.38,69.97,12.59,3415.82,setl_685,2026-08-26 07:18:00,2026-08-27,captured
pay_81IBWG6R,ORD_7596,923.21,18.46,3.32,901.43,setl_686,2026-08-25 18:51:00,2026-08-26,captured
pay_G51KCVYJ,ORD_7597,891.3,17.83,3.21,870.26,setl_686,2026-08-26 04:04:00,2026-08-27,captured
pay_R30SMXE1,ORD_7598,1894.37,37.89,6.82,1849.66,setl_686,2026-08-25 17:11:00,2026-08-26,captured
pay_Y29V4U4C,ORD_7599,2994.54,59.89,10.78,2923.87,setl_686,2026-08-26 01:36:00,2026-08-27,captured
pay_M8ISBVCC,ORD_7600,2488.45,49.77,8.96,2429.72,setl_686,2026-08-26 01:41:00,2026-08-27,captured
pay_H0DLV02I,ORD_7601,468.58,9.37,1.69,457.52,setl_686,2026-08-26 01:44:00,2026-08-27,captured
pay_GW63D9KT,ORD_7602,169.79,4.01,0.72,165.06,setl_686,2026-08-25 19:12:00,2026-08-26,captured
pay_IYFXAKPS,ORD_7603,528.26,10.57,1.9,515.79,setl_686,2026-08-26 01:46:00,2026-08-27,captured
pay_UO7EW6XC,ORD_7604,1214.24,24.28,4.37,1185.59,setl_686,2026-08-25 23:47:00,2026-08-26,captured
pay_UT4UMK91,ORD_7605,3021.49,60.43,10.88,2950.18,setl_686,2026-08-26 07:36:00,2026-08-27,captured
pay_S9ELLLQX,ORD_7606,378.5,7.57,1.36,369.57,setl_687,2026-08-26 03:09:00,2026-08-27,captured
pay_7D6K0J9F,ORD_7607,291.79,5.84,1.05,284.9,setl_687,2026-08-25 23:59:00,2026-08-27,captured
pay_K0YEZRTK,ORD_7608,2524.96,50.5,9.09,2265.37,setl_687,2026-08-25 17:37:00,2026-08-26,captured
pay_Q2LLGLJF,ORD_7609,548.9,10.98,1.98,535.94,setl_687,2026-08-26 03:45:00,2026-08-27,captured
pay_W7E1AHEG,ORD_7610,1340.56,26.81,4.83,1308.92,setl_687,2026-08-26 07:39:00,2026-08-27,captured
pay_RCO4OA8R,ORD_7611,987.6,19.75,3.55,964.3,setl_687,2026-08-26 05:49:00,2026-08-27,captured
pay_06KC0UC5,ORD_7612,930.69,18.61,3.35,908.73,setl_687,2026-08-25 22:47:30,2026-08-26,captured
pay_PA6WCT21,ORD_7612,930.69,18.61,3.35,908.73,setl_687,2026-08-25 22:47:00,2026-08-26,captured
pay_1OB78YTS,ORD_7613,392.31,7.85,1.41,383.05,setl_687,2026-08-26 06:28:00,2026-08-27,captured
pay_UM8RU8KQ,ORD_7614,1336.39,26.73,4.81,1304.85,setl_687,2026-08-25 23:24:00,2026-08-26,captured
pay_FE3Z2S98,ORD_7615,248.66,4.97,0.89,242.8,setl_688,2026-08-25 21:37:00,2026-08-26,captured
pay_5STWPP1H,ORD_7617,296.19,5.92,1.07,289.2,setl_688,2026-08-25 18:08:00,2026-08-26,captured
pay_DZLGQ5V3,ORD_7618,1007.65,20.15,3.63,983.87,setl_688,2026-08-26 01:06:00,2026-08-27,captured
pay_GM2JO9KY,ORD_7619,300.63,6.01,1.08,293.54,setl_688,2026-08-25 17:55:00,2026-08-26,captured
pay_2KA9SSDI,ORD_7620,1560.7,36.83,6.63,1517.24,setl_688,2026-08-26 07:25:00,2026-08-27,captured
pay_SO35FHUO,ORD_7621,3516.95,70.34,12.66,3433.95,setl_688,2026-08-26 04:17:00,2026-08-27,captured
pay_2G6LEHRA,ORD_7622,212.28,4.25,0.77,207.26,setl_688,2026-08-26 00:07:00,2026-08-27,captured
pay_GW5QZDO0,ORD_7623,1529.77,30.6,5.51,1493.66,setl_688,2026-08-25 23:05:00,2026-08-26,captured
pay_8671YU2L,ORD_7624,207.5,4.15,0.75,202.6,setl_688,2026-08-25 17:33:00,2026-08-26,captured
pay_AZ48C05H,ORD_7625,962.78,19.26,3.47,940.05,setl_689,2026-08-25 21:51:00,2026-08-26,captured
pay_BQJ24VVH,ORD_7626,2956.96,59.14,10.65,2887.17,setl_689,2026-08-25 23:10:00,2026-08-26,captured
pay_A42F3K4B,ORD_7627,1893.65,37.87,6.82,1848.96,setl_689,2026-08-26 00:25:00,2026-08-27,captured
pay_GAEK6YZS,ORD_7628,1569.72,31.39,5.65,1532.68,setl_689,2026-08-25 19:51:00,2026-08-26,captured
pay_BE1UTOLE,ORD_7629,738.04,14.76,2.66,720.62,setl_689,2026-08-26 04:29:00,2026-08-27,captured
pay_S5WPDWNB,ORD_7630,3501.12,70.02,12.6,3418.5,setl_689,2026-08-25 17:24:00,2026-08-26,captured
pay_KF1S5GKG,ORD_7631,3048.61,60.97,10.97,2976.67,setl_689,2026-08-26 23:59:00,2026-08-28,captured
pay_6CDGT21I,ORD_7632,1763.28,35.27,6.35,1721.66,setl_689,2026-08-25 18:41:00,2026-08-26,captured
pay_1O33E6SG,ORD_7633,331.74,6.63,1.19,323.92,setl_689,2026-08-26 01:47:00,2026-08-27,captured
pay_RGJGU60F,ORD_7634,487.58,9.75,1.75,476.08,setl_690,2026-08-26 01:17:00,2026-08-27,captured
pay_MT4QKYMY,ORD_7635,2996.47,59.93,10.79,2925.75,setl_690,2026-08-25 22:32:00,2026-08-26,captured
pay_SKB1PMMZ,ORD_7636,245.3,4.91,0.88,239.51,setl_690,2026-08-25 18:14:00,2026-08-26,captured
pay_6CWKMDFE,ORD_7637,1245.26,24.91,4.48,1215.87,setl_690,2026-08-26 08:39:00,2026-08-27,captured
pay_TPYRDIP3,ORD_7638,1347.73,26.95,4.85,1315.93,setl_690,2026-08-25 19:45:00,2026-08-26,captured
pay_F1QGA8I4,ORD_7639,449.18,8.98,1.62,438.58,setl_690,2026-08-26 06:24:00,2026-08-27,captured
pay_TEITDNHD,ORD_7640,250.02,5.0,0.9,244.12,setl_690,2026-08-25 19:52:00,2026-08-26,captured
pay_N64B95RY,ORD_7641,1904.49,38.09,6.86,1859.54,setl_690,2026-08-25 20:15:00,2026-08-26,captured
pay_6WX05K4L,ORD_7642,169.91,3.4,0.61,131.92,setl_690,2026-08-26 03:00:00,2026-08-27,captured
pay_YT3ZOJJY,ORD_7643,507.37,10.15,1.83,495.39,setl_691,2026-08-26 08:27:00,2026-08-27,captured
pay_VTK2L787,ORD_7644,3535.46,70.71,12.73,3452.02,setl_691,2026-08-25 21:26:00,2026-08-26,captured
pay_SBN1QXV0,ORD_7645,3525.17,70.5,12.69,3441.98,setl_691,2026-08-25 17:53:00,2026-08-26,captured
pay_GTA5VKO5,ORD_7646,259.44,5.19,0.93,253.32,setl_691,2026-08-26 00:41:00,2026-08-27,captured
pay_W5H5RJ74,ORD_7647,3027.34,60.55,10.9,2955.89,setl_691,2026-08-26 02:51:00,2026-08-27,captured
pay_5FL5GYBE,ORD_7648,1305.62,26.11,4.7,1274.81,setl_691,2026-08-25 21:31:00,2026-08-26,captured
pay_1WVJW0XI,ORD_7649,876.0,17.52,3.15,855.33,setl_691,2026-08-26 07:04:00,2026-08-27,captured
pay_LP06XV1G,ORD_7650,1189.84,23.8,4.28,1161.76,setl_691,2026-08-26 06:35:00,2026-08-27,captured
pay_LS9OHCWR,ORD_7651,975.31,19.51,3.51,952.29,setl_691,2026-08-26 01:12:00,2026-08-27,captured
pay_NPRA7KG5,ORD_7652,1174.63,23.49,4.23,1146.91,setl_691,2026-08-25 20:55:00,2026-08-26,captured
pay_HZINKNMK,ORD_7653,383.93,7.68,1.38,374.87,setl_691,2026-08-25 17:06:00,2026-08-26,captured
pay_3753EBIU,ORD_7654,2949.48,58.99,10.62,2879.87,setl_692,2026-08-25 20:32:00,2026-08-26,captured
pay_FKBWD9T3,ORD_7655,1526.79,30.54,5.5,1490.75,setl_692,2026-08-25 21:43:00,2026-08-26,captured
pay_P5X5PK34,ORD_7656,151.92,3.04,0.55,148.33,setl_692,2026-08-25 17:24:00,2026-08-26,captured
pay_V5PGHCEF,ORD_7657,2480.26,49.61,8.93,2421.72,setl_692,2026-08-26 00:54:00,2026-08-27,captured
pay_1JOWQOWA,ORD_7658,1813.29,36.27,6.53,1770.49,setl_692,2026-08-26 00:33:00,2026-08-27,captured
pay_LJH3RKNR,ORD_7659,1165.42,23.31,4.2,1137.91,setl_692,2026-08-26 05:51:00,2026-08-27,captured
pay_69IK941F,ORD_7660,290.46,5.81,1.05,283.6,setl_692,2026-08-26 08:13:00,2026-08-27,captured
pay_1K7OIKWX,ORD_7661,2482.5,49.65,8.94,2423.91,setl_692,2026-08-26 00:34:00,2026-08-27,captured
pay_8QWJX8VT,ORD_7662,1486.96,29.74,5.35,1451.87,setl_692,2026-08-26 06:54:00,2026-08-27,captured
pay_33IF416C,ORD_7663,202.23,4.04,0.73,197.46,setl_693,2026-08-25 22:16:00,2026-08-26,captured
pay_K5ETGBZK,ORD_7664,438.37,8.77,1.58,428.02,setl_693,2026-08-26 08:34:00,2026-08-27,captured
pay_JETOVM3S,ORD_7665,350.52,7.01,1.26,342.25,setl_693,2026-08-25 19:18:00,2026-08-26,captured
pay_7OK7OVOT,ORD_7666,450.79,9.02,1.62,440.15,setl_693,2026-08-26 04:14:00,2026-08-27,captured
pay_ZOALORLX,ORD_7667,1178.58,23.57,4.24,1150.77,setl_693,2026-08-25 17:40:00,2026-08-26,captured
pay_7IIARP9O,ORD_7668,464.97,9.3,1.67,454.0,setl_693,2026-08-26 08:37:00,2026-08-27,captured
pay_HNYRO55C,ORD_7669,854.51,17.09,3.08,834.34,setl_693,2026-08-25 17:31:00,2026-08-26,captured
pay_RPBJLADG,ORD_7670,3517.77,70.36,12.66,3434.75,setl_693,2026-08-25 18:25:00,2026-08-26,captured
pay_VI3EYGZ8,ORD_7671,348.65,6.97,1.25,340.43,setl_693,2026-08-25 18:24:00,2026-08-26,captured
pay_Z5OM1RQ8,ORD_7672,3480.85,69.62,12.53,3398.7,setl_693,2026-08-26 03:56:00,2026-08-27,captured
pay_943ENIEO,ORD_7673,899.68,17.99,3.24,878.45,setl_694,2026-08-26 01:58:00,2026-08-27,captured
pay_RZ6KJGE4,ORD_7674,1874.23,37.48,6.75,1830.0,setl_694,2026-08-25 20:30:00,2026-08-26,captured
pay_XZIJSG49,ORD_7675,3008.43,60.17,10.83,2937.43,setl_694,2026-08-25 18:48:00,2026-08-26,captured
pay_J9Q57Z6C,ORD_7676,731.8,14.64,2.64,714.52,setl_694,2026-08-26 08:50:00,2026-08-27,captured
pay_26ZO3ZG5,ORD_7677,370.98,7.42,1.34,362.22,setl_694,2026-08-25 19:48:00,2026-08-26,captured
pay_HOLOSD0P,ORD_7678,976.22,19.52,3.51,953.19,setl_694,2026-08-25 18:05:00,2026-08-26,captured
pay_79UJSDO1,ORD_7679,319.14,6.38,1.15,311.61,setl_694,2026-08-25 18:40:00,2026-08-26,captured
pay_OIB8A7JQ,ORD_7680,990.81,19.82,3.57,967.42,setl_694,2026-08-26 06:25:00,2026-08-27,captured
pay_0Z10JOZO,ORD_7681,443.86,8.88,1.6,433.38,setl_695,2026-08-26 07:21:00,2026-08-27,captured
pay_BY0MPOGK,ORD_7682,1452.15,29.04,5.23,1417.88,setl_695,2026-08-25 22:53:00,2026-08-26,captured
pay_DHCZYUWO,ORD_7683,1912.6,38.25,6.88,1867.47,setl_695,2026-08-25 23:42:00,2026-08-26,captured
pay_HOAKOEEU,ORD_7684,456.18,9.12,1.64,445.42,setl_695,2026-08-26 03:57:00,2026-08-27,captured
pay_ZE4G6XCH,ORD_7685,1021.78,20.44,3.68,997.66,setl_695,2026-08-26 05:43:00,2026-08-27,captured
pay_9BU6JN9T,ORD_7686,2507.65,50.15,9.03,2448.47,setl_695,2026-08-25 22:52:00,2026-08-26,captured
pay_3IO3VYP9,ORD_7687,466.74,9.33,1.68,455.73,setl_695,2026-08-26 08:45:00,2026-08-27,captured
pay_EP18HJD5,ORD_7688,426.7,8.53,1.54,416.63,setl_695,2026-08-25 18:28:00,2026-08-26,captured
pay_90P9JPTX,ORD_7689,685.79,13.72,2.47,669.6,setl_695,2026-08-25 21:28:00,2026-08-26,captured
pay_O4VP6AQG,ORD_7690,1568.19,31.36,5.64,1531.19,setl_696,2026-08-25 20:22:30,2026-08-26,captured
pay_DH34QEF2,ORD_7690,1568.19,31.36,5.64,1531.19,setl_696,2026-08-25 20:22:00,2026-08-26,captured
pay_ZLH04S9D,ORD_7691,501.23,10.02,1.8,489.41,setl_696,2026-08-26 07:47:00,2026-08-27,captured
pay_1U6XWHK1,ORD_7692,242.75,4.86,0.87,237.02,setl_696,2026-08-25 18:49:00,2026-08-26,captured
pay_A14QKDFG,ORD_7693,264.28,5.29,0.95,258.04,setl_696,2026-08-26 08:30:00,2026-08-27,captured
pay_X7XKKVR2,ORD_7695,731.5,14.63,2.63,714.24,setl_696,2026-08-26 07:41:00,2026-08-27,captured
pay_FO4UDTQ9,ORD_7696,289.75,5.79,1.04,282.92,setl_696,2026-08-25 18:01:00,2026-08-26,captured
pay_KMTZY5WO,ORD_7697,1883.01,37.66,6.78,1838.57,setl_696,2026-08-25 22:21:00,2026-08-26,captured
pay_I0EDOIJH,ORD_7698,696.77,13.94,2.51,680.32,setl_696,2026-08-25 20:34:00,2026-08-26,captured
pay_7S1K0WX5,ORD_7699,1925.29,38.51,6.93,1879.85,setl_697,2026-08-25 18:05:00,2026-08-26,captured
pay_O6A3LW00,ORD_7700,859.67,17.19,3.09,839.39,setl_697,2026-08-25 17:17:00,2026-08-26,captured
pay_ETUP4C3G,ORD_7701,2540.0,50.8,9.14,2480.06,setl_697,2026-08-26 07:51:00,2026-08-27,captured
pay_YC7FC4NK,ORD_7702,3533.12,70.66,12.72,3449.74,setl_697,2026-08-26 04:45:00,2026-08-27,captured
pay_F2YYF74X,ORD_7703,1532.8,30.66,5.52,1496.62,setl_697,2026-08-26 05:53:00,2026-08-27,captured
pay_1HFXHYKI,ORD_7704,279.57,5.59,1.01,272.97,setl_697,2026-08-25 18:32:00,2026-08-26,captured
pay_1GKVDNZL,ORD_7705,2484.48,58.63,10.55,2415.3,setl_697,2026-08-26 07:40:00,2026-08-27,captured
pay_WRCX96R6,ORD_7706,533.72,10.67,1.92,521.13,setl_697,2026-08-26 02:52:00,2026-08-27,captured
pay_7GFDQOAF,ORD_7707,349.59,6.99,1.26,341.34,setl_697,2026-08-26 04:26:00,2026-08-27,captured
pay_A3BQD505,ORD_7708,3494.41,69.89,12.58,3411.94,setl_697,2026-08-25 23:26:00,2026-08-26,captured
pay_8ZKPHK33,ORD_7709,209.01,4.18,0.75,204.08,setl_697,2026-08-26 06:50:00,2026-08-27,captured
pay_G2X8XC31,ORD_7710,853.96,17.08,3.07,833.81,setl_698,2026-08-26 04:34:00,2026-08-27,captured
pay_5QQFGSR1,ORD_7711,2988.22,59.76,10.76,2917.7,setl_698,2026-08-25 23:36:00,2026-08-26,captured
pay_ZKKSSC8V,ORD_7712,1029.7,20.59,3.71,1005.4,setl_698,2026-08-25 21:48:00,2026-08-26,captured
pay_KZVVXNI7,ORD_7713,497.16,9.94,1.79,485.43,setl_698,2026-08-26 01:59:00,2026-08-27,captured
pay_GT610GQS,ORD_7714,2985.38,59.71,10.75,2914.92,setl_698,2026-08-25 17:55:00,2026-08-26,captured
pay_XD5VU2YS,ORD_7715,868.82,17.38,3.13,848.31,setl_698,2026-08-26 05:37:00,2026-08-27,captured
pay_QD321SCI,ORD_7716,1587.35,31.75,5.71,1549.89,setl_698,2026-08-25 22:03:00,2026-08-26,captured
pay_P80IL11G,ORD_7717,160.4,3.21,0.58,156.61,setl_698,2026-08-26 03:23:00,2026-08-27,captured
pay_3RUQ5ZJ7,ORD_7718,905.7,18.11,3.26,884.33,setl_698,2026-08-26 08:55:00,2026-08-27,captured
pay_CBDE0H5R,ORD_7719,285.61,5.71,1.03,278.87,setl_699,2026-08-26 01:02:00,2026-08-27,captured
pay_DX0Z05H5,ORD_7720,190.92,3.82,0.69,186.41,setl_699,2026-08-26 02:06:00,2026-08-27,captured
pay_TMJQDUVC,ORD_7721,741.86,14.84,2.67,724.35,setl_699,2026-08-26 08:16:00,2026-08-27,captured
pay_SF2Y9D70,ORD_7722,892.43,17.85,3.21,871.37,setl_699,2026-08-26 23:58:00,2026-08-28,captured
pay_1OFA5P9C,ORD_7723,213.56,4.27,0.77,208.52,setl_699,2026-08-26 07:09:00,2026-08-27,captured
pay_99PNMMPM,ORD_7724,1017.27,20.35,3.66,993.26,setl_699,2026-08-26 03:03:00,2026-08-27,captured
pay_TAEA3RZZ,ORD_7725,270.74,5.41,0.97,264.36,setl_699,2026-08-26 02:33:00,2026-08-27,captured
pay_FZG5T2TV,ORD_7726,1768.97,35.38,6.37,1727.22,setl_699,2026-08-25 20:46:00,2026-08-26,captured
pay_5CEQR8F1,ORD_7727,1836.7,36.73,6.61,1793.36,setl_699,2026-08-25 20:55:00,2026-08-26,captured
pay_VHCWKIC1,ORD_7728,1470.99,29.42,5.3,1436.27,setl_699,2026-08-25 22:32:00,2026-08-26,captured
pay_XIS7LST2,ORD_7729,3546.36,70.93,12.77,3462.66,setl_699,2026-08-26 03:07:00,2026-08-27,captured
pay_74UHUXMN,ORD_7730,651.11,13.02,2.34,635.75,setl_700,2026-08-26 06:19:00,2026-08-27,captured
pay_TCG3NCGU,ORD_7731,271.79,5.44,0.98,265.37,setl_700,2026-08-26 02:38:00,2026-08-27,captured
pay_HOKMV0QR,ORD_7732,296.86,5.94,1.07,289.85,setl_700,2026-08-26 06:59:00,2026-08-27,captured
pay_8ECPZHOB,ORD_7733,268.85,5.38,0.97,208.73,setl_700,2026-08-25 23:50:00,2026-08-26,captured
pay_607JFII9,ORD_7734,2967.32,59.35,10.68,2897.29,setl_700,2026-08-26 03:41:00,2026-08-27,captured
pay_B5WXYPL6,ORD_7735,1934.65,38.69,6.96,1889.0,setl_700,2026-08-26 03:52:00,2026-08-27,captured
pay_LXVHY8D8,ORD_7736,663.96,13.28,2.39,648.29,setl_700,2026-08-26 08:00:00,2026-08-27,captured
pay_XD5GSN4Q,ORD_7737,1751.89,35.04,6.31,1710.54,setl_700,2026-08-26 07:07:00,2026-08-27,captured
pay_K44J79J6,ORD_7738,312.45,6.25,1.12,305.08,setl_700,2026-08-26 04:44:00,2026-08-27,captured
pay_T91YVIIE,ORD_7739,2487.35,49.75,8.96,2428.64,setl_701,2026-08-25 19:30:00,2026-08-26,captured
pay_JMOW34C2,ORD_7740,1202.2,24.04,4.33,1173.83,setl_701,2026-08-26 07:10:00,2026-08-27,captured
pay_3QUZNUKQ,ORD_7741,1160.71,23.21,4.18,1133.32,setl_701,2026-08-26 02:01:00,2026-08-27,captured
pay_RUWHSQQM,ORD_7742,1017.62,20.35,3.66,993.61,setl_701,2026-08-25 17:46:00,2026-08-26,captured
pay_Q4A52YQN,ORD_7743,2474.92,49.5,8.91,2416.51,setl_701,2026-08-26 07:40:00,2026-08-27,captured
pay_XEQKIHX9,ORD_7744,1918.64,38.37,6.91,1873.36,setl_701,2026-08-26 03:17:00,2026-08-27,captured
pay_DUZKF7VP,ORD_7745,921.7,18.43,3.32,899.95,setl_701,2026-08-25 19:36:00,2026-08-26,captured
pay_KSRL2F7K,ORD_7746,418.41,8.37,1.51,408.53,setl_701,2026-08-26 06:51:00,2026-08-27,captured
pay_FPQJRXBG,ORD_7747,864.29,17.29,3.11,843.89,setl_701,2026-08-26 00:53:00,2026-08-27,captured
pay_7UD1K2CK,ORD_7748,1643.52,32.87,5.92,1604.73,setl_701,2026-08-25 19:40:00,2026-08-26,captured
pay_H8YBO953,ORD_7749,313.02,6.26,1.13,305.63,setl_702,2026-08-26 03:58:00,2026-08-27,captured
pay_BWKZMZNW,ORD_7750,1333.91,26.68,4.8,1302.43,setl_702,2026-08-25 23:26:00,2026-08-26,captured
pay_KJZQKCJX,ORD_7751,2457.3,49.15,8.85,2399.3,setl_702,2026-08-25 20:58:00,2026-08-26,captured
pay_0AVSKUMW,ORD_7752,1043.82,20.88,3.76,1019.18,setl_702,2026-08-25 19:08:00,2026-08-26,captured
pay_CQVKOLEF,ORD_7753,1470.67,29.41,5.29,1435.97,setl_702,2026-08-26 03:27:00,2026-08-27,captured
pay_3WEXFOFX,ORD_7754,394.74,7.89,1.42,385.43,setl_702,2026-08-25 17:14:00,2026-08-26,captured
pay_FFH1WUXS,ORD_7755,427.56,8.55,1.54,417.47,setl_702,2026-08-25 20:16:00,2026-08-26,captured
pay_EG855CTJ,ORD_7756,211.93,4.24,0.76,206.93,setl_702,2026-08-25 19:47:00,2026-08-26,captured
pay_24Z4MCPC,ORD_7757,434.75,8.7,1.57,424.48,setl_702,2026-08-25 21:37:00,2026-08-26,captured
pay_FLJQ1JQI,ORD_7758,1921.22,38.42,6.92,1875.88,setl_703,2026-08-25 22:07:00,2026-08-26,captured
pay_7ODSMJKY,ORD_7759,932.13,18.64,3.36,910.13,setl_703,2026-08-26 08:36:00,2026-08-27,captured
pay_6BHQ7QA2,ORD_7760,244.94,4.9,0.88,239.16,setl_703,2026-08-25 17:09:00,2026-08-26,captured
pay_MMK9ONNR,ORD_7761,3546.5,70.93,12.77,3462.8,setl_703,2026-08-25 22:11:00,2026-08-26,captured
pay_QEEF9MKO,ORD_7762,268.62,5.37,0.97,262.28,setl_703,2026-08-26 02:52:00,2026-08-27,captured
pay_PQC3Y5I7,ORD_7763,234.93,4.7,0.85,229.38,setl_703,2026-08-26 00:56:00,2026-08-27,captured
pay_X3QBNI5H,ORD_7764,2489.57,49.79,8.96,2430.82,setl_703,2026-08-26 08:56:00,2026-08-27,captured
pay_XQQCTKOD,ORD_7765,489.76,9.8,1.76,478.2,setl_703,2026-08-25 20:00:00,2026-08-26,captured
pay_MU1N01MO,ORD_7766,1344.78,26.9,4.84,1313.04,setl_703,2026-08-25 19:37:00,2026-08-26,captured
pay_45RHQFZQ,ORD_7767,1845.83,36.92,6.65,1802.26,setl_703,2026-08-26 07:43:00,2026-08-27,captured
pay_82KWNBAY,ORD_7768,374.25,7.49,1.35,365.41,setl_704,2026-08-25 17:52:00,2026-08-26,captured
pay_118ILHGN,ORD_7769,907.86,18.16,3.27,886.43,setl_704,2026-08-25 19:11:00,2026-08-26,captured
pay_BFFP1ROJ,ORD_7770,1225.8,24.52,4.41,1196.87,setl_704,2026-08-25 18:35:00,2026-08-26,captured
pay_Z8EY95RB,ORD_7771,1517.05,30.34,5.46,1481.25,setl_704,2026-08-25 22:05:00,2026-08-26,captured
pay_VEOJRBLB,ORD_7772,200.49,4.01,0.72,195.76,setl_704,2026-08-25 19:42:00,2026-08-26,captured
pay_VJ96Y5AI,ORD_7773,1201.4,24.03,4.33,1173.04,setl_704,2026-08-25 22:37:00,2026-08-26,captured
pay_E1DBH4T6,ORD_7774,892.83,17.86,3.21,871.76,setl_704,2026-08-25 23:04:00,2026-08-26,captured
pay_HUFHCGX6,ORD_7775,1942.45,38.85,6.99,1896.61,setl_704,2026-08-26 03:48:00,2026-08-27,captured
pay_9V1TK0WX,ORD_7776,1934.7,38.69,6.96,1889.05,setl_704,2026-08-26 08:44:00,2026-08-27,captured
pay_0831O18D,ORD_7777,1492.75,29.86,5.37,1457.52,setl_704,2026-08-26 06:01:00,2026-08-27,captured
pay_6ATAYF1Z,ORD_7778,173.37,3.47,0.62,169.28,setl_704,2026-08-25 23:36:00,2026-08-26,captured
pay_L23X58YN,ORD_7779,340.66,6.81,1.23,332.62,setl_705,2026-08-26 05:37:00,2026-08-27,captured
pay_ZPZACVU2,ORD_7780,179.19,3.58,0.64,174.97,setl_705,2026-08-25 19:12:00,2026-08-26,captured
pay_3AYOLW1G,ORD_7781,537.5,10.75,1.93,524.82,setl_705,2026-08-25 21:39:00,2026-08-26,captured
pay_FCKSYM89,ORD_7782,259.02,5.18,0.93,252.91,setl_705,2026-08-25 19:58:00,2026-08-26,captured
pay_ZIIT2YKN,ORD_7783,388.72,7.77,1.4,379.55,setl_705,2026-08-26 00:10:00,2026-08-27,captured
pay_88C6E9YP,ORD_7784,397.61,7.95,1.43,388.23,setl_705,2026-08-25 22:00:00,2026-08-26,captured
pay_XEL0LKVT,ORD_7785,1750.93,35.02,6.3,1709.61,setl_705,2026-08-26 06:04:00,2026-08-27,captured
pay_RCIS98DC,ORD_7786,1852.35,37.05,6.67,1808.63,setl_705,2026-08-26 03:12:00,2026-08-27,captured
pay_RQBTAN8S,ORD_7787,341.06,6.82,1.23,333.01,setl_705,2026-08-26 01:56:00,2026-08-27,captured
pay_MHLVSYF5,ORD_7788,1002.59,20.05,3.61,978.93,setl_705,2026-08-26 01:14:00,2026-08-27,captured
pay_C1CBWYMA,ORD_7789,258.36,5.17,0.93,252.26,setl_705,2026-08-26 05:30:00,2026-08-27,captured
pay_WM2CU45Q,ORD_7790,974.9,19.5,3.51,951.89,setl_705,2026-08-25 19:27:00,2026-08-26,captured
pay_1ZYX5YLI,ORD_7791,1333.63,26.67,4.8,1302.16,setl_706,2026-08-26 02:00:00,2026-08-27,captured
pay_4JFM4TRS,ORD_7792,317.98,6.36,1.14,310.48,setl_706,2026-08-25 18:22:00,2026-08-26,captured
pay_FV9BRO7F,ORD_7793,950.28,19.01,3.42,927.85,setl_706,2026-08-26 04:04:00,2026-08-27,captured
pay_NPKSB64S,ORD_7794,3013.06,60.26,10.85,2941.95,setl_706,2026-08-25 21:33:00,2026-08-26,captured
pay_WQ0GIVBF,ORD_7795,882.23,17.64,3.18,861.41,setl_706,2026-08-25 17:37:00,2026-08-26,captured
pay_91KJDIFV,ORD_7796,1631.98,32.64,5.88,1593.46,setl_706,2026-08-26 00:26:00,2026-08-27,captured
pay_ESFT6M48,ORD_7797,1876.71,37.53,6.76,1832.42,setl_706,2026-08-25 20:39:00,2026-08-26,captured
pay_ZBQ1I3BW,ORD_7798,1341.3,26.83,4.83,1309.64,setl_706,2026-08-26 01:07:00,2026-08-27,captured
pay_8GGIEFHB,ORD_7799,470.48,9.41,1.69,459.38,setl_706,2026-08-26 07:03:00,2026-08-27,captured
pay_64B5U8WB,ORD_7800,521.63,10.43,1.88,509.32,setl_706,2026-08-26 08:05:00,2026-08-27,captured
pay_8LZB2XVF,ORD_7801,1465.09,29.3,5.27,1430.52,setl_706,2026-08-25 19:26:00,2026-08-26,captured
pay_THLKQ3EL,ORD_7802,304.25,6.08,1.09,297.08,setl_707,2026-08-25 19:27:00,2026-08-26,captured
pay_92NDFFS5,ORD_7803,407.98,8.16,1.47,398.35,setl_707,2026-08-25 21:57:00,2026-08-26,captured
pay_3JOG14EF,ORD_7804,733.09,14.66,2.64,715.79,setl_707,2026-08-26 08:51:00,2026-08-27,captured
pay_L82189QX,ORD_7805,895.42,17.91,3.22,874.29,setl_707,2026-08-26 03:33:00,2026-08-27,captured
pay_WPLUDOKX,ORD_7806,1521.19,30.42,5.48,1485.29,setl_707,2026-08-25 18:37:00,2026-08-26,captured
pay_IP87J73P,ORD_7807,1493.95,29.88,5.38,1458.69,setl_707,2026-08-26 04:36:00,2026-08-27,captured
pay_HU64NUN1,ORD_7808,1603.75,32.08,5.77,1565.9,setl_707,2026-08-26 08:54:00,2026-08-27,captured
pay_BGSIRFH0,ORD_7809,1182.69,23.65,4.26,1154.78,setl_707,2026-08-25 19:22:00,2026-08-26,captured
pay_PMFORV04,ORD_7810,1855.51,37.11,6.68,1811.72,setl_707,2026-08-26 06:59:00,2026-08-27,captured
pay_9RBFYG1T,ORD_7811,1933.68,38.67,6.96,1888.05,setl_707,2026-08-26 00:46:00,2026-08-27,captured
pay_HF5LOT04,ORD_7812,3015.32,60.31,10.86,2944.15,setl_708,2026-08-26 00:43:00,2026-08-27,captured
pay_GP6Q2S6O,ORD_7813,308.34,6.17,1.11,301.06,setl_708,2026-08-25 18:35:00,2026-08-26,captured
pay_GVF128ZR,ORD_7814,444.13,8.88,1.6,433.65,setl_708,2026-08-26 07:08:30,2026-08-27,captured
pay_R9FY5FF4,ORD_7814,444.13,8.88,1.6,433.65,setl_708,2026-08-26 07:08:00,2026-08-27,captured
pay_UUCM5Q5P,ORD_7815,495.11,9.9,1.78,483.43,setl_708,2026-08-26 06:34:00,2026-08-27,captured
pay_V5AXI7C6,ORD_7816,1559.08,31.18,5.61,1522.29,setl_708,2026-08-25 18:10:00,2026-08-26,captured
pay_T4XBUPD2,ORD_7817,953.67,19.07,3.43,931.17,setl_708,2026-08-26 02:43:00,2026-08-27,captured
pay_OPUHKGMZ,ORD_7818,1765.46,35.31,6.36,1723.79,setl_708,2026-08-25 18:04:00,2026-08-26,captured
pay_EPRTUTXL,ORD_7819,401.37,8.03,1.45,391.89,setl_708,2026-08-26 04:54:00,2026-08-27,captured
pay_PK5DOAR7,ORD_7820,3047.27,60.95,10.97,2975.35,setl_708,2026-08-26 01:03:00,2026-08-27,captured
pay_CQ8MGCJY,ORD_7821,447.08,8.94,1.61,436.53,setl_708,2026-08-26 04:32:00,2026-08-27,captured
pay_UAB60J5E,ORD_7822,3039.87,60.8,10.94,2968.13,setl_709,2026-08-26 03:57:00,2026-08-27,captured
pay_1Z7B2LPS,ORD_7823,1643.68,32.87,5.92,1604.89,setl_709,2026-08-26 03:08:00,2026-08-27,captured
pay_VAHA3VWR,ORD_7824,1770.09,35.4,6.37,1728.32,setl_709,2026-08-26 01:03:00,2026-08-27,captured
pay_36LSI2IE,ORD_7825,3037.31,60.75,10.93,2965.63,setl_709,2026-08-26 01:20:00,2026-08-27,captured
pay_EOH9IL38,ORD_7826,3548.76,70.98,12.78,3465.0,setl_709,2026-08-26 07:04:00,2026-08-27,captured
pay_L7LL2MVF,ORD_7827,498.25,9.96,1.79,486.5,setl_709,2026-08-25 20:20:00,2026-08-26,captured
pay_6OWRUJTJ,ORD_7828,396.65,7.93,1.43,387.29,setl_709,2026-08-25 23:59:00,2026-08-26,captured
pay_OB8XG0F3,ORD_7829,2518.27,50.37,9.07,2458.83,setl_709,2026-08-25 23:39:00,2026-08-26,captured
pay_2NRFBR49,ORD_7831,723.27,17.07,3.07,703.13,setl_709,2026-08-25 21:34:00,2026-08-26,captured
pay_46KOQNNV,ORD_7832,1013.98,20.28,3.65,990.05,setl_709,2026-08-26 01:14:00,2026-08-27,captured
pay_SY8ILLM1,ORD_7833,1768.36,35.37,6.37,1726.62,setl_710,2026-08-25 17:22:00,2026-08-26,captured
pay_EW04M4UQ,ORD_7834,411.9,8.24,1.48,402.18,setl_710,2026-08-26 23:59:00,2026-08-28,captured
pay_8ID0YIMM,ORD_7835,422.71,8.45,1.52,412.74,setl_710,2026-08-26 04:29:00,2026-08-27,captured
pay_TH7T6ICI,ORD_7836,222.92,4.46,0.8,217.66,setl_710,2026-08-25 21:34:00,2026-08-26,captured
pay_Q2PJYXSV,ORD_7837,474.01,9.48,1.71,462.82,setl_710,2026-08-26 00:51:00,2026-08-27,captured
pay_V7NUH52Y,ORD_7838,486.58,9.73,1.75,377.78,setl_710,2026-08-25 23:11:00,2026-08-26,captured
pay_3G5MWKN4,ORD_7839,337.06,6.74,1.21,329.11,setl_710,2026-08-25 21:22:00,2026-08-26,captured
pay_YA7Q9Q9M,ORD_7840,1213.81,24.28,4.37,1185.16,setl_710,2026-08-25 23:37:00,2026-08-26,captured
pay_S5MHB5OH,ORD_7841,1820.47,36.41,6.55,1777.51,setl_710,2026-08-26 05:16:00,2026-08-27,captured
pay_2XVDH2KK,ORD_7842,479.43,9.59,1.73,468.11,setl_710,2026-08-26 06:32:00,2026-08-27,captured
pay_WG2LV0CS,ORD_7843,1454.55,29.09,5.24,1420.22,setl_711,2026-08-25 23:43:00,2026-08-26,captured
pay_0IOUISUD,ORD_7844,261.6,5.23,0.94,255.43,setl_711,2026-08-26 04:43:00,2026-08-27,captured
pay_GLZGF0YF,ORD_7845,1462.08,29.24,5.26,1427.58,setl_711,2026-08-25 20:12:00,2026-08-26,captured
pay_WUNIJCH0,ORD_7846,714.17,14.28,2.57,697.32,setl_711,2026-08-26 02:22:00,2026-08-27,captured
pay_EIDJKEB7,ORD_7847,3503.91,70.08,12.61,3421.22,setl_711,2026-08-26 06:58:00,2026-08-27,captured
pay_4O0J7ZTB,ORD_7848,2510.99,50.22,9.04,2451.73,setl_711,2026-08-26 06:18:00,2026-08-27,captured
pay_C527DM2D,ORD_7849,1871.93,37.44,6.74,1827.75,setl_711,2026-08-26 00:54:00,2026-08-27,captured
pay_2L1OPRXX,ORD_7850,1479.3,29.59,5.33,1444.38,setl_711,2026-08-25 19:50:00,2026-08-26,captured
pay_SLYAPLAF,ORD_7851,350.93,7.02,1.26,342.65,setl_711,2026-08-25 21:54:00,2026-08-26,captured
pay_23AMWQDT,ORD_7852,182.57,3.65,0.66,178.26,setl_712,2026-08-25 21:33:00,2026-08-26,captured
pay_G6DHZCB3,ORD_7853,885.64,17.71,3.19,864.74,setl_712,2026-08-25 21:00:00,2026-08-26,captured
pay_625K6P80,ORD_7854,1332.92,26.66,4.8,1301.46,setl_712,2026-08-26 08:45:00,2026-08-27,captured
pay_BOI3W3RY,ORD_7855,1621.4,32.43,5.84,1583.13,setl_712,2026-08-25 18:14:00,2026-08-26,captured
pay_E4EP5713,ORD_7856,327.71,6.55,1.18,319.98,setl_712,2026-08-25 18:22:00,2026-08-26,captured
pay_1LMT2KSX,ORD_7857,1532.22,30.64,5.52,1496.06,setl_712,2026-08-26 04:23:00,2026-08-27,captured
pay_JI5GFJ18,ORD_7858,1335.9,26.72,4.81,1304.37,setl_712,2026-08-25 23:21:00,2026-08-26,captured
pay_U3OXDXLG,ORD_7859,450.99,9.02,1.62,440.35,setl_712,2026-08-26 17:38:00,2026-08-27,captured
pay_0HIUNIDI,ORD_7860,1848.52,36.97,6.65,1804.9,setl_712,2026-08-26 21:07:00,2026-08-27,captured
pay_JMC2XXH1,ORD_7861,1048.68,20.97,3.77,1023.94,setl_712,2026-08-27 04:04:00,2026-08-28,captured
pay_PRXPNBKL,ORD_7862,1762.43,35.25,6.34,1720.84,setl_713,2026-08-26 17:07:00,2026-08-27,captured
pay_VVRM4BXV,ORD_7863,1766.28,35.33,6.36,1724.59,setl_713,2026-08-26 23:30:00,2026-08-27,captured
pay_E4FIYJA0,ORD_7864,921.08,18.42,3.32,899.34,setl_713,2026-08-26 22:41:00,2026-08-27,captured
pay_XIC8D2ML,ORD_7865,1562.96,31.26,5.63,1526.07,setl_713,2026-08-26 21:33:00,2026-08-27,captured
pay_YTS0MYE5,ORD_7866,704.48,14.09,2.54,687.85,setl_713,2026-08-27 06:08:00,2026-08-28,captured
pay_6Q67603S,ORD_7867,1866.02,37.32,6.72,1821.98,setl_713,2026-08-26 18:31:00,2026-08-27,captured
pay_BTUPPN44,ORD_7868,283.17,5.66,1.02,276.49,setl_713,2026-08-27 02:28:00,2026-08-28,captured
pay_KMU5UWFP,ORD_7869,872.81,17.46,3.14,852.21,setl_713,2026-08-26 21:24:00,2026-08-27,captured
pay_G3QXMG62,ORD_7870,262.02,5.24,0.94,255.84,setl_713,2026-08-27 00:20:00,2026-08-28,captured
pay_1NT2RZCH,ORD_7871,359.48,7.19,1.29,351.0,setl_713,2026-08-27 00:11:00,2026-08-28,captured
pay_B8L14QKE,ORD_7872,671.66,13.43,2.42,655.81,setl_714,2026-08-27 06:24:00,2026-08-28,captured
pay_HCYB9912,ORD_7873,307.16,6.14,1.11,299.91,setl_714,2026-08-26 23:04:00,2026-08-27,captured
pay_5E34PXJS,ORD_7874,1041.3,20.83,3.75,1016.72,setl_714,2026-08-26 20:35:00,2026-08-27,captured
pay_W19BSLAX,ORD_7875,309.34,6.19,1.11,302.04,setl_714,2026-08-26 18:27:00,2026-08-27,captured
pay_W59VRM1Y,ORD_7876,1535.99,30.72,5.53,1499.74,setl_714,2026-08-27 01:18:00,2026-08-28,captured
pay_PW3R3AYQ,ORD_7877,331.43,6.63,1.19,323.61,setl_714,2026-08-26 19:08:00,2026-08-27,captured
pay_9CO6DTDN,ORD_7878,203.68,4.07,0.73,198.88,setl_714,2026-08-27 03:25:00,2026-08-28,captured
pay_H62T318U,ORD_7879,1167.39,23.35,4.2,1139.84,setl_714,2026-08-26 17:40:00,2026-08-27,captured
pay_44U73XVA,ORD_7880,310.76,6.22,1.12,303.42,setl_715,2026-08-26 19:28:00,2026-08-27,captured
pay_5KWF26CH,ORD_7881,882.79,17.66,3.18,861.95,setl_715,2026-08-27 04:50:00,2026-08-28,captured
pay_6LE2GYGG,ORD_7882,1557.49,31.15,5.61,1520.73,setl_715,2026-08-27 07:37:00,2026-08-28,captured
pay_YKKF1D0D,ORD_7883,2949.98,59.0,10.62,2880.36,setl_715,2026-08-26 18:13:00,2026-08-27,captured
pay_5H6B80SN,ORD_7884,3030.36,60.61,10.91,2958.84,setl_715,2026-08-26 17:50:00,2026-08-27,captured
pay_SEX98IRP,ORD_7885,1261.83,25.24,4.54,1232.05,setl_715,2026-08-26 23:03:00,2026-08-27,captured
pay_7RRZOSP5,ORD_7886,1751.44,35.03,6.31,1710.1,setl_715,2026-08-27 07:14:00,2026-08-28,captured
pay_O08HH2MJ,ORD_7887,1041.22,20.82,3.75,1016.65,setl_715,2026-08-27 05:18:00,2026-08-28,captured
pay_VMZD8YO0,ORD_7888,325.29,6.51,1.17,317.61,setl_715,2026-08-26 17:09:00,2026-08-27,captured
pay_NG70IYU5,ORD_7889,2487.15,49.74,8.95,2428.46,setl_715,2026-08-27 03:56:00,2026-08-28,captured
pay_E5L72YNO,ORD_7890,688.63,13.77,2.48,672.38,setl_716,2026-08-27 06:35:00,2026-08-28,captured
pay_9QQ41ZAR,ORD_7891,379.38,7.59,1.37,370.42,setl_716,2026-08-27 05:53:00,2026-08-28,captured
pay_3FPLDEXL,ORD_7892,855.09,17.1,3.08,834.91,setl_716,2026-08-26 23:21:00,2026-08-27,captured
pay_BAVAVQYN,ORD_7893,257.69,5.15,0.93,251.61,setl_716,2026-08-27 05:18:00,2026-08-28,captured
pay_Y12A5IN6,ORD_7894,664.83,13.3,2.39,649.14,setl_716,2026-08-27 04:33:00,2026-08-28,captured
pay_VE7KWZAR,ORD_7895,2474.8,49.5,8.91,2416.39,setl_716,2026-08-27 08:54:30,2026-08-28,captured
pay_FZINFEWI,ORD_7895,2474.8,49.5,8.91,2416.39,setl_716,2026-08-27 08:54:00,2026-08-28,captured
pay_CUQ68BA3,ORD_7896,1828.8,36.58,6.58,1785.64,setl_716,2026-08-26 22:50:00,2026-08-27,captured
pay_BS2Z6D8L,ORD_7897,257.89,5.16,0.93,251.8,setl_716,2026-08-27 01:53:00,2026-08-28,captured
pay_OJ4WUEWP,ORD_7898,1925.24,38.5,6.93,1879.81,setl_716,2026-08-27 06:22:00,2026-08-28,captured
pay_MWWDO1R7,ORD_7899,1803.12,36.06,6.49,1760.57,setl_716,2026-08-26 21:01:00,2026-08-27,captured
pay_JTMD7IYI,ORD_7900,218.58,4.37,0.79,213.42,setl_716,2026-08-26 22:44:00,2026-08-27,captured
pay_96X90ROY,ORD_7901,881.19,17.62,3.17,860.4,setl_717,2026-08-27 07:15:00,2026-08-28,captured
pay_5NQK92SF,ORD_7902,414.32,8.29,1.49,404.54,setl_717,2026-08-27 04:35:00,2026-08-28,captured
pay_B61G0B68,ORD_7903,203.61,4.07,0.73,198.81,setl_717,2026-08-26 21:44:00,2026-08-27,captured
pay_OFXZ4DHM,ORD_7904,935.75,18.71,3.37,913.67,setl_717,2026-08-27 04:33:00,2026-08-28,captured
pay_9OZ9MTC3,ORD_7906,341.76,6.84,1.23,333.69,setl_717,2026-08-27 01:46:00,2026-08-28,captured
pay_4Y2WK724,ORD_7907,1183.15,23.66,4.26,1155.23,setl_717,2026-08-26 20:24:00,2026-08-27,captured
pay_OFRYDFBR,ORD_7908,1018.03,20.36,3.66,994.01,setl_717,2026-08-26 18:06:00,2026-08-27,captured
pay_WB92D5NK,ORD_7909,327.21,6.54,1.18,319.49,setl_717,2026-08-26 18:25:00,2026-08-27,captured
pay_2591XDRB,ORD_7910,1846.03,36.92,6.65,1802.46,setl_718,2026-08-26 19:30:00,2026-08-27,captured
pay_EUF70VZU,ORD_7911,297.28,5.95,1.07,290.26,setl_718,2026-08-27 00:43:00,2026-08-28,captured
pay_CAF9XESQ,ORD_7912,3007.07,70.97,12.77,2923.33,setl_718,2026-08-26 22:57:00,2026-08-27,captured
pay_V7KMJP5U,ORD_7913,213.55,4.27,0.77,208.51,setl_718,2026-08-26 17:12:00,2026-08-27,captured
pay_UBPN2LEB,ORD_7914,225.28,4.51,0.81,219.96,setl_718,2026-08-27 00:11:00,2026-08-28,captured
pay_DHQJMF6M,ORD_7915,378.91,7.58,1.36,369.97,setl_718,2026-08-26 22:49:00,2026-08-27,captured
pay_UPYOKWH3,ORD_7916,1485.83,29.72,5.35,1450.76,setl_718,2026-08-27 02:43:00,2026-08-28,captured
pay_6A7KMFDW,ORD_7917,185.64,3.71,0.67,181.26,setl_718,2026-08-26 22:23:00,2026-08-27,captured
pay_H2GJEUHO,ORD_7918,3512.92,70.26,12.65,3430.01,setl_718,2026-08-27 03:15:00,2026-08-28,captured
pay_L4W5Q3Q6,ORD_7919,464.55,9.29,1.67,453.59,setl_718,2026-08-26 23:46:00,2026-08-27,captured
pay_8RXP7LJS,ORD_7920,2488.86,49.78,8.96,2430.12,setl_719,2026-08-27 01:14:00,2026-08-28,captured
pay_KJ3YQQVW,ORD_7921,951.63,19.03,3.43,929.17,setl_719,2026-08-27 08:46:00,2026-08-28,captured
pay_R7PNGPAE,ORD_7922,314.83,6.3,1.13,307.4,setl_719,2026-08-26 17:29:00,2026-08-27,captured
pay_V8ZLNLXW,ORD_7923,1313.79,26.28,4.73,1282.78,setl_719,2026-08-27 06:50:00,2026-08-28,captured
pay_TP870B1X,ORD_7924,1463.16,29.26,5.27,1428.63,setl_719,2026-08-27 02:34:00,2026-08-28,captured
pay_EN2LL1M9,ORD_7925,426.55,8.53,1.54,416.48,setl_719,2026-08-27 05:40:00,2026-08-28,captured
pay_QZNU30UJ,ORD_7926,330.96,6.62,1.19,323.15,setl_719,2026-08-27 02:02:00,2026-08-28,captured
pay_G6NOIC6I,ORD_7927,1253.44,25.07,4.51,1223.86,setl_719,2026-08-26 19:05:00,2026-08-27,captured
pay_J1QBOG5B,ORD_7928,210.78,4.22,0.76,205.8,setl_719,2026-08-27 08:57:00,2026-08-28,captured
pay_Q8ZGAAEK,ORD_7929,3459.94,69.2,12.46,3378.28,setl_719,2026-08-27 08:06:00,2026-08-28,captured
pay_6SQ09N2I,ORD_7930,441.09,8.82,1.59,430.68,setl_719,2026-08-26 22:26:00,2026-08-27,captured
pay_TEPEOG9D,ORD_7931,1759.27,35.19,6.33,1717.75,setl_720,2026-08-27 03:52:00,2026-08-28,captured
pay_RBG9BG1A,ORD_7932,900.78,18.02,3.24,879.52,setl_720,2026-08-27 23:58:00,2026-08-29,captured
pay_P1OT56TA,ORD_7933,3452.02,69.04,12.43,3370.55,setl_720,2026-08-26 22:26:00,2026-08-27,captured
pay_QL3RSNX1,ORD_7934,3522.36,70.45,12.68,3439.23,setl_720,2026-08-27 06:31:00,2026-08-28,captured
pay_YQSI8IYB,ORD_7935,1533.47,30.67,5.52,1497.28,setl_720,2026-08-26 18:53:00,2026-08-27,captured
pay_KY3L0QNG,ORD_7936,1795.29,35.91,6.46,1752.92,setl_720,2026-08-26 18:45:00,2026-08-27,captured
pay_V96OTRKS,ORD_7937,224.15,4.48,0.81,218.86,setl_720,2026-08-27 02:58:00,2026-08-28,captured
pay_KLT1S3SX,ORD_7938,1642.84,32.86,5.91,1604.07,setl_720,2026-08-26 18:15:00,2026-08-27,captured
pay_JAVMTZ40,ORD_7939,1205.15,24.1,4.34,1176.71,setl_720,2026-08-26 19:53:00,2026-08-27,captured
pay_4XJ9QEMB,ORD_7940,1509.42,30.19,5.43,1473.8,setl_721,2026-08-27 03:46:00,2026-08-28,captured
pay_OFT6J50J,ORD_7941,1912.77,38.26,6.89,1867.62,setl_721,2026-08-26 17:08:00,2026-08-27,captured
pay_OEEXEJKN,ORD_7942,1752.92,35.06,6.31,1711.55,setl_721,2026-08-27 04:45:00,2026-08-28,captured
pay_1175Z9XZ,ORD_7943,412.23,8.24,1.48,320.06,setl_721,2026-08-27 01:47:00,2026-08-28,captured
pay_OBD0V60O,ORD_7944,1273.06,25.46,4.58,1243.02,setl_721,2026-08-26 22:08:00,2026-08-27,captured
pay_ZBL9PEA2,ORD_7945,2476.85,49.54,8.92,2418.39,setl_721,2026-08-27 05:11:00,2026-08-28,captured
pay_1YZKLRCD,ORD_7946,1930.97,38.62,6.95,1885.4,setl_721,2026-08-26 23:39:00,2026-08-27,captured
pay_YKZXBF29,ORD_7947,323.9,6.48,1.17,316.25,setl_721,2026-08-27 02:32:00,2026-08-28,captured
pay_UVERI56X,ORD_7948,405.66,8.11,1.46,396.09,setl_722,2026-08-26 23:30:00,2026-08-27,captured
pay_335O2UYT,ORD_7949,2541.88,50.84,9.15,2481.89,setl_722,2026-08-27 01:17:00,2026-08-28,captured
pay_KG2D1FK9,ORD_7950,315.55,6.31,1.14,308.1,setl_722,2026-08-27 02:26:00,2026-08-28,captured
pay_6E2P52NZ,ORD_7951,1172.1,23.44,4.22,1144.44,setl_722,2026-08-26 21:32:00,2026-08-27,captured
pay_9OO0X6I0,ORD_7952,1538.37,30.77,5.54,1502.06,setl_722,2026-08-26 20:18:00,2026-08-27,captured
pay_TV2WV26R,ORD_7953,469.77,9.4,1.69,458.68,setl_722,2026-08-26 17:06:30,2026-08-27,captured
pay_K0ET6X1S,ORD_7953,469.77,9.4,1.69,458.68,setl_722,2026-08-26 17:06:00,2026-08-27,captured
pay_BRGTE19K,ORD_7954,1807.52,36.15,6.51,1764.86,setl_722,2026-08-26 22:01:00,2026-08-27,captured
pay_I8BGHLW5,ORD_7955,2514.51,50.29,9.05,2455.17,setl_722,2026-08-27 00:18:00,2026-08-28,captured
pay_O4Y1BJP5,ORD_7956,149.63,2.99,0.54,146.1,setl_722,2026-08-27 08:02:00,2026-08-28,captured
pay_JW1T7NHU,ORD_7957,1471.98,29.44,5.3,1437.24,setl_723,2026-08-27 06:41:00,2026-08-28,captured
pay_4UOCJ3AX,ORD_7958,1283.25,25.66,4.62,1252.97,setl_723,2026-08-26 18:41:00,2026-08-27,captured
pay_T07IJIEX,ORD_7959,411.41,8.23,1.48,401.7,setl_723,2026-08-27 02:40:00,2026-08-28,captured
pay_MJPLMZ06,ORD_7960,413.78,8.28,1.49,404.01,setl_723,2026-08-27 08:24:00,2026-08-28,captured
pay_9AAEMS1E,ORD_7961,440.67,8.81,1.59,430.27,setl_723,2026-08-27 08:53:00,2026-08-28,captured
pay_TXI0CAW4,ORD_7963,1571.5,31.43,5.66,1534.41,setl_723,2026-08-26 19:49:00,2026-08-27,captured
pay_YVVWYSV1,ORD_7964,1863.82,37.28,6.71,1819.83,setl_723,2026-08-26 20:11:00,2026-08-27,captured
pay_NG2FVBJ6,ORD_7965,3015.66,60.31,10.86,2944.49,setl_723,2026-08-26 19:17:00,2026-08-27,captured
pay_2SC4N53I,ORD_7966,721.65,14.43,2.6,704.62,setl_723,2026-08-27 00:45:00,2026-08-28,captured
pay_01GK0BD3,ORD_7967,1174.79,23.5,4.23,1147.06,setl_724,2026-08-27 03:26:00,2026-08-28,captured
pay_2B1BWLEN,ORD_7968,731.41,14.63,2.63,714.15,setl_724,2026-08-26 18:39:00,2026-08-27,captured
pay_RNEUF1KN,ORD_7969,258.5,5.17,0.93,252.4,setl_724,2026-08-27 01:21:00,2026-08-28,captured
pay_SX5H28N0,ORD_7970,732.5,14.65,2.64,715.21,setl_724,2026-08-26 20:22:00,2026-08-27,captured
pay_URDWDBQU,ORD_7971,1536.15,30.72,5.53,1499.9,setl_724,2026-08-26 19:15:00,2026-08-27,captured
pay_JI2PFREP,ORD_7972,1866.81,37.34,6.72,1822.75,setl_724,2026-08-26 20:35:00,2026-08-27,captured
pay_9H7Y9ZG2,ORD_7973,220.71,4.41,0.79,215.51,setl_724,2026-08-27 04:11:00,2026-08-28,captured
pay_6HL0FG8Y,ORD_7974,1609.57,32.19,5.79,1571.59,setl_724,2026-08-27 00:45:00,2026-08-28,captured
pay_VLHE29KV,ORD_7975,451.84,10.66,1.92,439.26,setl_725,2026-08-27 02:59:00,2026-08-28,captured
pay_HGL4JT5N,ORD_7976,1521.62,30.43,5.48,1485.71,setl_725,2026-08-27 00:24:00,2026-08-28,captured
pay_R63XTC1A,ORD_7977,349.5,6.99,1.26,341.25,setl_725,2026-08-26 22:29:00,2026-08-27,captured
pay_UUB5N033,ORD_7978,1809.33,36.19,6.51,1766.63,setl_725,2026-08-27 01:52:00,2026-08-28,captured
pay_XEG2YIDP,ORD_7979,671.4,13.43,2.42,655.55,setl_725,2026-08-27 00:43:00,2026-08-28,captured
pay_VZ4OCZ0K,ORD_7980,1153.41,23.07,4.15,1126.19,setl_725,2026-08-26 19:56:00,2026-08-27,captured
pay_6KVQA7V9,ORD_7981,3010.52,60.21,10.84,2939.47,setl_725,2026-08-27 08:20:00,2026-08-28,captured
pay_DDGVX5MW,ORD_7982,247.46,4.95,0.89,241.62,setl_725,2026-08-26 18:42:00,2026-08-27,captured
pay_8PV8WF11,ORD_7983,3017.31,60.35,10.86,2946.1,setl_726,2026-08-27 07:36:00,2026-08-28,captured
pay_8B81USWR,ORD_7984,1845.65,36.91,6.64,1802.1,setl_726,2026-08-27 08:37:00,2026-08-28,captured
pay_NFGPKKQ2,ORD_7985,679.98,13.6,2.45,663.93,setl_726,2026-08-27 05:07:00,2026-08-28,captured
pay_YFRSMZXD,ORD_7986,1939.7,38.79,6.98,1893.93,setl_726,2026-08-26 23:58:00,2026-08-28,captured
pay_9KM14J5V,ORD_7987,463.69,9.27,1.67,452.75,setl_726,2026-08-26 22:53:00,2026-08-27,captured
pay_3FHRN8YN,ORD_7988,492.0,9.84,1.77,381.99,setl_726,2026-08-27 05:22:00,2026-08-28,captured
pay_KCZ3OP77,ORD_7989,1789.81,35.8,6.44,1747.57,setl_726,2026-08-26 23:15:00,2026-08-27,captured
pay_42ZP03KM,ORD_7990,2521.64,50.43,9.08,2462.13,setl_726,2026-08-27 03:00:00,2026-08-28,captured
pay_OP41MX7A,ORD_7991,1819.87,36.4,6.55,1776.92,setl_726,2026-08-27 07:15:00,2026-08-28,captured
pay_N0J8I3T1,ORD_7992,1253.58,25.07,4.51,1224.0,setl_726,2026-08-27 02:45:00,2026-08-28,captured
pay_69LJRHRX,ORD_7993,192.08,3.84,0.69,187.55,setl_727,2026-08-26 18:56:00,2026-08-27,captured
pay_ZQKTM61S,ORD_7994,484.67,9.69,1.74,473.24,setl_727,2026-08-26 19:07:00,2026-08-27,captured
pay_QUI9MJET,ORD_7995,218.6,4.37,0.79,213.44,setl_727,2026-08-27 08:04:00,2026-08-28,captured
pay_WO487WQU,ORD_7996,291.05,5.82,1.05,284.18,setl_727,2026-08-27 04:06:00,2026-08-28,captured
pay_KF5S72VD,ORD_7997,1753.63,35.07,6.31,1712.25,setl_727,2026-08-27 03:34:00,2026-08-28,captured
pay_DP8PPUQU,ORD_7998,1782.25,35.65,6.42,1740.18,setl_727,2026-08-27 07:13:00,2026-08-28,captured
pay_VKPITYWO,ORD_7999,206.26,4.13,0.74,201.39,setl_727,2026-08-26 23:11:00,2026-08-27,captured
pay_0FKKIL99,ORD_8000,299.13,5.98,1.08,292.07,setl_727,2026-08-26 19:22:00,2026-08-27,captured
pay_A7A5Q2X5,ORD_8001,418.1,8.36,1.5,408.24,setl_727,2026-08-26 19:53:00,2026-08-27,captured
pay_6JQNEKS8,ORD_8002,1544.02,30.88,5.56,1507.58,setl_728,2026-08-26 23:14:00,2026-08-27,captured
pay_9C45R81Q,ORD_8003,2502.38,50.05,9.01,2443.32,setl_728,2026-08-27 07:40:00,2026-08-28,captured
pay_IIYB1V7F,ORD_8004,540.09,10.8,1.94,527.35,setl_728,2026-08-26 21:13:00,2026-08-27,captured
pay_7LT8WS3Y,ORD_8005,2453.27,49.07,8.83,2395.37,setl_728,2026-08-26 21:03:00,2026-08-27,captured
pay_FPST8UND,ORD_8006,236.82,4.74,0.85,231.23,setl_728,2026-08-26 19:15:00,2026-08-27,captured
pay_K16EMTKP,ORD_8007,449.38,8.99,1.62,438.77,setl_728,2026-08-26 19:54:00,2026-08-27,captured
pay_OSI3W61Z,ORD_8008,323.85,6.48,1.17,316.2,setl_728,2026-08-26 20:02:00,2026-08-27,captured
pay_H4UNRZU0,ORD_8009,2950.78,59.02,10.62,2881.14,setl_728,2026-08-27 07:12:00,2026-08-28,captured
pay_9DT28ZMF,ORD_8010,356.7,7.13,1.28,348.29,setl_728,2026-08-26 21:13:00,2026-08-27,captured
pay_WSZQDNE1,ORD_8011,226.67,4.53,0.82,221.32,setl_729,2026-08-27 05:17:00,2026-08-28,captured
pay_Q0FLKUIT,ORD_8012,901.34,18.03,3.25,880.06,setl_729,2026-08-27 00:24:00,2026-08-28,captured
pay_CH365WNE,ORD_8013,298.8,5.98,1.08,291.74,setl_729,2026-08-27 05:09:30,2026-08-28,captured
pay_QAJ658FJ,ORD_8013,298.8,5.98,1.08,291.74,setl_729,2026-08-27 05:09:00,2026-08-28,captured
pay_52OI3BFE,ORD_8014,727.4,14.55,2.62,710.23,setl_729,2026-08-26 23:26:00,2026-08-27,captured
pay_0XP21Y2R,ORD_8015,402.2,8.04,1.45,392.71,setl_729,2026-08-27 05:15:00,2026-08-28,captured
pay_GMXFVPAJ,ORD_8016,1173.16,23.46,4.22,1145.48,setl_729,2026-08-26 22:16:00,2026-08-27,captured
pay_HEAQ8GNG,ORD_8017,364.56,7.29,1.31,355.96,setl_729,2026-08-27 04:57:00,2026-08-28,captured
pay_BMVYBZHR,ORD_8018,1538.34,30.77,5.54,1502.03,setl_729,2026-08-27 05:01:00,2026-08-28,captured
pay_ULLR9RZF,ORD_8019,710.73,14.21,2.56,693.96,setl_729,2026-08-26 17:19:00,2026-08-27,captured
pay_2TBZINTQ,ORD_8020,413.86,8.28,1.49,404.09,setl_730,2026-08-26 22:14:00,2026-08-27,captured
pay_JOCYTJIF,ORD_8021,1761.31,35.23,6.34,1719.74,setl_730,2026-08-27 00:50:00,2026-08-28,captured
pay_N1EVAM51,ORD_8022,1185.55,23.71,4.27,1157.57,setl_730,2026-08-27 01:30:00,2026-08-28,captured
pay_XI48L6PN,ORD_8023,184.06,3.68,0.66,179.72,setl_730,2026-08-27 02:49:00,2026-08-28,captured
pay_1G2TUNF3,ORD_8024,291.59,5.83,1.05,284.71,setl_730,2026-08-26 22:57:00,2026-08-27,captured
pay_3BK6SSHC,ORD_8025,2999.91,60.0,10.8,2929.11,setl_730,2026-08-27 03:33:00,2026-08-28,captured
pay_IVQLE5KT,ORD_8026,483.23,9.66,1.74,471.83,setl_730,2026-08-27 06:21:00,2026-08-28,captured
pay_2JTC8Y2J,ORD_8027,1339.15,26.78,4.82,1307.55,setl_730,2026-08-27 01:41:00,2026-08-28,captured
pay_2VJXV873,ORD_8028,282.8,5.66,1.02,276.12,setl_730,2026-08-27 02:44:00,2026-08-28,captured
pay_H8N4YT02,ORD_8029,2992.52,59.85,10.77,2921.9,setl_731,2026-08-27 00:54:00,2026-08-28,captured
pay_83SEDUN1,ORD_8030,3017.54,60.35,10.86,2946.33,setl_731,2026-08-26 19:06:00,2026-08-27,captured
pay_GY1Y66M8,ORD_8031,1784.14,35.68,6.42,1742.04,setl_731,2026-08-26 22:42:00,2026-08-27,captured
pay_LY7OFBS2,ORD_8032,1798.44,35.97,6.47,1756.0,setl_731,2026-08-27 08:54:00,2026-08-28,captured
pay_RGH1MYL5,ORD_8033,2544.03,50.88,9.16,2483.99,setl_731,2026-08-26 22:22:00,2026-08-27,captured
pay_RX0BH5ZG,ORD_8035,209.24,4.18,0.75,204.31,setl_731,2026-08-27 07:07:00,2026-08-28,captured
pay_E8OHLO3S,ORD_8036,2956.45,59.13,10.64,2886.68,setl_731,2026-08-27 07:44:00,2026-08-28,captured
pay_41P8BDBL,ORD_8037,1550.0,31.0,5.58,1513.42,setl_731,2026-08-27 08:23:00,2026-08-28,captured
pay_PDS1F9WX,ORD_8038,1537.18,30.74,5.53,1500.91,setl_732,2026-08-27 08:50:00,2026-08-28,captured
pay_Z2ESTYZB,ORD_8039,1004.32,20.09,3.62,980.61,setl_732,2026-08-27 03:28:00,2026-08-28,captured
pay_YPPUCAWH,ORD_8040,1573.89,31.48,5.67,1536.74,setl_732,2026-08-27 00:53:00,2026-08-28,captured
pay_033EIGO5,ORD_8041,308.29,6.17,1.11,301.01,setl_732,2026-08-27 02:49:00,2026-08-28,captured
pay_WFSFSPET,ORD_8042,999.31,19.99,3.6,975.72,setl_732,2026-08-27 04:38:00,2026-08-28,captured
pay_UKNAARXD,ORD_8043,427.01,10.08,1.81,415.12,setl_732,2026-08-27 01:43:00,2026-08-28,captured
pay_8DWLRHGV,ORD_8044,370.82,7.42,1.34,362.06,setl_732,2026-08-27 08:24:00,2026-08-28,captured
pay_YUO104S7,ORD_8045,406.67,8.13,1.46,397.08,setl_732,2026-08-27 06:38:00,2026-08-28,captured
pay_4407FIU6,ORD_8046,3514.66,70.29,12.65,3431.72,setl_733,2026-08-26 21:43:00,2026-08-27,captured
pay_J74PCKBX,ORD_8047,1812.86,36.26,6.53,1770.07,setl_733,2026-08-27 06:16:00,2026-08-28,captured
pay_DCJIYFAA,ORD_8048,3521.87,70.44,12.68,3438.75,setl_733,2026-08-26 23:30:00,2026-08-27,captured
pay_Y1U6DGI8,ORD_8049,1299.86,26.0,4.68,1269.18,setl_733,2026-08-26 22:19:00,2026-08-27,captured
pay_VJPROAUC,ORD_8050,330.15,6.6,1.19,322.36,setl_733,2026-08-26 17:56:00,2026-08-27,captured
pay_B7W2F3WY,ORD_8051,496.89,9.94,1.79,485.16,setl_733,2026-08-26 23:59:00,2026-08-28,captured
pay_5B302QD2,ORD_8052,923.93,18.48,3.33,717.33,setl_733,2026-08-27 02:40:00,2026-08-28,captured
pay_56E9SYXA,ORD_8053,1812.29,36.25,6.52,1769.52,setl_733,2026-08-27 07:26:00,2026-08-28,captured
pay_LREHL6XQ,ORD_8054,906.32,18.13,3.26,884.93,setl_733,2026-08-26 19:02:00,2026-08-27,captured
pay_G6WEC90H,ORD_8055,1172.43,23.45,4.22,1144.76,setl_733,2026-08-26 20:01:00,2026-08-27,captured
pay_SH0ZVI1X,ORD_8056,418.4,8.37,1.51,408.52,setl_734,2026-08-27 02:48:00,2026-08-28,captured
pay_3PTTYZTI,ORD_8057,3483.04,69.66,12.54,3400.84,setl_734,2026-08-26 23:20:30,2026-08-27,captured
pay_EUVC4SPH,ORD_8057,3483.04,69.66,12.54,3400.84,setl_734,2026-08-26 23:20:00,2026-08-27,captured
pay_7YFP3OHI,ORD_8058,358.93,7.18,1.29,350.46,setl_734,2026-08-27 01:44:00,2026-08-28,captured
pay_PZLXEKLR,ORD_8060,366.25,8.64,1.56,356.05,setl_734,2026-08-27 06:08:00,2026-08-28,captured
pay_B961ZFGG,ORD_8061,531.02,10.62,1.91,518.49,setl_734,2026-08-27 23:58:00,2026-08-29,captured
pay_4SX5H9GF,ORD_8062,3035.27,60.71,10.93,2963.63,setl_734,2026-08-26 21:59:00,2026-08-27,captured
pay_5YHRXI0U,ORD_8063,3013.15,60.26,10.85,2942.04,setl_734,2026-08-27 04:40:00,2026-08-28,captured
pay_ANUYRDQZ,ORD_8064,697.93,13.96,2.51,681.46,setl_734,2026-08-26 17:50:00,2026-08-27,captured
pay_LHHVH8RK,ORD_8065,1861.0,37.22,6.7,1817.08,setl_734,2026-08-27 05:08:00,2026-08-28,captured
pay_W8T76OP3,ORD_8066,369.02,7.38,1.33,360.31,setl_734,2026-08-27 08:56:00,2026-08-28,captured
pay_VZS040ZG,ORD_8067,1222.82,24.46,4.4,1193.96,setl_735,2026-08-27 06:14:00,2026-08-28,captured
pay_NGMJNN3N,ORD_8068,1462.35,29.25,5.26,1427.84,setl_735,2026-08-27 04:45:00,2026-08-28,captured
pay_RJW2J5I0,ORD_8069,2497.71,49.95,8.99,2438.77,setl_735,2026-08-27 04:51:00,2026-08-28,captured
pay_4PHU4VFN,ORD_8070,713.66,14.27,2.57,696.82,setl_735,2026-08-26 23:19:00,2026-08-27,captured
pay_RY0HBHC6,ORD_8071,1049.0,20.98,3.78,1024.24,setl_735,2026-08-27 08:55:00,2026-08-28,captured
pay_1DCHLIPV,ORD_8072,473.56,9.47,1.7,462.39,setl_735,2026-08-27 00:48:00,2026-08-28,captured
pay_LDTXNT28,ORD_8073,1329.02,26.58,4.78,1297.66,setl_735,2026-08-27 00:13:00,2026-08-28,captured
pay_Y0AI60JD,ORD_8074,2462.66,49.25,8.87,2404.54,setl_735,2026-08-26 18:34:00,2026-08-27,captured
pay_JQ2I7HQN,ORD_8075,1546.29,30.93,5.57,1509.79,setl_735,2026-08-27 06:51:00,2026-08-28,captured
pay_XWD6J87Z,ORD_8076,1620.43,32.41,5.83,1582.19,setl_736,2026-08-26 17:22:00,2026-08-27,captured
pay_X40O6Y7I,ORD_8077,1784.19,35.68,6.42,1542.09,setl_736,2026-08-26 19:23:00,2026-08-27,captured
pay_D8LHRE75,ORD_8078,1528.83,30.58,5.5,1492.75,setl_736,2026-08-26 20:14:00,2026-08-27,captured
pay_TXA7BH2A,ORD_8079,328.76,6.58,1.18,321.0,setl_736,2026-08-26 23:15:00,2026-08-27,captured
pay_FESVZDNY,ORD_8080,1200.32,24.01,4.32,1171.99,setl_736,2026-08-26 22:36:00,2026-08-27,captured
pay_AUWNNVUA,ORD_8081,1543.47,30.87,5.56,1507.04,setl_736,2026-08-27 01:18:30,2026-08-28,captured
pay_ZRLJ7Q1Y,ORD_8081,1543.47,30.87,5.56,1507.04,setl_736,2026-08-27 01:18:00,2026-08-28,captured
pay_W1UJ2V4G,ORD_8082,1854.58,37.09,6.68,1810.81,setl_736,2026-08-26 22:10:00,2026-08-27,captured
pay_J48HWXV4,ORD_8084,1023.8,24.16,4.35,995.29,setl_736,2026-08-27 06:19:00,2026-08-28,captured
pay_A8XDQHLQ,ORD_8085,433.33,8.67,1.56,423.1,setl_737,2026-08-26 23:57:00,2026-08-27,captured
pay_L9LWADDX,ORD_8086,1467.41,29.35,5.28,1432.78,setl_737,2026-08-26 21:07:00,2026-08-27,captured
pay_U4X8TFUT,ORD_8087,976.7,19.53,3.52,953.65,setl_737,2026-08-27 07:45:00,2026-08-28,captured
pay_I1XR5GU7,ORD_8088,509.65,10.19,1.83,497.63,setl_737,2026-08-27 00:33:00,2026-08-28,captured
pay_K9CA63K4,ORD_8089,1844.1,36.88,6.64,1800.58,setl_737,2026-08-26 23:41:00,2026-08-27,captured
pay_N68AK0ZQ,ORD_8090,2541.73,50.83,9.15,2481.75,setl_737,2026-08-26 23:06:00,2026-08-27,captured
pay_6GR53WUM,ORD_8091,1006.67,20.13,3.62,982.92,setl_737,2026-08-26 22:07:00,2026-08-27,captured
pay_A9ZOQ660,ORD_8092,339.31,6.79,1.22,331.3,setl_737,2026-08-27 03:26:00,2026-08-28,captured
pay_VQFS99NC,ORD_8093,2481.53,49.63,8.93,2422.97,setl_737,2026-08-27 02:59:00,2026-08-28,captured
pay_FTWZ8CQC,ORD_8094,1477.49,29.55,5.32,1442.62,setl_737,2026-08-26 19:14:00,2026-08-27,captured
pay_85IURJPG,ORD_8095,3024.63,60.49,10.89,2953.25,setl_738,2026-08-27 04:20:00,2026-08-28,captured
pay_M6YF49Y0,ORD_8096,1494.63,29.89,5.38,1459.36,setl_738,2026-08-26 21:58:00,2026-08-27,captured
pay_EBIBT0N8,ORD_8097,1174.83,23.5,4.23,1147.1,setl_738,2026-08-26 22:33:00,2026-08-27,captured
pay_33FTH09M,ORD_8098,327.23,6.54,1.18,319.51,setl_738,2026-08-27 02:38:00,2026-08-28,captured
pay_A32PNZXN,ORD_8099,411.55,8.23,1.48,401.84,setl_738,2026-08-27 23:59:00,2026-08-29,captured
pay_B0MAH2XT,ORD_8100,239.92,4.8,0.86,234.26,setl_738,2026-08-27 05:37:00,2026-08-28,captured
pay_1EJUOIIQ,ORD_8101,1628.62,32.57,5.86,1590.19,setl_738,2026-08-27 05:02:00,2026-08-28,captured
pay_J77OR7H4,ORD_8102,3517.95,70.36,12.66,3434.93,setl_738,2026-08-27 01:51:00,2026-08-28,captured
pay_JFC7P7RG,ORD_8103,1750.42,35.01,6.3,1709.11,setl_738,2026-08-27 05:29:00,2026-08-28,captured
pay_TZCHKOGE,ORD_8104,391.31,7.83,1.41,382.07,setl_738,2026-08-27 08:30:00,2026-08-28,captured
pay_2Y201KTQ,ORD_8105,1331.8,26.64,4.8,1300.36,setl_739,2026-08-26 23:42:00,2026-08-27,captured
pay_JFN515CK,ORD_8106,1544.13,30.88,5.56,1507.69,setl_739,2026-08-27 00:08:00,2026-08-28,captured
pay_WPYYLM2T,ORD_8107,338.38,6.77,1.22,330.39,setl_739,2026-08-26 21:14:00,2026-08-27,captured
pay_XMJU5C15,ORD_8108,1490.63,29.81,5.37,1455.45,setl_739,2026-08-26 23:53:00,2026-08-27,captured
pay_C3ZTCKXH,ORD_8109,1839.8,36.8,6.62,1796.38,setl_739,2026-08-26 23:50:00,2026-08-27,captured
pay_HZAX92SU,ORD_8110,507.83,10.16,1.83,495.84,setl_739,2026-08-26 19:48:00,2026-08-27,captured
pay_80VA9PXN,ORD_8111,1465.05,29.3,5.27,1430.48,setl_739,2026-08-26 18:04:00,2026-08-27,captured
pay_9JFW8WU3,ORD_8112,1479.42,29.59,5.33,1444.5,setl_739,2026-08-27 06:10:00,2026-08-28,captured
pay_SR3CK7QG,ORD_8113,1786.57,35.73,6.43,1744.41,setl_739,2026-08-26 18:07:00,2026-08-27,captured
pay_Y9GCP3HY,ORD_8114,470.95,9.42,1.7,459.83,setl_739,2026-08-27 05:17:00,2026-08-28,captured
pay_FVOY1ZE0,ORD_8115,1909.76,38.2,6.88,1864.68,setl_740,2026-08-27 06:27:00,2026-08-28,captured
pay_2J2JVHCP,ORD_8116,422.4,8.45,1.52,412.43,setl_740,2026-08-26 22:35:00,2026-08-27,captured
pay_70MHNEN5,ORD_8117,309.24,6.18,1.11,301.95,setl_740,2026-08-27 08:23:00,2026-08-28,captured
pay_SKMBOTY8,ORD_8118,3529.59,70.59,12.71,3446.29,setl_740,2026-08-27 01:07:00,2026-08-28,captured
pay_BD3VUFTP,ORD_8119,959.01,19.18,3.45,936.38,setl_740,2026-08-26 17:29:00,2026-08-27,captured
pay_7HKUWNP5,ORD_8120,1483.37,29.67,5.34,1448.36,setl_740,2026-08-26 22:27:00,2026-08-27,captured
pay_XXB6QPWA,ORD_8121,1266.32,25.33,4.56,1236.43,setl_740,2026-08-26 18:49:00,2026-08-27,captured
pay_H09K3SAP,ORD_8122,2472.38,49.45,8.9,2214.03,setl_740,2026-08-27 00:21:00,2026-08-28,captured
pay_44091ZH1,ORD_8123,377.8,7.56,1.36,368.88,setl_740,2026-08-27 02:47:00,2026-08-28,captured
pay_ECW0STW2,ORD_8124,1841.94,36.84,6.63,1798.47,setl_740,2026-08-26 21:47:00,2026-08-27,captured
pay_F7XU73W1,ORD_8125,3473.3,69.47,12.5,3391.33,setl_741,2026-08-26 19:51:00,2026-08-27,captured
pay_T8SE4MS5,ORD_8126,1818.43,36.37,6.55,1775.51,setl_741,2026-08-27 05:14:00,2026-08-28,captured
pay_PWSDWVG7,ORD_8127,1009.64,20.19,3.63,985.82,setl_741,2026-08-26 19:33:00,2026-08-27,captured
pay_KPVMZ7ZT,ORD_8128,1161.13,23.22,4.18,1133.73,setl_741,2026-08-27 07:59:00,2026-08-28,captured
pay_7X9ZQ03D,ORD_8129,445.28,8.91,1.6,434.77,setl_741,2026-08-26 23:40:00,2026-08-27,captured
pay_AQPKYKST,ORD_8130,671.96,13.44,2.42,656.1,setl_741,2026-08-27 09:02:00,2026-08-28,captured
pay_8JCFD9R1,ORD_8131,260.35,5.21,0.94,254.2,setl_741,2026-08-27 02:19:00,2026-08-28,captured
pay_61CKXPCN,ORD_8132,1508.42,30.17,5.43,1472.82,setl_741,2026-08-27 05:05:00,2026-08-28,captured
pay_12TKYTJ9,ORD_8133,1022.57,20.45,3.68,998.44,setl_741,2026-08-26 19:43:00,2026-08-27,captured
pay_9S12NHNH,ORD_8134,2536.91,50.74,9.13,2477.04,setl_742,2026-08-26 23:33:00,2026-08-27,captured
pay_PH3VCW0I,ORD_8135,1632.88,32.66,5.88,1594.34,setl_742,2026-08-26 23:51:00,2026-08-27,captured
pay_O8NJFPFR,ORD_8136,1603.28,32.07,5.77,1565.44,setl_742,2026-08-26 18:45:00,2026-08-27,captured
pay_IXJ2JJLD,ORD_8137,307.65,6.15,1.11,300.39,setl_742,2026-08-26 19:39:00,2026-08-27,captured
pay_XT823TVK,ORD_8138,1490.8,29.82,5.37,1455.61,setl_742,2026-08-26 19:16:30,2026-08-27,captured
pay_VM53M21V,ORD_8138,1490.8,29.82,5.37,1455.61,setl_742,2026-08-26 19:16:00,2026-08-27,captured
pay_C1MJAPV6,ORD_8139,245.04,4.9,0.88,239.26,setl_742,2026-08-27 00:40:00,2026-08-28,captured
pay_NRRJBJ7V,ORD_8140,734.76,14.7,2.65,717.41,setl_742,2026-08-27 04:54:00,2026-08-28,captured
pay_32CPNMCR,ORD_8141,1006.47,20.13,3.62,982.72,setl_742,2026-08-27 02:19:00,2026-08-28,captured
pay_GAR50NFQ,ORD_8142,1258.38,25.17,4.53,1228.68,setl_743,2026-08-26 21:15:00,2026-08-27,captured
pay_XK6R7IJZ,ORD_8143,1326.97,26.54,4.78,1295.65,setl_743,2026-08-26 21:29:00,2026-08-27,captured
pay_71V8KART,ORD_8144,287.23,5.74,1.03,280.46,setl_743,2026-08-26 20:36:00,2026-08-27,captured
pay_620R8AWO,ORD_8146,1579.89,31.6,5.69,1542.6,setl_743,2026-08-27 04:02:00,2026-08-28,captured
pay_EZ1169L4,ORD_8147,1330.49,31.4,5.65,1293.44,setl_743,2026-08-27 02:44:00,2026-08-28,captured
pay_9AJV3TFB,ORD_8148,2965.37,59.31,10.68,2895.38,setl_743,2026-08-26 17:31:00,2026-08-27,captured
pay_IOU60KIF,ORD_8149,3515.06,70.3,12.65,3432.11,setl_743,2026-08-27 07:24:00,2026-08-28,captured
pay_HH1KBCBI,ORD_8150,1854.11,37.08,6.67,1810.36,setl_743,2026-08-27 07:57:00,2026-08-28,captured
pay_P4OC9G2W,ORD_8151,2465.71,49.31,8.88,2407.52,setl_743,2026-08-26 22:55:00,2026-08-27,captured
pay_J312A0WN,ORD_8152,293.27,5.87,1.06,286.34,setl_743,2026-08-27 08:52:00,2026-08-28,captured
pay_HAFS40NN,ORD_8153,1339.95,26.8,4.82,1308.33,setl_744,2026-08-26 21:09:00,2026-08-27,captured
pay_EQTH7SG2,ORD_8154,1618.51,32.37,5.83,1580.31,setl_744,2026-08-27 00:33:00,2026-08-28,captured
pay_3U7VXNLK,ORD_8155,290.3,5.81,1.05,283.44,setl_744,2026-08-26 20:18:00,2026-08-27,captured
pay_9R4FNNLC,ORD_8156,1323.38,26.47,4.76,1292.15,setl_744,2026-08-26 19:29:00,2026-08-27,captured
pay_3MA2TDWD,ORD_8157,864.39,17.29,3.11,843.99,setl_744,2026-08-27 02:58:00,2026-08-28,captured
pay_WLZ6HUJT,ORD_8158,1828.52,36.57,6.58,1785.37,setl_744,2026-08-27 02:12:00,2026-08-28,captured
pay_YOCS1I32,ORD_8159,3519.38,70.39,12.67,3436.32,setl_744,2026-08-27 08:29:00,2026-08-28,captured
pay_TPEC4088,ORD_8160,1306.34,26.13,4.7,1275.51,setl_744,2026-08-26 22:40:00,2026-08-27,captured
pay_QFSK6A1H,ORD_8161,433.18,8.66,1.56,422.96,setl_744,2026-08-27 05:50:00,2026-08-28,captured
pay_392FJD8Y,ORD_8162,1772.57,35.45,6.38,1730.74,setl_745,2026-08-26 22:00:00,2026-08-27,captured
pay_M3SBUPKK,ORD_8163,1163.22,23.26,4.19,1135.77,setl_745,2026-08-26 21:44:00,2026-08-27,captured
pay_2V43UU23,ORD_8164,1583.29,31.67,5.7,1545.92,setl_745,2026-08-26 23:59:00,2026-08-28,captured
pay_YGILL0S8,ORD_8165,2460.51,49.21,8.86,2402.44,setl_745,2026-08-27 02:22:00,2026-08-28,captured
pay_OGBQ3WHZ,ORD_8166,1174.14,23.48,4.23,946.43,setl_745,2026-08-26 23:03:00,2026-08-27,captured
pay_F54RYYAH,ORD_8167,1581.25,31.62,5.69,1543.94,setl_745,2026-08-27 04:50:00,2026-08-28,captured
pay_0QF5YNAX,ORD_8168,1843.6,36.87,6.64,1800.09,setl_745,2026-08-27 01:49:00,2026-08-28,captured
pay_NGNO6ZGB,ORD_8169,303.27,6.07,1.09,296.11,setl_745,2026-08-27 00:26:00,2026-08-28,captured
pay_LTWRNGBQ,ORD_8170,685.49,13.71,2.47,669.31,setl_745,2026-08-27 01:07:00,2026-08-28,captured
pay_LN8EHW0C,ORD_8171,1171.29,23.43,4.22,1143.64,setl_745,2026-08-26 21:54:00,2026-08-27,captured
pay_O2KU6ZZX,ORD_8172,207.23,4.14,0.75,202.34,setl_746,2026-08-26 19:22:00,2026-08-27,captured
pay_VJ7ZX6O1,ORD_8173,207.17,4.14,0.75,202.28,setl_746,2026-08-26 20:54:00,2026-08-27,captured
pay_JLYEGL0B,ORD_8174,1931.85,38.64,6.96,1886.25,setl_746,2026-08-26 22:59:00,2026-08-27,captured
pay_SOR55FFV,ORD_8175,1247.47,24.95,4.49,1218.03,setl_746,2026-08-26 21:31:00,2026-08-27,captured
pay_PAOYMTYS,ORD_8176,214.25,4.29,0.77,209.19,setl_746,2026-08-26 19:12:00,2026-08-27,captured
pay_C5ICA6RT,ORD_8177,523.44,10.47,1.88,511.09,setl_746,2026-08-27 01:11:00,2026-08-28,captured
pay_M641COLB,ORD_8178,1770.85,35.42,6.38,1729.05,setl_746,2026-08-27 06:14:00,2026-08-28,captured
pay_ZV0GK67Y,ORD_8179,1262.29,25.25,4.54,1232.5,setl_746,2026-08-26 17:40:00,2026-08-27,captured
pay_6LNJSO3Z,ORD_8180,1546.62,30.93,5.57,1510.12,setl_746,2026-08-26 21:14:30,2026-08-27,captured
pay_F4L1SZOJ,ORD_8180,1546.62,30.93,5.57,1510.12,setl_746,2026-08-26 21:14:00,2026-08-27,captured
pay_EJMAMD02,ORD_8181,1517.91,30.36,5.46,1482.09,setl_746,2026-08-26 18:26:00,2026-08-27,captured
pay_PWCFGYDR,ORD_8182,1282.31,25.65,4.62,1252.04,setl_747,2026-08-27 04:10:00,2026-08-28,captured
pay_CG2K1R1E,ORD_8183,1598.73,31.97,5.75,1561.01,setl_747,2026-08-27 00:17:00,2026-08-28,captured
pay_VQ9W0XZZ,ORD_8184,454.67,9.09,1.64,443.94,setl_747,2026-08-27 08:10:00,2026-08-28,captured
pay_V8ONBL7R,ORD_8186,2521.65,50.43,9.08,2462.14,setl_747,2026-08-27 08:33:00,2026-08-28,captured
pay_ANZHGHJQ,ORD_8187,1486.05,29.72,5.35,1450.98,setl_747,2026-08-27 08:21:00,2026-08-28,captured
pay_UM6S86L9,ORD_8188,484.28,9.69,1.74,472.85,setl_747,2026-08-26 18:58:00,2026-08-27,captured
pay_GFHJ5NFO,ORD_8189,1593.72,31.87,5.74,1556.11,setl_747,2026-08-26 22:07:00,2026-08-27,captured
pay_808I6RTR,ORD_8190,3538.08,70.76,12.74,3454.58,setl_747,2026-08-27 02:13:00,2026-08-28,captured
pay_SVDTRYND,ORD_8191,417.16,8.34,1.5,407.32,setl_748,2026-08-27 01:24:00,2026-08-28,captured
pay_FS2IRXBA,ORD_8192,336.41,6.73,1.21,328.47,setl_748,2026-08-27 05:15:00,2026-08-28,captured
pay_EBIE7V6X,ORD_8193,208.63,4.92,0.89,202.82,setl_748,2026-08-26 23:55:00,2026-08-27,captured
pay_AD3JBOQA,ORD_8194,1548.34,30.97,5.57,1511.8,setl_748,2026-08-27 23:59:00,2026-08-29,captured
pay_J5XH0N7W,ORD_8195,1279.83,25.6,4.61,1249.62,setl_748,2026-08-26 17:27:00,2026-08-27,captured
pay_GLF7S9EF,ORD_8196,1883.18,37.66,6.78,1838.74,setl_748,2026-08-27 05:00:00,2026-08-28,captured
pay_WF7CIFSB,ORD_8197,453.3,9.07,1.63,442.6,setl_748,2026-08-26 20:07:00,2026-08-27,captured
pay_OAMRVZPQ,ORD_8198,279.23,5.58,1.0,272.65,setl_748,2026-08-26 18:06:00,2026-08-27,captured
pay_632ZP23S,ORD_8199,652.54,13.05,2.35,506.63,setl_748,2026-08-26 20:54:00,2026-08-27,captured
pay_W62Z10I4,ORD_8200,1906.13,38.12,6.86,1861.15,setl_748,2026-08-27 03:19:00,2026-08-28,captured
pay_QU2US8EH,ORD_8201,1517.52,30.35,5.46,1481.71,setl_749,2026-08-26 21:53:00,2026-08-27,captured
pay_E4B7H2BS,ORD_8202,1458.74,29.17,5.25,1424.32,setl_749,2026-08-26 20:08:00,2026-08-27,captured
pay_MWL4AX78,ORD_8203,1622.31,32.45,5.84,1584.02,setl_749,2026-08-27 06:37:00,2026-08-28,captured
pay_PQ4I91WL,ORD_8204,409.4,8.19,1.47,399.74,setl_749,2026-08-26 23:30:00,2026-08-27,captured
pay_XWOQYTY6,ORD_8205,467.39,9.35,1.68,456.36,setl_749,2026-08-26 23:23:00,2026-08-27,captured
pay_MPIY4D6C,ORD_8206,1489.56,29.79,5.36,1454.41,setl_749,2026-08-26 20:01:00,2026-08-27,captured
pay_2R5ZFJYI,ORD_8207,1192.34,23.85,4.29,1164.2,setl_749,2026-08-26 23:21:00,2026-08-27,captured
pay_8VY66VON,ORD_8208,468.93,9.38,1.69,457.86,setl_749,2026-08-27 01:01:00,2026-08-28,captured
pay_NF21USLO,ORD_8209,192.11,3.84,0.69,187.58,setl_750,2026-08-27 00:40:00,2026-08-28,captured
pay_0SOM4G53,ORD_8210,530.32,10.61,1.91,517.8,setl_750,2026-08-27 00:42:00,2026-08-28,captured
pay_ZRLQ9WCL,ORD_8211,1333.18,26.66,4.8,1301.72,setl_750,2026-08-27 04:33:00,2026-08-28,captured
pay_8A7HTZWR,ORD_8212,3017.39,60.35,10.86,2946.18,setl_750,2026-08-26 22:42:00,2026-08-27,captured
pay_8YRGWOCA,ORD_8213,689.57,13.79,2.48,673.3,setl_750,2026-08-26 20:38:00,2026-08-27,captured
pay_26W31D6K,ORD_8214,2508.42,50.17,9.03,2449.22,setl_750,2026-08-27 04:08:00,2026-08-28,captured
pay_3XR9EGJL,ORD_8215,1612.95,32.26,5.81,1574.88,setl_750,2026-08-27 02:24:00,2026-08-28,captured
pay_74GKW8F1,ORD_8216,3496.23,69.92,12.59,3413.72,setl_750,2026-08-27 08:22:00,2026-08-28,captured
pay_MGFRV9AK,ORD_8217,302.64,6.05,1.09,295.5,setl_750,2026-08-26 20:24:30,2026-08-27,captured
pay_QSKLQ7AW,ORD_8217,302.64,6.05,1.09,295.5,setl_750,2026-08-26 20:24:00,2026-08-27,captured
pay_1L2E0PGF,ORD_8218,1791.75,35.84,6.45,1749.46,setl_750,2026-08-27 04:06:00,2026-08-28,captured
pay_QOJO7TX2,ORD_8219,1542.17,30.84,5.55,1505.78,setl_751,2026-08-27 03:23:00,2026-08-28,captured
pay_Q63NGLKB,ORD_8220,1541.09,30.82,5.55,1504.72,setl_751,2026-08-27 02:41:00,2026-08-28,captured
pay_YG37LFX7,ORD_8222,332.62,6.65,1.2,324.77,setl_751,2026-08-26 17:29:00,2026-08-27,captured
pay_IDJ1FUUG,ORD_8223,353.33,7.07,1.27,344.99,setl_751,2026-08-27 06:29:00,2026-08-28,captured
pay_7QPGD9L5,ORD_8224,1504.24,30.08,5.41,1468.75,setl_751,2026-08-27 06:47:00,2026-08-28,captured
pay_IJFQCD1D,ORD_8225,1477.91,29.56,5.32,1443.03,setl_751,2026-08-27 03:56:00,2026-08-28,captured
pay_CIEM1OQQ,ORD_8226,854.5,17.09,3.08,834.33,setl_751,2026-08-26 20:28:00,2026-08-27,captured
pay_JUAU538I,ORD_8227,1171.5,23.43,4.22,1143.85,setl_751,2026-08-26 21:59:00,2026-08-27,captured
pay_F8U4LMIX,ORD_8228,1563.2,31.26,5.63,1526.31,setl_751,2026-08-26 21:27:00,2026-08-27,captured
pay_0DUOY5TX,ORD_8229,300.19,7.08,1.27,291.84,setl_751,2026-08-26 19:27:00,2026-08-27,captured
pay_V44FJ12J,ORD_8230,1805.5,36.11,6.5,1762.89,setl_752,2026-08-27 06:14:00,2026-08-28,captured
pay_1ULLQUL9,ORD_8231,879.64,17.59,3.17,858.88,setl_752,2026-08-27 01:28:00,2026-08-28,captured
pay_SKYAXD7H,ORD_8232,1833.41,36.67,6.6,1790.14,setl_752,2026-08-27 03:28:00,2026-08-28,captured
pay_NM6RT5G6,ORD_8233,1640.7,32.81,5.91,1601.98,setl_752,2026-08-26 20:36:00,2026-08-27,captured
pay_CTO5POBB,ORD_8234,982.26,19.65,3.54,959.07,setl_752,2026-08-26 23:02:00,2026-08-27,captured
pay_C93WJ08G,ORD_8235,1478.79,29.58,5.32,1443.89,setl_752,2026-08-26 23:58:00,2026-08-28,captured
pay_MRRTXBUR,ORD_8236,3494.29,69.89,12.58,3411.82,setl_752,2026-08-27 04:41:00,2026-08-28,captured
pay_AXHR6735,ORD_8237,858.25,17.16,3.09,838.0,setl_752,2026-08-26 17:50:00,2026-08-27,captured
pay_QRW39HPP,ORD_8238,3493.57,69.87,12.58,3411.12,setl_752,2026-08-26 22:42:00,2026-08-27,captured
pay_PRDM5Q88,ORD_8239,1307.67,26.15,4.71,1276.81,setl_753,2026-08-26 20:30:00,2026-08-27,captured
pay_T28RTLL9,ORD_8240,905.2,18.1,3.26,883.84,setl_753,2026-08-26 18:11:00,2026-08-27,captured
pay_IZQ6STES,ORD_8241,1853.78,37.08,6.67,1810.03,setl_753,2026-08-27 09:04:00,2026-08-28,captured
pay_CROW5DRH,ORD_8242,443.78,8.88,1.6,433.3,setl_753,2026-08-27 06:58:00,2026-08-28,captured
pay_HJZU7JZH,ORD_8243,333.68,6.67,1.2,259.07,setl_753,2026-08-27 00:29:00,2026-08-28,captured
pay_7RC5LG6C,ORD_8244,653.03,13.06,2.35,637.62,setl_753,2026-08-26 20:46:00,2026-08-27,captured
pay_7IX86UTI,ORD_8245,1319.08,26.38,4.75,1287.95,setl_753,2026-08-27 07:01:00,2026-08-28,captured
pay_ZFOA4TZM,ORD_8246,405.62,8.11,1.46,396.05,setl_753,2026-08-26 18:12:00,2026-08-27,captured
pay_1ORKWDJV,ORD_8247,3485.71,69.71,12.55,3403.45,setl_753,2026-08-27 06:54:00,2026-08-28,captured
pay_EQPZ35YT,ORD_8248,1502.48,30.05,5.41,1467.02,setl_753,2026-08-27 07:53:00,2026-08-28,captured
pay_0A0MXZ5M,ORD_8249,1761.15,35.22,6.34,1719.59,setl_753,2026-08-27 01:25:30,2026-08-28,captured
pay_QYVQ8KPY,ORD_8249,1761.15,35.22,6.34,1719.59,setl_753,2026-08-27 01:25:00,2026-08-28,captured
pay_MH1TP9WN,ORD_8250,1890.24,37.8,6.8,1845.64,setl_753,2026-08-27 00:52:00,2026-08-28,captured
pay_QKAIIMYR,ORD_8251,391.48,7.83,1.41,382.24,setl_754,2026-08-27 08:00:00,2026-08-28,captured
pay_3G5CW41M,ORD_8252,348.0,6.96,1.25,339.79,setl_754,2026-08-26 20:28:00,2026-08-27,captured
pay_R170CIXH,ORD_8253,2515.51,50.31,9.06,2456.14,setl_754,2026-08-26 18:43:00,2026-08-27,captured
pay_2ZM5FFVC,ORD_8255,897.39,17.95,3.23,876.21,setl_754,2026-08-27 04:48:00,2026-08-28,captured
pay_3FR30P9T,ORD_8256,3517.56,70.35,12.66,3434.55,setl_754,2026-08-26 17:53:00,2026-08-27,captured
pay_OHZ9Q16T,ORD_8257,2489.6,49.79,8.96,2430.85,setl_754,2026-08-27 01:11:00,2026-08-28,captured
pay_MTLTAEYK,ORD_8258,965.8,19.32,3.48,943.0,setl_754,2026-08-26 17:43:00,2026-08-27,captured
pay_89VWCSCF,ORD_8259,1234.78,24.7,4.45,1205.63,setl_754,2026-08-27 07:32:00,2026-08-28,captured
pay_NYCNKW0T,ORD_8260,306.52,7.23,1.3,297.99,setl_754,2026-08-26 17:37:00,2026-08-27,captured
pay_TVJCR779,ORD_8261,951.43,19.03,3.43,928.97,setl_754,2026-08-26 18:53:00,2026-08-27,captured
pay_8EFDLF56,ORD_8262,1468.44,29.37,5.29,1433.78,setl_754,2026-08-26 20:43:00,2026-08-27,captured
pay_SG77CQVS,ORD_8263,1459.02,29.18,5.25,1424.59,setl_755,2026-08-27 01:31:00,2026-08-28,captured
pay_GY19TL4H,ORD_8264,384.21,7.68,1.38,375.15,setl_755,2026-08-27 04:01:00,2026-08-28,captured
pay_4QXL2P8N,ORD_8265,375.77,7.52,1.35,366.9,setl_755,2026-08-26 23:48:00,2026-08-27,captured
pay_JMAQU5TU,ORD_8266,388.0,7.76,1.4,378.84,setl_755,2026-08-26 18:24:00,2026-08-27,captured
pay_V1CCGS3U,ORD_8267,357.41,7.15,1.29,348.97,setl_755,2026-08-27 07:26:00,2026-08-28,captured
pay_ADASB1OO,ORD_8268,3031.25,60.62,10.91,2959.72,setl_755,2026-08-27 02:11:00,2026-08-28,captured
pay_HSE096R9,ORD_8269,869.58,17.39,3.13,849.06,setl_755,2026-08-27 01:33:00,2026-08-28,captured
pay_M6T6D5KO,ORD_8270,2999.02,59.98,10.8,2928.24,setl_755,2026-08-27 01:44:00,2026-08-28,captured
pay_05674D3V,ORD_8271,261.87,5.24,0.94,255.69,setl_755,2026-08-26 23:14:00,2026-08-27,captured
pay_POTIS0U4,ORD_8272,377.29,7.55,1.36,368.38,setl_756,2026-08-27 02:13:00,2026-08-28,captured
pay_1QCKQ487,ORD_8273,1907.43,38.15,6.87,1862.41,setl_756,2026-08-27 04:08:00,2026-08-28,captured
pay_4RIWYSZZ,ORD_8274,1467.97,29.36,5.28,1433.33,setl_756,2026-08-26 20:39:00,2026-08-27,captured
pay_9LANNGI8,ORD_8275,427.82,8.56,1.54,417.72,setl_756,2026-08-27 05:03:00,2026-08-28,captured
pay_ZJA09R06,ORD_8276,1922.56,38.45,6.92,1877.19,setl_756,2026-08-26 20:22:00,2026-08-27,captured
pay_AHCPR18D,ORD_8277,3539.23,70.78,12.74,3455.71,setl_756,2026-08-27 06:58:00,2026-08-28,captured
pay_U3HS5E9Y,ORD_8278,258.32,5.17,0.93,252.22,setl_756,2026-08-27 01:09:00,2026-08-28,captured
pay_7AQ63S3H,ORD_8279,213.06,4.26,0.77,208.03,setl_756,2026-08-27 02:46:00,2026-08-28,captured
pay_XWSCHYKO,ORD_8280,318.45,6.37,1.15,310.93,setl_757,2026-08-27 00:12:00,2026-08-28,captured
pay_L6ONB6NH,ORD_8281,1279.69,25.59,4.61,1249.49,setl_757,2026-08-26 23:18:00,2026-08-27,captured
pay_S71EUULO,ORD_8282,1474.05,29.48,5.31,1439.26,setl_757,2026-08-26 23:51:00,2026-08-27,captured
pay_WWOLXIC2,ORD_8283,3454.71,69.09,12.44,3373.18,setl_757,2026-08-27 04:07:00,2026-08-28,captured
pay_PDG9O98P,ORD_8284,3522.28,70.45,12.68,3439.15,setl_757,2026-08-26 20:22:00,2026-08-27,captured
pay_IABSCAH3,ORD_8285,1554.84,31.1,5.6,1518.14,setl_757,2026-08-26 23:07:00,2026-08-27,captured
pay_35MPA3N2,ORD_8286,1908.89,38.18,6.87,1863.84,setl_757,2026-08-26 22:44:00,2026-08-27,captured
pay_CUMJ83V7,ORD_8287,505.71,10.11,1.82,493.78,setl_757,2026-08-27 03:53:00,2026-08-28,captured
pay_GNJXD6TU,ORD_8288,2480.27,49.61,8.93,2421.73,setl_757,2026-08-26 22:36:00,2026-08-27,captured
pay_TXINB1GB,ORD_8289,442.01,8.84,1.59,431.58,setl_757,2026-08-26 23:58:00,2026-08-28,captured
pay_TK85IAI8,ORD_8290,292.87,5.86,1.05,285.96,setl_758,2026-08-26 23:24:00,2026-08-27,captured
pay_E3WJ1Z3L,ORD_8291,3009.28,60.19,10.83,2938.26,setl_758,2026-08-27 03:56:00,2026-08-28,captured
pay_M4L3K11V,ORD_8292,1453.58,29.07,5.23,1419.28,setl_758,2026-08-26 19:37:00,2026-08-27,captured
pay_MUOPXSDD,ORD_8293,661.69,13.23,2.38,646.08,setl_758,2026-08-27 02:03:00,2026-08-28,captured
pay_L5M5MC92,ORD_8294,264.51,5.29,0.95,205.37,setl_758,2026-08-27 08:20:00,2026-08-28,captured
pay_2UK5LFLF,ORD_8295,522.99,10.46,1.88,510.65,setl_758,2026-08-27 07:23:00,2026-08-28,captured
pay_GZEVUW8P,ORD_8296,1771.44,35.43,6.38,1729.63,setl_758,2026-08-27 07:46:00,2026-08-28,captured
pay_LO3N7CCV,ORD_8297,2518.24,50.36,9.06,2458.82,setl_758,2026-08-27 06:51:00,2026-08-28,captured
pay_P8I7JTR2,ORD_8298,2963.67,59.27,10.67,2893.73,setl_759,2026-08-27 02:04:00,2026-08-28,captured
pay_R8Q6OT3B,ORD_8299,3529.5,70.59,12.71,3446.2,setl_759,2026-08-27 00:14:00,2026-08-28,captured
pay_O9VFXP2I,ORD_8300,3467.31,69.35,12.48,3385.48,setl_759,2026-08-27 03:57:00,2026-08-28,captured
pay_0VF6RCIH,ORD_8301,386.94,7.74,1.39,377.81,setl_759,2026-08-26 19:26:00,2026-08-27,captured
pay_3EJQ65NG,ORD_8302,2451.08,49.02,8.82,2393.24,setl_759,2026-08-27 08:31:00,2026-08-28,captured
pay_FAZ77CYD,ORD_8303,1530.77,30.62,5.51,1494.64,setl_759,2026-08-26 21:18:00,2026-08-27,captured
pay_JLFOHVPB,ORD_8304,1548.96,30.98,5.58,1512.4,setl_759,2026-08-27 08:30:00,2026-08-28,captured
pay_82WW3SEV,ORD_8305,2959.67,59.19,10.65,2889.83,setl_759,2026-08-27 02:27:00,2026-08-28,captured
pay_WJF74I77,ORD_8306,200.94,4.02,0.72,196.2,setl_760,2026-08-26 21:47:00,2026-08-27,captured
pay_MC8LBZD2,ORD_8307,1896.77,37.94,6.83,1852.0,setl_760,2026-08-26 20:14:00,2026-08-27,captured
pay_QODYZ8A4,ORD_8308,1011.76,20.24,3.64,987.88,setl_760,2026-08-26 21:02:00,2026-08-27,captured
pay_HOPZFD35,ORD_8309,940.35,18.81,3.39,918.15,setl_760,2026-08-27 02:41:00,2026-08-28,captured
pay_7ET41BZN,ORD_8310,342.02,6.84,1.23,333.95,setl_760,2026-08-26 22:47:00,2026-08-27,captured
pay_RH0QM8VK,ORD_8311,1319.31,26.39,4.75,1288.17,setl_760,2026-08-26 18:17:00,2026-08-27,captured
pay_N2UGAF6C,ORD_8312,369.7,7.39,1.33,360.98,setl_760,2026-08-27 06:42:00,2026-08-28,captured
pay_WZJ001TL,ORD_8313,3488.77,69.78,12.56,3406.43,setl_760,2026-08-27 02:19:00,2026-08-28,captured
pay_TXZEY83B,ORD_8314,935.74,18.71,3.37,913.66,setl_760,2026-08-26 19:04:00,2026-08-27,captured
pay_GSLQJTH4,ORD_8315,2528.08,50.56,9.1,2468.42,setl_760,2026-08-26 17:10:00,2026-08-27,captured
pay_2UGHIQJW,ORD_8316,1017.79,20.36,3.66,993.77,setl_760,2026-08-27 02:47:00,2026-08-28,captured
pay_BVPPY9LU,ORD_8317,1040.8,20.82,3.75,1016.23,setl_761,2026-08-27 03:38:00,2026-08-28,captured
pay_CZEAM7M7,ORD_8318,3010.92,60.22,10.84,2939.86,setl_761,2026-08-27 06:57:00,2026-08-28,captured
pay_YBOJP2R5,ORD_8319,468.02,9.36,1.68,456.98,setl_761,2026-08-27 01:01:00,2026-08-28,captured
pay_488ZP7HQ,ORD_8320,978.29,19.57,3.52,955.2,setl_761,2026-08-26 17:14:00,2026-08-27,captured
pay_OTKVTKAL,ORD_8321,1507.27,30.15,5.43,1471.69,setl_761,2026-08-27 00:12:00,2026-08-28,captured
pay_EB5FA7KC,ORD_8322,669.8,13.4,2.41,653.99,setl_761,2026-08-27 03:55:00,2026-08-28,captured
pay_FEAXJ5NZ,ORD_8323,3526.14,70.52,12.69,3442.93,setl_761,2026-08-27 07:21:00,2026-08-28,captured
pay_5R4CLKR0,ORD_8324,236.39,4.73,0.85,230.81,setl_761,2026-08-27 01:45:00,2026-08-28,captured
pay_0M1Q1J48,ORD_8325,1830.83,36.62,6.59,1787.62,setl_761,2026-08-27 06:32:00,2026-08-28,captured
pay_DMQBTDT0,ORD_8326,499.13,9.98,1.8,487.35,setl_761,2026-08-27 01:26:00,2026-08-28,captured
pay_M1ZEKGO1,ORD_8327,1266.12,25.32,4.56,1236.24,setl_762,2026-08-26 19:49:00,2026-08-27,captured
pay_9RA4V7VQ,ORD_8328,1634.83,32.7,5.89,1596.24,setl_762,2026-08-27 02:59:00,2026-08-28,captured
pay_QCWB4B5O,ORD_8329,497.9,9.96,1.79,486.15,setl_762,2026-08-27 00:29:00,2026-08-28,captured
pay_NUPYOMVG,ORD_8330,3493.24,69.86,12.57,3410.81,setl_762,2026-08-27 00:39:00,2026-08-28,captured
pay_22UTXEO2,ORD_8331,1643.52,32.87,5.92,1604.73,setl_762,2026-08-27 02:12:00,2026-08-28,captured
pay_1YFGUQGQ,ORD_8332,1492.39,29.85,5.37,1457.17,setl_762,2026-08-27 05:02:00,2026-08-28,captured
pay_BS7KGT7G,ORD_8333,500.06,10.0,1.8,488.26,setl_762,2026-08-27 00:20:00,2026-08-28,captured
pay_0HLN0EZC,ORD_8334,274.52,5.49,0.99,268.04,setl_762,2026-08-27 02:13:00,2026-08-28,captured
pay_VVPVI104,ORD_8335,355.56,7.11,1.28,347.17,setl_762,2026-08-26 17:36:00,2026-08-27,captured
pay_8WBXP037,ORD_8336,265.2,5.3,0.95,258.95,setl_763,2026-08-26 22:25:00,2026-08-27,captured
pay_OLYSJNEF,ORD_8337,448.34,8.97,1.61,437.76,setl_763,2026-08-27 03:42:00,2026-08-28,captured
pay_5PG2JADR,ORD_8338,207.36,4.15,0.75,202.46,setl_763,2026-08-27 08:59:00,2026-08-28,captured
pay_5DE2HE58,ORD_8339,3508.54,70.17,12.63,3425.74,setl_763,2026-08-26 19:21:00,2026-08-27,captured
pay_AJ013I4E,ORD_8340,1160.79,23.22,4.18,1133.39,setl_763,2026-08-26 18:28:00,2026-08-27,captured
pay_MKNN8QX5,ORD_8341,2956.89,59.14,10.65,2887.1,setl_763,2026-08-27 07:51:00,2026-08-28,captured
pay_MFF5NJUM,ORD_8342,309.28,6.19,1.11,301.98,setl_763,2026-08-26 20:20:00,2026-08-27,captured
pay_JWY5OJSQ,ORD_8343,3023.33,60.47,10.88,2951.98,setl_763,2026-08-27 04:10:00,2026-08-28,captured
pay_KV05WS57,ORD_8344,1454.05,29.08,5.23,1419.74,setl_763,2026-08-26 21:24:00,2026-08-27,captured
pay_RBTSO0L5,ORD_8345,2464.97,49.3,8.87,2406.8,setl_763,2026-08-26 19:05:00,2026-08-27,captured
pay_62EHL0CP,ORD_8346,425.64,8.51,1.53,415.6,setl_764,2026-08-27 01:42:00,2026-08-28,captured
pay_JFQRD3AF,ORD_8347,1515.31,30.31,5.46,1479.54,setl_764,2026-08-27 04:05:00,2026-08-28,captured
pay_VYNBA60P,ORD_8348,917.01,18.34,3.3,895.37,setl_764,2026-08-26 20:08:00,2026-08-27,captured
pay_5S9VQG55,ORD_8349,2481.05,49.62,8.93,2422.5,setl_764,2026-08-26 23:22:00,2026-08-27,captured
pay_Q9MPT11O,ORD_8350,667.15,13.34,2.4,651.41,setl_764,2026-08-26 18:44:00,2026-08-27,captured
pay_XVZ9QLKF,ORD_8351,242.2,4.84,0.87,236.49,setl_764,2026-08-26 22:06:00,2026-08-27,captured
pay_X0L8TOTZ,ORD_8352,1906.77,38.14,6.87,1861.76,setl_764,2026-08-27 08:13:00,2026-08-28,captured
pay_DUADIPZ1,ORD_8353,1175.15,23.5,4.23,1147.42,setl_764,2026-08-26 22:12:00,2026-08-27,captured
pay_4BPXA8KT,ORD_8354,2982.74,59.65,10.74,2912.35,setl_765,2026-08-27 00:50:00,2026-08-28,captured
pay_2UU0TMPB,ORD_8355,2979.94,59.6,10.73,2909.61,setl_765,2026-08-27 05:48:30,2026-08-28,captured
pay_7P94TYOC,ORD_8355,2979.94,59.6,10.73,2909.61,setl_765,2026-08-27 05:48:00,2026-08-28,captured
pay_3NUYNUDI,ORD_8356,1876.74,37.53,6.76,1832.45,setl_765,2026-08-27 07:59:00,2026-08-28,captured
pay_DFJSLSPG,ORD_8357,205.75,4.12,0.74,200.89,setl_765,2026-08-27 07:14:00,2026-08-28,captured
pay_2WZUQUG8,ORD_8358,1475.06,29.5,5.31,1440.25,setl_765,2026-08-27 01:34:00,2026-08-28,captured
pay_J2MWOX5P,ORD_8359,1771.55,35.43,6.38,1729.74,setl_765,2026-08-27 04:21:00,2026-08-28,captured
pay_HDPDMT7O,ORD_8360,1603.62,32.07,5.77,1565.78,setl_765,2026-08-27 08:48:00,2026-08-28,captured
pay_R9BSL4C2,ORD_8361,3457.93,69.16,12.45,3376.32,setl_765,2026-08-27 07:59:00,2026-08-28,captured
pay_QCH9IX04,ORD_8362,217.8,4.36,0.78,212.66,setl_765,2026-08-27 02:38:00,2026-08-28,captured
pay_N40W7D53,ORD_8363,333.36,6.67,1.2,325.49,setl_765,2026-08-27 05:13:00,2026-08-28,captured
pay_XX5HUOSG,ORD_8365,1458.21,34.41,6.19,1417.61,setl_765,2026-08-27 01:07:00,2026-08-28,captured
pay_EYT8NX3P,ORD_8366,1303.2,26.06,4.69,1272.45,setl_766,2026-08-26 17:37:00,2026-08-27,captured
pay_MBASDMTP,ORD_8367,966.48,19.33,3.48,943.67,setl_766,2026-08-26 23:37:00,2026-08-27,captured
pay_5YZMRWH2,ORD_8368,855.02,17.1,3.08,834.84,setl_766,2026-08-27 00:11:00,2026-08-28,captured
pay_KLW71GHB,ORD_8369,3018.48,60.37,10.87,2947.24,setl_766,2026-08-26 23:58:00,2026-08-28,captured
pay_3DYE9VLD,ORD_8370,509.02,10.18,1.83,395.21,setl_766,2026-08-26 18:01:00,2026-08-27,captured
pay_EXZA43MV,ORD_8371,355.6,7.11,1.28,347.21,setl_766,2026-08-26 23:31:00,2026-08-27,captured
pay_U0IH1QMF,ORD_8372,1550.34,31.01,5.58,1513.75,setl_766,2026-08-27 02:59:00,2026-08-28,captured
pay_EOWYC3SV,ORD_8373,954.64,19.09,3.44,932.11,setl_766,2026-08-26 22:32:00,2026-08-27,captured
pay_HO4T69W9,ORD_8374,443.68,8.87,1.6,433.21,setl_767,2026-08-27 00:06:00,2026-08-28,captured
pay_CNWH0GRF,ORD_8375,1225.63,24.51,4.41,1196.71,setl_767,2026-08-27 01:20:00,2026-08-28,captured
pay_QDSR1N0G,ORD_8376,2540.75,50.81,9.15,2480.79,setl_767,2026-08-26 22:39:00,2026-08-27,captured
pay_82VNEG45,ORD_8377,482.83,9.66,1.74,471.43,setl_767,2026-08-26 23:56:00,2026-08-27,captured
pay_2QZFFFEP,ORD_8378,1585.02,31.7,5.71,1547.61,setl_767,2026-08-26 22:34:00,2026-08-27,captured
pay_ZUY2HXGZ,ORD_8379,306.83,6.14,1.11,299.58,setl_767,2026-08-26 21:31:00,2026-08-27,captured
pay_5YR3PHLV,ORD_8380,895.88,17.92,3.23,874.73,setl_767,2026-08-27 05:51:00,2026-08-28,captured
pay_FTYE638G,ORD_8381,1539.63,30.79,5.54,1503.3,setl_767,2026-08-27 02:27:00,2026-08-28,captured
pay_DC32TQVC,ORD_8382,729.83,14.6,2.63,712.6,setl_767,2026-08-27 05:27:00,2026-08-28,captured
pay_SOY1G24W,ORD_8383,412.18,8.24,1.48,402.46,setl_768,2026-08-26 18:29:30,2026-08-27,captured
pay_HNPR5C8E,ORD_8383,412.18,8.24,1.48,402.46,setl_768,2026-08-26 18:29:00,2026-08-27,captured
pay_JPYVJMXN,ORD_8384,1271.11,25.42,4.58,1241.11,setl_768,2026-08-26 19:24:00,2026-08-27,captured
pay_8Z5NICML,ORD_8385,480.49,9.61,1.73,469.15,setl_768,2026-08-26 19:02:00,2026-08-27,captured
pay_2ZJTGPC3,ORD_8386,426.21,8.52,1.53,416.16,setl_768,2026-08-26 22:56:00,2026-08-27,captured
pay_A7IXXMKT,ORD_8387,299.56,5.99,1.08,292.49,setl_768,2026-08-26 19:48:00,2026-08-27,captured
pay_43Y8FXR6,ORD_8388,2463.04,49.26,8.87,2404.91,setl_768,2026-08-27 00:48:00,2026-08-28,captured
pay_NHWIC9LO,ORD_8389,473.66,9.47,1.7,462.49,setl_768,2026-08-26 21:08:00,2026-08-27,captured
pay_X5ZL9WW0,ORD_8390,1225.35,24.51,4.41,1196.43,setl_768,2026-08-27 02:26:00,2026-08-28,captured
pay_66N5KQY0,ORD_8391,1595.2,31.9,5.74,1557.56,setl_769,2026-08-26 18:21:00,2026-08-27,captured
pay_5XV55AAA,ORD_8392,209.35,4.19,0.75,204.41,setl_769,2026-08-27 00:39:00,2026-08-28,captured
pay_OFBQDA2P,ORD_8394,232.82,4.66,0.84,227.32,setl_769,2026-08-27 08:37:00,2026-08-28,captured
pay_6GVIC2AB,ORD_8395,459.63,9.19,1.65,448.79,setl_769,2026-08-26 22:48:00,2026-08-27,captured
pay_N4M3IL8S,ORD_8396,420.39,9.92,1.79,408.68,setl_769,2026-08-26 17:18:00,2026-08-27,captured
pay_ZCXCKLYP,ORD_8397,1609.81,32.2,5.8,1571.81,setl_769,2026-08-26 21:23:00,2026-08-27,captured
pay_VVEEA378,ORD_8398,237.0,4.74,0.85,231.41,setl_769,2026-08-27 07:49:00,2026-08-28,captured
pay_FEU5DQMY,ORD_8399,1618.29,32.37,5.83,1580.09,setl_769,2026-08-27 08:38:00,2026-08-28,captured
pay_OTYWXDZ4,ORD_8400,1320.7,26.41,4.75,1289.54,setl_769,2026-08-26 21:16:00,2026-08-27,captured
pay_5XCQRMRL,ORD_8401,3517.27,70.35,12.66,3434.26,setl_769,2026-08-26 21:50:00,2026-08-27,captured
pay_N7S6YZXX,ORD_8402,2485.77,49.72,8.95,2427.1,setl_770,2026-08-27 08:54:00,2026-08-28,captured
pay_J6I7QEQK,ORD_8403,1323.6,26.47,4.76,1292.37,setl_770,2026-08-26 19:19:00,2026-08-27,captured
pay_5BY40232,ORD_8404,388.13,7.76,1.4,378.97,setl_770,2026-08-26 17:25:00,2026-08-27,captured
pay_X87N6C0K,ORD_8405,1280.68,25.61,4.61,1250.46,setl_770,2026-08-27 23:58:00,2026-08-29,captured
pay_4JI6QAUD,ORD_8406,1479.8,29.6,5.33,1444.87,setl_770,2026-08-26 19:54:00,2026-08-27,captured
pay_WHCO2R60,ORD_8407,987.58,19.75,3.55,964.28,setl_770,2026-08-27 04:12:00,2026-08-28,captured
pay_0ECOJBIT,ORD_8408,1158.95,23.18,4.17,1131.6,setl_770,2026-08-26 19:55:00,2026-08-27,captured
pay_W5ZP6C37,ORD_8409,2993.95,59.88,10.78,2923.29,setl_770,2026-08-27 01:28:00,2026-08-28,captured
pay_1UAIA8GR,ORD_8410,3535.57,70.71,12.73,3452.13,setl_770,2026-08-27 02:58:00,2026-08-28,captured
pay_Q5201XCE,ORD_8411,3469.73,69.39,12.49,3387.85,setl_770,2026-08-26 21:09:00,2026-08-27,captured
pay_XDLTH6S5,ORD_8412,3031.5,60.63,10.91,2959.96,setl_770,2026-08-27 04:36:00,2026-08-28,captured
pay_E31EPTZV,ORD_8413,3511.7,70.23,12.64,3428.83,setl_770,2026-08-27 08:01:00,2026-08-28,captured
pay_9O4WM8VR,ORD_8414,1205.28,24.11,4.34,1176.83,setl_771,2026-08-26 22:12:00,2026-08-27,captured
pay_0QH7D3UY,ORD_8415,479.36,9.59,1.73,468.04,setl_771,2026-08-26 18:50:00,2026-08-27,captured
pay_ZXI1S9CS,ORD_8416,1244.01,24.88,4.48,1214.65,setl_771,2026-08-27 02:51:00,2026-08-28,captured
pay_AJ8S9HKR,ORD_8417,1930.73,38.61,6.95,1685.17,setl_771,2026-08-27 00:45:00,2026-08-28,captured
pay_837G2O5E,ORD_8418,3492.63,69.85,12.57,3410.21,setl_771,2026-08-27 06:37:00,2026-08-28,captured
pay_2S1J6HY9,ORD_8419,286.0,5.72,1.03,279.25,setl_771,2026-08-26 20:53:00,2026-08-27,captured
pay_HUJZNLNF,ORD_8420,3507.99,70.16,12.63,3425.2,setl_771,2026-08-27 08:04:00,2026-08-28,captured
pay_C755UGM2,ORD_8421,1599.15,31.98,5.76,1561.41,setl_771,2026-08-27 07:44:00,2026-08-28,captured
pay_HK5FCW31,ORD_8422,1581.1,31.62,5.69,1543.79,setl_772,2026-08-26 22:02:00,2026-08-27,captured
pay_1VHUY9GF,ORD_8423,1926.61,38.53,6.94,1881.14,setl_772,2026-08-26 19:27:00,2026-08-27,captured
pay_IXI3WGU6,ORD_8424,1492.96,29.86,5.37,1457.73,setl_772,2026-08-27 01:11:00,2026-08-28,captured
pay_N3OYGT3Z,ORD_8425,2983.53,59.67,10.74,2913.12,setl_772,2026-08-26 23:04:00,2026-08-27,captured
pay_ZL68Y195,ORD_8426,3007.69,60.15,10.83,2936.71,setl_772,2026-08-26 17:05:00,2026-08-27,captured
pay_USZHFFBR,ORD_8427,3453.91,69.08,12.43,3372.4,setl_772,2026-08-27 03:57:00,2026-08-28,captured
pay_ZYP88MNQ,ORD_8428,1163.65,23.27,4.19,1136.19,setl_772,2026-08-26 19:31:00,2026-08-27,captured
pay_G6IQYC0O,ORD_8429,2515.61,50.31,9.06,2456.24,setl_772,2026-08-26 20:27:00,2026-08-27,captured
pay_NG78WSX9,ORD_8430,287.79,5.76,1.04,280.99,setl_772,2026-08-26 18:32:00,2026-08-27,captured
pay_XX6W0XG3,ORD_8431,265.62,5.31,0.96,259.35,setl_772,2026-08-27 01:50:00,2026-08-28,captured
pay_VEMD3N9P,ORD_8432,247.78,4.96,0.89,241.93,setl_772,2026-08-27 00:11:00,2026-08-28,captured
pay_U2AEIFYR,ORD_8433,229.83,4.6,0.83,224.4,setl_773,2026-08-27 01:56:00,2026-08-28,captured
pay_QKK1X7D5,ORD_8434,2521.89,50.44,9.08,2462.37,setl_773,2026-08-26 23:03:00,2026-08-27,captured
pay_JJNFB44H,ORD_8435,230.97,4.62,0.83,225.52,setl_773,2026-08-27 04:41:00,2026-08-28,captured
pay_RT6KUIKE,ORD_8436,2541.92,50.84,9.15,2481.93,setl_773,2026-08-26 23:16:00,2026-08-27,captured
pay_JUPQXIWS,ORD_8437,3496.27,69.93,12.59,3413.75,setl_773,2026-08-27 07:21:00,2026-08-28,captured
pay_2LKC2NT9,ORD_8438,210.89,4.22,0.76,205.91,setl_773,2026-08-27 08:09:00,2026-08-28,captured
pay_AOYMOO3T,ORD_8439,2533.03,50.66,9.12,2473.25,setl_773,2026-08-26 21:21:00,2026-08-27,captured
pay_PAD0H8KW,ORD_8440,505.91,10.12,1.82,493.97,setl_773,2026-08-26 17:06:30,2026-08-27,captured
pay_3FMKXBCB,ORD_8440,505.91,10.12,1.82,493.97,setl_773,2026-08-26 17:06:00,2026-08-27,captured
pay_CD0EQA84,ORD_8441,167.14,3.34,0.6,163.2,setl_773,2026-08-26 20:04:00,2026-08-27,captured
pay_7A5FH9I1,ORD_8442,2459.04,49.18,8.85,2401.01,setl_774,2026-08-26 18:53:00,2026-08-27,captured
pay_KEXFU4J3,ORD_8443,1625.47,32.51,5.85,1587.11,setl_774,2026-08-26 18:17:00,2026-08-27,captured
pay_I45L2U7O,ORD_8444,3014.15,60.28,10.85,2943.02,setl_774,2026-08-27 03:37:00,2026-08-28,captured
pay_BSBTPVU5,ORD_8445,3528.71,70.57,12.7,3445.44,setl_774,2026-08-26 18:07:00,2026-08-27,captured
pay_2DFIMI2O,ORD_8446,412.69,8.25,1.48,402.96,setl_774,2026-08-26 17:17:00,2026-08-27,captured
pay_WTEZ42SL,ORD_8447,406.04,8.12,1.46,396.46,setl_774,2026-08-27 08:18:00,2026-08-28,captured
pay_950F6SA2,ORD_8448,978.56,19.57,3.52,955.47,setl_774,2026-08-27 02:34:00,2026-08-28,captured
pay_FF9P3LCF,ORD_8449,1774.24,35.48,6.39,1732.37,setl_774,2026-08-27 07:27:00,2026-08-28,captured
pay_XLPA7S76,ORD_8450,1298.61,25.97,4.67,1267.97,setl_774,2026-08-27 07:07:00,2026-08-28,captured
pay_Y58COSNH,ORD_8451,1775.82,35.52,6.39,1733.91,setl_774,2026-08-26 18:23:00,2026-08-27,captured
pay_NOGNULA4,ORD_8452,1897.02,37.94,6.83,1852.25,setl_775,2026-08-26 17:33:00,2026-08-27,captured
pay_QYRERELJ,ORD_8453,1471.88,29.44,5.3,1437.14,setl_775,2026-08-27 03:35:00,2026-08-28,captured
pay_HJNFUNES,ORD_8454,1763.33,35.27,6.35,1721.71,setl_775,2026-08-27 01:33:00,2026-08-28,captured
pay_MUSVNCRX,ORD_8455,1889.43,37.79,6.8,1844.84,setl_775,2026-08-26 22:33:00,2026-08-27,captured
pay_CPJ5TABT,ORD_8456,1564.04,31.28,5.63,1527.13,setl_775,2026-08-26 20:48:00,2026-08-27,captured
pay_X8K6RMND,ORD_8457,1548.93,30.98,5.58,1512.37,setl_775,2026-08-27 05:11:00,2026-08-28,captured
pay_OUHPDQ4F,ORD_8458,3488.73,69.77,12.56,3406.4,setl_775,2026-08-26 17:33:00,2026-08-27,captured
pay_TX4I3CLK,ORD_8459,879.27,17.59,3.17,858.51,setl_775,2026-08-26 23:37:00,2026-08-27,captured
pay_AZR3SLVR,ORD_8460,1615.74,32.31,5.82,1577.61,setl_776,2026-08-27 06:21:00,2026-08-28,captured
pay_ELYYU829,ORD_8461,479.94,9.6,1.73,468.61,setl_776,2026-08-27 01:37:00,2026-08-28,captured
pay_UPD140MM,ORD_8462,1931.31,38.63,6.95,1885.73,setl_776,2026-08-26 23:35:00,2026-08-27,captured
pay_X1E5T3Z6,ORD_8463,1767.63,35.35,6.36,1725.92,setl_776,2026-08-27 02:27:00,2026-08-28,captured
pay_DMS7FX2I,ORD_8464,1561.99,31.24,5.62,1525.13,setl_776,2026-08-27 00:46:00,2026-08-28,captured
pay_B8KKJWWE,ORD_8465,1856.9,37.14,6.69,1813.07,setl_776,2026-08-27 05:43:00,2026-08-28,captured
pay_ORG7LT4R,ORD_8466,928.59,18.57,3.34,906.68,setl_776,2026-08-27 01:53:00,2026-08-28,captured
pay_GMZT1IHJ,ORD_8467,494.63,9.89,1.78,482.96,setl_776,2026-08-26 19:44:00,2026-08-27,captured
pay_LQYC2VZO,ORD_8468,727.3,14.55,2.62,710.13,setl_776,2026-08-27 04:44:00,2026-08-28,captured
pay_BK1ONAX0,ORD_8469,3041.82,60.84,10.95,2970.03,setl_776,2026-08-27 01:56:00,2026-08-28,captured
pay_45BYK5ZD,ORD_8470,417.39,8.35,1.5,407.54,setl_776,2026-08-26 23:17:00,2026-08-27,captured
pay_1PAI9S3W,ORD_8471,364.41,7.29,1.31,355.81,setl_776,2026-08-26 18:01:00,2026-08-27,captured
pay_NDAKK68G,ORD_8472,291.69,5.83,1.05,284.81,setl_777,2026-08-26 18:48:00,2026-08-27,captured
pay_Q9GAX602,ORD_8473,1491.12,29.82,5.37,1455.93,setl_777,2026-08-27 06:37:00,2026-08-28,captured
pay_DNYEHXQY,ORD_8474,240.17,4.8,0.86,234.51,setl_777,2026-08-27 04:27:00,2026-08-28,captured
pay_TGPR92QI,ORD_8475,900.63,18.01,3.24,879.38,setl_777,2026-08-27 00:36:00,2026-08-28,captured
pay_EP466Q6I,ORD_8476,3022.68,60.45,10.88,2951.35,setl_777,2026-08-26 20:35:00,2026-08-27,captured
pay_6847ZASU,ORD_8478,2464.49,49.29,8.87,2406.33,setl_777,2026-08-27 04:08:00,2026-08-28,captured
pay_11MSH8MJ,ORD_8479,3012.61,60.25,10.84,2941.52,setl_777,2026-08-26 20:01:00,2026-08-27,captured
pay_DT2V6K2T,ORD_8480,239.72,4.79,0.86,234.07,setl_777,2026-08-27 08:23:00,2026-08-28,captured
pay_3D01O6EE,ORD_8481,1751.53,41.34,7.44,1702.75,setl_778,2026-08-27 06:31:00,2026-08-28,captured
pay_H478AT3S,ORD_8482,1892.77,37.86,6.81,1848.1,setl_778,2026-08-27 00:40:00,2026-08-28,captured
pay_PV6VWEUU,ORD_8483,1521.36,30.43,5.48,1485.45,setl_778,2026-08-27 00:30:00,2026-08-28,captured
pay_VR9C0O1U,ORD_8484,212.81,4.26,0.77,207.78,setl_778,2026-08-26 20:43:00,2026-08-27,captured
pay_RSSVRVEG,ORD_8485,394.56,7.89,1.42,385.25,setl_778,2026-08-27 07:02:00,2026-08-28,captured
pay_IGLQ2Z80,ORD_8486,240.29,4.81,0.87,234.61,setl_778,2026-08-27 06:18:00,2026-08-28,captured
pay_Q5S23DGO,ORD_8487,482.16,9.64,1.74,470.78,setl_778,2026-08-26 19:45:00,2026-08-27,captured
pay_SUE0D3AU,ORD_8488,1331.03,26.62,4.79,1299.62,setl_778,2026-08-27 07:04:00,2026-08-28,captured
pay_CYL94NXI,ORD_8489,693.26,13.87,2.5,676.89,setl_779,2026-08-27 04:07:00,2026-08-28,captured
pay_UCDK8LAI,ORD_8490,492.65,9.85,1.77,481.03,setl_779,2026-08-26 17:18:00,2026-08-27,captured
pay_476CA1KC,ORD_8491,305.97,6.12,1.1,298.75,setl_779,2026-08-27 06:25:00,2026-08-28,captured
pay_DALWG6OR,ORD_8492,3544.49,70.89,12.76,3460.84,setl_779,2026-08-27 23:59:00,2026-08-29,captured
pay_32AJUQ2L,ORD_8493,2981.56,59.63,10.73,2911.2,setl_779,2026-08-27 06:25:00,2026-08-28,captured
pay_JNAWKATI,ORD_8494,2991.5,59.83,10.77,2920.9,setl_779,2026-08-27 08:53:00,2026-08-28,captured
pay_O4OKYPGG,ORD_8495,1943.05,38.86,6.99,1897.2,setl_779,2026-08-27 03:55:00,2026-08-28,captured
pay_QC991JBQ,ORD_8496,3513.02,70.26,12.65,3430.11,setl_779,2026-08-27 03:20:00,2026-08-28,captured
pay_UEOY2QVE,ORD_8497,353.42,7.07,1.27,345.08,setl_779,2026-08-27 01:25:00,2026-08-28,captured
pay_H1TGN1T4,ORD_8498,1849.7,36.99,6.66,1806.05,setl_780,2026-08-26 22:38:00,2026-08-27,captured
pay_GX58S1KY,ORD_8499,1225.77,24.52,4.41,1196.84,setl_780,2026-08-26 17:47:00,2026-08-27,captured
pay_2XYPD5GT,ORD_8500,285.08,5.7,1.03,278.35,setl_780,2026-08-27 03:00:00,2026-08-28,captured
pay_UM9JXP1L,ORD_8501,1537.84,30.76,5.54,1501.54,setl_780,2026-08-27 02:30:00,2026-08-28,captured
pay_84M2E790,ORD_8502,303.01,6.06,1.09,295.86,setl_780,2026-08-26 18:16:00,2026-08-27,captured
pay_IN7SRVVK,ORD_8503,194.85,3.9,0.7,190.25,setl_780,2026-08-26 22:35:00,2026-08-27,captured
pay_GBPN4H5T,ORD_8504,3468.6,69.37,12.49,3386.74,setl_780,2026-08-27 01:56:00,2026-08-28,captured
pay_249RHOMS,ORD_8505,267.65,5.35,0.96,261.34,setl_780,2026-08-27 07:35:00,2026-08-28,captured
pay_7PV7M9CV,ORD_8506,444.2,8.88,1.6,433.72,setl_781,2026-08-27 04:40:00,2026-08-28,captured
pay_9RCHKMYU,ORD_8507,1919.82,38.4,6.91,1874.51,setl_781,2026-08-27 08:03:00,2026-08-28,captured
pay_GQX4G7BO,ORD_8508,1507.13,30.14,5.43,1471.56,setl_781,2026-08-27 03:39:00,2026-08-28,captured
pay_FXI8IQ0V,ORD_8509,3000.86,60.02,10.8,2930.04,setl_781,2026-08-26 23:29:00,2026-08-27,captured
pay_NTIXO9UB,ORD_8510,1484.34,29.69,5.34,1449.31,setl_781,2026-08-26 18:00:00,2026-08-27,captured
pay_KJDU3R26,ORD_8511,2510.92,50.22,9.04,2451.66,setl_781,2026-08-27 08:58:00,2026-08-28,captured
pay_GMW50BDR,ORD_8512,2541.04,50.82,9.15,2481.07,setl_781,2026-08-27 00:54:00,2026-08-28,captured
pay_9EC9KQ68,ORD_8513,236.43,4.73,0.85,230.85,setl_781,2026-08-26 22:49:00,2026-08-27,captured
pay_R3Q9QL3Y,ORD_8514,292.78,5.86,1.05,285.87,setl_781,2026-08-27 06:22:00,2026-08-28,captured
pay_73B5EQ44,ORD_8515,3541.94,70.84,12.75,3458.35,setl_781,2026-08-26 23:48:00,2026-08-27,captured
pay_TLFDCNPV,ORD_8516,1803.81,36.08,6.49,1761.24,setl_781,2026-08-26 20:14:00,2026-08-27,captured
pay_2XUCU20J,ORD_8517,261.96,5.24,0.94,255.78,setl_782,2026-08-27 08:40:00,2026-08-28,captured
pay_L2ITERG4,ORD_8518,1478.14,29.56,5.32,1443.26,setl_782,2026-08-26 20:07:00,2026-08-27,captured
pay_5IV740UN,ORD_8519,360.62,7.21,1.3,352.11,setl_782,2026-08-27 06:10:00,2026-08-28,captured
pay_DEV6MO1F,ORD_8520,408.04,8.16,1.47,398.41,setl_782,2026-08-27 05:31:00,2026-08-28,captured
pay_5NH1XKLU,ORD_8521,1466.28,29.33,5.28,1431.67,setl_782,2026-08-27 07:41:00,2026-08-28,captured
pay_8DPU93J2,ORD_8522,1626.34,32.53,5.86,1587.95,setl_782,2026-08-27 03:08:00,2026-08-28,captured
pay_6QE81DXZ,ORD_8523,873.53,17.47,3.14,852.92,setl_782,2026-08-26 22:23:00,2026-08-27,captured
pay_ZOC8BLU0,ORD_8524,265.25,5.3,0.95,205.95,setl_782,2026-08-26 23:14:00,2026-08-27,captured
pay_LKLPAKIY,ORD_8525,428.95,8.58,1.54,418.83,setl_782,2026-08-27 07:10:00,2026-08-28,captured
pay_I2YIR9AZ,ORD_8526,363.66,7.27,1.31,355.08,setl_783,2026-08-26 21:44:00,2026-08-27,captured
pay_D4I2G12L,ORD_8527,1449.08,28.98,5.22,1414.88,setl_783,2026-08-27 02:00:00,2026-08-28,captured
pay_TH0VT876,ORD_8528,3470.28,69.41,12.49,3388.38,setl_783,2026-08-27 00:31:00,2026-08-28,captured
pay_D8ADLFUM,ORD_8529,1937.63,38.75,6.97,1891.91,setl_783,2026-08-26 22:06:00,2026-08-27,captured
pay_5TRPM3P5,ORD_8530,1529.04,30.58,5.5,1492.96,setl_783,2026-08-27 06:35:00,2026-08-28,captured
pay_JQAEKNY6,ORD_8531,242.22,4.84,0.87,236.51,setl_783,2026-08-27 07:44:00,2026-08-28,captured
pay_5WPOCIN4,ORD_8532,1164.47,23.29,4.19,1136.99,setl_783,2026-08-27 04:55:30,2026-08-28,captured
pay_2R1NAZGE,ORD_8532,1164.47,23.29,4.19,1136.99,setl_783,2026-08-27 04:55:00,2026-08-28,captured
pay_YYXTOK8W,ORD_8533,403.35,8.07,1.45,393.83,setl_783,2026-08-26 21:32:00,2026-08-27,captured
pay_RIOZMMP8,ORD_8534,545.5,10.91,1.96,532.63,setl_783,2026-08-27 06:07:00,2026-08-28,captured
pay_CSDARXX7,ORD_8535,980.66,19.61,3.53,957.52,setl_784,2026-08-26 23:04:00,2026-08-27,captured
pay_23TICYVZ,ORD_8536,1799.86,36.0,6.48,1757.38,setl_784,2026-08-27 03:06:00,2026-08-28,captured
pay_CIJM9RMD,ORD_8537,1161.37,23.23,4.18,1133.96,setl_784,2026-08-27 08:00:00,2026-08-28,captured
pay_WI2L2F1Y,ORD_8538,1831.9,36.64,6.6,1788.66,setl_784,2026-08-27 02:21:00,2026-08-28,captured
pay_D5BLAB3L,ORD_8539,1043.33,20.87,3.76,1018.7,setl_784,2026-08-27 03:19:00,2026-08-28,captured
pay_AQ0JIE9E,ORD_8540,1477.43,29.55,5.32,1442.56,setl_784,2026-08-26 20:20:00,2026-08-27,captured
pay_FDF9K8LZ,ORD_8541,521.73,10.43,1.88,509.42,setl_784,2026-08-27 03:11:00,2026-08-28,captured
pay_WIVIVZNN,ORD_8542,1859.26,37.19,6.69,1815.38,setl_784,2026-08-27 08:39:00,2026-08-28,captured
pay_E96MSCXC,ORD_8544,528.24,10.56,1.9,515.78,setl_784,2026-08-27 04:38:00,2026-08-28,captured
pay_FFGZPTNY,ORD_8545,289.39,5.79,1.04,282.56,setl_784,2026-08-27 08:07:00,2026-08-28,captured
pay_ERWE1HAS,ORD_8546,363.74,7.27,1.31,355.16,setl_784,2026-08-27 04:24:00,2026-08-28,captured
pay_PGZHK8XM,ORD_8547,1896.62,37.93,6.83,1851.86,setl_785,2026-08-27 06:11:00,2026-08-28,captured
pay_Q3S4A4C8,ORD_8548,1893.1,37.86,6.81,1848.43,setl_785,2026-08-27 02:20:00,2026-08-28,captured
pay_C66FHTX8,ORD_8549,1755.98,35.12,6.32,1714.54,setl_785,2026-08-26 20:21:00,2026-08-27,captured
pay_O1V0K22V,ORD_8550,317.08,6.34,1.14,309.6,setl_785,2026-08-26 18:59:00,2026-08-27,captured
pay_SSQILQWH,ORD_8551,407.78,8.16,1.47,398.15,setl_785,2026-08-26 20:58:00,2026-08-27,captured
pay_BOOV8MI1,ORD_8552,324.29,6.49,1.17,316.63,setl_785,2026-08-26 22:39:00,2026-08-27,captured
pay_NNFCY45R,ORD_8553,1313.96,26.28,4.73,1282.95,setl_785,2026-08-27 07:13:00,2026-08-28,captured
pay_90I614TR,ORD_8554,891.89,17.84,3.21,870.84,setl_785,2026-08-27 08:59:00,2026-08-28,captured
pay_EZD8M6DZ,ORD_8555,2982.39,59.65,10.74,2912.0,setl_786,2026-08-26 23:08:00,2026-08-27,captured
pay_GSXLZY0O,ORD_8556,400.01,9.44,1.7,388.87,setl_786,2026-08-26 23:12:00,2026-08-27,captured
pay_MTZG82AT,ORD_8557,269.42,5.39,0.97,263.06,setl_786,2026-08-26 23:58:00,2026-08-28,captured
pay_0EQLPGQ9,ORD_8558,2494.01,49.88,8.98,2435.15,setl_786,2026-08-27 01:12:00,2026-08-28,captured
pay_VDWFQSVC,ORD_8559,1472.81,29.46,5.3,1438.05,setl_786,2026-08-26 20:22:00,2026-08-27,captured
pay_769BUDC5,ORD_8560,1465.98,29.32,5.28,1431.38,setl_786,2026-08-27 03:46:00,2026-08-28,captured
pay_5CPKZK5S,ORD_8561,1640.34,32.81,5.91,1601.62,setl_786,2026-08-27 05:31:00,2026-08-28,captured
pay_QZEE0XPZ,ORD_8562,343.19,6.86,1.23,335.1,setl_786,2026-08-27 00:45:00,2026-08-28,captured
pay_BC78RGP9,ORD_8563,1464.31,29.29,5.27,1429.75,setl_786,2026-08-27 06:20:00,2026-08-28,captured
pay_V9LVRNF2,ORD_8564,458.14,9.16,1.65,355.7,setl_787,2026-08-26 19:38:00,2026-08-27,captured
pay_PSLR2JEZ,ORD_8565,1259.68,25.19,4.53,1229.96,setl_787,2026-08-27 05:17:00,2026-08-28,captured
pay_Y4I9O5AS,ORD_8566,670.97,13.42,2.42,655.13,setl_787,2026-08-26 19:36:00,2026-08-27,captured
pay_6DB4ULLY,ORD_8567,467.61,9.35,1.68,456.58,setl_787,2026-08-27 05:50:00,2026-08-28,captured
pay_22SXDQ69,ORD_8568,361.39,7.23,1.3,352.86,setl_787,2026-08-27 00:54:00,2026-08-28,captured
pay_8UA6OYPQ,ORD_8569,538.66,10.77,1.94,525.95,setl_787,2026-08-26 21:37:00,2026-08-27,captured
pay_ZPLZBRB7,ORD_8570,2465.92,49.32,8.88,2407.72,setl_787,2026-08-26 21:36:00,2026-08-27,captured
pay_LZ2FTBYP,ORD_8571,1175.65,23.51,4.23,1147.91,setl_787,2026-08-27 08:21:00,2026-08-28,captured
pay_PB570TDM,ORD_8572,1168.78,23.38,4.21,1141.19,setl_787,2026-08-27 05:27:00,2026-08-28,captured
pay_ST0Q45JU,ORD_8573,1206.19,24.12,4.34,1177.73,setl_788,2026-08-26 23:20:00,2026-08-27,captured
pay_1LNPXIRS,ORD_8574,338.64,6.77,1.22,330.65,setl_788,2026-08-27 02:08:00,2026-08-28,captured
pay_IXAWOOYK,ORD_8575,1764.55,35.29,6.35,1722.91,setl_788,2026-08-27 01:53:00,2026-08-28,captured
pay_V5FP7VMR,ORD_8576,657.6,13.15,2.37,642.08,setl_788,2026-08-27 06:30:00,2026-08-28,captured
pay_PVYFSX6V,ORD_8577,312.36,6.25,1.12,304.99,setl_788,2026-08-26 22:16:00,2026-08-27,captured
pay_W5REQ90D,ORD_8578,3466.19,69.32,12.48,3384.39,setl_788,2026-08-27 01:13:00,2026-08-28,captured
pay_FL40VXT8,ORD_8579,1169.03,23.38,4.21,1141.44,setl_788,2026-08-27 07:56:00,2026-08-28,captured
pay_ZTOCI5WD,ORD_8580,2515.38,50.31,9.06,2456.01,setl_788,2026-08-27 02:39:00,2026-08-28,captured
pay_0H04GVNU,ORD_8581,2508.63,50.17,9.03,2449.43,setl_788,2026-08-27 01:59:30,2026-08-28,captured
pay_60SZHJ7I,ORD_8581,2508.63,50.17,9.03,2449.43,setl_788,2026-08-27 01:59:00,2026-08-28,captured
pay_WGID7Z0C,ORD_8582,348.23,6.96,1.25,340.02,setl_788,2026-08-27 08:14:00,2026-08-28,captured
pay_BST6VOMV,ORD_8584,1919.42,45.3,8.15,1865.97,setl_788,2026-08-27 00:08:00,2026-08-28,captured
pay_7GB5K4B7,ORD_8585,741.86,14.84,2.67,724.35,setl_789,2026-08-26 20:06:00,2026-08-27,captured
pay_OJJJTYTU,ORD_8586,3495.3,69.91,12.58,3412.81,setl_789,2026-08-27 00:46:00,2026-08-28,captured
pay_ZW9BZJ6Y,ORD_8587,2515.82,50.32,9.06,2456.44,setl_789,2026-08-26 18:20:00,2026-08-27,captured
pay_753819NO,ORD_8588,438.73,8.77,1.58,428.38,setl_789,2026-08-27 07:02:00,2026-08-28,captured
pay_XTHYCYLQ,ORD_8589,3008.01,60.16,10.83,2937.02,setl_789,2026-08-27 23:59:00,2026-08-29,captured
pay_YOIT5CB5,ORD_8590,252.83,5.06,0.91,246.86,setl_789,2026-08-27 08:17:00,2026-08-28,captured
pay_0C152IPP,ORD_8591,1644.52,32.89,5.92,1405.71,setl_789,2026-08-27 00:57:00,2026-08-28,captured
pay_JWO3IRIC,ORD_8592,1857.66,37.15,6.69,1813.82,setl_789,2026-08-26 21:56:00,2026-08-27,captured
pay_8SK8N5IJ,ORD_8593,881.28,17.63,3.17,860.48,setl_790,2026-08-26 21:20:00,2026-08-27,captured
pay_LRUWVJO4,ORD_8594,176.72,3.53,0.64,172.55,setl_790,2026-08-26 20:15:00,2026-08-27,captured
pay_RZ19996H,ORD_8595,1867.24,37.34,6.72,1823.18,setl_790,2026-08-27 02:25:00,2026-08-28,captured
pay_CXJMUMXL,ORD_8596,2960.19,59.2,10.66,2890.33,setl_790,2026-08-27 04:24:00,2026-08-28,captured
pay_VHVZE4H6,ORD_8597,427.94,8.56,1.54,417.84,setl_790,2026-08-26 21:20:00,2026-08-27,captured
pay_LZBZNL3B,ORD_8598,289.51,5.79,1.04,282.68,setl_790,2026-08-27 01:39:00,2026-08-28,captured
pay_V5DE3BDZ,ORD_8599,1283.89,25.68,4.62,1253.59,setl_790,2026-08-27 04:48:00,2026-08-28,captured
pay_OHK2RXQ4,ORD_8600,858.6,17.17,3.09,838.34,setl_790,2026-08-27 04:51:00,2026-08-28,captured
pay_WCCS6F0F,ORD_8601,1930.61,38.61,6.95,1885.05,setl_791,2026-08-27 06:01:00,2026-08-28,captured
pay_FQ2VRLO3,ORD_8602,3009.43,60.19,10.83,2938.41,setl_791,2026-08-27 04:05:00,2026-08-28,captured
pay_SLS8GUX1,ORD_8603,368.49,7.37,1.33,359.79,setl_791,2026-08-27 01:01:00,2026-08-28,captured
pay_7I0Q7QGT,ORD_8604,2474.8,49.5,8.91,2416.39,setl_791,2026-08-27 04:24:00,2026-08-28,captured
pay_1O90K7Z5,ORD_8605,256.96,5.14,0.93,250.89,setl_791,2026-08-27 01:00:00,2026-08-28,captured
pay_WUG6JBP0,ORD_8606,247.68,4.95,0.89,241.84,setl_791,2026-08-27 03:26:00,2026-08-28,captured
pay_K9IRHPNF,ORD_8607,1532.45,30.65,5.52,1496.28,setl_791,2026-08-27 01:57:00,2026-08-28,captured
pay_JMZ36TSD,ORD_8608,523.13,10.46,1.88,510.79,setl_791,2026-08-27 04:06:00,2026-08-28,captured
pay_8DJAC36X,ORD_8609,910.56,18.21,3.28,889.07,setl_791,2026-08-26 20:07:00,2026-08-27,captured
pay_PXOD7VZE,ORD_8610,2998.81,59.98,10.8,2928.03,setl_791,2026-08-26 21:02:00,2026-08-27,captured
pay_03UI8SFQ,ORD_8611,345.84,6.92,1.25,337.67,setl_792,2026-08-27 04:19:30,2026-08-28,captured
pay_5EO4CU8V,ORD_8611,345.84,6.92,1.25,337.67,setl_792,2026-08-27 04:19:00,2026-08-28,captured
pay_AB1GU41R,ORD_8613,1487.55,29.75,5.35,1452.45,setl_792,2026-08-26 19:04:00,2026-08-27,captured
pay_2I2JFCHR,ORD_8614,375.11,7.5,1.35,366.26,setl_792,2026-08-27 04:36:00,2026-08-28,captured
pay_5797BU1B,ORD_8615,921.75,18.43,3.32,900.0,setl_792,2026-08-27 05:42:00,2026-08-28,captured
pay_TPO27S0X,ORD_8616,1630.58,32.61,5.87,1592.1,setl_792,2026-08-26 21:03:00,2026-08-27,captured
pay_GBQD5NXA,ORD_8617,442.68,8.85,1.59,432.24,setl_792,2026-08-27 07:43:00,2026-08-28,captured
pay_GAYQ4SRS,ORD_8618,883.05,20.84,3.75,858.46,setl_792,2026-08-26 22:30:00,2026-08-27,captured
pay_XT05PMTQ,ORD_8619,1912.44,38.25,6.88,1867.31,setl_792,2026-08-26 18:49:00,2026-08-27,captured
pay_1UTMW95H,ORD_8620,1835.61,36.71,6.61,1792.29,setl_792,2026-08-27 02:16:00,2026-08-28,captured
pay_9EA9JPDZ,ORD_8621,211.44,4.23,0.76,206.45,setl_793,2026-08-26 20:57:00,2026-08-27,captured
pay_VY3ANS0F,ORD_8622,1512.85,30.26,5.45,1477.14,setl_793,2026-08-26 20:53:00,2026-08-27,captured
pay_9QY2VLFX,ORD_8623,1262.49,25.25,4.54,1232.7,setl_793,2026-08-26 19:12:00,2026-08-27,captured
pay_XVGXBZ6U,ORD_8624,1340.72,26.81,4.83,1309.08,setl_793,2026-08-27 01:15:00,2026-08-28,captured
pay_G2LPQBSC,ORD_8625,271.49,5.43,0.98,265.08,setl_793,2026-08-27 05:19:00,2026-08-28,captured
pay_AV0G9B3G,ORD_8626,395.41,7.91,1.42,386.08,setl_793,2026-08-26 23:58:00,2026-08-28,captured
pay_0NGLVIEI,ORD_8627,430.53,8.61,1.55,420.37,setl_793,2026-08-27 01:38:00,2026-08-28,captured
pay_B9PVTYNX,ORD_8628,3005.24,60.1,10.82,2934.32,setl_793,2026-08-27 04:36:00,2026-08-28,captured
pay_DLNK2ZRL,ORD_8629,927.37,18.55,3.34,905.48,setl_793,2026-08-27 06:11:00,2026-08-28,captured
pay_LKM2XBHB,ORD_8630,1537.47,30.75,5.54,1501.18,setl_793,2026-08-26 18:34:00,2026-08-27,captured
pay_5URN9H5A,ORD_8631,723.49,14.47,2.6,706.42,setl_794,2026-08-26 20:27:00,2026-08-27,captured
pay_K0V1WIUS,ORD_8632,377.33,7.55,1.36,368.42,setl_794,2026-08-27 01:37:00,2026-08-28,captured
pay_PSICYZN9,ORD_8633,3530.87,70.62,12.71,3247.54,setl_794,2026-08-26 23:39:00,2026-08-27,captured
pay_0D0ZH14K,ORD_8634,420.92,8.42,1.52,410.98,setl_794,2026-08-27 04:15:00,2026-08-28,captured
pay_PSNJKSPP,ORD_8635,429.27,8.59,1.55,419.13,setl_794,2026-08-27 03:42:00,2026-08-28,captured
pay_201RFGL7,ORD_8636,1464.47,29.29,5.27,1429.91,setl_794,2026-08-26 20:02:00,2026-08-27,captured
pay_6SMRB9KA,ORD_8637,514.2,10.28,1.85,502.07,setl_794,2026-08-27 00:30:00,2026-08-28,captured
pay_KC3DQ0E7,ORD_8638,427.31,8.55,1.54,417.22,setl_794,2026-08-27 02:21:00,2026-08-28,captured
pay_ZB7HRZTC,ORD_8639,1628.05,32.56,5.86,1589.63,setl_795,2026-08-26 18:37:00,2026-08-27,captured
pay_HYK0NPI8,ORD_8640,1538.87,30.78,5.54,1502.55,setl_795,2026-08-27 00:56:00,2026-08-28,captured
pay_GIJIXKVU,ORD_8641,2538.76,50.78,9.14,2478.84,setl_795,2026-08-26 22:05:00,2026-08-27,captured
pay_6JWDU8E0,ORD_8642,485.87,9.72,1.75,474.4,setl_795,2026-08-26 21:58:00,2026-08-27,captured
pay_32RJX6BJ,ORD_8643,206.57,4.13,0.74,201.7,setl_795,2026-08-27 08:05:00,2026-08-28,captured
pay_4ZIR6M63,ORD_8644,202.21,4.04,0.73,197.44,setl_795,2026-08-27 07:06:00,2026-08-28,captured
pay_GJ0N64CN,ORD_8645,3464.33,69.29,12.47,3382.57,setl_795,2026-08-26 23:51:00,2026-08-27,captured
pay_EN7UWMEI,ORD_8646,710.89,14.22,2.56,694.11,setl_795,2026-08-27 08:08:30,2026-08-28,captured
pay_PYIJJ0UL,ORD_8646,710.89,14.22,2.56,694.11,setl_795,2026-08-27 08:08:00,2026-08-28,captured
pay_X8Q21Y39,ORD_8647,362.66,7.25,1.3,354.11,setl_795,2026-08-27 04:46:00,2026-08-28,captured
pay_8IS93IVM,ORD_8648,958.98,19.18,3.45,936.35,setl_796,2026-08-26 20:15:00,2026-08-27,captured
pay_CLR9C0LQ,ORD_8649,3518.03,70.36,12.66,3435.01,setl_796,2026-08-27 04:51:00,2026-08-28,captured
pay_SBFI11XM,ORD_8650,274.77,5.5,0.99,268.28,setl_796,2026-08-27 01:16:00,2026-08-28,captured
pay_WR7I3W42,ORD_8651,3028.96,60.58,10.9,2957.48,setl_796,2026-08-26 21:34:00,2026-08-27,captured
pay_NQCIM6GE,ORD_8652,1513.71,30.27,5.45,1477.99,setl_796,2026-08-27 03:57:00,2026-08-28,captured
pay_JLADED3H,ORD_8653,348.99,6.98,1.26,340.75,setl_796,2026-08-26 22:43:00,2026-08-27,captured
pay_D1KIJMYQ,ORD_8654,1910.2,38.2,6.88,1865.12,setl_796,2026-08-26 20:28:00,2026-08-27,captured
pay_N0VP92C1,ORD_8655,421.32,8.43,1.52,411.37,setl_796,2026-08-26 23:55:00,2026-08-27,captured
pay_JU2542XP,ORD_8656,1877.39,37.55,6.76,1833.08,setl_797,2026-08-26 18:11:00,2026-08-27,captured
pay_6CA0X4DH,ORD_8657,981.03,19.62,3.53,957.88,setl_797,2026-08-27 00:31:00,2026-08-28,captured
pay_V21LXYIG,ORD_8659,1486.18,29.72,5.35,1451.11,setl_797,2026-08-27 08:49:00,2026-08-28,captured
pay_GQ2D7JIB,ORD_8660,3509.89,70.2,12.64,3427.05,setl_797,2026-08-26 22:15:00,2026-08-27,captured
pay_GM4VGSZH,ORD_8661,328.16,6.56,1.18,320.42,setl_797,2026-08-27 01:23:00,2026-08-28,captured
pay_SMPN179R,ORD_8662,183.06,3.66,0.66,178.74,setl_797,2026-08-27 00:11:00,2026-08-28,captured
pay_E7KTXGCT,ORD_8663,1779.8,35.6,6.41,1737.79,setl_797,2026-08-27 00:19:00,2026-08-28,captured
pay_AD5C2IMJ,ORD_8664,1517.55,35.81,6.45,1475.29,setl_797,2026-08-26 19:36:00,2026-08-27,captured
pay_ELDKMFBI,ORD_8665,1877.59,37.55,6.76,1833.28,setl_797,2026-08-27 03:01:00,2026-08-28,captured
pay_O5J5N0S5,ORD_8666,149.09,2.98,0.54,145.57,setl_798,2026-08-26 23:59:00,2026-08-28,captured
pay_UWVS4VS3,ORD_8667,480.89,9.62,1.73,469.54,setl_798,2026-08-27 02:33:00,2026-08-28,captured
pay_AYQXRVAU,ORD_8668,2496.39,49.93,8.99,2437.47,setl_798,2026-08-26 23:34:00,2026-08-27,captured
pay_ENIRSGAD,ORD_8669,506.17,10.12,1.82,494.23,setl_798,2026-08-27 07:58:00,2026-08-28,captured
pay_110O4LIV,ORD_8670,1458.18,29.16,5.25,1423.77,setl_798,2026-08-27 02:06:00,2026-08-28,captured
pay_YJOXY0VK,ORD_8671,1269.08,25.38,4.57,1239.13,setl_798,2026-08-26 21:45:00,2026-08-27,captured
pay_TCA674MN,ORD_8672,1531.65,30.63,5.51,1495.51,setl_798,2026-08-26 18:55:00,2026-08-27,captured
pay_6NJI84RB,ORD_8673,207.51,4.15,0.75,202.61,setl_798,2026-08-27 06:29:00,2026-08-28,captured
pay_S0IYYNUC,ORD_8674,1249.84,25.0,4.5,1020.34,setl_798,2026-08-27 07:04:00,2026-08-28,captured
pay_OVO125X2,ORD_8675,3496.46,69.93,12.59,3413.94,setl_799,2026-08-27 07:15:00,2026-08-28,captured
pay_8LHQ7BYZ,ORD_8676,336.51,6.73,1.21,328.57,setl_799,2026-08-27 00:17:00,2026-08-28,captured
pay_58NL3ZDV,ORD_8677,929.69,18.59,3.35,907.75,setl_799,2026-08-26 17:34:00,2026-08-27,captured
pay_YN7JS7B2,ORD_8678,371.19,7.42,1.34,362.43,setl_799,2026-08-26 21:04:00,2026-08-27,captured
pay_DS6WB2L6,ORD_8679,1313.05,26.26,4.73,1282.06,setl_799,2026-08-27 06:59:00,2026-08-28,captured
pay_CK3LOCM2,ORD_8680,290.69,5.81,1.05,283.83,setl_799,2026-08-27 02:53:00,2026-08-28,captured
pay_PN0JU270,ORD_8681,461.01,9.22,1.66,450.13,setl_799,2026-08-27 04:36:00,2026-08-28,captured
pay_HB6USS0U,ORD_8682,2971.78,59.44,10.7,2901.64,setl_799,2026-08-26 17:55:00,2026-08-27,captured
pay_0JT795QK,ORD_8683,199.79,4.0,0.72,195.07,setl_800,2026-08-26 23:03:00,2026-08-27,captured
pay_7PEPVAR8,ORD_8684,1457.47,29.15,5.25,1423.07,setl_800,2026-08-26 23:15:00,2026-08-27,captured
pay_3AF9D51J,ORD_8685,1522.81,30.46,5.48,1486.87,setl_800,2026-08-27 07:48:00,2026-08-28,captured
pay_3NDDVED2,ORD_8686,3031.77,60.64,10.92,2960.21,setl_800,2026-08-26 17:31:00,2026-08-27,captured
pay_6AGOVHZB,ORD_8687,1159.68,23.19,4.17,1132.32,setl_800,2026-08-26 18:15:00,2026-08-27,captured
pay_ROHOX590,ORD_8688,1646.7,32.93,5.93,1607.84,setl_800,2026-08-26 20:04:00,2026-08-27,captured
pay_B0NVD8DL,ORD_8689,898.91,17.98,3.24,877.69,setl_800,2026-08-27 02:15:00,2026-08-28,captured
pay_BWUCSJT5,ORD_8690,283.64,5.67,1.02,276.95,setl_800,2026-08-27 03:02:00,2026-08-28,captured
pay_AQKCTYCL,ORD_8691,2999.66,59.99,10.8,2928.87,setl_800,2026-08-26 19:11:00,2026-08-27,captured
pay_J6U3RN9H,ORD_8692,362.59,7.25,1.3,354.04,setl_800,2026-08-26 18:42:00,2026-08-27,captured
pay_XQO88VC6,ORD_8693,262.64,5.25,0.94,256.45,setl_800,2026-08-27 03:50:00,2026-08-28,captured
pay_6DYTHW44,ORD_8694,857.5,17.15,3.09,837.26,setl_801,2026-08-26 21:43:00,2026-08-27,captured
pay_XCPGZR4T,ORD_8695,396.45,7.93,1.43,387.09,setl_801,2026-08-26 19:22:30,2026-08-27,captured
pay_5UY8FCWS,ORD_8695,396.45,7.93,1.43,387.09,setl_801,2026-08-26 19:22:00,2026-08-27,captured
pay_LMCQ4V70,ORD_8696,533.03,10.66,1.92,520.45,setl_801,2026-08-27 00:01:00,2026-08-27,captured
pay_WKNXNXBC,ORD_8697,393.76,7.88,1.42,384.46,setl_801,2026-08-27 07:56:00,2026-08-28,captured
pay_DD5HZRXX,ORD_8698,1508.04,30.16,5.43,1472.45,setl_801,2026-08-27 04:05:00,2026-08-28,captured
pay_JGZ7NCWR,ORD_8699,203.82,4.08,0.73,199.01,setl_801,2026-08-26 18:55:00,2026-08-27,captured
pay_3BMKN9B1,ORD_8700,2449.7,48.99,8.82,2391.89,setl_801,2026-08-26 22:04:00,2026-08-27,captured
pay_3YDOT9K3,ORD_8701,3475.19,69.5,12.51,3393.18,setl_801,2026-08-27 04:22:00,2026-08-28,captured
pay_2WSR06VW,ORD_8702,2979.99,59.6,10.73,2909.66,setl_801,2026-08-27 08:14:00,2026-08-28,captured
pay_8VNTHINI,ORD_8704,212.66,5.02,0.9,206.74,setl_801,2026-08-27 05:05:00,2026-08-28,captured
pay_RWU84RCC,ORD_8705,1514.99,30.3,5.45,1479.24,setl_801,2026-08-26 23:29:00,2026-08-27,captured
pay_F9OOM03X,ORD_8706,726.54,14.53,2.62,709.39,setl_802,2026-08-26 23:21:00,2026-08-27,captured
pay_XQ0WN1DC,ORD_8707,1771.12,35.42,6.38,1729.32,setl_802,2026-08-27 00:25:00,2026-08-28,captured
pay_99QXNETB,ORD_8708,192.39,3.85,0.69,187.85,setl_802,2026-08-27 02:22:00,2026-08-28,captured
pay_AFI835JV,ORD_8709,1750.97,35.02,6.3,1709.65,setl_802,2026-08-27 03:28:00,2026-08-28,captured
pay_UV4SIWBP,ORD_8710,1465.23,29.3,5.27,1430.66,setl_802,2026-08-27 08:43:00,2026-08-28,captured
pay_86VQXO3B,ORD_8711,1626.64,32.53,5.86,1588.25,setl_802,2026-08-27 08:06:00,2026-08-28,captured
pay_1JV7ET9E,ORD_8712,1475.79,29.52,5.31,1440.96,setl_802,2026-08-26 17:24:00,2026-08-27,captured
pay_2HYJRAM9,ORD_8713,1485.65,29.71,5.35,1450.59,setl_802,2026-08-27 03:00:00,2026-08-28,captured
pay_7KP5JLKE,ORD_8714,2519.15,50.38,9.07,2459.7,setl_803,2026-08-27 23:59:00,2026-08-29,captured
pay_Z1DGMQC7,ORD_8715,259.04,5.18,0.93,252.93,setl_803,2026-08-26 18:55:00,2026-08-27,captured
pay_C3SMMS3G,ORD_8716,1543.96,30.88,5.56,1507.52,setl_803,2026-08-27 08:59:00,2026-08-28,captured
pay_UA5ER5Q4,ORD_8717,392.17,7.84,1.41,382.92,setl_803,2026-08-26 18:57:00,2026-08-27,captured
pay_EHWQEEU1,ORD_8718,426.92,8.54,1.54,416.84,setl_803,2026-08-27 06:16:00,2026-08-28,captured
pay_INGW4GOG,ORD_8719,975.0,19.5,3.51,951.99,setl_803,2026-08-26 18:38:00,2026-08-27,captured
pay_HRQH0VL3,ORD_8720,368.75,7.38,1.33,360.04,setl_803,2026-08-27 01:57:00,2026-08-28,captured
pay_JUFKWCUW,ORD_8721,1564.05,31.28,5.63,1327.14,setl_803,2026-08-27 04:28:00,2026-08-28,captured
pay_5LSRIQ5D,ORD_8722,1917.98,38.36,6.9,1872.72,setl_803,2026-08-26 22:36:00,2026-08-27,captured
pay_R7KEQCZF,ORD_8723,2972.96,59.46,10.7,2902.8,setl_804,2026-08-26 22:35:00,2026-08-27,captured
pay_7IOQZJOZ,ORD_8724,385.19,7.7,1.39,376.1,setl_804,2026-08-26 20:32:00,2026-08-27,captured
pay_BU9Z071K,ORD_8725,1904.13,38.08,6.85,1859.2,setl_804,2026-08-27 07:34:00,2026-08-28,captured
pay_2IIAU7WM,ORD_8726,2987.59,59.75,10.75,2917.09,setl_804,2026-08-27 03:15:00,2026-08-28,captured
pay_TSBDPXC8,ORD_8727,234.44,4.69,0.84,228.91,setl_804,2026-08-27 07:21:00,2026-08-28,captured
pay_9GMXR1WJ,ORD_8728,880.31,17.61,3.17,859.53,setl_804,2026-08-26 20:20:00,2026-08-27,captured
pay_J98LYWN2,ORD_8729,1482.41,29.65,5.34,1447.42,setl_804,2026-08-27 04:00:00,2026-08-28,captured
pay_L9JAQ846,ORD_8730,1546.78,30.94,5.57,1510.27,setl_804,2026-08-26 18:57:00,2026-08-27,captured
pay_BDL3U1R3,ORD_8731,527.32,10.55,1.9,514.87,setl_804,2026-08-27 02:43:00,2026-08-28,captured
pay_IGYL7U7S,ORD_8732,3504.67,70.09,12.62,3421.96,setl_804,2026-08-27 01:51:00,2026-08-28,captured
pay_ZGNAKVK5,ORD_8733,1283.62,25.67,4.62,1253.33,setl_805,2026-08-27 01:08:00,2026-08-28,captured
pay_OZ836GF7,ORD_8734,311.01,6.22,1.12,303.67,setl_805,2026-08-26 18:44:00,2026-08-27,captured
pay_4A7549MT,ORD_8735,400.77,8.02,1.44,391.31,setl_805,2026-08-26 21:49:00,2026-08-27,captured
pay_YPX6A5H3,ORD_8736,1211.4,24.23,4.36,1182.81,setl_805,2026-08-27 03:49:00,2026-08-28,captured
pay_9NWNDKFA,ORD_8737,1477.6,29.55,5.32,1442.73,setl_805,2026-08-26 23:24:00,2026-08-27,captured
pay_A7JAZ300,ORD_8738,1203.34,24.07,4.33,1174.94,setl_805,2026-08-27 00:35:00,2026-08-28,captured
pay_47UC3T4X,ORD_8739,388.21,7.76,1.4,379.05,setl_805,2026-08-27 02:24:00,2026-08-28,captured
pay_TC1SRNK3,ORD_8740,859.1,17.18,3.09,838.83,setl_805,2026-08-27 08:05:00,2026-08-28,captured
pay_FFZ67A8X,ORD_8741,252.15,5.04,0.91,246.2,setl_805,2026-08-27 02:20:00,2026-08-28,captured
pay_UVHKG4MB,ORD_8742,715.96,14.32,2.58,699.06,setl_805,2026-08-27 05:44:30,2026-08-28,captured
pay_JDM81V0H,ORD_8742,715.96,14.32,2.58,699.06,setl_805,2026-08-27 05:44:00,2026-08-28,captured
pay_IXT4C783,ORD_8743,452.69,9.05,1.63,442.01,setl_806,2026-08-26 23:59:00,2026-08-27,captured
pay_N78KFAMY,ORD_8744,1524.01,30.48,5.49,1488.04,setl_806,2026-08-26 20:44:00,2026-08-27,captured
pay_T1WMRNJI,ORD_8745,3495.24,69.9,12.58,3412.76,setl_806,2026-08-27 03:00:00,2026-08-28,captured
pay_453YCLSS,ORD_8746,1333.86,26.68,4.8,1302.38,setl_806,2026-08-26 18:02:00,2026-08-27,captured
pay_7F0ISG6W,ORD_8747,1766.21,35.32,6.36,1724.53,setl_806,2026-08-27 02:33:00,2026-08-28,captured
pay_8G4Z642X,ORD_8748,3529.98,70.6,12.71,3446.67,setl_806,2026-08-27 06:43:00,2026-08-28,captured
pay_8AKFFL33,ORD_8749,1231.01,24.62,4.43,1201.96,setl_806,2026-08-27 01:20:00,2026-08-28,captured
pay_HTTACNIK,ORD_8750,1290.04,25.8,4.64,1259.6,setl_806,2026-08-27 02:15:00,2026-08-28,captured
pay_9VQO8FC1,ORD_8751,312.44,6.25,1.12,305.07,setl_807,2026-08-27 01:23:00,2026-08-28,captured
pay_X09UG4HR,ORD_8752,1527.61,30.55,5.5,1491.56,setl_807,2026-08-27 00:43:00,2026-08-28,captured
pay_2SKMZVOW,ORD_8753,323.8,6.48,1.17,316.15,setl_807,2026-08-26 23:52:00,2026-08-27,captured
pay_8FBP3TJN,ORD_8754,1200.68,24.01,4.32,1172.35,setl_807,2026-08-27 00:07:00,2026-08-28,captured
pay_P3IJHKQT,ORD_8755,1286.12,25.72,4.63,1255.77,setl_807,2026-08-26 17:25:00,2026-08-27,captured
pay_4XMOKOZN,ORD_8756,342.3,6.85,1.23,334.22,setl_807,2026-08-27 04:56:00,2026-08-28,captured
pay_AA3KJJ2W,ORD_8758,1297.39,30.62,5.51,1261.26,setl_807,2026-08-26 23:38:00,2026-08-27,captured
pay_JWBZAOOS,ORD_8759,232.25,4.65,0.84,226.76,setl_807,2026-08-27 01:47:00,2026-08-28,captured
pay_WQSOBN9F,ORD_8760,232.03,4.64,0.84,226.55,setl_807,2026-08-26 17:54:00,2026-08-27,captured
pay_J8CWAO7T,ORD_8761,1539.99,30.8,5.54,1503.65,setl_808,2026-08-26 22:42:00,2026-08-27,captured
pay_VIB316JO,ORD_8762,1022.18,20.44,3.68,998.06,setl_808,2026-08-27 04:56:00,2026-08-28,captured
pay_XO673AAW,ORD_8763,997.4,19.95,3.59,973.86,setl_808,2026-08-27 02:34:00,2026-08-28,captured
pay_5UOOAHGD,ORD_8764,3481.46,69.63,12.53,3399.3,setl_808,2026-08-26 20:08:00,2026-08-27,captured
pay_QR20WT2F,ORD_8765,411.21,8.22,1.48,401.51,setl_808,2026-08-26 22:17:00,2026-08-27,captured
pay_86GW2SGP,ORD_8766,298.28,5.97,1.07,291.24,setl_808,2026-08-27 07:40:00,2026-08-28,captured
pay_I5LHS1J5,ORD_8767,448.17,8.96,1.61,437.6,setl_808,2026-08-27 03:58:00,2026-08-28,captured
pay_SB5MULHK,ORD_8768,1920.01,38.4,6.91,1874.7,setl_808,2026-08-27 07:11:00,2026-08-28,captured
pay_HGVZOCPS,ORD_8769,1468.28,29.37,5.29,1433.62,setl_808,2026-08-26 19:17:00,2026-08-27,captured
pay_SWSGENIY,ORD_8770,1177.03,23.54,4.24,1149.25,setl_808,2026-08-27 00:43:00,2026-08-28,captured
pay_KXDROQZ3,ORD_8771,337.65,6.75,1.21,329.69,setl_809,2026-08-27 01:34:00,2026-08-28,captured
pay_LLOY2I0Z,ORD_8772,1534.35,30.69,5.52,1498.14,setl_809,2026-08-26 20:19:00,2026-08-27,captured
pay_3R0PY33D,ORD_8773,220.06,4.4,0.79,214.87,setl_809,2026-08-27 04:41:00,2026-08-28,captured
pay_5RJ16QEA,ORD_8774,2970.07,59.4,10.69,2899.98,setl_809,2026-08-27 23:58:00,2026-08-29,captured
pay_Q2AB4V3D,ORD_8775,948.57,18.97,3.41,926.19,setl_809,2026-08-26 21:46:00,2026-08-27,captured
pay_P2AF939S,ORD_8776,268.22,5.36,0.96,261.9,setl_809,2026-08-27 02:34:00,2026-08-28,captured
pay_ZWFM0IY1,ORD_8777,462.83,9.26,1.67,451.9,setl_809,2026-08-26 22:46:00,2026-08-27,captured
pay_2IEKQD10,ORD_8778,467.32,9.35,1.68,456.29,setl_809,2026-08-27 02:16:00,2026-08-28,captured
pay_KP9FA1BJ,ORD_8779,1209.08,24.18,4.35,1180.55,setl_809,2026-08-27 05:19:00,2026-08-28,captured
pay_6DPV3BH1,ORD_8780,987.48,19.75,3.55,964.18,setl_810,2026-08-26 22:04:00,2026-08-27,captured
pay_RY23F2TC,ORD_8781,232.83,4.66,0.84,227.33,setl_810,2026-08-26 22:58:00,2026-08-27,captured
pay_9QTPIENF,ORD_8782,458.82,9.18,1.65,447.99,setl_810,2026-08-26 21:40:00,2026-08-27,captured
pay_QOSEO4J1,ORD_8783,3465.03,69.3,12.47,3383.26,setl_810,2026-08-27 01:46:00,2026-08-28,captured
pay_OEGN9D80,ORD_8784,2527.8,50.56,9.1,2468.14,setl_810,2026-08-27 01:08:00,2026-08-28,captured
pay_YI5DARIB,ORD_8785,905.98,18.12,3.26,884.6,setl_810,2026-08-27 07:34:00,2026-08-28,captured
pay_SOCTVUQ2,ORD_8786,1479.94,29.6,5.33,1445.01,setl_810,2026-08-26 17:58:00,2026-08-27,captured
pay_VM3ET55M,ORD_8787,874.6,17.49,3.15,853.96,setl_810,2026-08-26 21:33:00,2026-08-27,captured
pay_O776VX60,ORD_8788,283.99,5.68,1.02,277.29,setl_811,2026-08-27 04:52:00,2026-08-28,captured
pay_RBOR2DQR,ORD_8789,1250.38,25.01,4.5,1220.87,setl_811,2026-08-26 21:32:00,2026-08-27,captured
pay_QDKNN3S1,ORD_8790,1001.2,20.02,3.6,977.58,setl_811,2026-08-26 19:03:00,2026-08-27,captured
pay_Y18QDDVF,ORD_8791,1204.52,24.09,4.34,1176.09,setl_811,2026-08-27 04:40:00,2026-08-28,captured
pay_3Y9S0WJM,ORD_8792,950.31,19.01,3.42,927.88,setl_811,2026-08-27 08:56:00,2026-08-28,captured
pay_KOZVRHYP,ORD_8793,884.17,17.68,3.18,863.31,setl_811,2026-08-27 05:37:00,2026-08-28,captured
pay_FW0A0YMH,ORD_8794,1562.65,31.25,5.62,1525.78,setl_811,2026-08-27 02:45:00,2026-08-28,captured
pay_KO78J9TV,ORD_8795,383.43,7.67,1.38,374.38,setl_811,2026-08-26 21:50:00,2026-08-27,captured
pay_7AYOKVNC,ORD_8796,278.29,5.57,1.0,271.72,setl_812,2026-08-27 04:16:00,2026-08-28,captured
pay_28AAV0M6,ORD_8797,224.94,4.5,0.81,219.63,setl_812,2026-08-27 01:56:00,2026-08-28,captured
pay_41E42LC0,ORD_8798,1900.74,38.01,6.84,1855.89,setl_812,2026-08-26 22:58:00,2026-08-27,captured
pay_0RJN3RBP,ORD_8799,282.97,5.66,1.02,219.7,setl_812,2026-08-26 18:33:00,2026-08-27,captured
pay_3X765411,ORD_8800,438.47,8.77,1.58,428.12,setl_812,2026-08-26 17:04:00,2026-08-27,captured
pay_NFM2EO9Z,ORD_8801,166.55,3.33,0.6,162.62,setl_812,2026-08-27 02:48:00,2026-08-28,captured
pay_4Q8GK7M2,ORD_8802,1571.26,31.43,5.66,1534.17,setl_812,2026-08-27 01:09:00,2026-08-28,captured
pay_NDZ2E215,ORD_8803,339.74,6.79,1.22,331.73,setl_812,2026-08-26 20:04:00,2026-08-27,captured
pay_O9SXUHF2,ORD_8804,3015.23,60.3,10.85,2944.08,setl_812,2026-08-27 04:44:00,2026-08-28,captured
pay_V4AVJO5U,ORD_8805,1286.26,25.73,4.63,1255.9,setl_812,2026-08-26 17:53:00,2026-08-27,captured
pay_P8FBTCDE,ORD_8806,1333.93,26.68,4.8,1302.45,setl_812,2026-08-26 19:26:00,2026-08-27,captured
pay_073S7BZ5,ORD_8807,960.67,19.21,3.46,938.0,setl_813,2026-08-27 01:34:00,2026-08-28,captured
pay_GXROCH6I,ORD_8808,1206.89,24.14,4.35,1178.4,setl_813,2026-08-26 22:04:00,2026-08-27,captured
pay_DI3NB8NR,ORD_8809,994.56,19.89,3.58,971.09,setl_813,2026-08-27 01:23:00,2026-08-28,captured
pay_RH9LPIIQ,ORD_8810,355.93,7.12,1.28,347.53,setl_813,2026-08-27 01:59:00,2026-08-28,captured
pay_PMA5CLAB,ORD_8811,372.05,7.44,1.34,363.27,setl_813,2026-08-26 22:56:00,2026-08-27,captured
pay_AQFG0E09,ORD_8812,1290.24,25.8,4.64,1259.8,setl_813,2026-08-26 18:51:00,2026-08-27,captured
pay_3DGMJOWG,ORD_8813,1482.85,29.66,5.34,1447.85,setl_813,2026-08-26 21:22:00,2026-08-27,captured
pay_67HIWPWU,ORD_8814,1943.5,38.87,7.0,1897.63,setl_813,2026-08-27 01:22:30,2026-08-28,captured
pay_29PUGR5D,ORD_8814,1943.5,38.87,7.0,1897.63,setl_813,2026-08-27 01:22:00,2026-08-28,captured
pay_S1O4JH9U,ORD_8815,217.16,4.34,0.78,212.04,setl_814,2026-08-26 21:10:00,2026-08-27,captured
pay_8FY5D3JG,ORD_8816,434.91,8.7,1.57,424.64,setl_814,2026-08-27 07:50:00,2026-08-28,captured
pay_HZICJYH5,ORD_8817,860.77,17.22,3.1,840.45,setl_814,2026-08-26 19:09:00,2026-08-27,captured
pay_FGDPQJ9U,ORD_8818,2470.54,49.41,8.89,2412.24,setl_814,2026-08-27 03:15:00,2026-08-28,captured
pay_H8QHUA8S,ORD_8819,362.75,7.25,1.3,354.2,setl_814,2026-08-27 06:39:00,2026-08-28,captured
pay_XEHWRH7A,ORD_8820,158.9,3.18,0.57,155.15,setl_814,2026-08-26 23:26:00,2026-08-27,captured
pay_26MKT5PK,ORD_8821,1532.7,30.65,5.52,1496.53,setl_814,2026-08-26 18:09:00,2026-08-27,captured
pay_H9B6SMN1,ORD_8822,2484.67,49.69,8.94,2426.04,setl_814,2026-08-26 21:53:00,2026-08-27,captured
pay_NCC3ECBA,ORD_8823,1293.8,25.88,4.66,1263.26,setl_814,2026-08-26 21:15:00,2026-08-27,captured
pay_OGYD11HD,ORD_8824,319.57,6.39,1.15,312.03,setl_815,2026-08-26 20:20:00,2026-08-27,captured
pay_YDA4K40H,ORD_8825,915.86,18.32,3.3,894.24,setl_815,2026-08-26 23:52:00,2026-08-27,captured
pay_0YIPNRQG,ORD_8826,1820.17,36.4,6.55,1777.22,setl_815,2026-08-27 07:20:00,2026-08-28,captured
pay_TW6R9RUC,ORD_8827,1498.07,29.96,5.39,1462.72,setl_815,2026-08-27 00:36:00,2026-08-28,captured
pay_6U9YZ3I3,ORD_8828,1781.23,35.62,6.41,1739.2,setl_815,2026-08-26 18:44:00,2026-08-27,captured
pay_QJ9W9V5W,ORD_8829,3530.3,70.61,12.71,3446.98,setl_815,2026-08-26 18:48:00,2026-08-27,captured
pay_SRHX6NEI,ORD_8830,204.19,4.08,0.73,199.38,setl_815,2026-08-26 19:23:00,2026-08-27,captured
pay_W77EOBT3,ORD_8831,161.98,3.24,0.58,158.16,setl_815,2026-08-26 22:20:00,2026-08-27,captured
pay_AGATOXAY,ORD_8832,2526.67,50.53,9.1,2467.04,setl_816,2026-08-27 03:07:00,2026-08-28,captured
pay_EUQO7GO8,ORD_8833,1502.56,30.05,5.41,1467.1,setl_816,2026-08-27 01:13:00,2026-08-28,captured
pay_0GUNIX5K,ORD_8834,426.09,8.52,1.53,416.04,setl_816,2026-08-26 19:01:00,2026-08-27,captured
pay_WBAG6ZHS,ORD_8835,2546.54,50.93,9.17,2486.44,setl_816,2026-08-27 03:30:00,2026-08-28,captured
pay_J5D6451P,ORD_8836,1200.7,24.01,4.32,1172.37,setl_816,2026-08-27 05:16:00,2026-08-28,captured
pay_VRQ2RYK4,ORD_8837,3027.2,60.54,10.9,2955.76,setl_816,2026-08-27 06:18:00,2026-08-28,captured
pay_EWFGHAD2,ORD_8838,1315.39,26.31,4.74,1284.34,setl_816,2026-08-27 02:02:00,2026-08-28,captured
pay_YMH8M583,ORD_8839,1031.4,20.63,3.71,1007.06,setl_816,2026-08-27 06:55:00,2026-08-28,captured
pay_3Z19C575,ORD_8840,1334.11,26.68,4.8,1302.63,setl_816,2026-08-27 03:10:00,2026-08-28,captured
pay_B4WEYYLS,ORD_8841,1162.74,23.25,4.18,1135.31,setl_817,2026-08-26 18:29:00,2026-08-27,captured
pay_4SZGI587,ORD_8843,474.72,11.2,2.02,461.5,setl_817,2026-08-27 04:39:00,2026-08-28,captured
pay_ZRUG8JN5,ORD_8844,427.97,8.56,1.54,417.87,setl_817,2026-08-27 01:31:00,2026-08-28,captured
pay_LHTA43VJ,ORD_8845,1760.34,35.21,6.34,1718.79,setl_817,2026-08-26 18:15:00,2026-08-27,captured
pay_1U8SH4NO,ORD_8846,1783.23,35.66,6.42,1741.15,setl_817,2026-08-27 06:27:00,2026-08-28,captured
pay_JS0Q25YW,ORD_8847,1774.83,35.5,6.39,1732.94,setl_817,2026-08-27 06:59:00,2026-08-28,captured
pay_3VVGVVS3,ORD_8848,2478.4,49.57,8.92,2419.91,setl_817,2026-08-26 20:56:00,2026-08-27,captured
pay_ZVA3TPPZ,ORD_8849,1322.24,26.44,4.76,1291.04,setl_817,2026-08-26 21:57:00,2026-08-27,captured
pay_PG7PDGPG,ORD_8850,291.34,5.83,1.05,284.46,setl_817,2026-08-27 04:53:00,2026-08-28,captured
pay_1RTT097O,ORD_8851,1752.05,35.04,6.31,1710.7,setl_818,2026-08-26 21:39:00,2026-08-27,captured
pay_28CJ1NT8,ORD_8852,1329.88,26.6,4.79,1298.49,setl_818,2026-08-27 02:58:00,2026-08-28,captured
pay_7DJ1XCPX,ORD_8853,331.13,6.62,1.19,323.32,setl_818,2026-08-27 03:57:00,2026-08-28,captured
pay_ETN83DO9,ORD_8854,358.02,7.16,1.29,349.57,setl_818,2026-08-27 00:56:00,2026-08-28,captured
pay_ZO7NPLGI,ORD_8855,310.7,6.21,1.12,303.37,setl_818,2026-08-27 08:12:00,2026-08-28,captured
pay_TX1JOVDK,ORD_8856,1475.12,29.5,5.31,1440.31,setl_818,2026-08-26 23:25:00,2026-08-27,captured
pay_XWKZ2IEU,ORD_8857,2484.69,49.69,8.94,2426.06,setl_818,2026-08-26 17:51:00,2026-08-27,captured
pay_1T3SGA6T,ORD_8858,3477.35,69.55,12.52,3395.28,setl_818,2026-08-26 23:59:00,2026-08-27,captured
pay_FFN60A5G,ORD_8859,1583.24,31.66,5.7,1545.88,setl_818,2026-08-27 04:16:00,2026-08-28,captured
pay_KN9C04ED,ORD_8860,414.34,8.29,1.49,404.56,setl_818,2026-08-26 22:00:00,2026-08-27,captured
pay_7FR6GKD4,ORD_8861,442.71,8.85,1.59,432.27,setl_819,2026-08-27 00:10:00,2026-08-28,captured
pay_882PYVK3,ORD_8862,167.75,3.35,0.6,163.8,setl_819,2026-08-26 22:50:00,2026-08-27,captured
pay_FWT16OO4,ORD_8863,1477.05,29.54,5.32,1442.19,setl_819,2026-08-27 23:58:00,2026-08-29,captured
pay_WJ2ZKL7K,ORD_8864,3457.22,69.14,12.45,3375.63,setl_819,2026-08-26 22:54:00,2026-08-27,captured
pay_9PIWO4OC,ORD_8865,1505.59,30.11,5.42,1470.06,setl_819,2026-08-27 06:01:00,2026-08-28,captured
pay_T7O4HJ0F,ORD_8866,1190.18,23.8,4.28,1162.1,setl_819,2026-08-26 19:09:00,2026-08-27,captured
pay_9FQ4N84U,ORD_8867,745.08,14.9,2.68,727.5,setl_819,2026-08-27 03:42:00,2026-08-28,captured
pay_TUE45MKH,ORD_8868,522.78,10.46,1.88,510.44,setl_819,2026-08-27 07:32:00,2026-08-28,captured
pay_CW8L398H,ORD_8869,190.83,3.82,0.69,186.32,setl_819,2026-08-26 17:42:00,2026-08-27,captured
pay_10GQWXQ8,ORD_8870,279.18,5.58,1.0,272.6,setl_820,2026-08-27 05:00:00,2026-08-28,captured
pay_N0ESSDLA,ORD_8871,3512.96,70.26,12.65,3230.05,setl_820,2026-08-27 02:12:00,2026-08-28,captured
pay_9C9GOVHS,ORD_8872,432.5,8.65,1.56,422.29,setl_820,2026-08-26 23:44:00,2026-08-27,captured
pay_S9R4RNAM,ORD_8873,968.68,19.37,3.49,945.82,setl_820,2026-08-26 17:37:00,2026-08-27,captured
pay_RYE76VOJ,ORD_8874,454.14,9.08,1.63,443.43,setl_820,2026-08-26 22:30:00,2026-08-27,captured
pay_CMCJWQ6V,ORD_8875,447.97,8.96,1.61,437.4,setl_820,2026-08-27 08:24:00,2026-08-28,captured
pay_KXI49DAC,ORD_8876,1948.66,38.97,7.01,1902.68,setl_820,2026-08-27 05:34:00,2026-08-28,captured
pay_P6WZDY2J,ORD_8877,539.57,10.79,1.94,526.84,setl_820,2026-08-26 21:24:00,2026-08-27,captured
pay_6P61VDSU,ORD_8878,1553.58,31.07,5.59,1516.92,setl_820,2026-08-26 18:13:00,2026-08-27,captured
pay_RHBTBPM3,ORD_8879,1501.82,30.04,5.41,1466.37,setl_820,2026-08-26 23:15:00,2026-08-27,captured
pay_K94W7U8B,ORD_8880,1185.78,23.72,4.27,1157.79,setl_821,2026-08-27 08:11:00,2026-08-28,captured
pay_DK6H6UMG,ORD_8881,861.28,17.23,3.1,840.95,setl_821,2026-08-27 05:05:00,2026-08-28,captured
pay_RVN84XYB,ORD_8882,322.35,6.45,1.16,314.74,setl_821,2026-08-27 03:44:00,2026-08-28,captured
pay_K2WINN44,ORD_8883,1023.63,20.47,3.68,999.48,setl_821,2026-08-26 17:05:00,2026-08-27,captured
pay_9NCRS5UN,ORD_8884,294.43,5.89,1.06,287.48,setl_821,2026-08-26 22:06:00,2026-08-27,captured
pay_P2UEOQLO,ORD_8885,1936.88,38.74,6.97,1891.17,setl_821,2026-08-27 02:57:00,2026-08-28,captured
pay_8QLG4KJM,ORD_8886,2495.44,49.91,8.98,2436.55,setl_821,2026-08-26 23:29:00,2026-08-27,captured
pay_6GWHNX88,ORD_8887,1554.55,31.09,5.6,1517.86,setl_821,2026-08-27 03:24:00,2026-08-28,captured
pay_KLCZF28X,ORD_8888,724.96,14.5,2.61,707.85,setl_821,2026-08-27 08:04:00,2026-08-28,captured
pay_4Q1QA95W,ORD_8889,1197.89,23.96,4.31,1169.62,setl_822,2026-08-27 03:43:00,2026-08-28,captured
pay_24DP6ROZ,ORD_8890,1503.38,30.07,5.41,1467.9,setl_822,2026-08-26 23:43:00,2026-08-27,captured
pay_4M0WDGC5,ORD_8891,2538.06,50.76,9.14,2478.16,setl_822,2026-08-26 23:45:00,2026-08-27,captured
pay_300N8L81,ORD_8892,360.61,7.21,1.3,352.1,setl_822,2026-08-26 19:22:00,2026-08-27,captured
pay_3AM59MUQ,ORD_8893,1608.06,32.16,5.79,1570.11,setl_822,2026-08-26 18:24:00,2026-08-27,captured
pay_P8NRPTJ6,ORD_8894,2530.12,50.6,9.11,2470.41,setl_822,2026-08-27 00:26:00,2026-08-28,captured
pay_2QEIMJ68,ORD_8895,1469.81,29.4,5.29,1435.12,setl_822,2026-08-27 02:21:00,2026-08-28,captured
pay_RSFY87PU,ORD_8896,1239.02,24.78,4.46,1209.78,setl_822,2026-08-26 21:55:00,2026-08-27,captured
pay_K3H76MRY,ORD_8897,1478.04,29.56,5.32,1443.16,setl_822,2026-08-27 08:06:00,2026-08-28,captured
pay_NQS3NF68,ORD_8898,1543.5,30.87,5.56,1507.07,setl_823,2026-08-27 01:15:00,2026-08-28,captured
pay_4VNU5TD9,ORD_8899,282.23,5.64,1.02,275.57,setl_823,2026-08-27 00:20:00,2026-08-28,captured
pay_TAQ6GLPG,ORD_8900,1153.61,23.07,4.15,1126.39,setl_823,2026-08-26 22:31:00,2026-08-27,captured
pay_V0BSE8RZ,ORD_8901,1503.37,30.07,5.41,1467.89,setl_823,2026-08-26 20:28:30,2026-08-27,captured
pay_9JA9JDZ5,ORD_8901,1503.37,30.07,5.41,1467.89,setl_823,2026-08-26 20:28:00,2026-08-27,captured
pay_A8WI09UQ,ORD_8902,1463.38,29.27,5.27,1428.84,setl_823,2026-08-26 17:53:00,2026-08-27,captured
pay_QLD56PX9,ORD_8903,418.92,8.38,1.51,409.03,setl_823,2026-08-26 23:31:00,2026-08-27,captured
pay_YHHE9AGF,ORD_8904,327.27,6.55,1.18,319.54,setl_823,2026-08-27 06:21:00,2026-08-28,captured
pay_UL1IIYL5,ORD_8905,511.8,10.24,1.84,499.72,setl_823,2026-08-27 01:09:00,2026-08-28,captured
pay_X7JDUJY2,ORD_8906,237.72,4.75,0.85,232.12,setl_823,2026-08-27 01:09:00,2026-08-28,captured
pay_HFW1ADQD,ORD_8907,1203.09,24.06,4.33,1174.7,setl_823,2026-08-27 07:31:00,2026-08-28,captured
pay_RGVEL3F0,ORD_8908,1261.4,25.23,4.54,1231.63,setl_824,2026-08-27 04:59:00,2026-08-28,captured
pay_MW7ZMHGH,ORD_8909,654.09,13.08,2.35,638.66,setl_824,2026-08-27 04:19:00,2026-08-28,captured
pay_W0RO60IL,ORD_8910,343.5,6.87,1.24,335.39,setl_824,2026-08-27 01:07:00,2026-08-28,captured
pay_1XEYRPZ9,ORD_8911,2502.76,50.06,9.01,2443.69,setl_824,2026-08-27 07:46:00,2026-08-28,captured
pay_8GRCRVN0,ORD_8912,1485.14,29.7,5.35,1450.09,setl_824,2026-08-26 19:42:00,2026-08-27,captured
pay_52TYU2OZ,ORD_8913,187.06,3.74,0.67,182.65,setl_824,2026-08-26 20:43:00,2026-08-27,captured
pay_BWOKHEP9,ORD_8914,249.44,4.99,0.9,243.55,setl_824,2026-08-27 03:02:00,2026-08-28,captured
pay_Q0RY3K58,ORD_8915,3029.4,60.59,10.91,2957.9,setl_824,2026-08-27 08:48:00,2026-08-28,captured
pay_HXLX0FQ6,ORD_8916,653.62,13.07,2.35,638.2,setl_825,2026-08-27 04:02:00,2026-08-28,captured
pay_H68IM4GR,ORD_8917,233.48,4.67,0.84,227.97,setl_825,2026-08-26 20:53:00,2026-08-27,captured
pay_8FYM3XML,ORD_8918,1474.78,29.5,5.31,1439.97,setl_825,2026-08-27 02:22:00,2026-08-28,captured
pay_26ZXI9QI,ORD_8919,277.32,5.55,1.0,270.77,setl_825,2026-08-27 05:00:00,2026-08-28,captured
pay_MOV2HJ1K,ORD_8920,2487.55,49.75,8.96,2428.84,setl_825,2026-08-26 19:07:00,2026-08-27,captured
pay_ITCLXLXT,ORD_8922,481.42,9.63,1.73,470.06,setl_825,2026-08-26 21:22:00,2026-08-27,captured
pay_29AQGYAT,ORD_8923,1614.21,32.28,5.81,1576.12,setl_825,2026-08-26 21:37:00,2026-08-27,captured
pay_XTQZ88LE,ORD_8924,856.98,17.14,3.09,836.75,setl_825,2026-08-26 17:52:00,2026-08-27,captured
pay_JLNGOVJQ,ORD_8925,935.71,18.71,3.37,913.63,setl_825,2026-08-26 22:48:00,2026-08-27,captured
pay_5VJV5LE8,ORD_8926,1472.31,29.45,5.3,1437.56,setl_826,2026-08-26 21:42:00,2026-08-27,captured
pay_KK1HESVT,ORD_8927,1487.75,29.75,5.35,1452.65,setl_826,2026-08-26 19:18:00,2026-08-27,captured
pay_UY9PJ7FQ,ORD_8928,1292.3,25.85,4.65,1261.8,setl_826,2026-08-27 01:25:00,2026-08-28,captured
pay_BX2N02WN,ORD_8929,1255.82,25.12,4.52,1226.18,setl_826,2026-08-26 20:28:00,2026-08-27,captured
pay_GYJ756H9,ORD_8930,696.2,13.92,2.51,679.77,setl_826,2026-08-26 22:13:00,2026-08-27,captured
pay_UCV6DZQG,ORD_8931,1020.7,20.41,3.67,996.62,setl_826,2026-08-27 07:10:00,2026-08-28,captured
pay_GXAQPKZW,ORD_8932,1865.02,37.3,6.71,1821.01,setl_826,2026-08-27 00:57:00,2026-08-28,captured
pay_IHRP2E7H,ORD_8933,1519.33,30.39,5.47,1483.47,setl_826,2026-08-27 05:54:00,2026-08-28,captured
pay_C5FVTEC9,ORD_8934,1485.87,29.72,5.35,1450.8,setl_826,2026-08-26 21:25:00,2026-08-27,captured
pay_SZXQS5XK,ORD_8935,246.33,4.93,0.89,240.51,setl_827,2026-08-26 19:25:00,2026-08-27,captured
pay_R441CAZO,ORD_8936,2525.28,59.6,10.73,2454.95,setl_827,2026-08-26 19:06:00,2026-08-27,captured
pay_Q4V8F4W2,ORD_8937,1595.54,31.91,5.74,1557.89,setl_827,2026-08-26 20:15:00,2026-08-27,captured
pay_Q9P7Y6SO,ORD_8938,1641.7,32.83,5.91,1602.96,setl_827,2026-08-26 18:37:00,2026-08-27,captured
pay_NVKVYLKB,ORD_8939,1501.02,30.02,5.4,1465.6,setl_827,2026-08-26 23:58:00,2026-08-28,captured
pay_L4PW93Y1,ORD_8940,2469.68,49.39,8.89,2411.4,setl_827,2026-08-27 08:35:00,2026-08-28,captured
pay_GMGWDC6C,ORD_8941,2471.45,49.43,8.9,2413.12,setl_827,2026-08-26 18:02:00,2026-08-27,captured
pay_ZY50ASR4,ORD_8942,1015.98,20.32,3.66,992.0,setl_827,2026-08-27 08:17:00,2026-08-28,captured
pay_XZVC5958,ORD_8943,1798.69,35.97,6.47,1756.25,setl_828,2026-08-26 19:47:00,2026-08-27,captured
pay_E1DLBCQA,ORD_8944,2967.6,59.35,10.68,2897.57,setl_828,2026-08-26 17:13:00,2026-08-27,captured
pay_QD6TT426,ORD_8945,922.91,18.46,3.32,901.13,setl_828,2026-08-26 18:35:00,2026-08-27,captured
pay_BL9L1DQL,ORD_8946,1486.45,29.73,5.35,1451.37,setl_828,2026-08-27 01:26:00,2026-08-28,captured
pay_9NR9QTW3,ORD_8947,212.29,4.25,0.77,207.27,setl_828,2026-08-27 07:39:00,2026-08-28,captured
pay_CTJM5O43,ORD_8948,428.48,8.57,1.54,418.37,setl_828,2026-08-26 17:58:00,2026-08-27,captured
pay_C81HWJON,ORD_8949,732.24,14.64,2.64,714.96,setl_828,2026-08-27 06:08:00,2026-08-28,captured
pay_G466SJQF,ORD_8950,981.85,19.64,3.54,762.3,setl_828,2026-08-27 08:56:00,2026-08-28,captured
pay_D0R5DXED,ORD_8951,219.27,4.39,0.79,214.09,setl_828,2026-08-27 02:56:00,2026-08-28,captured
pay_ZZCKGKWG,ORD_8952,421.47,8.43,1.52,411.52,setl_828,2026-08-27 00:09:00,2026-08-28,captured
pay_CV2APLZ6,ORD_8953,3455.17,69.1,12.44,3373.63,setl_828,2026-08-27 00:18:00,2026-08-28,captured
pay_BV94WM3B,ORD_8954,893.38,17.87,3.22,872.29,setl_829,2026-08-27 07:59:00,2026-08-28,captured
pay_PSCPK3HN,ORD_8955,954.72,19.09,3.44,932.19,setl_829,2026-08-27 04:12:00,2026-08-28,captured
pay_1G40IR0G,ORD_8956,309.14,6.18,1.11,301.85,setl_829,2026-08-26 19:24:00,2026-08-27,captured
pay_PK05YA4Y,ORD_8957,653.49,13.07,2.35,638.07,setl_829,2026-08-26 19:03:00,2026-08-27,captured
pay_4IEGCDRZ,ORD_8958,365.09,7.3,1.31,356.48,setl_829,2026-08-26 23:35:00,2026-08-27,captured
pay_9JVADGC9,ORD_8959,3512.01,70.24,12.64,3429.13,setl_829,2026-08-27 01:52:00,2026-08-28,captured
pay_AY7U5EOS,ORD_8960,291.15,5.82,1.05,284.28,setl_829,2026-08-27 01:19:00,2026-08-28,captured
pay_ECBCNT6G,ORD_8961,2994.21,59.88,10.78,2923.55,setl_829,2026-08-27 07:33:00,2026-08-28,captured
pay_RF71PZ17,ORD_8962,426.88,8.54,1.54,416.8,setl_829,2026-08-26 19:58:30,2026-08-27,captured
pay_H5JJNQPT,ORD_8962,426.88,8.54,1.54,416.8,setl_829,2026-08-26 19:58:00,2026-08-27,captured
pay_3XXQNXKX,ORD_8963,411.35,8.23,1.48,401.64,setl_829,2026-08-26 22:10:00,2026-08-27,captured
pay_KY0RXP86,ORD_8964,654.16,13.08,2.35,638.73,setl_830,2026-08-27 02:12:00,2026-08-28,captured
pay_97JQY8MV,ORD_8966,342.31,6.85,1.23,334.23,setl_830,2026-08-27 02:08:00,2026-08-28,captured
pay_78C74TUL,ORD_8967,1947.4,38.95,7.01,1901.44,setl_830,2026-08-26 21:26:00,2026-08-27,captured
pay_O7RW5NYN,ORD_8968,688.87,13.78,2.48,672.61,setl_830,2026-08-27 07:35:00,2026-08-28,captured
pay_11X0LPCJ,ORD_8969,2463.13,49.26,8.87,2405.0,setl_830,2026-08-26 21:58:00,2026-08-27,captured
pay_BAO5Y9ET,ORD_8970,1495.99,29.92,5.39,1460.68,setl_830,2026-08-27 04:15:00,2026-08-28,captured
pay_NCNVH12E,ORD_8971,671.76,13.44,2.42,655.9,setl_830,2026-08-26 17:07:00,2026-08-27,captured
pay_NMFPMLYL,ORD_8972,1524.65,35.98,6.48,1482.19,setl_830,2026-08-26 17:24:00,2026-08-27,captured
pay_CT1IT7H6,ORD_8973,1887.91,37.76,6.8,1843.35,setl_830,2026-08-27 03:46:00,2026-08-28,captured
pay_FVCZ72B5,ORD_8974,709.94,14.2,2.56,693.18,setl_831,2026-08-27 07:16:00,2026-08-28,captured
pay_HKNV5QWU,ORD_8975,386.73,7.73,1.39,377.61,setl_831,2026-08-27 08:26:00,2026-08-28,captured
pay_8GDU9V6Q,ORD_8976,3533.78,70.68,12.72,3450.38,setl_831,2026-08-27 00:47:00,2026-08-28,captured
pay_QBZHCAOD,ORD_8977,929.28,18.59,3.35,907.34,setl_831,2026-08-27 02:26:00,2026-08-28,captured
pay_JF3QTCQ2,ORD_8978,250.48,5.01,0.9,244.57,setl_831,2026-08-26 23:58:00,2026-08-28,captured
pay_XU3ACODW,ORD_8979,1519.11,30.38,5.47,1483.26,setl_831,2026-08-26 22:19:00,2026-08-27,captured
pay_30OGZJYC,ORD_8980,2981.92,59.64,10.74,2911.54,setl_831,2026-08-26 18:24:00,2026-08-27,captured
pay_COCCDT7H,ORD_8981,334.81,6.7,1.21,326.9,setl_831,2026-08-27 03:31:00,2026-08-28,captured
pay_ZBY1OFMS,ORD_8982,2527.05,50.54,9.1,2467.41,setl_831,2026-08-26 23:50:00,2026-08-27,captured
pay_Z9KPEPJL,ORD_8983,165.71,3.31,0.6,161.8,setl_831,2026-08-27 03:26:00,2026-08-28,captured
pay_FSO7TYIZ,ORD_8984,381.88,7.64,1.38,372.86,setl_831,2026-08-27 02:32:00,2026-08-28,captured
pay_RWD02PAY,ORD_8985,221.28,4.43,0.8,216.05,setl_832,2026-08-26 20:14:00,2026-08-27,captured
pay_449MALU2,ORD_8986,2966.36,59.33,10.68,2896.35,setl_832,2026-08-27 03:40:00,2026-08-28,captured
pay_CZEICGYG,ORD_8987,367.4,7.35,1.32,358.73,setl_832,2026-08-27 02:10:00,2026-08-28,captured
pay_PJT5O7NH,ORD_8988,234.68,4.69,0.84,229.15,setl_832,2026-08-26 21:07:00,2026-08-27,captured
pay_HE1ADEEK,ORD_8989,289.26,5.79,1.04,282.43,setl_832,2026-08-27 03:12:00,2026-08-28,captured
pay_CVPR3SOE,ORD_8990,1263.52,25.27,4.55,1233.7,setl_832,2026-08-27 07:47:00,2026-08-28,captured
pay_QO4VZHNH,ORD_8991,862.88,17.26,3.11,842.51,setl_832,2026-08-26 23:54:00,2026-08-27,captured
pay_S1BLOXW8,ORD_8992,875.04,17.5,3.15,854.39,setl_832,2026-08-26 22:54:00,2026-08-27,captured
pay_VII4GB3Q,ORD_8993,1624.05,32.48,5.85,1585.72,setl_832,2026-08-26 23:23:00,2026-08-27,captured
pay_O72RW3Q4,ORD_8994,153.37,3.07,0.55,149.75,setl_833,2026-08-27 01:40:00,2026-08-28,captured
pay_VU4QPTX2,ORD_8995,307.54,6.15,1.11,300.28,setl_833,2026-08-26 20:43:00,2026-08-27,captured
pay_GX592REZ,ORD_8996,3488.04,69.76,12.56,3405.72,setl_833,2026-08-27 02:16:00,2026-08-28,captured
pay_7HUWXGHS,ORD_8997,1464.58,29.29,5.27,1430.02,setl_833,2026-08-26 19:01:00,2026-08-27,captured
pay_F6L6B7NQ,ORD_8998,1642.95,32.86,5.91,1404.18,setl_833,2026-08-26 20:55:00,2026-08-27,captured
pay_39QQUOVC,ORD_8999,3501.86,70.04,12.61,3419.21,setl_833,2026-08-26 17:07:00,2026-08-27,captured
pay_W5GSFQVO,ORD_9000,397.22,7.94,1.43,387.85,setl_833,2026-08-27 05:49:00,2026-08-28,captured
